Year,省级,省级码,pop_num_0_30,pop_pct_0_30,pop_num_30_60,pop_pct_30_60,pop_num_60_90,pop_pct_60_90,pop_num_lt_60,pop_pct_lt_60,pop_num_lt_90,pop_pct_lt_90,min,max,grid_num,pop_num,snap_invalid_pop_pct,reachable_grid_num,reachable_pop_num,reachable_pop_pct,unreachable_pop_pct,inequality_population_universe,pop_mean,pop_25%,pop_median,pop_75%,pop_std,pop_gini,pop_theil,pop_atkinson_05,zero_access_pop_pct,p90_p10,p80_p20
2014,上海市,310000,22531453.0,0.9631912396544842,502139.0,0.021465809856508724,357718.0,0.01529199399021105,23033592.0,0.9846570495109929,23391310.0,0.999949043501204,1.0160064697265625,96.5753173828125,8699,23392502.0,0.0,8699,23392502.0,1.0,0.0,reachable_population_only,10.262847910455521,3.2015608856814355,6.932095746397431,13.133580164255829,11.215188354270916,0.4843264851946022,0.4138090840550518,0.18894961128457322,0.0,10.780485190106614,5.444774886410574
2014,云南省,530000,8918291.0,0.19114501494185282,5531093.0,0.11854747217037183,5730478.0,0.12282087486649167,14449384.0,0.30969248711222463,20179862.0,0.4325133619787163,1.01531982421875,751.072509765625,477420,46657199.0,0.0,477420,46657199.0,1.0,0.0,reachable_population_only,125.44893969807259,42.899930742051865,106.981201171875,188.6624323707266,100.41069778239884,0.43974689154785507,0.32957769071113074,0.1855748730658291,0.0,35.324497454309416,6.551250071269742
2014,内蒙古自治区,150000,6425337.0,0.2535603631235941,2744627.0,0.1083100573182108,2845183.0,0.112278256320731,9169964.0,0.3618704204418049,12015147.0,0.47414867676253586,1.0382080078125,1262.4478759765625,898996,25340463.0,0.0,898996,25340463.0,1.0,0.0,reachable_population_only,153.73816426889823,28.693630982058608,97.59819030761719,189.88271228337692,177.89625581556695,0.5677155256575812,0.5618241140057776,0.290760957978874,0.0,113.17911714770798,19.96522309977734
2014,北京市,110000,18203789.0,0.9138108825274563,1541276.0,0.07737041897037962,133341.0,0.006693576644241128,19745065.0,0.9911813014978359,19878406.0,0.9978748781420771,1.0052490234375,182.64541625976562,21076,19920740.0,0.0,21076,19920740.0,1.0,0.0,reachable_population_only,11.331356147980708,3.335723876953125,6.693450634261711,13.960174000288962,12.782434675099276,0.5107125208898498,0.45219758754760875,0.20711116682458597,0.0,12.775927487352446,5.783968120162465
2014,吉林省,220000,9229919.0,0.3312112897893481,5786366.0,0.20764101462355533,4907898.0,0.1761176047952926,15016285.0,0.5388523044129034,19924183.0,0.714969909208196,1.0031890869140625,569.9567260742188,240554,27867163.0,0.0,240554,27867163.0,1.0,0.0,reachable_population_only,64.81229119754825,16.335900624593098,53.15435028076172,97.99990227431582,56.86064709058753,0.47128798869516453,0.3831442781854858,0.2121159375354733,0.0,39.311674150096216,14.13786343346604
2014,四川省,510000,31625655.0,0.3870657412741676,28540096.0,0.34930164811688186,9277721.0,0.11354983655516104,60165751.0,0.7363673893910495,69443472.0,0.8499172259462104,1.002044677734375,1029.9833984375,576639,81706159.0,0.0,576639,81706159.0,1.0,0.0,reachable_population_only,55.39598033958674,18.93704061854397,38.005828857421875,61.81297302246094,72.47898603297489,0.5138527704806685,0.5037513025728598,0.22872498464937474,0.0,22.20954672068878,4.891069969195952
2014,天津市,120000,10955737.0,0.8399462930538393,2035022.0,0.15601955260362768,52619.0,0.004034154342533046,12990759.0,0.9959658456574669,13043378.0,1.0,1.017608642578125,81.00288391113281,16424,13043378.0,0.0,16424,13043378.0,1.0,0.0,reachable_population_only,14.031736574804592,3.176389369472293,7.756780601409544,24.636854844030278,13.042285605129415,0.49795656242788944,0.4118043660604881,0.20978979242902918,0.0,16.47143661971831,9.9000661266325
2014,宁夏回族自治区,640000,2378220.0,0.37222599509201726,1212178.0,0.1897234748167332,799375.0,0.12511380563054775,3590398.0,0.5619494699087505,4389773.0,0.6870632755392982,1.04095458984375,288.97955322265625,73412,6389183.0,0.0,73412,6389183.0,1.0,0.0,reachable_population_only,74.13363602962379,11.432569003184373,51.003110664336205,111.30500793457031,72.00905040009009,0.5249148128422985,0.46654170149818375,0.25188525445712684,0.0,59.69324398249453,21.028553820870993
2014,安徽省,340000,23063321.0,0.3819685180705544,20252849.0,0.3354222368598481,12843099.0,0.21270395067837017,43316170.0,0.7173907549304025,56159269.0,0.9300947056087726,1.013031005859375,221.0730743408203,181355,60380162.0,0.0,181355,60380162.0,1.0,0.0,reachable_population_only,43.10369471422908,17.840652465820312,40.44667266135992,63.29644122213688,30.80227181204855,0.39844389888056375,0.273001548935556,0.15311788814106697,0.0,19.402910292628324,5.827728248467385
2014,山东省,370000,50621099.0,0.5207293191728208,37855837.0,0.3894155721061544,8515351.0,0.08759574597042231,88476936.0,0.9101448912789752,96992287.0,0.9977406372493975,1.0063934326171875,126.80030822753906,219517,97211924.0,0.0,219517,97211924.0,1.0,0.0,reachable_population_only,30.56820931033811,14.120310378016066,28.73560839020804,44.06511111750914,20.09131365894107,0.37233471854495714,0.23263245241467898,0.12838272330869815,0.0,12.825964771415666,4.490234964431989
2014,山西省,140000,16656761.0,0.4584500209094962,10384454.0,0.28581506052909694,5265566.0,0.14492606592604243,27041215.0,0.7442650814385932,32306781.0,0.8891911473646356,1.010284423828125,263.0728759765625,224108,36332774.0,0.0,224108,36332774.0,1.0,0.0,reachable_population_only,43.047109718250546,12.843475341796875,33.20818708488587,60.8548331014086,39.23433128315154,0.47377762922749533,0.3783264497686338,0.1973954050804464,0.0,24.639164832550115,7.942445849589667
2014,广东省,440000,68964816.0,0.6519538015218939,21244868.0,0.20083679271225538,9182467.0,0.08680577452710582,90209684.0,0.8527905942341493,99392151.0,0.9395963687612551,1.0009002685546875,219.73434448242188,215999,105781753.0,0.0,215999,105781753.0,1.0,0.0,reachable_population_only,29.15125068268232,7.124205977568389,17.984503401013,40.712088329691284,30.236531615910476,0.5236337758585738,0.4580310869701406,0.22712267337971714,0.0,23.928364479211936,8.849442219888896
2014,广西壮族自治区,450000,14558282.0,0.3114287184212038,12054416.0,0.2578663695480039,8492037.0,0.1816604596404606,26612698.0,0.5692950879692077,35104735.0,0.7509555476096683,1.0235595703125,440.7261657714844,292546,46746755.0,0.0,292546,46746755.0,1.0,0.0,reachable_population_only,70.1031471358294,22.102847331945817,52.45513936786379,89.80384826660156,73.9654809269562,0.5025459246280576,0.4437376999998073,0.22397544938707648,0.0,35.48012507949968,7.316583551017177
2014,新疆维吾尔自治区,650000,7685950.0,0.34641972479689964,2508609.0,0.11306756346359599,1648992.0,0.07432306414070988,10194559.0,0.4594872882604956,11843551.0,0.5338103524012056,1.0233306884765625,963.6385498046875,434799,22186814.0,0.0,434799,22186814.0,1.0,0.0,reachable_population_only,108.55357909325163,13.63092840789409,76.81182861328125,164.13749401385968,110.46997302806075,0.542820696903539,0.5090202163845515,0.279566954783116,0.0,87.2382432759225,27.437561831817458
2014,江苏省,320000,40875322.0,0.5120847670445461,29460339.0,0.3690782138393517,8451296.0,0.10587757433163474,70335661.0,0.8811629808838978,78786957.0,0.9870405552155326,1.0052490234375,161.14288330078125,130774,79821398.0,0.0,130774,79821398.0,1.0,0.0,reachable_population_only,31.28912822450223,10.252371687638131,29.198190926094732,46.99815630912781,23.162928827975925,0.4136546035392966,0.2880122254347773,0.15757407395370815,0.0,16.543737514377383,7.2800167520376275
2014,江西省,360000,15353455.0,0.3387325446384329,15406472.0,0.3399022216472296,8535732.0,0.1883178881047751,30759927.0,0.6786347662856625,39295659.0,0.8669526543904376,1.0228729248046875,303.911376953125,207267,45326188.0,0.0,207267,45326188.0,1.0,0.0,reachable_population_only,49.79099340189853,22.032234505431294,42.68943786621094,69.09507751464844,38.511584450093736,0.4079719622259602,0.28343929038559795,0.1515676830201158,0.0,15.310959530255618,4.495489373042841
2014,河北省,130000,25814388.0,0.35384750813484755,31570843.0,0.43275339803781115,12215644.0,0.16744441858015002,57385231.0,0.7866009061726587,69600875.0,0.9540453247528087,1.0123443603515625,293.7254333496094,271000,72953426.0,0.0,271000,72953426.0,1.0,0.0,reachable_population_only,41.87271929722583,21.79127176029166,39.80664515136153,57.29827880859375,29.056014863759074,0.3675450763527781,0.2382559631738985,0.13029192444718918,0.0,13.130576265601187,3.6407055741998855
2014,河南省,410000,32576868.0,0.34114426346375476,34365559.0,0.3598753972780689,16232846.0,0.16999001538731587,66942427.0,0.7010196607418236,83175273.0,0.8710096761291395,1.019439697265625,269.498046875,228566,95492938.0,0.0,228566,95492938.0,1.0,0.0,reachable_population_only,48.70301395959991,22.37328473259421,41.34894188982801,66.9158935546875,36.94191068348475,0.4096746119481298,0.28216119979734433,0.15178940665994245,0.0,18.403253317801724,4.407194882683366
2014,浙江省,330000,36584792.0,0.6635706270066165,15466074.0,0.280521819599541,2046603.0,0.03712104297172504,52050866.0,0.9440924466061574,54097469.0,0.9812134895778826,1.0027313232421875,271.3975524902344,129987,55133230.0,0.0,129987,55133230.0,1.0,0.0,reachable_population_only,25.54856115673531,8.709970505511174,21.43157958984375,35.5539757121693,23.613893022572487,0.44420308194691294,0.34517943472399387,0.17407209470460494,0.0,15.737928519328957,5.857073743866197
2014,海南省,460000,2761456.0,0.31495056457627324,2334698.0,0.26627780895842484,1983437.0,0.22621566411033517,5096154.0,0.5812283735346981,7079591.0,0.8074440376450333,1.1661529541015625,151.12106323242188,37882,8767903.0,0.0,37882,8767903.0,1.0,0.0,reachable_population_only,52.63299154778992,17.700448036193848,50.63565393008402,81.58699035644531,36.49458614783732,0.397732871603692,0.2806351696288105,0.16343503579650998,0.0,25.557030509230856,9.646020563120814
2014,湖北省,420000,25416047.0,0.4374488462815755,16455785.0,0.2832291017917797,8992059.0,0.15476701924755873,41871832.0,0.7206779480733552,50863891.0,0.8754449673209139,1.0086822509765625,372.2850036621094,243644,58100615.0,0.0,243644,58100615.0,1.0,0.0,reachable_population_only,49.873561957930306,13.819911918662562,36.17121118432477,63.40576171875,56.74745174084096,0.5179260109262172,0.4811232015766117,0.23553010745039682,0.0,30.15018669616927,8.148165933039882
2014,湖南省,430000,22710418.0,0.3401613284638585,21682921.0,0.3247712663120906,12657613.0,0.18958834017328108,44393339.0,0.6649325947759491,57050952.0,0.8545209349492302,1.0015869140625,313.2740173339844,270484,66763668.0,0.0,270484,66763668.0,1.0,0.0,reachable_population_only,51.76998260674811,21.305743138284694,44.126129150390625,71.6389444315875,42.840501687110745,0.4319019505316384,0.3194290205330276,0.17046121759429556,0.0,22.49415478715533,5.185546142889272
2014,甘肃省,620000,6854511.0,0.2639628396987767,4869255.0,0.18751189939259955,5320257.0,0.2048796982960994,11723766.0,0.45147473909137625,17044023.0,0.6563544373874757,1.00067138671875,622.5494384765625,328722,25967712.0,0.0,328722,25967712.0,1.0,0.0,reachable_population_only,86.53672276730481,27.40694257948134,67.48237609863281,104.85946655273438,87.95678559763655,0.4936563177744887,0.4275732580855697,0.21853776074891063,0.0,37.17184668358101,6.0981212344476
2014,福建省,350000,18757171.0,0.5024279555362411,9760330.0,0.2614393528351925,5526847.0,0.14804164438078682,28517501.0,0.7638673083714336,34044348.0,0.9119089527522204,1.0109710693359375,217.03285217285156,154104,37333056.0,0.0,154104,37333056.0,1.0,0.0,reachable_population_only,38.58085733599704,12.446578001334967,29.801825484140494,56.83570564691745,33.47475876064997,0.46674839624745823,0.36292646738255013,0.1928568756206417,0.0,26.358893057973198,8.564302600472812
2014,西藏自治区,540000,342393.0,0.08443819584636472,105707.0,0.02606860645028279,73886.0,0.01822116847688038,448100.0,0.11050680229664751,521986.0,0.12872797077352788,1.3130950927734375,1671.64697265625,575074,4054954.0,0.0,575074,4054954.0,1.0,0.0,reachable_population_only,433.1608838847103,217.68490292610377,385.7698059082031,599.1302490234375,297.8841371749494,0.38130757322341424,0.25607723525264675,0.1515089364201081,0.0,18.08124725065479,4.014775159570867
2014,贵州省,520000,9711642.0,0.2750540045623489,7433649.0,0.21053648043872505,6643240.0,0.1881504451326335,17145291.0,0.485590485001074,23788531.0,0.6737409301337075,1.008453369140625,457.5677490234375,228201,35308128.0,0.0,228201,35308128.0,1.0,0.0,reachable_population_only,75.45599183981321,26.57305556353401,62.12471008300781,102.46923269227494,66.56281432244762,0.45332161515149727,0.3515275205841545,0.1856607616625099,0.0,25.554891383583612,5.6723622047244096
2014,辽宁省,210000,25882642.0,0.5827022064621518,9904798.0,0.22298912333454626,6023343.0,0.13560498408077337,35787440.0,0.805691329796698,41810783.0,0.9412963138774714,1.004791259765625,217.00904846191406,211402,44418301.0,0.0,211402,44418301.0,1.0,0.0,reachable_population_only,31.993923833652453,5.614435549379277,20.956192016601562,50.94703674316406,31.187086385763532,0.5206761987203098,0.4541882762892785,0.23764300118044368,0.0,29.920109463276837,13.85248990578735
2014,重庆市,500000,13861067.0,0.4736171639862033,9918124.0,0.33889120952546425,2861641.0,0.09777907391737178,23779191.0,0.8125083735116676,26640832.0,0.9102874474290393,1.0260772705078125,627.1185913085938,109803,29266395.0,0.0,109803,29266395.0,1.0,0.0,reachable_population_only,40.965223661959335,15.018658638000488,31.772918701171875,52.25578308105469,42.73630178936739,0.46070763411610827,0.3783865654953968,0.18297809375706975,0.0,15.781235164645462,5.157725823160204
2014,陕西省,610000,15283876.0,0.40338429607232895,11752050.0,0.31016951568154655,5427646.0,0.14325078017119428,27035926.0,0.7135538117538756,32463572.0,0.8568045919250697,1.013946533203125,243.0164337158203,281852,37889120.0,0.0,281852,37889120.0,1.0,0.0,reachable_population_only,46.48410141047003,16.19659423828125,37.57097789219448,66.16834635868986,39.841082897555225,0.45548567642250815,0.35079560457924475,0.1878975432568042,0.0,28.648693045204535,7.594707600363388
2014,青海省,630000,2080641.0,0.36288739375732965,1007007.0,0.1756334445612613,386447.0,0.0674007407598614,3087648.0,0.5385208383185909,3474095.0,0.6059215790784523,1.0457611083984375,1901.107666015625,312672,5733572.0,0.0,312672,5733572.0,1.0,0.0,reachable_population_only,154.37197838215138,17.033615112304688,55.34814626199631,186.13998413085938,222.5126058200445,0.663293520596008,0.7899887079860509,0.381975885545211,0.0,141.18043346977117,32.33733677468693
2014,黑龙江省,230000,15150844.0,0.39084277750787194,7879546.0,0.20326680441967737,7508358.0,0.19369135443830393,23030390.0,0.5941095819275494,30538748.0,0.7878009363658532,1.0004425048828125,851.5701904296875,520335,38764549.0,0.0,520335,38764549.0,1.0,0.0,reachable_population_only,59.4253542153965,10.433046299384173,45.938873291015625,83.21365356445312,68.60421998225831,0.5225833486660192,0.49588101071907886,0.25344273996880107,0.0,47.029983388704316,15.594884676866865
2014,,,428595.0,0.1975076692947567,608391.0,0.28036231974219555,520016.0,0.23963683233817984,1036986.0,0.47786998903695227,1557002.0,0.7175068213751321,1.262054443359375,1665.3934326171875,20324,2170017.0,0.0,20324,2170017.0,1.0,0.0,reachable_population_only,84.39547687653999,36.00959346960675,64.06058925873525,97.48998266601562,90.20919571069312,0.4552558537951743,0.38025156629089674,0.17848362611654778,0.0,13.331583219633512,3.7124656583038975
2015,上海市,310000,22756313.0,0.964414460440713,500297.0,0.02120262897223761,337425.0,0.014300099902572425,23256610.0,0.9856170894129507,23594035.0,0.9999171893155231,1.012115478515625,96.57485961914062,8708,23595989.0,0.0,8708,23595989.0,1.0,0.0,reachable_population_only,10.119440442301801,3.1567919075635227,6.8450254411205425,13.161483926480043,11.087567615661811,0.4819173514809333,0.41153996729719994,0.18751474886153785,0.0,10.469495137110673,5.472999834354812
2015,云南省,530000,10492590.0,0.222949806859235,7815083.0,0.16605730762746765,7279432.0,0.154675629033912,18307673.0,0.38900711448670267,25587105.0,0.5436827435206146,1.017608642578125,709.8971557617188,478436,47062566.0,0.0,478436,47062566.0,1.0,0.0,reachable_population_only,97.80139616148314,35.801137025097766,80.6817626953125,140.17227172851562,80.92756064539614,0.4502107285213147,0.34340509831501037,0.19024457964652142,0.0,38.21751238890937,6.321815650338069
2015,内蒙古自治区,150000,6851865.0,0.2680626936348057,3128394.0,0.12239087057187562,3371840.0,0.1319151082085802,9980259.0,0.39045356420668137,13352099.0,0.5223686724152615,1.0027313232421875,1149.5494384765625,900023,25560681.0,0.0,900023,25560681.0,1.0,0.0,reachable_population_only,123.85794616468138,24.156417846679688,84.88471984863281,161.03256225585938,141.267707692473,0.5507240201058659,0.5342164415406029,0.27618481871265377,0.0,79.17577839108658,19.898717885334783
2015,北京市,110000,18905031.0,0.9408284801078928,1024701.0,0.05099530830682255,144741.0,0.00720318602171541,19929732.0,0.9918237884147153,20074473.0,0.9990269744364307,1.002960205078125,175.9943389892578,21079,20094025.0,0.0,21079,20094025.0,1.0,0.0,reachable_population_only,10.412572373851042,3.282115552969295,6.487303721888175,13.096160888671875,11.462483712473645,0.4954925101053783,0.4264862913219888,0.1952270840697503,0.0,11.305462773408038,5.488412837461177
2015,吉林省,220000,9464507.0,0.3366981062671017,6062936.0,0.21568783980176004,4645641.0,0.1652678292801521,15527443.0,0.5523859460688617,20173084.0,0.7176537753490139,1.0031890869140625,561.17822265625,238579,28109772.0,0.0,238579,28109772.0,1.0,0.0,reachable_population_only,63.456533737129476,15.239461263020834,50.9245336025576,97.53689659966363,55.232060819736695,0.47404267362968777,0.385581100045248,0.21436174977508216,0.0,41.403289653289654,15.062727184996945
2015,四川省,510000,32118923.0,0.3897160413326406,27488650.0,0.3335344668804272,10937876.0,0.1327150893355701,59607573.0,0.7232505082130678,70545449.0,0.8559655975486379,1.002044677734375,1003.981689453125,576056,82416220.0,0.0,576056,82416220.0,1.0,0.0,reachable_population_only,53.965166500030364,19.540815827596255,37.405242919921875,64.12673950195312,69.54053178351354,0.5034801384058148,0.4855812223848654,0.22132125207908881,0.0,20.5685035279858,4.854789110313847
2015,天津市,120000,11482357.0,0.8727304166204296,1666050.0,0.1266301431500925,8413.0,0.0006394402294779437,13148407.0,0.9993605597705221,13156820.0,1.0,1.017608642578125,67.07633972167969,16432,13156820.0,0.0,16432,13156820.0,1.0,0.0,reachable_population_only,13.099622199828186,3.1565521699352965,7.6116943359375,21.915390014648438,11.934697280289758,0.4910185857568732,0.39663654899766665,0.2017794439803794,0.0,16.188694544190895,9.121315855389497
2015,宁夏回族自治区,640000,2421081.0,0.3756664131791968,1180119.0,0.18311286233489113,843175.0,0.13083103288670198,3601200.0,0.5587792755140879,4444375.0,0.68961030840079,1.04095458984375,310.6681823730469,73393,6444763.0,0.0,73393,6444763.0,1.0,0.0,reachable_population_only,73.44490401083375,11.071051405026363,51.01421403416159,111.02426169053564,71.33119784176415,0.5254452041604483,0.468786730138772,0.2542490209238487,0.0,59.6132444871883,23.14709115027478
2015,安徽省,340000,24523541.0,0.40264952748216554,21171906.0,0.3476193730259764,12004489.0,0.19710048493873109,45695447.0,0.7502689005081419,57699936.0,0.947369385446873,1.0274505615234375,329.74481201171875,181244,60905426.0,0.0,181244,60905426.0,1.0,0.0,reachable_population_only,41.83234009937815,16.48126482714691,38.34342956542969,59.95811462402344,35.04246084730248,0.4183327111958258,0.3136875844772236,0.16790144513028238,0.0,20.8517230863068,6.260833296746719
2015,山东省,370000,52602532.0,0.536460200485312,39136480.0,0.3991283900001126,6299914.0,0.0642488678583043,91739012.0,0.9355885904854245,98038926.0,0.9998374583437288,1.0054779052734375,118.61457824707031,219469,98054864.0,0.0,219469,98054864.0,1.0,0.0,reachable_population_only,29.151050859128386,13.282152938300142,27.906304078943588,42.577056884765625,18.883827615140223,0.3691583024482237,0.23011338730804423,0.12800450247770712,0.0,12.978672096886555,4.715645142388374
2015,山西省,140000,16896887.0,0.46104221777387616,11470723.0,0.31298591103732953,5797457.0,0.15818727039653416,28367610.0,0.7740281288112058,34165067.0,0.9322153992077399,1.008453369140625,218.3301544189453,224435,36649327.0,0.0,224435,36649327.0,1.0,0.0,reachable_population_only,39.00888221867111,11.85460363115583,32.740631103515625,57.06909873405031,32.3929894811062,0.44646162334733375,0.33698689927622044,0.18127640167121617,0.0,22.417494270435448,7.87718897952199
2015,广东省,440000,68769474.0,0.6445028105438992,23002939.0,0.21558197226097542,10063778.0,0.09431703964596067,91772413.0,0.8600847828048747,101836191.0,0.9544018224508353,1.0009002685546875,187.47161865234375,215936,106701589.0,0.0,215936,106701589.0,1.0,0.0,reachable_population_only,28.5169521500433,7.116506349633243,18.47511201640159,41.75603574679833,27.97945060221043,0.5090699494810591,0.4288749995982181,0.21633209046388435,0.0,22.431588811995386,8.982237339380196
2015,广西壮族自治区,450000,14387062.0,0.30511101480160596,12390477.0,0.2627687995885441,9421121.0,0.19979671936346147,26777539.0,0.56787981439015,36198660.0,0.7676765337536114,1.0031890869140625,442.507080078125,292594,47153532.0,0.0,292594,47153532.0,1.0,0.0,reachable_population_only,67.57183991116925,22.735404506806404,52.31414794921875,85.78654288616117,67.1699207384256,0.4845928863260127,0.4097917574503471,0.21007208013122447,0.0,31.5618725772786,6.984275585777918
2015,新疆维吾尔自治区,650000,8323024.0,0.371891915464828,2858404.0,0.12772008572032548,2187577.0,0.09774598760700463,11181428.0,0.49961200118515353,13369005.0,0.5973579887921582,1.0068511962890625,1018.5745239257812,430564,22380223.0,0.0,430564,22380223.0,1.0,0.0,reachable_population_only,86.10129967405594,9.521121003660252,60.10110121506911,137.4489039537128,90.79419180507159,0.5406892467664037,0.5137961928731536,0.2781097926155014,0.0,61.76574307304786,26.3594091460947
2015,江苏省,320000,42431888.0,0.5270005073163306,29273087.0,0.3635692972161664,8339735.0,0.10357881261101931,71704975.0,0.890569804532497,80044710.0,0.9941486171435163,1.0077667236328125,156.32423400878906,130759,80515839.0,0.0,130759,80515839.0,1.0,0.0,reachable_population_only,30.252261711562298,9.529155884798541,28.22113037109375,46.122894287109375,22.264534330575092,0.41546537520232385,0.29017735095611735,0.15969315052726563,0.0,17.281033925686593,7.462611286009275
2015,江西省,360000,15391438.0,0.33664243731025034,16555576.0,0.3621045321246192,8780168.0,0.19204035097392888,31947014.0,0.6987469694348696,40727182.0,0.8907873204087984,1.0118865966796875,248.46817016601562,207716,45720433.0,0.0,207716,45720433.0,1.0,0.0,reachable_population_only,47.62424275647342,21.971258050958877,42.53475358304368,67.16441363781955,34.239569006851305,0.3911748592032074,0.25955584140894555,0.1416905036908419,0.0,14.565733184743143,4.298428971726803
2015,河北省,130000,26955022.0,0.3662884601550094,33675046.0,0.45760603515697773,9865501.0,0.13406107292168803,60630068.0,0.8238944953119871,70495569.0,0.9579555682336752,1.0018157958984375,304.4716796875,270721,73589602.0,0.0,270721,73589602.0,1.0,0.0,reachable_population_only,40.16999118301438,21.005660361205457,38.19709812829254,53.77331524993737,28.527010138706657,0.36824782032565184,0.24178584738278755,0.13098632941933042,0.0,12.908904723300763,3.5678581520203445
2015,河南省,410000,36310885.0,0.37696773712374587,40090514.0,0.41620660974547585,13501896.0,0.1401722701608665,76401399.0,0.7931743468692217,89903295.0,0.9333466170300883,1.019439697265625,263.09967041015625,228152,96323588.0,0.0,228152,96323588.0,1.0,0.0,reachable_population_only,41.8044881936357,20.45562744140625,37.902374267578125,55.66062927246094,30.73406769177809,0.3912320244252062,0.2631019046930938,0.14178070624743122,0.0,14.911188204683434,4.015198164749917
2015,浙江省,330000,36939032.0,0.6642170309601757,15898982.0,0.2858866095713953,1885314.0,0.033900662786930984,52838014.0,0.9501036405315709,54723328.0,0.984004303318502,1.000213623046875,255.80062866210938,129913,55612895.0,0.0,129913,55612895.0,1.0,0.0,reachable_population_only,24.776521155126996,8.656411528287569,21.02553721577804,35.28365094540087,21.44454081579108,0.4365808277907458,0.3266342227550438,0.16810009330296316,0.0,15.70657786425204,5.99768022840828
2015,海南省,460000,3346319.0,0.3784161210255253,2418844.0,0.27353326561091923,1858762.0,0.21019678815726994,5765163.0,0.6519493866364445,7623925.0,0.8621461747937145,1.1151123046875,168.89144897460938,37919,8842961.0,0.0,37919,8842961.0,1.0,0.0,reachable_population_only,46.750683273269416,13.676104969044783,43.126141572311234,75.47047207076153,34.84001357281064,0.424168702728391,0.3091090389893473,0.1745514003977079,0.0,23.60771866749059,10.17924689529452
2015,湖北省,420000,25560966.0,0.436152063140556,18940132.0,0.3231793997126112,9631205.0,0.16433924802684055,44501098.0,0.7593314628531672,54132303.0,0.9236707108800077,1.0086822509765625,322.43890380859375,243851,58605629.0,0.0,243851,58605629.0,1.0,0.0,reachable_population_only,42.365915449720355,13.280460603775516,35.96168518066406,59.03298810323079,40.13073886268691,0.4623900875888878,0.37802114976817625,0.1962773380865298,0.0,24.696857670979668,7.945124883319662
2015,湖南省,430000,22176874.0,0.3293053131532093,22071916.0,0.3277467874990556,14594939.0,0.2167208488377121,44248790.0,0.6570521006522649,58843729.0,0.873772949489977,1.0036468505859375,307.64923095703125,270288,67344416.0,0.0,270288,67344416.0,1.0,0.0,reachable_population_only,50.805210330624334,22.13287353515625,45.46211242675781,70.68551371704935,40.302470895541816,0.41366194173043724,0.2978053147273654,0.16119721960226174,0.0,20.773280539668573,4.927359903242527
2015,甘肃省,620000,7048519.0,0.2690978601117911,5731221.0,0.2188061501895305,5349008.0,0.20421404929473147,12779740.0,0.4879040103013216,18128748.0,0.6921180595960531,1.00067138671875,774.2644653320312,327382,26193144.0,0.0,327382,26193144.0,1.0,0.0,reachable_population_only,77.68057296027284,26.434817288091274,61.46186828613281,102.2449089499081,70.70082251923031,0.47134488842905353,0.37871507676492216,0.20093098140331267,0.0,36.49618306114698,6.108305824597043
2015,福建省,350000,19362898.0,0.5141943947071822,9486402.0,0.2519175969598664,5617853.0,0.14918575323223454,28849300.0,0.7661119916670486,34467153.0,0.9152977448992832,1.0109710693359375,256.014404296875,154287,37656766.0,0.0,154287,37656766.0,1.0,0.0,reachable_population_only,38.23595754269751,10.993919372558594,29.19513791595575,56.66709954398019,34.505173409978745,0.4752593141587953,0.3796006757725435,0.1999986697272046,0.0,26.9111760096873,9.316606967382002
2015,西藏自治区,540000,345491.0,0.0844653120897336,101420.0,0.024795065434818218,72297.0,0.017675102008884367,446911.0,0.10926037752455181,519208.0,0.12693547953343617,1.3130950927734375,1676.100830078125,555050,4090330.0,0.0,555050,4090330.0,1.0,0.0,reachable_population_only,432.7164056023749,218.0229663848877,385.93572998046875,596.3574374759144,298.9632404208515,0.3822067180739991,0.2572126476373392,0.15175563957883076,0.0,17.760644560759356,4.081410996765183
2015,贵州省,520000,10183181.0,0.28592176894910526,8688348.0,0.24395008096246357,7116288.0,0.19981002530656092,18871529.0,0.5298718499115689,25987817.0,0.7296818752181298,1.01715087890625,397.31256103515625,228147,35615270.0,0.0,228147,35615270.0,1.0,0.0,reachable_population_only,66.71093683337341,26.3397216796875,55.96870422363281,94.2299141508625,54.964409539962304,0.43839571504064223,0.32536591015123256,0.17529175417090193,0.0,25.240159094636706,5.448194057291976
2015,辽宁省,210000,25370720.0,0.5662806685457783,10456336.0,0.2333879740353955,6357726.0,0.14190599753222916,35827056.0,0.7996686425811738,42184782.0,0.9415746401134029,1.011199951171875,218.81813049316406,211315,44802377.0,0.0,211315,44802377.0,1.0,0.0,reachable_population_only,32.559360730932156,5.821241874638477,22.341578889135352,52.34152569196611,31.001336509468754,0.5125563095014345,0.4405086554407951,0.23191929157462954,0.0,28.380613090306547,13.186372544093262
2015,重庆市,500000,15590812.0,0.5281260759288539,7991440.0,0.2707035302728864,2926354.0,0.09912786164047808,23582252.0,0.7988296062017403,26508606.0,0.8979574678422184,1.006622314453125,450.6884765625,109667,29521004.0,0.0,109667,29521004.0,1.0,0.0,reachable_population_only,39.28969032541233,13.1081958898132,28.226668039957683,51.05281405978732,38.69092299604041,0.48109636849081727,0.3925949732237933,0.19341281981228198,0.0,18.447187674030072,6.044867530680124
2015,陕西省,610000,15335531.0,0.4012632906176509,12408572.0,0.32467766734559406,5961613.0,0.155989150279111,27744103.0,0.725940957963245,33705716.0,0.881930108242356,1.0114288330078125,242.51358032226562,281856,38218126.0,0.0,281856,38218126.0,1.0,0.0,reachable_population_only,44.24447360550318,16.587295532226562,37.53913879394531,64.48745727539062,35.602245860028994,0.4390800326215435,0.32584314950784976,0.17823282783102878,0.0,27.85863697705803,7.318615290074424
2015,青海省,630000,2100176.0,0.36314516842990574,988737.0,0.17096427365986455,411343.0,0.07112604992032225,3088913.0,0.5341094420897703,3500256.0,0.6052354920100925,1.0521697998046875,1891.6307373046875,309747,5783296.0,0.0,309747,5783296.0,1.0,0.0,reachable_population_only,151.88893520805928,17.399269256674323,56.0430908203125,179.7372316707202,219.55717200054798,0.6611653976959,0.7856093521122859,0.3789929718566708,0.0,148.14292379097228,30.149052665817365
2015,黑龙江省,230000,15229871.0,0.38949031653146193,8401584.0,0.21486298941899548,7175836.0,0.18351558164989445,23631455.0,0.6043533059504573,30807291.0,0.7878688876003518,1.0004425048828125,929.6985473632812,517590,39102053.0,0.0,517590,39102053.0,1.0,0.0,reachable_population_only,58.91183576318338,10.248739688247658,45.518646240234375,82.66423383509346,71.74346148829535,0.5245405450070639,0.510051653870257,0.25628775670921644,0.0,45.62393445336423,16.28420547287566
2015,,,452814.0,0.20671397933106722,643394.0,0.2937155962883936,547504.0,0.24994088199498388,1096208.0,0.5004295756194608,1643712.0,0.7503704576144447,1.262054443359375,1669.126220703125,20339,2190534.0,0.0,20339,2190534.0,1.0,0.0,reachable_population_only,76.00096390211411,35.05825424194336,59.864031839713775,89.9590727143687,78.75704958444537,0.4317665879587551,0.34707063469011645,0.16340146123192523,0.0,11.919753843996002,3.4718565610253744
2016,上海市,310000,22904530.0,0.9664161288858067,454564.0,0.01917952392870964,339730.0,0.01433430642175915,23359094.0,0.9855956528145163,23698824.0,0.9999299592362755,1.0123443603515625,97.76847839355469,8704,23700484.0,0.0,8704,23700484.0,1.0,0.0,reachable_population_only,10.059879974263739,3.228722353605447,6.92527468881738,13.19317675757346,10.889498941639244,0.475734548375762,0.40173627438616993,0.18328220983795085,0.0,10.066800714924039,5.396507910484466
2016,云南省,530000,10654997.0,0.22540140182576246,8044523.0,0.1701780639843998,7717987.0,0.16327034996565562,18699520.0,0.39557946581016223,26417507.0,0.5588498157758178,1.0334014892578125,711.2848510742188,478444,47271210.0,0.0,478444,47271210.0,1.0,0.0,reachable_population_only,93.45078386794201,35.431550259206865,78.55687741743027,132.72903442382812,75.5275441269951,0.44190824186498323,0.3314131195013459,0.18462926087960152,0.0,35.048482927988594,6.033936224696084
2016,内蒙古自治区,150000,8125321.0,0.31648088252495105,4232468.0,0.16485443564612579,3898287.0,0.15183810093109476,12357789.0,0.48133531817107683,16256076.0,0.6331734191021716,1.0027313232421875,1146.0255126953125,898421,25673971.0,0.0,898421,25673971.0,1.0,0.0,reachable_population_only,87.030435339034,12.087657716539171,63.59870910644531,121.3420717794684,93.5792421171047,0.5327593933676367,0.496488334489155,0.26176084042749237,0.0,59.24772634722411,19.323761014936565
2016,北京市,110000,18967266.0,0.939763803364552,1073407.0,0.053183682080387006,122843.0,0.006086454679167344,20040673.0,0.992947485444939,20163516.0,0.9990339401241063,1.002960205078125,270.7841491699219,21084,20183014.0,0.0,21084,20183014.0,1.0,0.0,reachable_population_only,10.428522145996023,3.26934814453125,6.50127294112225,12.974595634850392,11.95756694695318,0.49788759518371184,0.43524058182093933,0.19752119895833764,0.0,11.455769852386597,5.438863238337844
2016,吉林省,220000,9258113.0,0.3279029889349145,6278213.0,0.22236116667295336,5402855.0,0.1913578180868982,15536326.0,0.5502641556078678,20939181.0,0.741621973694766,1.0031890869140625,392.9715576171875,238898,28234305.0,0.0,238898,28234305.0,1.0,0.0,reachable_population_only,62.62510311986914,15.799575518536312,52.066655612099765,91.92028709478254,53.55472045807898,0.4659990668450751,0.37311100883478404,0.20761486625737735,0.0,38.804906542056074,13.883267076255873
2016,四川省,510000,33729774.0,0.4074558813407077,26816775.0,0.3239468100895208,10816392.0,0.1306620831579417,60546549.0,0.7314026914302285,71362941.0,0.8620647745881702,1.002044677734375,801.3853759765625,574665,82781414.0,0.0,574665,82781414.0,1.0,0.0,reachable_population_only,51.069693923546936,18.980928859753426,35.82159778230734,63.24630146026611,60.377702172114915,0.49260845706096223,0.4489018661611182,0.21035931681360187,0.0,20.491677973767526,4.894289593726639
2016,天津市,120000,11565914.0,0.8752048226066345,1640826.0,0.12416302146621129,8354.0,0.0006321559271542072,13206740.0,0.9993678440728458,13215094.0,1.0,1.0059356689453125,67.34092712402344,16431,13215094.0,0.0,16431,13215094.0,1.0,0.0,reachable_population_only,13.034827428452132,3.1283740591806506,7.519239080921345,21.904174901820994,11.88749002156659,0.49113716936032903,0.39713450331854805,0.20182271274863628,0.0,15.79028016009148,9.037786323357299
2016,宁夏回族自治区,640000,2435855.0,0.37628471185935874,1162674.0,0.17960693517322177,855920.0,0.13222035407471394,3598529.0,0.5558916470325805,4454449.0,0.6881120011072945,1.04095458984375,302.16131591796875,73512,6473436.0,0.0,73512,6473436.0,1.0,0.0,reachable_population_only,72.58457796508415,11.07648530190155,51.006317138671875,111.63894653320312,69.51864602128224,0.5205157194993032,0.4597802766384555,0.2500616680838815,0.0,57.96390310474241,22.708103130755063
2016,安徽省,340000,24008456.0,0.3924543293790213,21805388.0,0.3564418688311051,12021583.0,0.1965108582717374,45813844.0,0.7488961982101264,57835427.0,0.9454070564818639,1.0247039794921875,185.65475463867188,181276,61175159.0,0.0,181276,61175159.0,1.0,0.0,reachable_population_only,41.11700799252202,16.44195556640625,39.43244934082031,60.098876953125,29.601590306375872,0.40074378479822326,0.2782958223188794,0.15662005849247307,0.0,21.28731713364741,6.405285849014236
2016,山东省,370000,53591131.0,0.5441345377605611,40301619.0,0.4092002242976967,4579530.0,0.04649800056861316,93892750.0,0.9533347620582578,98472280.0,0.9998327626268709,1.0052490234375,118.19023132324219,219650,98488751.0,0.0,219650,98488751.0,1.0,0.0,reachable_population_only,28.329106143488684,12.525313753995265,27.613677978515625,41.557682818563194,18.224121217077442,0.3666929802671016,0.22840825742054266,0.12739118148479844,0.0,12.631766968947513,4.772846016748455
2016,山西省,140000,16769905.0,0.45555949814607694,11471222.0,0.3116191855256328,5945839.0,0.16152049942425864,28241127.0,0.7671786836717097,34186966.0,0.9286991830959683,1.031341552734375,218.33175659179688,224694,36811668.0,0.0,224694,36811668.0,1.0,0.0,reachable_population_only,39.37265450872235,12.052933035544978,33.394434452056885,57.84645080566406,32.3027159002314,0.4449158551165201,0.3336200703300745,0.1801538906128175,0.0,22.70143770979796,7.913166534586211
2016,广东省,440000,71738974.0,0.6693688942308123,23143514.0,0.21594326641464545,8247196.0,0.07695142764412519,94882488.0,0.8853121606454577,103129684.0,0.9622635882895829,1.0009002685546875,187.27615356445312,215830,107174048.0,0.0,215830,107174048.0,1.0,0.0,reachable_population_only,26.545157884966546,6.7339324951171875,17.198921738156848,38.360595703125,26.259658532140033,0.5087584336418904,0.4291459438386672,0.21511167663086073,0.0,21.72762197464464,8.508018601416836
2016,广西壮族自治区,450000,14485234.0,0.30583755602981255,12613208.0,0.2663120739655072,10548732.0,0.22272325142234337,27098442.0,0.5721496299953197,37647174.0,0.7948728814176631,1.013946533203125,410.7529296875,292349,47362509.0,0.0,292349,47362509.0,1.0,0.0,reachable_population_only,63.53389042198109,22.599105834960938,51.435757082794346,81.35993957519531,60.26516828747834,0.4709685375437149,0.3871950770149932,0.20186638020032288,0.0,31.966857454347235,6.418636546994756
2016,新疆维吾尔自治区,650000,8499291.0,0.3780943991852409,3213045.0,0.1429336069126404,2300881.0,0.10235562228563963,11712336.0,0.5210280060978814,14013217.0,0.6233836283835209,1.023101806640625,1039.0887451171875,430017,22479283.0,0.0,430017,22479283.0,1.0,0.0,reachable_population_only,80.2571428980684,8.497546259467068,54.96815742182935,123.9952039718628,87.84563524798095,0.548928466820787,0.5298259294124591,0.28226672712060985,0.0,61.329278249510125,26.208900918489594
2016,江苏省,320000,43665214.0,0.5399243372672994,29387344.0,0.3633771778433548,7365456.0,0.09107453245211287,73052558.0,0.9033015151106542,80418014.0,0.994376047562767,1.0050201416015625,152.68844604492188,130791,80872839.0,0.0,130791,80872839.0,1.0,0.0,reachable_population_only,29.51794037568277,9.298269538413557,27.249283911613038,45.06477355957031,21.758864146538798,0.4153454618552913,0.28994061273139127,0.1592708743694643,0.0,17.100559026635974,7.366246834143336
2016,江西省,360000,15130853.0,0.3294838018083525,16983423.0,0.3698246739796769,8446301.0,0.18392349490790041,32114276.0,0.6993084757880295,40560577.0,0.8832319706959298,1.0107421875,250.616455078125,207578,45922904.0,0.0,207578,45922904.0,1.0,0.0,reachable_population_only,48.30279530621652,22.355042965476084,42.680249832123806,66.59062913279854,35.30545424128986,0.3958191129223321,0.2657751040436878,0.14456985922226018,0.0,15.145105791053517,4.273559362328794
2016,河北省,130000,27104473.0,0.36669520013505147,34405687.0,0.46547299703074607,9372025.0,0.12679370608112195,61510160.0,0.8321681971657975,70882185.0,0.9589619032469194,1.0123443603515625,249.5159912109375,270964,73915538.0,0.0,270964,73915538.0,1.0,0.0,reachable_population_only,39.46510534645144,20.839252434377595,38.17005259832884,52.935333251953125,26.803170512176365,0.36177634456421837,0.2315180898388574,0.1271988168666065,0.0,12.769894862808787,3.5301943856759483
2016,河南省,410000,36787142.0,0.3802281386899289,41047418.0,0.42426191586635037,13083250.0,0.1352271344024228,77834560.0,0.8044900545562792,90917810.0,0.939717188958702,1.0141754150390625,260.346923828125,228551,96750183.0,0.0,228551,96750183.0,1.0,0.0,reachable_population_only,40.91489584526118,20.356473162130346,37.393341064453125,54.54516227609418,29.649491304378984,0.38628579148075437,0.2570988875351411,0.13885215788011562,0.0,14.362072709898797,3.9185095791220395
2016,浙江省,330000,37247944.0,0.6668199571951356,15961723.0,0.2857498778354213,2027992.0,0.036305508261934606,53209667.0,0.9525698350305569,55237659.0,0.9888753432924915,1.00067138671875,192.80296325683594,129991,55859072.0,0.0,129991,55859072.0,1.0,0.0,reachable_population_only,24.33234257409313,8.460220240394984,20.91712295968489,35.260162353515625,19.836089442101205,0.4310357309717816,0.31239172854209185,0.16380349911122294,0.0,15.633490248823135,6.288128668003863
2016,海南省,460000,3385669.0,0.38127040547893865,2645024.0,0.29786413644733856,1735410.0,0.19542975830543532,6030693.0,0.6791345419262772,7766103.0,0.8745643002317125,1.1151123046875,170.69686889648438,37914,8879968.0,0.0,37914,8879968.0,1.0,0.0,reachable_population_only,45.36121905244859,12.53913037530307,41.87507629394531,71.3277069444046,34.50790069170064,0.4309908185510971,0.3196062873952735,0.18091834601685852,0.0,27.439058355437666,11.752164284276223
2016,湖北省,420000,25984076.0,0.44141725237862456,20077270.0,0.3410724844964195,9096733.0,0.15453521943524035,46061346.0,0.7824897368750441,55158079.0,0.9370249563102845,1.002044677734375,387.10992431640625,243621,58865112.0,0.0,243621,58865112.0,1.0,0.0,reachable_population_only,39.69571082284161,12.884804989113418,34.91373514391712,56.51868882819788,34.435759569617964,0.4444459204571447,0.34331692860736845,0.18270893697290969,0.0,22.956659051202795,7.577015542882702
2016,湖南省,430000,22151367.0,0.3274760912855341,23522848.0,0.34775146468133294,14700246.0,0.21732198744284306,45674215.0,0.6752275559668671,60374461.0,0.8925495434097102,1.000213623046875,281.645751953125,270463,67642700.0,0.0,270463,67642700.0,1.0,0.0,reachable_population_only,49.49786769089069,21.813753194527717,45.28747365921087,67.591552734375,38.53286845500636,0.40742325139394164,0.289733224697381,0.15681425647248592,0.0,18.55381568645512,4.72596394961206
2016,甘肃省,620000,6956528.0,0.2644134693157699,5829360.0,0.22157048767583148,5846203.0,0.22221068003381317,12785888.0,0.48598395699160146,18632091.0,0.7081946370254146,1.0004425048828125,892.621337890625,327136,26309280.0,0.0,327136,26309280.0,1.0,0.0,reachable_population_only,70.86721648158601,27.524642944335938,61.94477081298828,97.55190936001864,58.1106311822817,0.43585804764309466,0.32648273177176385,0.17887408023525042,0.0,31.310552475626075,5.561367215966525
2016,福建省,350000,19503665.0,0.5156540058707942,9425958.0,0.2492112637224778,5869647.0,0.15518657588701865,28929623.0,0.764865269593272,34799270.0,0.9200518454802906,1.0009002685546875,251.09024047851562,154244,37823162.0,0.0,154244,37823162.0,1.0,0.0,reachable_population_only,37.739636163497195,11.37376576693829,29.175452483943634,57.61835005582141,32.378297013506774,0.4662724146534649,0.3623068478917804,0.19408627761999497,0.0,27.08404332129964,9.035751866151866
2016,西藏自治区,540000,346895.0,0.08431497651469579,110456.0,0.026847014358544335,75886.0,0.018444561921602227,457351.0,0.11116199087324012,533237.0,0.12960655279484234,1.3130950927734375,1668.54931640625,554414,4114275.0,0.0,554414,4114275.0,1.0,0.0,reachable_population_only,425.2815030622182,218.33541870117188,401.2467956542969,562.1587524414062,291.72394349675346,0.378301976143268,0.2542098982684292,0.15026190490690994,0.0,18.16101189765818,4.018246588507054
2016,贵州省,520000,10464477.0,0.292524331329756,8750084.0,0.24460013349727813,6592385.0,0.18428374528352573,19214561.0,0.5371244648270341,25806946.0,0.7214082101105599,1.01715087890625,293.2711181640625,228198,35773014.0,0.0,228198,35773014.0,1.0,0.0,reachable_population_only,69.78261068556816,25.5743408203125,54.80735778808594,96.84031728760243,61.10678904549673,0.46057985557257786,0.35670000460362583,0.1885446152614536,0.0,27.730940760686636,5.821711224785252
2016,辽宁省,210000,26017593.0,0.5781582365493497,10536252.0,0.23413468248809793,6367705.0,0.14150198650837828,36553845.0,0.8122929190374477,42921550.0,0.953794905545826,1.00250244140625,216.9671630859375,211338,45000817.0,0.0,211338,45000817.0,1.0,0.0,reachable_population_only,31.111229784584495,5.277331170429753,21.24009383275519,50.3232255086794,29.525093844586543,0.5128584229464732,0.44184109345856315,0.23366774959079717,0.0,29.37864300022169,14.128428579408972
2016,重庆市,500000,16191282.0,0.5460489003213205,7394116.0,0.24936560987871625,3318928.0,0.1119304193852988,23585398.0,0.7954145102000367,26904326.0,0.9073449295853355,1.006622314453125,395.40435791015625,109760,29651707.0,0.0,109760,29651707.0,1.0,0.0,reachable_population_only,39.136104427444415,12.619626260217215,26.950203276862783,52.0220947265625,39.78790332442506,0.491642795981277,0.4118588024479557,0.2011159503780855,0.0,18.572121025593717,6.454417544029887
2016,陕西省,610000,15474850.0,0.40312429436283237,12162694.0,0.3168416777093836,6110342.0,0.15917616694608205,27637544.0,0.719965972072216,33747886.0,0.8791421390182981,1.033172607421875,344.5967102050781,281667,38387292.0,0.0,281667,38387292.0,1.0,0.0,reachable_population_only,44.78923317214819,16.623286758912563,37.701873779296875,65.44934349602433,36.51343550578067,0.4418788308568512,0.3311573491657143,0.18104724412802986,0.0,28.803235437061723,7.4561721872559374
2016,青海省,630000,2087323.0,0.3593396816608806,1014129.0,0.17458572153091168,406882.0,0.07004610611464657,3101452.0,0.5339254031917923,3508334.0,0.6039715093064388,1.0521697998046875,1638.4766845703125,311753,5808774.0,0.0,311753,5808774.0,1.0,0.0,reachable_population_only,151.60027264100154,18.107771229099583,56.5157393022017,181.11785888671875,219.94579358372718,0.6609262908286806,0.7859476391649874,0.3781318503210821,0.0,135.44880446098776,30.017460741849813
2016,黑龙江省,230000,15322867.0,0.3901415867501339,8170616.0,0.20803529071720273,8097519.0,0.20617413904325851,23493483.0,0.5981768774673366,31591002.0,0.8043510165105952,1.0036468505859375,877.4075317382812,518170,39275144.0,0.0,518170,39275144.0,1.0,0.0,reachable_population_only,56.966493671109276,10.120411642091268,45.910691989688424,80.46764647187634,66.43940022607086,0.5118624106737306,0.4855215788226686,0.24672190816076522,0.0,40.50750797479188,15.452660841938046
2016,,,484522.0,0.22012420892905007,660534.0,0.3000885908601491,540041.0,0.24534716259375866,1145056.0,0.5202127997891992,1685097.0,0.7655599623829579,1.262054443359375,1433.5565185546875,20332,2201130.0,0.0,20332,2201130.0,1.0,0.0,reachable_population_only,72.26151592752544,33.503338456213385,57.895953574877105,87.89709066199424,74.07929692833825,0.4273366038696993,0.34001683920965664,0.16103483591802348,0.0,11.148808860147916,3.3986863684469903
2017,上海市,310000,23088524.0,0.9695801550327178,413710.0,0.017373349891859076,309400.0,0.01299295268797273,23502234.0,0.9869535049245768,23811634.0,0.9999464576125495,1.0123443603515625,97.78793334960938,8702,23812909.0,0.0,8702,23812909.0,1.0,0.0,reachable_population_only,9.759348096340496,3.277536809657139,6.838448358763371,12.597957395084949,10.43935186965474,0.46638410504701866,0.38800124075762643,0.17642549845754407,0.0,9.662404937727322,5.10986257073565
2017,云南省,530000,10770764.0,0.22678148646004218,8426581.0,0.1774240494876639,7928363.0,0.16693392839494017,19197345.0,0.4042055359477061,27125708.0,0.5711394643426463,1.03179931640625,710.5654907226562,477017,47494018.0,0.0,477017,47494018.0,1.0,0.0,reachable_population_only,90.94040026622521,34.15790189585135,76.61911010742188,129.7217559814453,73.41544170431517,0.441648516160828,0.33134271774425866,0.18486373992285243,0.0,39.3145280404428,5.940487690377098
2017,内蒙古自治区,150000,8896169.0,0.3446750689433903,4580789.0,0.1774790659204118,4204062.0,0.1628830746911718,13476958.0,0.5221541348638021,17681020.0,0.6850372095549739,1.0027313232421875,876.148193359375,896633,25810306.0,0.0,896633,25810306.0,1.0,0.0,reachable_population_only,72.09044269968568,11.371173712010217,56.36993408203125,105.64686252506635,71.2978704161599,0.5119698308569796,0.45340018716877567,0.2446351469137451,0.0,50.94000860091743,16.9251055872586
2017,北京市,110000,19149412.0,0.9448099109902529,987291.0,0.04871179970598981,115869.0,0.005716842876247564,20136703.0,0.9935217106962426,20252572.0,0.9992385535724903,1.002960205078125,159.64210510253906,21087,20268005.0,0.0,21087,20268005.0,1.0,0.0,reachable_population_only,10.061879017451016,3.094733871693073,6.242359417761902,12.607867746971117,10.966910318199313,0.49737463492941947,0.42724227187572894,0.19595642410503056,0.0,11.237718251816506,5.572134304613582
2017,吉林省,220000,9752342.0,0.3440213864302362,7332791.0,0.258669858606595,5683322.0,0.2004835673286953,17085133.0,0.6026912450368312,22768455.0,0.8031748123655266,1.00433349609375,392.3416748046875,239618,28348069.0,0.0,239618,28348069.0,1.0,0.0,reachable_population_only,55.26306682080914,13.47810451221089,47.56697319649361,80.60779073876536,46.86809449620934,0.4583610886767756,0.3626214208503519,0.20074609929091713,0.0,32.98989179031945,12.477621974644642
2017,四川省,510000,34733957.0,0.41679181096074064,28794330.0,0.345518967104761,10131474.0,0.12157311636453223,63528287.0,0.7623107780655016,73659761.0,0.8838838944300339,1.024932861328125,810.596435546875,576683,83336467.0,0.0,576683,83336467.0,1.0,0.0,reachable_population_only,49.39764928989353,18.140945434570312,35.66596984863281,58.236236572265625,59.656297579159855,0.4943801779195538,0.458469569174001,0.2131702007134073,0.0,20.623266197985938,4.732224401984866
2017,天津市,120000,11937723.0,0.8935007427425331,1408088.0,0.10539092537553836,14808.0,0.0011083318819285245,13345811.0,0.9988916681180715,13360619.0,1.0,1.0059356689453125,69.774169921875,16435,13360619.0,0.0,16435,13360619.0,1.0,0.0,reachable_population_only,12.818427281176945,3.2537134111320665,7.208640343293333,21.72842932625051,11.61802252399779,0.48616092312061787,0.38870452039157694,0.1964215225556628,0.0,14.69085611851692,8.577890241973746
2017,宁夏回族自治区,640000,2378864.0,0.3656652798567629,1155367.0,0.17759636422774425,833704.0,0.12815217956037112,3534231.0,0.5432616440845072,4367935.0,0.6714138236448783,1.04095458984375,291.11663818359375,73699,6505578.0,0.0,73699,6505578.0,1.0,0.0,reachable_population_only,72.34256983337238,14.137835303547368,51.41127575538393,116.09530448913574,65.84191745761005,0.5024164815700276,0.42845785409327336,0.23597578870432911,0.0,51.809347854272005,20.86438077449051
2017,安徽省,340000,24779528.0,0.4033646395617612,24336701.0,0.39615623941615646,10964173.0,0.17847634911519678,49116229.0,0.7995208789779177,60080402.0,0.9779972280931145,1.024932861328125,164.42298889160156,181582,61432078.0,0.0,181582,61432078.0,1.0,0.0,reachable_population_only,38.131887763711454,17.51937049687108,37.236455905656875,55.90250662549049,25.345545814548004,0.37442896140024784,0.24443866679839,0.13871247843978618,0.0,17.491197183098592,5.019824715832983
2017,山东省,370000,55981752.0,0.5661380493631243,39887090.0,0.4033742875244665,3003013.0,0.030369180336337166,95868842.0,0.9695123368875908,98871855.0,0.9998815172239279,1.00341796875,120.37834167480469,219801,98883571.0,0.0,219801,98883571.0,1.0,0.0,reachable_population_only,27.0327582128643,12.259256485560517,26.6656494140625,39.3780259488046,17.078229208728334,0.36012461992831113,0.22108516505701964,0.1235031458768957,0.0,12.101246018885847,4.5774853801169595
2017,山西省,140000,17446956.0,0.47231610710273225,12071422.0,0.3267920803052566,5532196.0,0.14976510965289916,29518378.0,0.7991081874079888,35050574.0,0.9488732970608881,1.024017333984375,200.49362182617188,224658,36939151.0,0.0,224658,36939151.0,1.0,0.0,reachable_population_only,36.90815432462288,11.681537907843715,32.13042998889343,54.35825562141808,29.350176918617525,0.43580982598989215,0.3199720209454031,0.17400062762961455,0.0,21.99692388245304,7.548279529709374
2017,广东省,440000,75719325.0,0.7034955082080318,22373376.0,0.20786727192099747,6908678.0,0.06418736485904554,98092701.0,0.9113627801290292,105001379.0,0.9755501449880748,1.002044677734375,178.125,216033,107632990.0,0.0,216033,107632990.0,1.0,0.0,reachable_population_only,24.21828802504993,6.447844040254313,16.213484061687797,34.908494503599826,23.55771725559883,0.5004684977586693,0.414718622709989,0.20777987532296338,0.0,19.570554073143935,8.208501396690917
2017,广西壮族自治区,450000,15077899.0,0.31720296971120515,13438938.0,0.28272314619992905,10748387.0,0.22612038162646608,28516837.0,0.5999261159111342,39265224.0,0.8260464975376003,1.013946533203125,334.52752685546875,292480,47533915.0,0.0,292480,47533915.0,1.0,0.0,reachable_population_only,54.89849918711498,22.183914184570312,49.758453369140625,77.51495361328125,42.55251140485747,0.42132669620471597,0.3056188416026617,0.16956524408438733,0.0,26.246705992612604,5.877809478522745
2017,新疆维吾尔自治区,650000,8512532.0,0.37869454903888017,3520512.0,0.1566159991205867,2300000.0,0.1023194347803244,12033044.0,0.5353105481594669,14333044.0,0.6376299829397913,1.023101806640625,1038.8428955078125,432367,22478623.0,0.0,432367,22478623.0,1.0,0.0,reachable_population_only,75.40838886094652,9.846671677645812,52.04315185546875,119.6396112385852,80.98962296545112,0.5361176132439647,0.5061882452972225,0.2693388972730957,0.0,55.86386236287586,22.294790737364725
2017,江苏省,320000,44839505.0,0.5525369693394664,28908603.0,0.3562276588347219,7067139.0,0.08708516217921557,73748108.0,0.9087646281741883,80815247.0,0.9958497903534039,1.0050201416015625,148.4197998046875,130872,81152045.0,0.0,130872,81152045.0,1.0,0.0,reachable_population_only,29.248887028268918,10.593416795734177,26.939576477529624,44.10484313964844,21.109034996360094,0.40684834564262307,0.2772017755647363,0.15226740771312441,0.0,16.92875485612695,6.468827624275507
2017,江西省,360000,15473096.0,0.3357703968834416,17686169.0,0.3837946836546236,9097173.0,0.19741113147151218,33159265.0,0.7195650805380652,42256438.0,0.9169762120095774,1.01715087890625,197.77999877929688,207695,46082371.0,0.0,207695,46082371.0,1.0,0.0,reachable_population_only,45.30377697207643,21.984537518390596,41.673764727497826,63.69233016237419,30.575756760207703,0.37523044098363634,0.23994988017437058,0.13363403946692332,0.0,14.06100063425736,3.997167695878772
2017,河北省,130000,28669655.0,0.38662707083126885,34402436.0,0.46393697657471616,8762371.0,0.11816569935239389,63072091.0,0.850564047405985,71834462.0,0.9687297467583789,1.002044677734375,288.9498291015625,271051,74153253.0,0.0,271051,74153253.0,1.0,0.0,reachable_population_only,38.04349057023587,20.3585494163982,36.98753356933594,51.58424377441406,24.64823875008217,0.3515043020808096,0.21627668631527297,0.11934816769192724,0.0,11.138778502257031,3.4256551099282246
2017,河南省,410000,39672819.0,0.4083127074764556,42161421.0,0.43392540266837837,11976054.0,0.12325756416815846,81834240.0,0.842238110144834,93810294.0,0.9654956743129924,1.0132598876953125,170.1111602783203,228190,97162832.0,0.0,228190,97162832.0,1.0,0.0,reachable_population_only,37.40588434107354,19.00426692598505,35.49568176269531,50.9580352458548,25.254760508753268,0.3694702803086958,0.2354762812175073,0.12981480634374287,0.0,13.861836640516843,3.8862105465742878
2017,浙江省,330000,38055496.0,0.6785403166355395,15436190.0,0.27523165774127206,1992740.0,0.03553112093381479,53491686.0,0.9537719743768115,55484426.0,0.9893030953106263,1.00067138671875,212.11212158203125,130137,56084355.0,0.0,130137,56084355.0,1.0,0.0,reachable_population_only,24.14114643615008,8.869473496253512,20.7989501953125,34.507605579798806,19.47396171540538,0.4246801268470419,0.30320050169375756,0.15834182484872972,0.0,14.603704530845693,5.764135477344867
2017,海南省,460000,3322480.0,0.3722664164035296,2916686.0,0.32679933212369827,1801619.0,0.2018619371236277,6239166.0,0.6990657485272279,8040785.0,0.9009276856508556,1.086273193359375,204.24888610839844,38050,8925006.0,0.0,38050,8925006.0,1.0,0.0,reachable_population_only,44.000356711428935,12.571830094065453,42.26563652966352,67.33800922325271,32.75300899947094,0.4216827721269295,0.30982788754233453,0.17713407584901675,0.0,26.5392316017316,12.271538519016662
2017,湖北省,420000,27266811.0,0.4610629418434235,19885699.0,0.33625343578142763,8711922.0,0.14731258402130126,47152510.0,0.7973163776248511,55864432.0,0.9446289616461524,1.0068511962890625,290.6831359863281,243794,59139021.0,0.0,243794,59139021.0,1.0,0.0,reachable_population_only,38.129620841546135,11.509552001953125,33.485716621830775,54.42096763933208,33.231061340770765,0.4524844772085188,0.3541520299640938,0.18946805902896502,0.0,25.791211328305373,8.401700961967254
2017,湖南省,430000,23207848.0,0.3416282957932781,25604585.0,0.3769091704687195,12976387.0,0.19101732208708228,48812433.0,0.7185374662619975,61788820.0,0.9095547883490799,1.00616455078125,235.1165771484375,270557,67933038.0,0.0,270557,67933038.0,1.0,0.0,reachable_population_only,45.47434454073852,20.79313802678854,42.53929138183594,63.05251781757061,32.15497280815764,0.38841649769427034,0.2590832537216223,0.14368998094591556,0.0,17.23898802800994,4.388403587969749
2017,甘肃省,620000,7126512.0,0.26975213278512655,6026898.0,0.22812963614997261,6253947.0,0.23672387579999077,13153410.0,0.49788176893509917,19407357.0,0.7346056447350899,1.0004425048828125,888.4622802734375,330812,26418742.0,0.0,330812,26418742.0,1.0,0.0,reachable_population_only,67.52723234965612,26.895217895507812,60.269983478333806,92.47901390338767,55.20128425850124,0.4307223936261504,0.3220589792610887,0.17667761182562391,0.0,30.21394627582412,5.7372748125048325
2017,福建省,350000,20117556.0,0.5296171316468805,9357185.0,0.2463383464665994,5810552.0,0.1529692713928593,29474741.0,0.77595547811348,35285293.0,0.9289247495063392,1.008453369140625,272.8431701660156,154212,37985093.0,0.0,154212,37985093.0,1.0,0.0,reachable_population_only,36.25621826916599,10.138540931064492,28.372381678652225,55.50623609102689,31.555333316961228,0.4716821497972751,0.3703687502961189,0.19763095449142098,0.0,27.335104364326376,9.03251744877939
2017,西藏自治区,540000,570371.0,0.13765522900463983,235782.0,0.05690440994575809,469381.0,0.11328196743071939,806153.0,0.1945596389503979,1275534.0,0.3078416063811173,1.0132598876953125,1477.281005859375,555652,4143475.0,0.0,555652,4143475.0,1.0,0.0,reachable_population_only,284.6086241782458,89.6759033203125,258.31633449117464,436.3018798828125,245.14616213970004,0.4733680559364569,0.38283661128626806,0.2171229515296378,0.0,80.3416490795304,8.277639607854478
2017,贵州省,520000,10708253.0,0.29827240903066626,9870296.0,0.2749315846166269,7235292.0,0.2015350192865547,20578549.0,0.5732039936472932,27813841.0,0.774739012933848,1.022186279296875,291.19696044921875,228175,35900917.0,0.0,228175,35900917.0,1.0,0.0,reachable_population_only,58.83071038743746,24.845123291015625,51.9321447418582,84.65923700067732,43.91918669613689,0.4137593373365923,0.28760969595910557,0.15852360001012966,0.0,22.14140569469415,5.287316311768737
2017,辽宁省,210000,26345643.0,0.5830825294943588,10619924.0,0.2350404637669253,6410593.0,0.14187942886794716,36965567.0,0.8181229932612841,43376160.0,0.9600024221292313,1.00250244140625,212.2705078125,211324,45183386.0,0.0,211324,45183386.0,1.0,0.0,reachable_population_only,30.741722182140713,5.589692680785077,21.243430742188117,49.74170672489098,28.82189394941645,0.5079300007453663,0.4320208839109272,0.2282423980543462,0.0,27.367903556771545,13.325646166803146
2017,重庆市,500000,16021041.0,0.5384901133488369,8284553.0,0.2784556811267412,3424730.0,0.11511007592385303,24305594.0,0.8169457944755781,27730324.0,0.9320558703994312,1.041412353515625,379.7518310546875,109734,29751783.0,0.0,109734,29751783.0,1.0,0.0,reachable_population_only,36.05435248948017,11.84051513671875,27.191833417440197,50.190677319542836,32.88707633495892,0.4654357484017475,0.36236931257025945,0.18336677105242205,0.0,17.650288719323573,6.576636439441318
2017,陕西省,610000,15709486.0,0.40734943622004693,11779068.0,0.3054330809421515,6581481.0,0.1706588347220877,27488554.0,0.7127825171621984,34070035.0,0.8834413518842862,1.033172607421875,351.7911376953125,281770,38565135.0,0.0,281770,38565135.0,1.0,0.0,reachable_population_only,44.569746220179525,16.447616539096593,37.854135999280224,65.58500678401013,35.87442640976792,0.43823932901648555,0.32465843846140285,0.17738010075469068,0.0,26.299271954126667,7.007290640394089
2017,青海省,630000,2118614.0,0.3640559267040286,1032420.0,0.17740778633945267,537048.0,0.09228462916064235,3151034.0,0.5414637130434813,3688082.0,0.6337483422041236,1.0521697998046875,1638.7769775390625,306142,5819474.0,0.0,306142,5819474.0,1.0,0.0,reachable_population_only,146.19331359076702,18.4044568830435,54.83941219331981,168.51905822753906,216.31559914100472,0.6655148611730195,0.8023412429476189,0.38131386584516336,0.0,134.2642769819851,27.33412099499454
2017,黑龙江省,230000,15633574.0,0.39641512696837367,8820208.0,0.22365096261465645,7512487.0,0.19049153366679022,24453782.0,0.6200660895830301,31966269.0,0.8105576232498204,1.0009002685546875,1264.172119140625,520535,39437380.0,0.0,520535,39437380.0,1.0,0.0,reachable_population_only,55.01401806781265,9.446042298070974,43.8079833984375,79.04029523064108,65.28055293070297,0.5145887114751219,0.49258066102901626,0.24983754759623678,0.0,42.04953568729311,16.66718940581983
2017,,,552130.0,0.2433403468193826,737869.0,0.3252011272114738,535035.0,0.23580606462338286,1289999.0,0.5685414740308564,1825034.0,0.8043475386542392,1.26068115234375,1638.7769775390625,20286,2268962.0,0.0,20286,2268962.0,1.0,0.0,reachable_population_only,66.10873563755995,30.40990330757351,52.205917387707956,80.95194625854492,64.60183822235263,0.4224206060058585,0.32647736559989754,0.15533232937731856,0.0,9.823186493858413,3.529230685655823
2018,上海市,310000,23212746.0,0.9710440961249215,380823.0,0.015930727274514656,310226.0,0.012977487702852989,23593569.0,0.9869748233994361,23903795.0,0.9999523111022891,1.0123443603515625,96.59019470214844,8694,23904935.0,0.0,8694,23904935.0,1.0,0.0,reachable_population_only,9.456231866258989,3.2760358079201994,6.563628398327422,11.663566994076447,10.348227969912609,0.46835259738956625,0.3954744957321812,0.17778365833592558,0.0,9.543757684139935,4.864648772130211
2018,云南省,530000,12221085.0,0.2563131539809491,9631812.0,0.20200825968165292,8410007.0,0.17638330959745882,21852897.0,0.45832141366260204,30262904.0,0.6347047232600609,1.03179931640625,602.4254760742188,477176,47680288.0,0.0,477176,47680288.0,1.0,0.0,reachable_population_only,78.20935438231241,28.738790597189755,66.82788543972198,112.63241098047656,63.66008930261218,0.44465999584819926,0.33739262000654974,0.18835122011613636,0.0,40.10531702849755,6.61193525821936
2018,内蒙古自治区,150000,9386433.0,0.3622316204972579,4799209.0,0.18520616438374668,4066372.0,0.15692526853434904,14185642.0,0.5474377848810045,18252014.0,0.7043630534153535,1.0086822509765625,700.990234375,894150,25912793.0,0.0,894150,25912793.0,1.0,0.0,reachable_population_only,67.7586455217634,10.770863357688645,52.6812744140625,99.37449605124337,67.56518141590374,0.5145631889535529,0.457501708489426,0.24555136141542322,0.0,49.427825575409955,16.8285888160119
2018,北京市,110000,19185985.0,0.9429608965812505,995672.0,0.04893570811302348,138067.0,0.006785775247311176,20181657.0,0.991896604694274,20319724.0,0.9986823799415852,1.013946533203125,141.71424865722656,21492,20346533.0,0.0,21492,20346533.0,1.0,0.0,reachable_population_only,10.127801075604953,3.088592384047881,6.056265656079588,12.397297726749859,11.441916739265686,0.5061634834723235,0.44712581997753176,0.20302712455544436,0.0,11.326983781430283,5.608534946236559
2018,吉林省,220000,9785024.0,0.3438203857194966,7618062.0,0.2676789566663341,5498198.0,0.19319242927990413,17403086.0,0.6114993423858307,22901284.0,0.8046917716657349,1.00433349609375,372.7409362792969,244051,28459697.0,0.0,244051,28459697.0,1.0,0.0,reachable_population_only,54.57157809197238,13.504714965820312,46.80292293378168,80.35846342280821,46.08967231388882,0.45789105714687817,0.36134625135574727,0.20021914359624537,0.0,32.5492782152231,12.52220325700729
2018,四川省,510000,36184843.0,0.43251284587252703,28664415.0,0.342622122387574,9151574.0,0.10938760505201102,64849258.0,0.775134968260101,74000832.0,0.884522573312112,1.0054779052734375,767.2027587890625,577263,83661892.0,0.0,577263,83661892.0,1.0,0.0,reachable_population_only,47.745791414641914,17.090835571289062,34.64845820737379,56.53137930196608,57.016600500206366,0.4961735997078359,0.45743331035074153,0.2144382502950214,0.0,21.920400040820493,5.037466808125491
2018,天津市,120000,11923838.0,0.8889181620584535,1473245.0,0.10982992536981853,16793.0,0.001251912571727963,13397083.0,0.998748087428272,13413876.0,1.0,1.0125732421875,68.68698120117188,16615,13413876.0,0.0,16615,13413876.0,1.0,0.0,reachable_population_only,12.987063139330036,3.395657688808425,7.623788865124558,21.759123123181222,11.761258276085576,0.4855788699395728,0.38728469728879933,0.19582667008993382,0.0,14.745351126668124,8.551425421326194
2018,宁夏回族自治区,640000,2381465.0,0.36464101509956004,1168408.0,0.17890226359423578,831601.0,0.12733163527400537,3549873.0,0.5435432786937958,4381474.0,0.6708749139678012,1.04095458984375,291.21185302734375,73722,6530985.0,0.0,73722,6530985.0,1.0,0.0,reachable_population_only,72.1465630402127,14.25366759989303,51.80886268615723,116.41273498535156,65.3969246259695,0.5010026529559496,0.4265698932114967,0.2357315112739926,0.0,53.28160841991634,21.200257566001287
2018,安徽省,340000,25213646.0,0.40883493444490954,24609825.0,0.3990440807559405,10617862.0,0.1721668066060377,49823471.0,0.80787901520085,60441333.0,0.9800458218068877,1.0018157958984375,165.37399291992188,181695,61671946.0,0.0,181695,61671946.0,1.0,0.0,reachable_population_only,37.40806807910032,17.02045502785588,36.520118473083016,54.9967848553377,24.888438419170352,0.37613582271083545,0.24645268575284307,0.1401418853318417,0.0,17.74324087591241,5.256464294398962
2018,山东省,370000,57486832.0,0.5791424491892617,39210010.0,0.3950153528052379,2551514.0,0.025704844321577675,96696842.0,0.9741578019944996,99248356.0,0.9998626463160772,1.00341796875,122.32749938964844,220379,99261990.0,0.0,220379,99261990.0,1.0,0.0,reachable_population_only,26.343376223484025,11.838912963867188,25.96749020099981,38.48030090332031,16.755580973644047,0.3624715977424291,0.22350876730119698,0.1245715728807032,0.0,12.226318218530057,4.663368382979823
2018,山西省,140000,17826276.0,0.48071452067064707,11971027.0,0.3228182098291519,5549319.0,0.14964641090116154,29797303.0,0.8035327304997989,35346622.0,0.9531791414009605,1.031341552734375,200.19332885742188,224498,37082874.0,0.0,224498,37082874.0,1.0,0.0,reachable_population_only,36.26473125788936,10.854916650740826,31.682510375976562,53.881988525390625,29.104362059886512,0.44031463601935616,0.3279578626766623,0.17920532478426432,0.0,23.668505516549647,8.22464386114533
2018,广东省,440000,76968280.0,0.7123175458754504,22297364.0,0.20635518429113417,6539444.0,0.06052052483789347,99265644.0,0.9186727301665846,105805088.0,0.9791932550044781,1.0041046142578125,180.27236938476562,216293,108053326.0,0.0,216293,108053326.0,1.0,0.0,reachable_population_only,23.462220944436,6.183689379146838,15.703582763671875,33.69249689205627,23.116819007104837,0.502488242257848,0.4194124720583709,0.20916381218892377,0.0,19.099304945274426,8.125826251180358
2018,广西壮族自治区,450000,15166977.0,0.3178354490856994,14798798.0,0.3101199802873407,11394041.0,0.23877072788703188,29965775.0,0.62795542937304,41359816.0,0.866726157260072,1.0086822509765625,283.6322021484375,292610,47719589.0,0.0,292610,47719589.0,1.0,0.0,reachable_population_only,50.675532876203846,22.05925703048706,47.92245229085287,71.84575559059553,36.975985839641204,0.4020725395156408,0.2826098171074125,0.16021368508418277,0.0,25.739975350032896,5.459085535354826
2018,新疆维吾尔自治区,650000,8784282.0,0.38926439367901716,3274636.0,0.145111370179086,2358684.0,0.1045221108726244,12058918.0,0.5343757638581031,14417602.0,0.6388978747307276,1.023101806640625,1032.364013671875,434399,22566364.0,0.0,434399,22566364.0,1.0,0.0,reachable_population_only,75.85231023238728,8.958217711202762,50.81771671070772,122.86943226689878,81.65575263466526,0.5426472735887449,0.5173268838178525,0.2763549808065423,0.0,59.97139559805457,24.519121813031163
2018,江苏省,320000,45248214.0,0.5554005773349913,28660143.0,0.35178979591776616,7160104.0,0.08788691406424529,73908357.0,0.9071903732527574,81068461.0,0.9950772873170027,1.0050201416015625,149.26368713378906,131003,81469512.0,0.0,131003,81469512.0,1.0,0.0,reachable_population_only,29.17583638309857,10.351409912109375,26.799692728015128,44.053840366459,21.215121190022003,0.4095425151615718,0.28097944690715293,0.1542722176410416,0.0,17.331720430107527,6.663218354329959
2018,江西省,360000,15434092.0,0.33362121339261785,18595825.0,0.4019647997781002,8543839.0,0.1846824506560652,34029917.0,0.735586013170718,42573756.0,0.9202684638267833,1.01715087890625,223.3435821533203,207898,46262322.0,0.0,207898,46262322.0,1.0,0.0,reachable_population_only,44.6429187264117,22.655846799602944,41.230946709127984,61.712493896484375,29.966282730683247,0.3720837660136491,0.2368740410764308,0.13201198711825513,0.0,14.179551596817785,3.858259638734141
2018,河北省,130000,29018442.0,0.38983895629645143,34847059.0,0.4681416428408136,8762862.0,0.11772186033453605,63865501.0,0.8579805991372651,72628363.0,0.9757024594718011,1.0118865966796875,269.337158203125,271658,74436999.0,0.0,271658,74436999.0,1.0,0.0,reachable_population_only,37.15056618142303,19.952545166015625,36.77970886230469,51.0662841796875,23.540209062362617,0.34881140428714863,0.21362383362927126,0.1193919733819152,0.0,12.144100497341794,3.5700163019906377
2018,河南省,410000,41149847.0,0.4218667308302891,41300447.0,0.4234106765383507,11873228.0,0.1217239004743481,82450294.0,0.8452774073686398,94323522.0,0.9670013078429879,1.0036468505859375,187.57667541503906,228001,97542290.0,0.0,228001,97542290.0,1.0,0.0,reachable_population_only,36.82676158575546,18.163082563332495,34.76966857910156,50.82075336973579,25.056675053073135,0.37333097706966045,0.23957181178973888,0.13207945884738126,0.0,14.226351836773793,4.008368409669423
2018,浙江省,330000,38481725.0,0.6834847713524446,15331603.0,0.27230892510461663,1875228.0,0.03330645340908449,53813328.0,0.9557936964570611,55688556.0,0.9891001498661457,1.00067138671875,211.7603302001953,130318,56302242.0,0.0,130318,56302242.0,1.0,0.0,reachable_population_only,23.93018001241095,8.774689761075107,20.619650231786522,34.260538109335755,19.508009364467494,0.42612627480947873,0.3063689624556134,0.15959133167838602,0.0,14.962052013042433,5.745090475522514
2018,海南省,460000,3816928.0,0.4260057949934837,3504043.0,0.39108482630700697,1401461.0,0.15641649710378677,7320971.0,0.8170906213004906,8722432.0,0.9735071184042774,1.07940673828125,129.88540649414062,38028,8959803.0,0.0,38028,8959803.0,1.0,0.0,reachable_population_only,35.88568177467758,9.056167602539062,36.10565185546875,52.755180062918825,26.382019774279012,0.41576951469081247,0.30280136444269906,0.17247236297694823,0.0,23.826684648332158,10.774618555824727
2018,湖北省,420000,27077477.0,0.4560802168260502,20677284.0,0.34827839277986716,8552457.0,0.1440535409911149,47754761.0,0.8043586096059174,56307218.0,0.9484121505970323,1.00067138671875,289.0168762207031,243683,59369988.0,0.0,243683,59369988.0,1.0,0.0,reachable_population_only,37.48837512504611,11.790559410203434,33.74565124511719,54.45306120350283,31.18453885073928,0.4403015571464217,0.33544095281957437,0.1822132865529903,0.0,25.168996678767282,8.193331652855237
2018,湖南省,430000,23539334.0,0.3451600780136634,26591036.0,0.3899075504950196,12257422.0,0.17973204907863552,50130370.0,0.735067628508683,62387792.0,0.9147996775873185,1.000213623046875,248.38829040527344,270698,68198310.0,0.0,270698,68198310.0,1.0,0.0,reachable_population_only,44.496323354998815,20.913458657697312,41.94557189941406,61.54793613245827,30.848097370106103,0.3841741501856376,0.2535699385879212,0.14160141033185458,0.0,17.14562308781223,4.503516321978913
2018,甘肃省,620000,7128241.0,0.26876810225632014,6077685.0,0.22915721614374474,6284835.0,0.23696774224441905,13205926.0,0.49792531840006493,19490761.0,0.734893060644484,1.0004425048828125,889.1006469726562,330922,26521901.0,0.0,330922,26521901.0,1.0,0.0,reachable_population_only,68.30590228939285,27.00164794921875,60.22599034416028,92.42507583618163,56.40774310896393,0.43545947057183965,0.3279398388734722,0.1791195142382339,0.0,30.435236279723085,5.701977617660585
2018,福建省,350000,20608543.0,0.5402245112654079,9064868.0,0.23762300347896675,6040073.0,0.15833217731269922,29673411.0,0.7778475147443747,35713484.0,0.936179692057074,1.008453369140625,282.9212951660156,154379,38148108.0,0.0,154379,38148108.0,1.0,0.0,reachable_population_only,35.66248548196608,9.63179367238825,27.482235244921906,55.160685822829585,31.267081571182008,0.47547769053105304,0.37631621923129793,0.2006394511794889,0.0,27.165762763217693,9.900348036082107
2018,西藏自治区,540000,588146.0,0.14132502574096123,258750.0,0.06217478382999071,357400.0,0.08587929561676785,846896.0,0.20349980957095193,1204296.0,0.2893791051877198,1.0132598876953125,1315.35693359375,533687,4161655.0,0.0,533687,4161655.0,1.0,0.0,reachable_population_only,268.0064743859649,87.77595520019531,204.20127868652344,409.0568473122337,234.58307153357916,0.47732068335873534,0.3870690447385767,0.21735804360611355,0.0,77.15458609240814,8.670976966096875
2018,贵州省,520000,10414804.0,0.2889700270707444,9635238.0,0.2673401233180254,7843593.0,0.2176289905736009,20050042.0,0.5563101503887699,27893635.0,0.7739391409623707,1.022186279296875,278.6164855957031,227962,36041122.0,0.0,227962,36041122.0,1.0,0.0,reachable_population_only,59.86353755460573,25.363540649414062,54.35541333467142,85.73149871826172,44.21579501334242,0.4105293602782365,0.28561383992405337,0.15909230872495983,0.0,24.870399024710462,5.3764125744812
2018,辽宁省,210000,26483487.0,0.5838875014567707,10660705.0,0.2350390039732193,6385114.0,0.140774070271662,37144192.0,0.81892650542999,43529306.0,0.959700575701652,1.00250244140625,213.73626708984375,212408,45357174.0,0.0,212408,45357174.0,1.0,0.0,reachable_population_only,30.617770921913174,5.484254241090625,21.137112910204596,49.75190803186217,28.79348215223628,0.5096950053579344,0.4354359363380053,0.23033971480884463,0.0,28.861286254728878,13.67389399912396
2018,重庆市,500000,16441170.0,0.5504618762972515,7887318.0,0.26407292578527475,3230795.0,0.10816927734655009,24328488.0,0.8145348020825263,27559283.0,0.9227040794290764,1.041412353515625,363.2279052734375,109688,29867954.0,0.0,109688,29867954.0,1.0,0.0,reachable_population_only,35.969958723706355,11.099039648399978,26.077423095703125,49.56957620340627,33.78632487285585,0.4798848151674243,0.38431170832177075,0.19402830079846756,0.0,20.14141868706756,7.372271992950506
2018,陕西省,610000,16568244.0,0.42794728401475385,11598210.0,0.299574443069088,6260436.0,0.16170311005488508,28166454.0,0.7275217270838418,34426890.0,0.8892248371387269,1.033172607421875,290.2791748046875,282049,38715619.0,0.0,282049,38715619.0,1.0,0.0,reachable_population_only,43.034847104563205,14.691925048828125,35.61455801288428,63.08332552675341,35.61236668649765,0.449058038662725,0.3400750369759329,0.184795666141512,0.0,27.43934136218276,7.8029572726816285
2018,青海省,630000,2136198.0,0.36564895818534426,1088870.0,0.1863798117493209,534299.0,0.09145494598790527,3225068.0,0.5520287699346651,3759367.0,0.6434837159225704,1.073455810546875,1383.6275634765625,306513,5842210.0,0.0,306513,5842210.0,1.0,0.0,reachable_population_only,129.56022991784457,17.439530375246832,53.21316887350643,157.22991938600916,183.16492260572505,0.6472002748245536,0.7500875000559517,0.3626540626758782,0.0,120.61271952211641,27.644439484403772
2018,黑龙江省,230000,15846409.0,0.400246653274435,9299120.0,0.23487603143383234,7593618.0,0.19179867127905814,25145529.0,0.6351226847082674,32739147.0,0.8269213559873255,1.0089111328125,1264.062255859375,522270,39591609.0,0.0,522270,39591609.0,1.0,0.0,reachable_population_only,53.29782587509357,9.307291149750812,43.26185593238244,76.5057980549138,64.10542864656479,0.5119743792149358,0.4919607537041278,0.24782239090264435,0.0,39.882026657835915,16.046369737644905
2018,,,553717.0,0.24139966526824536,776021.0,0.33831579966143177,567037.0,0.24720668138184312,1329738.0,0.5797154649296771,1896775.0,0.8269221463115203,1.2595367431640625,1383.6275634765625,20415,2293777.0,0.0,20415,2293777.0,1.0,0.0,reachable_population_only,63.25178506544826,30.332452885177556,52.081282407818094,77.18816006183624,59.65484533327517,0.40955468944969,0.30892987371048475,0.14846840425095087,0.0,9.259557453275677,3.395381665449233
2019,上海市,310000,23297226.0,0.9711450943058735,390569.0,0.016280872595645108,300282.0,0.012517258115123076,23687795.0,0.9874259669015186,23988077.0,0.9999432250166417,1.0123443603515625,96.47483825683594,8728,23989439.0,0.0,8728,23989439.0,1.0,0.0,reachable_population_only,9.232176835342063,3.260040815486464,6.495619525241481,11.537558667653535,10.144449872700553,0.4631687902309183,0.39098825152088384,0.17489610587850857,0.0,8.960062822526362,4.809736341846434
2019,云南省,530000,13555565.0,0.2832956711738721,9936671.0,0.2076649612302365,7616460.0,0.15917522786169,23492236.0,0.49096063240410864,31108696.0,0.6501358602657986,1.0073089599609375,597.7860107421875,476771,47849531.0,0.0,476771,47849531.0,1.0,0.0,reachable_population_only,73.94316852536306,24.41619873046875,61.70954952825525,109.8537094116211,61.20572016379559,0.454407856329721,0.35131506573213994,0.19595600370723998,0.0,40.60506614128905,8.090701369448437
2019,内蒙古自治区,150000,9436687.0,0.3628833854385837,4844655.0,0.18629894238115155,4057121.0,0.15601469070808138,14281342.0,0.5491823278197353,18338463.0,0.7051970185278167,1.0155487060546875,746.1343994140625,890562,26004737.0,0.0,890562,26004737.0,1.0,0.0,reachable_population_only,67.65620677491292,10.597484802801802,52.60711669921875,99.34847568484253,67.36785756267949,0.5145573294310785,0.4575174564545777,0.24586427698249513,0.0,50.15407584353538,17.18258716731999
2019,北京市,110000,19786550.0,0.9690317122068548,541408.0,0.026515058018830407,81049.0,0.0039693150772951,20327958.0,0.9955467702256852,20409007.0,0.9995160853029803,1.013946533203125,127.64144897460938,21533,20418888.0,0.0,21533,20418888.0,1.0,0.0,reachable_population_only,9.115907961748858,3.0156458863818623,5.773421570657082,11.636420872965363,9.510290747529519,0.47836378981934213,0.39414695599083555,0.18129546999057777,0.0,10.021521468169617,5.21919088900221
2019,吉林省,220000,9861988.0,0.3452904022911177,7767911.0,0.27197205210061076,5613146.0,0.1965288784024862,17629899.0,0.6172624543917284,23243045.0,0.8137913327942147,1.00433349609375,360.5644226074219,244258,28561431.0,0.0,244258,28561431.0,1.0,0.0,reachable_population_only,53.44885058421926,13.635406494140625,46.63614169568401,78.6787319803962,44.353081989920376,0.45263947735855836,0.35361884085018286,0.1969646654586108,0.0,32.571084014471396,12.33140024622562
2019,四川省,510000,39340087.0,0.4685587863939786,28090222.0,0.33456764673289713,7709138.0,0.09181942951533643,67430309.0,0.8031264331268757,75139447.0,0.8949458626422122,1.0031890869140625,798.8665161132812,576762,83959768.0,0.0,576762,83959768.0,1.0,0.0,reachable_population_only,44.94334468653361,15.193405151367188,32.19317869425785,52.664794921875,55.71183363695656,0.5073039606574901,0.4805407028929469,0.22304951190120104,0.0,22.437981934346773,5.366759689922481
2019,天津市,120000,11992058.0,0.8908586767855995,1467243.0,0.1089976514041988,1934.0,0.00014367181020166425,13459301.0,0.9998563281897983,13461235.0,1.0,1.0125732421875,68.06396484375,16617,13461235.0,0.0,16617,13461235.0,1.0,0.0,reachable_population_only,12.90102015900837,3.386473322926946,7.674300498962403,21.727981567382812,11.533544180309711,0.482117953302139,0.3813503019154263,0.19347508290280002,0.0,14.546051192299277,8.551267916207276
2019,宁夏回族自治区,640000,2382969.0,0.36357687401294764,1192085.0,0.18188005712945687,830207.0,0.12666722304976155,3575054.0,0.5454569311424046,4405261.0,0.6721241541921661,1.04095458984375,289.4718933105469,73702,6554237.0,0.0,73702,6554237.0,1.0,0.0,reachable_population_only,71.13464526642058,13.842352951414522,51.26443701555827,114.48005676269531,64.45408443103078,0.5008140694578476,0.42656891086896,0.2364020755439209,0.0,54.65722280517664,20.753585305545744
2019,安徽省,340000,26063449.0,0.42111875379821145,25963141.0,0.4194980327663944,8814317.0,0.14241684554574455,52026590.0,0.8406167865646059,60840907.0,0.9830336321103504,1.0018157958984375,166.61087036132812,181584,61890972.0,0.0,181584,61890972.0,1.0,0.0,reachable_population_only,35.911712280745256,16.262054443359375,35.41261434693589,52.254364690169915,23.73777417221009,0.3741769804462919,0.2438592077049492,0.13867424381628513,0.0,17.42680523203727,5.139128247059563
2019,山东省,370000,58047554.0,0.5827480241951514,39524256.0,0.3967898818231576,2019485.0,0.020273910139981872,97571810.0,0.979537906018309,99591295.0,0.9998118161582908,1.00341796875,125.62362670898438,220447,99610040.0,0.0,220447,99610040.0,1.0,0.0,reachable_population_only,26.100541212315928,11.841351157740542,25.96914497210825,38.00203274650049,16.422044362797497,0.35880464137530843,0.21985141315897047,0.12284683044713718,0.0,12.170000583192396,4.601419904479153
2019,山西省,140000,17887683.0,0.480659029387441,12016103.0,0.32288409879577573,5627743.0,0.1512227988399596,29903786.0,0.8035431281832167,35531529.0,0.9547659270231763,1.0306549072265625,200.06446838378906,224416,37214911.0,0.0,224416,37214911.0,1.0,0.0,reachable_population_only,36.22075310382054,10.716126591546272,31.619181709493546,53.92030950692984,29.0227929435699,0.4398587064655992,0.3273536022737976,0.1788979518313183,0.0,23.503375737332103,8.359358460304732
2019,广东省,440000,77667478.0,0.7162446528092111,22450529.0,0.2070373824805812,6518729.0,0.06011531350821429,100118007.0,0.9232820352897924,106636736.0,0.9833973487980067,1.0013580322265625,175.0531768798828,216233,108437079.0,0.0,216233,108437079.0,1.0,0.0,reachable_population_only,22.95318260397842,6.059585960065582,15.451676845550537,33.29640059887093,22.23297509442108,0.49894363113683793,0.41189814840404143,0.20635099312274585,0.0,19.13141264485097,8.14053509781358
2019,广西壮族自治区,450000,15593021.0,0.3256045868484699,15986205.0,0.33381483128252976,11399550.0,0.2380389129219075,31579226.0,0.6594194181309996,42978776.0,0.8974583310529071,1.013946533203125,284.10894775390625,292708,47889439.0,0.0,292708,47889439.0,1.0,0.0,reachable_population_only,48.203449212592744,21.35250891641759,46.32227654507052,67.93432998657227,34.98060191643812,0.39638910559385243,0.2772192084824913,0.15683366922831166,0.0,24.34647506755097,5.366215677149126
2019,新疆维吾尔自治区,650000,8941195.0,0.39481357597434497,3234900.0,0.14284247652795948,2438932.0,0.10769516429048479,12176095.0,0.5376560525023044,14615027.0,0.6453512167927892,1.021728515625,1030.8043212890625,437600,22646625.0,0.0,437600,22646625.0,1.0,0.0,reachable_population_only,74.75300502792359,8.7114916741848,50.029116663439524,121.02538235614755,81.13368522278695,0.5449734345843874,0.5219891309215726,0.27795119278862457,0.0,58.14438676184296,24.444958177462066
2019,江苏省,320000,46931443.0,0.5740173395607264,27943452.0,0.34177568278015363,6608645.0,0.08083017649811657,74874895.0,0.9157930223408801,81483540.0,0.9966231988389966,1.0050201416015625,149.03411865234375,131137,81759626.0,0.0,131137,81759626.0,1.0,0.0,reachable_population_only,28.383427859556953,9.985715513409309,25.824050903320312,42.931012583424554,20.801834140952877,0.412154422826404,0.2839478327699493,0.15547701229518063,0.0,17.295437444421644,6.903168423172451
2019,江西省,360000,16518559.0,0.3557964206859302,19278507.0,0.41524347170771075,7388145.0,0.15913467672989223,35797066.0,0.771039892393641,43185211.0,0.9301745691235332,1.00616455078125,191.2676239013672,207726,46426996.0,0.0,207726,46426996.0,1.0,0.0,reachable_population_only,42.08463658938183,21.332249514956185,39.22771472167969,57.581483682452095,28.42964309522639,0.37423146563532506,0.23919122600072684,0.13296941071939727,0.0,14.49487709067347,3.900324950551003
2019,河北省,130000,29055060.0,0.388945452785252,35290162.0,0.47241162255231595,8577131.0,0.11481773227773136,64345222.0,0.861357075337568,72922353.0,0.9761748076152993,1.015777587890625,269.33282470703125,271936,74702146.0,0.0,271936,74702146.0,1.0,0.0,reachable_population_only,36.998328416965,20.021896362304688,36.6448974609375,50.789417389109104,23.275542790869515,0.34704701979361186,0.2117817899353549,0.11870092503213048,0.0,12.05394404216119,3.5366633931494214
2019,河南省,410000,41291629.0,0.42181864597776697,41129724.0,0.4201646897272875,12279862.0,0.12544612278759537,82421353.0,0.8419833357050545,94701215.0,0.9674294584926498,1.0031890869140625,172.752685546875,228478,97889530.0,0.0,228478,97889530.0,1.0,0.0,reachable_population_only,36.83006293460285,18.043712687048114,34.85790654337799,51.010369359327946,25.1126012329299,0.3750431191351503,0.2418067464346051,0.13370770117346342,0.0,15.026084334321757,4.087123509197493
2019,浙江省,330000,40318005.0,0.7136068894508232,14047090.0,0.24862589805065413,1577938.0,0.02792864944399538,54365095.0,0.9622327875014772,55943033.0,0.9901614369454727,1.00067138671875,211.75918579101562,130610,56498901.0,0.0,130610,56498901.0,1.0,0.0,reachable_population_only,23.04104148140661,8.762206154955424,20.072021484375,32.294270935907484,18.664868697336836,0.42135941237820707,0.300103766780096,0.1558949932881628,0.0,14.527479003978193,5.4536372590403825
2019,海南省,460000,3855662.0,0.4288756022693246,3649046.0,0.40589315167109297,1294434.0,0.14398335781193758,7504708.0,0.8347687539404175,8799142.0,0.9787521117523551,1.0306549072265625,132.901611328125,38133,8990164.0,0.0,38133,8990164.0,1.0,0.0,reachable_population_only,34.97626717542853,8.945607446425454,35.79368591308594,51.33742332458496,25.312796667722846,0.4092498844688972,0.2957929628202915,0.16924868393746306,0.0,23.02567792758673,10.994411897251014
2019,湖北省,420000,27301933.0,0.458229513094282,21019849.0,0.35279242581781045,8367655.0,0.14044084264623075,48321782.0,0.8110219389120925,56689437.0,0.9514627815583232,1.00067138671875,288.48016357421875,243727,59581350.0,0.0,243727,59581350.0,1.0,0.0,reachable_population_only,36.98536877931582,11.766371868915277,33.51792663824363,53.66060602584941,30.342137065168302,0.43737999620409906,0.33044108646955345,0.1801923183694819,0.0,24.956164170998527,8.03333437764341
2019,湖南省,430000,24954833.0,0.3646174682026747,26787141.0,0.3913894968484888,11934831.0,0.17438096510791304,51741974.0,0.7560069650511635,63676805.0,0.9303879301590765,1.000213623046875,248.41140747070312,270242,68441134.0,0.0,270242,68441134.0,1.0,0.0,reachable_population_only,42.51709312245062,19.78995978499258,39.64594899084002,59.42683168625795,29.647985883278526,0.3864451515380165,0.2563779303666336,0.14304956101327837,0.0,17.44888498511687,4.599417711281844
2019,甘肃省,620000,7486445.0,0.2812727198473448,6563832.0,0.2466092890899535,6275138.0,0.23576278629942884,14050277.0,0.5278820089372983,20325415.0,0.7636447952367271,1.0004425048828125,883.5916748046875,330842,26616321.0,0.0,330842,26616321.0,1.0,0.0,reachable_population_only,64.89308375055334,24.8230968917931,56.36853981612256,87.99233375711644,54.03941550698153,0.43841497630884496,0.33266175801184206,0.1816241287494923,0.0,31.291177098910488,5.838822043659881
2019,福建省,350000,21191232.0,0.5535367137283961,9184398.0,0.23990589534830506,5603665.0,0.1463734769613599,30375630.0,0.7934426090767012,35979295.0,0.9398160860380611,1.005706787109375,295.012451171875,154335,38283336.0,0.0,154335,38283336.0,1.0,0.0,reachable_population_only,34.46575952794249,8.971634630887014,26.740757960380673,52.49427795410156,30.520247361370995,0.4787598995872563,0.38099423247680886,0.20221833540031675,0.0,26.33941167642203,9.869449476836618
2019,西藏自治区,540000,592576.0,0.14160665783759835,257008.0,0.06141666877755002,351254.0,0.08393843995046672,849584.0,0.20302332661514838,1200838.0,0.2869617665656151,1.0132598876953125,1315.3511962890625,521323,4184662.0,0.0,521323,4184662.0,1.0,0.0,reachable_population_only,267.18254942762536,87.77435302734375,204.1577911376953,411.82517798741657,231.64674750598627,0.4736138550157565,0.3819276249544964,0.21512124331180515,0.0,74.65619324406298,8.641104764750049
2019,贵州省,520000,10487586.0,0.2899570698404985,10494278.0,0.29014208789054097,8101150.0,0.22397773103728108,20981864.0,0.5800991577310395,29083014.0,0.8040768887683206,1.022186279296875,278.6164855957031,228022,36169444.0,0.0,228022,36169444.0,1.0,0.0,reachable_population_only,57.70763550940904,25.2763298714515,52.64488220214844,80.98061202705532,42.847903070441625,0.40642989537767804,0.2822505899178565,0.15627456343184154,0.0,22.93372506149221,5.038962888172628
2019,辽宁省,210000,26605429.0,0.5845028676208361,10715631.0,0.23541499924194903,6335677.0,0.13919044022253416,37321060.0,0.8199178668627852,43656737.0,0.9591083070853194,1.00250244140625,213.7291717529297,212220,45518047.0,0.0,212220,45518047.0,1.0,0.0,reachable_population_only,30.522729976466454,5.490448354638141,20.865307050415232,49.62089942483341,28.752013740921566,0.5106060470879222,0.43691669621649826,0.23098096909843846,0.0,28.72005435275273,13.531690332408465
2019,重庆市,500000,16362844.0,0.5458961300856557,8153472.0,0.27201559897299954,3176897.0,0.10598742969014002,24516316.0,0.8179117290586553,27693213.0,0.9238991587487954,1.041412353515625,245.76507568359375,109738,29974281.0,0.0,109738,29974281.0,1.0,0.0,reachable_population_only,35.85516888202298,11.259674763785783,26.358492945586974,49.77049011879779,33.12079213586853,0.475252959799643,0.3763805057711539,0.19104891918336442,0.0,19.467617642236434,7.19656283566058
2019,陕西省,610000,17288231.0,0.4449602032582347,12235542.0,0.31491534647441183,5788294.0,0.14897767589745997,29523773.0,0.7598755497326465,35312067.0,0.9088532256301065,1.033172607421875,271.22705078125,282077,38853432.0,0.0,282077,38853432.0,1.0,0.0,reachable_population_only,40.6750794423207,14.273770409172744,33.826605816445394,58.630551691944845,33.64760763366074,0.4466804569998226,0.3371487573814438,0.18267526868245287,0.0,27.21435685828116,7.705811974901627
2019,青海省,630000,2136055.0,0.3643289833299903,906576.0,0.1546270636249391,690901.0,0.11784118803667211,3042631.0,0.5189560469549295,3733532.0,0.6367972349916016,1.0521697998046875,1373.019775390625,306381,5862984.0,0.0,306381,5862984.0,1.0,0.0,reachable_population_only,127.38562772425456,17.13929037483273,55.26508569089439,151.49734497070312,177.46037060970434,0.640427871205177,0.732068884107154,0.35566096473637576,0.0,123.33147876452617,27.022369995270026
2019,黑龙江省,230000,15869952.0,0.3994133262406842,9565416.0,0.24074141002038701,7594311.0,0.1911328412975803,25435368.0,0.6401547362610712,33029679.0,0.8312875775586516,1.0105133056640625,1002.476318359375,522735,39733156.0,0.0,522735,39733156.0,1.0,0.0,reachable_population_only,52.19540401579463,9.475331856708646,42.79586463257055,75.6662118094308,59.37840694406136,0.5051135613869788,0.4719441089010776,0.2411663930515101,0.0,38.98656493614198,15.6786837853924
2019,,,562877.0,0.24344058881381764,800371.0,0.34615517690277636,560343.0,0.24234465053235613,1363248.0,0.589595765716594,1923591.0,0.8319404162489501,1.259307861328125,1373.019775390625,20499,2312174.0,0.0,20499,2312174.0,1.0,0.0,reachable_population_only,62.37806745541918,30.125485161186532,51.59151737090545,75.96025861356482,59.156876143175566,0.4084503552136419,0.3090198742765269,0.14801793195306345,0.0,8.837642578785344,3.368399637500231
2020,上海市,310000,23343284.0,0.9711825683690813,449835.0,0.018715100696299017,238865.0,0.009937827265156034,23793119.0,0.9898976690653803,24031984.0,0.9998354963305364,1.0123443603515625,118.32435607910156,9272,24035938.0,0.0,9272,24035938.0,1.0,0.0,reachable_population_only,9.595175494089267,3.468426254502159,6.906323576985015,12.553340644593451,9.941805028743753,0.45457247735404194,0.3678336522370892,0.16825355181185275,0.0,9.10106030483764,5.096484906717912
2020,云南省,530000,14039770.0,0.2924859523716322,10331297.0,0.21522854308006378,8479413.0,0.1766488473000198,24371067.0,0.507714495451696,32850480.0,0.6843633427517158,1.0073089599609375,450.37744140625,476629,48001519.0,0.0,476629,48001519.0,1.0,0.0,reachable_population_only,69.37200193109422,23.833694458007812,58.685050865532254,102.39317673903246,56.32636062561812,0.44963253450664287,0.3431853466347438,0.19215780991628229,0.0,39.7593777516877,7.921382806227665
2020,内蒙古自治区,150000,9941119.0,0.38111522848985674,5109340.0,0.19587807786350456,4311635.0,0.16529625670810938,15050459.0,0.5769933063533613,19362094.0,0.7422895630614706,1.0050201416015625,778.5363159179688,889624,26084287.0,0.0,889624,26084287.0,1.0,0.0,reachable_population_only,61.92039582951657,9.506249203107744,47.67311096191406,91.5380859375,62.5749255508122,0.5155075719985569,0.4614794556708353,0.24629369226323272,0.0,47.11008120116439,16.947922541831172
2020,北京市,110000,19873578.0,0.9701212516225981,516329.0,0.025204406359491203,87849.0,0.004288315965740725,20389907.0,0.9953256579820893,20477756.0,0.99961397394783,1.00341796875,118.61732482910156,19661,20485664.0,0.0,19661,20485664.0,1.0,0.0,reachable_population_only,9.388824111035936,3.1753011118444125,6.136347445286535,12.508211398138645,9.501266140380366,0.4696844360351117,0.37771200694148555,0.17541396419564848,0.0,9.915276703855076,5.352102164358571
2020,吉林省,220000,9956515.0,0.3475017553061517,8116925.0,0.2832964832763658,5623351.0,0.1962658965715015,18073440.0,0.6307982385825175,23696791.0,0.827064135154019,1.0073089599609375,356.3284912109375,244201,28651697.0,0.0,244201,28651697.0,1.0,0.0,reachable_population_only,51.24791164304577,13.50209028824516,46.044158935546875,76.99264526367188,41.238825010930775,0.4434262744029408,0.34145839948834245,0.19247683491939094,0.0,32.22632484514797,12.413586447033614
2020,四川省,510000,41974819.0,0.49821034003076514,27448707.0,0.3257960361395446,6801754.0,0.08073183527356287,69423526.0,0.8240063761703097,76225280.0,0.9047382114438726,1.0114288330078125,770.8456420898438,577561,84251200.0,0.0,577561,84251200.0,1.0,0.0,reachable_population_only,41.983959222803826,13.80697381641218,30.127168646215377,49.31588999737851,52.090148097124484,0.5065994798908371,0.4788394269297336,0.2221806972035958,0.0,21.527602167532173,5.588213670304423
2020,天津市,120000,12165994.0,0.9018114663094011,1323223.0,0.09808468374095242,1401.0,0.00010384994964648766,13489217.0,0.9998961500503535,13490618.0,1.0,1.0343170166015625,67.84217834472656,16886,13490618.0,0.0,16886,13490618.0,1.0,0.0,reachable_population_only,12.714441227270818,3.6266948587595147,8.66101171875,19.789504162233268,11.070901893707376,0.4684898517435728,0.3563379453810538,0.18015838200930878,0.0,13.566938337295754,7.196381865736704
2020,宁夏回族自治区,640000,2390633.0,0.3635944832226565,1221935.0,0.18584568390743236,947262.0,0.14407030998336426,3612568.0,0.5494401671300888,4559830.0,0.6935104771134531,1.04095458984375,262.5526428222656,73793,6574998.0,0.0,73793,6574998.0,1.0,0.0,reachable_population_only,68.06477536670116,13.756773162999918,50.49851805240931,108.72085954231645,60.533939699910974,0.49356663308848303,0.41441028686865694,0.23043710621755997,0.0,52.12888079052492,19.633245009715598
2020,安徽省,340000,27788584.0,0.4474187581218532,25797954.0,0.41536799934695107,7540975.0,0.1214158184356548,53586538.0,0.8627867574688043,61127513.0,0.984202575904459,1.0018157958984375,159.95773315429688,181608,62108670.0,0.0,181608,62108670.0,1.0,0.0,reachable_population_only,34.52000822743026,15.117079935360364,33.35519708481324,50.14559826608431,23.000049726447532,0.37595250563233007,0.24193262713826194,0.1352495113606752,0.0,15.023276872270161,5.043601491742142
2020,山东省,370000,60561065.0,0.606766935410465,37565915.0,0.37637639167078746,1670764.0,0.016739539703836615,98126980.0,0.9831433270812524,99797744.0,0.999882866785089,1.00341796875,127.72933959960938,221569,99809435.0,0.0,221569,99809435.0,1.0,0.0,reachable_population_only,25.354863412386322,11.758944567512064,25.109138271819923,36.602783203125,15.747368192543142,0.3537861979244541,0.21190477004396066,0.11743651879815764,0.0,10.66469719350074,4.3225594832589005
2020,山西省,140000,18005285.0,0.48230995192593723,12174751.0,0.3261266661161018,5572957.0,0.14928353662579155,30180036.0,0.808436618042039,35752993.0,0.9577201546678306,1.002960205078125,200.33546447753906,221125,37331357.0,0.0,221125,37331357.0,1.0,0.0,reachable_population_only,35.998605902176685,11.53395474599507,31.389109958535578,53.056640625,28.54929702886139,0.43524749441890886,0.3191503262851271,0.1736423841793414,0.0,21.95377112699579,7.629954641131303
2020,广东省,440000,78555300.0,0.7230913762816091,22341654.0,0.20565203543576968,6065775.0,0.05583467433724494,100896954.0,0.9287434117173787,106962729.0,0.9845780860546237,1.0068511962890625,157.82546997070312,212968,108638137.0,0.0,212968,108638137.0,1.0,0.0,reachable_population_only,22.857959805141387,6.895856505871528,15.889434814453125,32.423858642578125,21.47228315032291,0.48352173997003245,0.3859039957512625,0.19276583308311923,0.0,17.301566778217218,6.947644200295795
2020,广西壮族自治区,450000,16296963.0,0.33934639491268687,17181233.0,0.35775926341029846,10914698.0,0.22727322985642867,33478196.0,0.6971056583229853,44392894.0,0.924378888179414,1.0054779052734375,243.83193969726562,290968,48024565.0,0.0,290968,48024565.0,1.0,0.0,reachable_population_only,45.69974193813404,20.04804994519903,44.59144592285156,64.61103903728983,31.970549197989435,0.3850063539006502,0.2594485692336962,0.14571674710316274,0.0,17.996343068896582,5.2397670834046925
2020,新疆维吾尔自治区,650000,9652880.0,0.4248994807296688,3501451.0,0.1541265106062004,2395790.0,0.10545763823204404,13154331.0,0.5790259913358692,15550121.0,0.6844836295679133,1.0155487060546875,1017.776611328125,433515,22718032.0,0.0,433515,22718032.0,1.0,0.0,reachable_population_only,63.458039280589816,7.925704623601743,42.70491027832031,108.12540451289757,68.1520508873551,0.5341961532589663,0.5047707428472985,0.2685213929451723,0.0,49.87092029416613,22.92914250571077
2020,江苏省,320000,49901215.0,0.6083539767356718,26769335.0,0.3263493965391305,5199866.0,0.06339242761108344,76670550.0,0.9347033732748022,81870416.0,0.9980958008858857,1.0045623779296875,155.5835723876953,133273,82026611.0,0.0,133273,82026611.0,1.0,0.0,reachable_population_only,26.73431100530401,9.805473858797097,23.88427734375,39.74693298339844,19.616159633778192,0.4107291391331266,0.27885973309334994,0.15058287649690272,0.0,15.35409105380452,6.120057034220532
2020,江西省,360000,17298830.0,0.3714082766267613,19238597.0,0.41305534284612194,6944289.0,0.14909484687046323,36537427.0,0.7844636194728832,43481716.0,0.9335584663433464,1.00616455078125,191.26121520996094,204892,46576318.0,0.0,204892,46576318.0,1.0,0.0,reachable_population_only,41.00791489280899,19.65302687627811,38.21868896484375,56.42911233345839,28.36996885432284,0.3828379591194848,0.24930261708842594,0.13771022214999118,0.0,14.939618644067796,4.385619537191691
2020,河北省,130000,30273291.0,0.4041654258432528,35603035.0,0.47532049958120626,7595933.0,0.10140996879466514,65876326.0,0.879485925424459,73472259.0,0.9808958942191242,1.015777587890625,234.7144317626953,267429,74903218.0,0.0,267429,74903218.0,1.0,0.0,reachable_population_only,36.07057124177544,19.500274394514374,35.71723937988281,49.74381888379899,22.406257582996716,0.343560850473839,0.20633043588289482,0.11511286075321236,0.0,10.775177865612648,3.5444378237154512
2020,河南省,410000,42470318.0,0.43244784961851146,41320413.0,0.4207391088335808,11440821.0,0.11649449950716893,83790731.0,0.8531869584520922,95231552.0,0.9696814579592612,1.0031890869140625,171.69822692871094,228710,98209109.0,0.0,228710,98209109.0,1.0,0.0,reachable_population_only,36.09337129145505,17.479476928710938,34.13978576660156,49.70489501953125,24.57150819841468,0.37326296595914443,0.23791800216584605,0.13019949571042666,0.0,12.786512422768503,4.0729069807487
2020,浙江省,330000,40470942.0,0.715346952960696,13986324.0,0.24721624360809424,1630897.0,0.028827033468673404,54457266.0,0.9625631965687902,56088163.0,0.9913902300374635,1.0015869140625,209.7967529296875,130171,56575263.0,0.0,130171,56575263.0,1.0,0.0,reachable_population_only,23.0458462645496,9.136974594809793,20.286913764547315,31.9500732421875,18.074622304075092,0.41086094371084425,0.284697058272451,0.1482045141602396,0.0,13.045127446364921,5.0050174306845205
2020,海南省,460000,4267312.0,0.47643036726221505,3397591.0,0.3793290783370882,1139730.0,0.12724684355860652,7664903.0,0.8557594455993033,8804633.0,0.9830062891579098,1.0306549072265625,163.47610473632812,37039,8956843.0,0.0,37039,8956843.0,1.0,0.0,reachable_population_only,33.15315471598041,10.055175160252771,31.970279476185535,48.99471369914423,24.423336198047252,0.4149058707122193,0.29466214595791335,0.16461151884913672,0.0,20.48089433952085,8.02843814789219
2020,湖北省,420000,28372708.0,0.47458909140737177,20741490.0,0.34694202941555974,7900839.0,0.1321570010999982,49114198.0,0.8215311208229316,57015037.0,0.9536881219229297,1.0015869140625,285.6230163574219,244891,59783734.0,0.0,244891,59783734.0,1.0,0.0,reachable_population_only,35.93227832289723,11.186542760857328,32.183990478515625,52.262164424447455,29.500531673495324,0.43931691779241755,0.32962862313651875,0.17813357820800424,0.0,22.48541265425494,7.587932859519129
2020,湖南省,430000,25536571.0,0.3719356720062138,26691940.0,0.3887634185909118,11996462.0,0.17472636226950783,52228511.0,0.7606990905971256,64224973.0,0.9354254528666335,1.000213623046875,247.17269897460938,270839,68658569.0,0.0,270839,68658569.0,1.0,0.0,reachable_population_only,42.04353076449572,18.364667445215687,39.39720070129178,58.9455809704093,29.56958432937278,0.3882468455639263,0.25789318893567337,0.14265266192826542,0.0,15.551405162540746,4.955264315243205
2020,甘肃省,620000,9091332.0,0.3404531670237968,7544252.0,0.28251795074974856,5872287.0,0.21990602772208412,16635584.0,0.6229711177735453,22507871.0,0.8428771454956294,1.00067138671875,638.3477783203125,331414,26703620.0,0.0,331414,26703620.0,1.0,0.0,reachable_population_only,52.38933163314043,17.44560338765307,47.27992208380448,75.65850981998236,43.53113008163445,0.44114888333839597,0.339269643088045,0.18700865775222686,0.0,29.957490278784682,8.968624833110814
2020,福建省,350000,20963973.0,0.5480362180150695,10139926.0,0.26507602809795033,5517285.0,0.14423182118729466,31103899.0,0.8131122461130199,36621184.0,0.9573440673003145,1.005706787109375,286.8839111328125,152481,38252897.0,0.0,152481,38252897.0,1.0,0.0,reachable_population_only,33.760717291552815,9.944477138132816,27.050532763517356,51.369649975980195,28.31817329660113,0.4576166312700991,0.34714117986201776,0.18522522921388773,0.0,23.246817736746397,7.934112913366025
2020,西藏自治区,540000,672938.0,0.1599625182559484,267056.0,0.06348125722631291,259412.0,0.06166421986247186,939994.0,0.2234437754822613,1199406.0,0.28510799534473313,1.021728515625,1313.1591796875,518779,4206848.0,0.0,518779,4206848.0,1.0,0.0,reachable_population_only,192.17003344138826,71.98814392089844,184.0283203125,266.53592681884766,170.539142139812,0.45005623810087336,0.36292835722913286,0.2018006878806159,0.0,66.63268230766082,6.293936946305208
2020,贵州省,520000,10533709.0,0.2902343686606774,10477811.0,0.28869421592441,8366573.0,0.2305234587844101,21011520.0,0.5789285845850874,29378093.0,0.8094520433694975,1.0546875,330.5104064941406,228264,36293803.0,0.0,228264,36293803.0,1.0,0.0,reachable_population_only,56.701636298124356,25.1513671875,52.89253234863281,80.26423617790638,41.009777578937985,0.3983569573342973,0.27261072699539046,0.1522008946447968,0.0,22.517306279838415,5.01181251058177
2020,辽宁省,210000,26715950.0,0.5850781576617329,10777257.0,0.23602146546190622,6351868.0,0.139105636413847,37493207.0,0.821099623123639,43845075.0,0.960205259537486,1.00250244140625,213.72894287109375,212225,45662190.0,0.0,212225,45662190.0,1.0,0.0,reachable_population_only,30.432894786785045,5.525373403842632,21.004378282983147,49.38377380371094,28.670768765249086,0.5107502373602739,0.43708821853743535,0.23105704588850884,0.0,28.77851448232655,13.297809513583163
2020,重庆市,500000,17623184.0,0.5856675490193602,7250638.0,0.24095892015237633,3047406.0,0.10127379949541992,24873822.0,0.8266264691717365,27921228.0,0.9279002686671565,1.04095458984375,241.0162353515625,109861,30090764.0,0.0,109861,30090764.0,1.0,0.0,reachable_population_only,33.44331992707977,8.292909817532834,23.43912687233026,46.959545428936295,32.7143349286873,0.5015171022559822,0.4184703729173498,0.21056863933966297,0.0,20.827657317935422,8.83542773401722
2020,陕西省,610000,17529904.0,0.4495759472832513,12409907.0,0.3182673273750986,5814488.0,0.14911969572492223,29939811.0,0.7678432746583499,35754299.0,0.9169629703832721,1.00341796875,283.74664306640625,278605,38992086.0,0.0,278605,38992086.0,1.0,0.0,reachable_population_only,39.98013231762599,14.170507418520911,33.74448317257478,57.643510036649396,32.267117918648744,0.43919704256215275,0.3243552437565499,0.17578251866980377,0.0,23.900911893141537,6.968433225076272
2020,青海省,630000,2168365.0,0.36867412890744944,1014919.0,0.17256060591119102,665528.0,0.11315574438045119,3183284.0,0.5412347348186405,3848812.0,0.6543904791990917,1.0521697998046875,1348.1309814453125,306115,5881522.0,0.0,306115,5881522.0,1.0,0.0,reachable_population_only,125.13077253141115,16.932411230457035,53.57826232910156,149.21826051862053,174.26513547673898,0.6430658617300206,0.737999577194262,0.35821691598952243,0.0,133.82411752272247,26.56166549047283
2020,黑龙江省,230000,15925013.0,0.39954354476650317,9625979.0,0.24150672727915007,7536063.0,0.1890727074824798,25550992.0,0.6410502720456532,33087055.0,0.8301229795281331,1.0068511962890625,955.1776733398438,523490,39858016.0,0.0,523490,39858016.0,1.0,0.0,reachable_population_only,51.90431842471559,9.316014070140735,42.48023986816406,75.7122478928677,58.028215996105985,0.5042686843295415,0.46760848371286573,0.24082744407970713,0.0,39.77474287641207,16.247699555320743
2020,,,804479.0,0.29415890114430615,1011167.0,0.3697346650358613,573299.0,0.2096276022955597,1815646.0,0.6638935661801675,2388945.0,0.8735211684757271,1.2590789794921875,1348.1309814453125,23660,2734845.0,0.0,23660,2734845.0,1.0,0.0,reachable_population_only,54.789484291976045,26.107221330915177,46.28855773084223,68.56939110717774,48.42954087018381,0.4009742355727349,0.28853281860848873,0.1401747658004786,0.0,8.365237336236053,3.564995861505552
2021,上海市,310000,23410423.0,0.9712711402720448,443935.0,0.01841834526683564,246698.0,0.010235212228451956,23854358.0,0.9896894855388804,24101056.0,0.9999246977673324,1.0123443603515625,97.46223449707031,9256,24102871.0,0.0,9256,24102871.0,1.0,0.0,reachable_population_only,9.598437181443211,3.4639828339169805,6.8666839599609375,12.629402968656777,9.930177143625778,0.45401845754061054,0.3668826098865492,0.16768883725985861,0.0,8.913991323210412,4.997472952696834
2021,云南省,530000,14379220.0,0.2986717215131846,10988922.0,0.22825161944209127,9302399.0,0.19322073961818004,25368142.0,0.5269233409552758,34670541.0,0.7201440805734559,1.03179931640625,630.2222290039062,318762,48143895.0,0.0,318762,48143895.0,1.0,0.0,reachable_population_only,64.97043683231763,23.135362350145613,55.52010955810547,95.14115532832359,52.17336872328717,0.4441623501876172,0.3359726269804029,0.18849242595101412,0.0,38.42227753578096,7.749023972887213
2021,内蒙古自治区,150000,10207831.0,0.3901556012010173,5184420.0,0.1981547795979947,4375830.0,0.16724949545142817,15392251.0,0.588310380799012,19768081.0,0.7555598762504402,1.0036468505859375,778.5248413085938,327745,26163487.0,0.0,327745,26163487.0,1.0,0.0,reachable_population_only,59.25011565003469,8.991035437289344,46.4337158203125,89.05747777779386,59.1869119295403,0.5129866286923734,0.4569887165781771,0.24495151813410787,0.0,45.205277692543724,16.821679672409797
2021,北京市,110000,19924843.0,0.9699229512449358,520075.0,0.025316770569720922,89120.0,0.004338279273515414,20444918.0,0.9952397218146567,20534038.0,0.9995780010881721,1.00341796875,122.22152709960938,19668,20542707.0,0.0,19668,20542707.0,1.0,0.0,reachable_population_only,9.241307871905995,3.1658935546875,6.104308287864867,12.217425676068371,9.416301550249722,0.4668148102411481,0.3757628569122716,0.17345677093655198,0.0,9.542030266210096,5.150524316736851
2021,吉林省,220000,10035914.0,0.34930697855262527,8084861.0,0.2813992196353971,5655194.0,0.19683296700917677,18120775.0,0.6307061981880224,23775969.0,0.8275391651971992,1.0073089599609375,356.330322265625,243870,28730929.0,0.0,243870,28730929.0,1.0,0.0,reachable_population_only,51.11789924727376,13.423004150390625,45.472095451066714,77.31137726874798,41.19389027770959,0.4444674255738392,0.34281791013394786,0.19328841880108527,0.0,32.45025705154926,12.563598340472899
2021,四川省,510000,46812028.0,0.5540351212277758,26008391.0,0.30781751349512976,5346678.0,0.06327962108148533,72820419.0,0.8618526347229055,78167097.0,0.9251322558043908,1.0027313232421875,663.8005981445312,324955,84492889.0,0.0,324955,84492889.0,1.0,0.0,reachable_population_only,36.898556899866186,11.687393188476562,26.77093505859375,43.748016357421875,46.2322867001472,0.5087509941126602,0.485667782090868,0.22496529340797655,0.0,22.471894093686355,6.031508934107435
2021,天津市,120000,12209486.0,0.9025219046334957,1317298.0,0.09737431206603575,1404.0,0.00010378330046862152,13526784.0,0.9998962166995313,13528188.0,1.0,1.0137176513671875,67.85888671875,16889,13528188.0,0.0,16889,13528188.0,1.0,0.0,reachable_population_only,12.771432067180005,3.6057616870311735,8.671584580327195,19.787598822824087,11.182592422555514,0.47071244157340075,0.36016130056260204,0.1822258342070021,0.0,13.697337840693006,7.3197243627741555
2021,宁夏回族自治区,640000,2474638.0,0.375378600047115,1223594.0,0.18560735054826186,1031868.0,0.156524374584653,3698232.0,0.5609859505953769,4730100.0,0.7175103251800299,1.0201263427734375,245.12672424316406,39040,6592379.0,0.0,39040,6592379.0,1.0,0.0,reachable_population_only,66.15348047223088,12.531251827015057,48.455904105613975,104.46922302246094,59.94116870092568,0.5000266818527146,0.42463281490819327,0.23458335338676317,0.0,53.14238765449739,20.432737464020605
2021,安徽省,340000,27919363.0,0.4482761350226964,26034178.0,0.4180074127168629,7381818.0,0.11852322141020806,53953541.0,0.8662835477395594,61335359.0,0.9848067691497674,1.0013580322265625,158.89549255371094,181645,62281618.0,0.0,181645,62281618.0,1.0,0.0,reachable_population_only,34.34889608992365,15.214167179952142,33.26957702636719,49.74912067387728,22.83139259176418,0.37462182989525006,0.2405759622276745,0.13451901605301697,0.0,14.919795494487937,4.989698588325067
2021,山东省,370000,61183390.0,0.6112998195736349,37367144.0,0.3733452557169852,1526407.0,0.015250745728471949,98550534.0,0.9846450752906201,100076941.0,0.999895821019092,1.00616455078125,125.174560546875,221530,100087368.0,0.0,221530,100087368.0,1.0,0.0,reachable_population_only,25.175314333395285,11.679567400918623,24.899971301739033,36.39610290527344,15.619501285102858,0.35365512694576107,0.21161592704694232,0.11727187453778443,0.0,10.652238489284956,4.31804219237897
2021,山西省,140000,17941514.0,0.47926811409807135,12363170.0,0.3302549143942843,5590151.0,0.14932859775899893,30304684.0,0.8095230284923556,35894835.0,0.9588516262513546,1.00250244140625,195.97549438476562,220876,37435234.0,0.0,220876,37435234.0,1.0,0.0,reachable_population_only,35.86844696320184,11.570175507489372,31.6493613503196,52.96755536854696,28.066211995520014,0.43199203626299953,0.3146634450541895,0.1721700269587374,0.0,21.971990865126276,7.5893943870014775
2021,广东省,440000,78837248.0,0.7236714872788816,22687893.0,0.20825918822704376,5818582.0,0.053410564125654536,101525141.0,0.9319306755059255,107343723.0,0.9853412396315799,1.0068511962890625,161.11587524414062,212927,108940658.0,0.0,212927,108940658.0,1.0,0.0,reachable_population_only,22.640725952945388,6.780457172908381,15.795281304253471,32.3291015625,21.23150043548581,0.4829481863449654,0.38521283689910013,0.19274869284776186,0.0,17.239401880684447,6.984154854181834
2021,广西壮族自治区,450000,16585267.0,0.344390752975781,17752895.0,0.36863638532620413,10744203.0,0.22310187477202778,34338162.0,0.713027138301985,45082365.0,0.9361290130740129,1.013946533203125,240.07347106933594,290849,48158282.0,0.0,290849,48158282.0,1.0,0.0,reachable_population_only,44.49152391109822,19.773101806640625,44.09768952948723,63.0924789049021,30.939878228056884,0.38190496542228225,0.25735322725601784,0.14496829618286267,0.0,18.2092473670691,5.210708605760735
2021,新疆维吾尔自治区,650000,9929087.0,0.43584423768398556,3850604.0,0.16902496322198662,2543459.0,0.11164691667375583,13779691.0,0.6048692009059722,16323150.0,0.716516117579728,1.00433349609375,943.9285888671875,434340,22781274.0,0.0,434340,22781274.0,1.0,0.0,reachable_population_only,60.0866524258815,7.707502078728453,40.40519714355469,103.21107168868794,64.07039115870543,0.5387835795843657,0.5064280715336064,0.2685067925047816,0.0,49.22779730258187,22.1068641714059
2021,江苏省,320000,50326103.0,0.6118302310867088,26728810.0,0.32495053310550853,5048243.0,0.06137307474953624,77054913.0,0.9367807641922172,82103156.0,0.9981538389417535,1.0045623779296875,134.7429656982422,133260,82255012.0,0.0,133260,82255012.0,1.0,0.0,reachable_population_only,26.565893781305448,9.781835744309323,23.79233983947778,39.37590304287997,19.482224268562373,0.4105424809549133,0.27857393598662994,0.1504018048768434,0.0,15.431951518277351,6.1328287849148575
2021,江西省,360000,17230206.0,0.3689076765729362,19575179.0,0.4191147687607062,6852782.0,0.14672162861435545,36805385.0,0.7880224453336424,43658167.0,0.9347440739479979,1.00616455078125,179.8450469970703,204747,46706011.0,0.0,204747,46706011.0,1.0,0.0,reachable_population_only,41.04670286595596,19.71299983699147,38.3514404296875,56.08057224525596,28.315955110415153,0.3818695613729203,0.24853263802604708,0.13754508857805248,0.0,15.051551679917928,4.356252734609214
2021,河北省,130000,30788033.0,0.409897037776815,35673884.0,0.47494490400194506,7342555.0,0.09775523964825365,66461917.0,0.8848419417787601,73804472.0,0.9825971814270137,1.015777587890625,234.7144317626953,267489,75111626.0,0.0,267489,75111626.0,1.0,0.0,reachable_population_only,35.62972287396437,19.273152160644532,35.23486504187951,49.21811308742555,22.100133627687924,0.34335043953349986,0.206089749332069,0.1150552488376071,0.0,10.827627675779684,3.547512013641296
2021,河南省,410000,44140650.0,0.448207920734774,41156382.0,0.41790540921318736,10154417.0,0.10310881534014206,85297032.0,0.8661133299479613,95451449.0,0.9692221452881034,1.0031890869140625,175.15708923339844,228757,98482530.0,0.0,228757,98482530.0,1.0,0.0,reachable_population_only,35.01583890091,16.87041412099907,33.06404113769531,47.77107238769531,24.185489770199766,0.37662070860006835,0.24261038240204463,0.13231379458347103,0.0,13.265932630400298,4.137924768308196
2021,浙江省,330000,42641788.0,0.7516249638943426,12226661.0,0.21551309322848675,1429418.0,0.025195619204333636,54868449.0,0.9671380571228294,56297867.0,0.9923336763271631,1.0036468505859375,170.27801513671875,130052,56732799.0,0.0,130052,56732799.0,1.0,0.0,reachable_population_only,21.76442471630384,8.370762135773523,18.801643193890484,29.900399688240533,17.46039856239064,0.4184573128407264,0.2945689665665806,0.15238094475655184,0.0,13.420503288533029,5.163638964382778
2021,海南省,460000,4372554.0,0.4868254252780911,3546066.0,0.39480703692033975,981133.0,0.10923604144840048,7918620.0,0.8816324621984308,8899753.0,0.9908685036468313,1.0306549072265625,159.16282653808594,37056,8981770.0,0.0,37056,8981770.0,1.0,0.0,reachable_population_only,31.605065823732918,10.109325211866315,30.956859741210938,46.67350090874566,22.718399725037262,0.4060529736648695,0.2837303131280576,0.15921366087274014,0.0,20.037238281533,7.591552725881084
2021,湖北省,420000,30905954.0,0.5155269488585696,19911631.0,0.3321360789001275,6728907.0,0.1122415730918085,50817585.0,0.8476630277586972,57546492.0,0.9599046008505057,1.0068511962890625,271.44903564453125,244956,59950220.0,0.0,244956,59950220.0,1.0,0.0,reachable_population_only,33.40930592459662,10.0479739726519,28.694915771484375,48.83427584373345,28.20177077096407,0.4489353258240608,0.3412616162453745,0.18202262686087467,0.0,21.90735102218356,7.705400713981594
2021,湖南省,430000,25970426.0,0.3772077749075889,27152740.0,0.39438030928119105,12131673.0,0.17620663512552598,53123166.0,0.7715880841887799,65254839.0,0.9477947193143059,1.000213623046875,243.88320922851562,270706,68849127.0,0.0,270706,68849127.0,1.0,0.0,reachable_population_only,40.994818503461204,18.154722849527996,38.85566711425781,57.9605842551307,28.26877097454215,0.3829317512481112,0.25151573375518194,0.13982916480966856,0.0,15.121327651939897,4.918994114499733
2021,甘肃省,620000,9767324.0,0.36461008192013195,7740951.0,0.2889664332062423,5800426.0,0.21652745409404492,17508275.0,0.6535765151263743,23308701.0,0.8701039692204192,1.00067138671875,556.3167724609375,175041,26788409.0,0.0,175041,26788409.0,1.0,0.0,reachable_population_only,48.73235294087931,14.498600526289506,43.76268167964748,71.25618056247109,40.515792699971314,0.44489046156941336,0.3446753638223554,0.19067655928261074,0.0,30.964335408275357,10.022254630304799
2021,福建省,350000,21560826.0,0.5620830730605182,9860611.0,0.2570626252043567,5511332.0,0.14367846701312703,31421437.0,0.8191456982648748,36932769.0,0.9628241652780019,1.005706787109375,267.02569580078125,152496,38358789.0,0.0,152496,38358789.0,1.0,0.0,reachable_population_only,32.83521577604505,9.56911093310306,26.002008943091354,49.706221686469185,27.838386791193912,0.4616432714032157,0.35247301908562695,0.18711835944643596,0.0,22.729930555555555,8.133879423328965
2021,西藏自治区,540000,715086.0,0.16923802583800024,301825.0,0.07143234121288128,288800.0,0.06834973955861878,1016911.0,0.24067036705088152,1305711.0,0.3090201066095003,1.00341796875,2036.76318359375,144603,4225327.0,0.0,144603,4225327.0,1.0,0.0,reachable_population_only,182.55211994295829,64.47951362921846,173.57466107259228,243.48518997245182,158.6348566441693,0.441040565328908,0.3560360103331333,0.20115876448966552,0.0,70.09163976262953,5.762902300237585
2021,贵州省,520000,10924458.0,0.3000996764943542,10995761.0,0.3020584013329757,8462944.0,0.23248080193908346,21920219.0,0.6021580778273299,30383163.0,0.8346388797664134,1.03271484375,349.36407470703125,206447,36402765.0,0.0,206447,36402765.0,1.0,0.0,reachable_population_only,54.14766516670192,24.019745274593955,51.05924606323242,77.41504573822021,39.17226838881968,0.3968959301350924,0.2734026862860221,0.15369940736747478,0.0,23.998023612628074,4.877857513746688
2021,辽宁省,210000,26862231.0,0.5866473425444604,10784972.0,0.23553423999728146,6346099.0,0.13859318363668519,37647203.0,0.8221815825417419,43993302.0,0.960774766178427,1.0022735595703125,213.72894287109375,212092,45789402.0,0.0,212092,45789402.0,1.0,0.0,reachable_population_only,30.293017888704085,5.510396868643622,20.67310232865183,49.313507080078125,28.58686235438647,0.5113922915847379,0.4381988589283437,0.23145926496792724,0.0,28.625177238098374,13.70933200177541
2021,重庆市,500000,17864841.0,0.5922855782797646,7259530.0,0.2406802794432539,2990807.0,0.09915631790499382,25124371.0,0.8329658577230185,28115178.0,0.9321221756280123,1.04095458984375,229.26475524902344,109830,30162546.0,0.0,109830,30162546.0,1.0,0.0,reachable_population_only,32.714121942108704,7.905676392075929,23.055038452148438,45.81572049079548,32.01597656527393,0.5017528015773383,0.41909203567928294,0.2110279614682984,0.0,21.30730013967628,8.764546085318862
2021,陕西省,610000,18515551.0,0.4735321802407027,12152197.0,0.3107904452924208,5772725.0,0.14763649513752036,30667748.0,0.7843226255331235,36440473.0,0.9319591206706438,1.00341796875,254.9022674560547,278512,39100935.0,0.0,278512,39100935.0,1.0,0.0,reachable_population_only,38.20544912964539,12.904486005956477,32.0745849609375,55.67230224609375,31.461480426202364,0.44616256050895176,0.3343491440240253,0.18020909967419618,0.0,24.256122448979593,7.38845358580912
2021,青海省,630000,2211006.0,0.3750067419618006,1061736.0,0.18008008941791853,664962.0,0.11278360761951929,3272742.0,0.5550868313797191,3937704.0,0.6678704389992385,1.0521697998046875,1347.2763671875,87540,5895910.0,0.0,87540,5895910.0,1.0,0.0,reachable_population_only,118.92023131412832,17.017662560761863,50.179595947265625,138.92616532227703,163.74369164113608,0.6419133045828428,0.7332276770975941,0.3556508205927169,0.0,133.55294863665188,22.31276411454369
2021,黑龙江省,230000,16079292.0,0.4023020396035259,9451434.0,0.23647379345919653,7752624.0,0.19396976231784616,25530726.0,0.6387758330627225,33283350.0,0.8327455953805686,1.00250244140625,786.88818359375,523587,39968209.0,0.0,523587,39968209.0,1.0,0.0,reachable_population_only,51.652917600725935,8.853157244230571,42.414670424027875,75.34126281738281,58.01281205702034,0.5065016522873903,0.472935779058925,0.24442446686977592,0.0,42.13260192681632,17.250411010380947
2021,,,829666.0,0.3039247721478182,1038061.0,0.3802644111010169,551099.0,0.20187959733903818,1867727.0,0.684189183248835,2418826.0,0.8860687805878733,1.2467193603515625,2036.76318359375,20988,2729840.0,0.0,20988,2729840.0,1.0,0.0,reachable_population_only,52.960543214287455,25.41768999242071,44.098663330078125,67.37139016330832,46.589939797860545,0.3996795906514289,0.2855829802817107,0.13910649118829133,0.0,8.025071884829888,3.5801957664943216
2022,上海市,310000,23622903.0,0.971323371954523,447460.0,0.018398600545190016,248332.0,0.010210882024288489,24070363.0,0.9897219724997129,24318695.0,0.9999328545240015,1.0288238525390625,105.11398315429688,9275,24320328.0,0.0,9275,24320328.0,1.0,0.0,reachable_population_only,9.633698487403132,3.460921633710544,6.9551114305373165,12.712286625492991,9.90968447084218,0.45272734288994243,0.36428130682116866,0.1667596073941574,0.0,9.006310699936583,4.932867132867133
2022,云南省,530000,14545576.0,0.2994248265535354,11473541.0,0.23618611073771692,9425366.0,0.19402384475895557,26019117.0,0.5356109372912523,35444483.0,0.7296347820502079,1.0233306884765625,415.68170166015625,319062,48578390.0,0.0,319062,48578390.0,1.0,0.0,reachable_population_only,62.64824459051316,23.18263546501522,54.99044875395463,93.37333498658232,48.92465768122379,0.43422712637294547,0.32273911270217165,0.18233782598701376,0.0,35.59887564094644,7.424633893792219
2022,内蒙古自治区,150000,10295247.0,0.38997038417392316,5262849.0,0.19934978212561072,4475349.0,0.16952032028395073,15558096.0,0.5893201662995339,20033445.0,0.7588404865834846,1.0036468505859375,772.4393310546875,329394,26400074.0,0.0,329394,26400074.0,1.0,0.0,reachable_population_only,58.58181164203113,8.768314771575184,46.13310116854581,88.42842067990985,57.952615001703954,0.5100959887965781,0.4516852321852913,0.24277387013505036,0.0,44.88984351027923,16.458175848509143
2022,北京市,110000,20114766.0,0.9703933243109585,503747.0,0.024302183079916138,100722.0,0.004859114762321787,20618513.0,0.9946955073908745,20719235.0,0.9995546221531963,1.00341796875,127.05482482910156,19694,20728467.0,0.0,19694,20728467.0,1.0,0.0,reachable_population_only,8.984248898678207,3.1765819666881154,5.985268900485922,11.525797740697442,9.298224948689331,0.4632469689015304,0.3750777876355475,0.17128429014480462,0.0,9.06552296624239,4.8827814569536425
2022,吉林省,220000,10218283.0,0.3524692724156729,8249555.0,0.2845600037308691,5708802.0,0.19691931485016986,18467838.0,0.637029276146542,24176640.0,0.8339485909967119,1.0073089599609375,335.3315734863281,243582,28990564.0,0.0,243582,28990564.0,1.0,0.0,reachable_population_only,50.41384812918745,13.203048706054688,45.58172057458453,76.8147711217756,40.22475763108975,0.44240836560637153,0.3398845057032318,0.19245421555396514,0.0,32.577238068342275,12.610600730849356
2022,四川省,510000,48377996.0,0.5674366053339795,25638910.0,0.30072465289515965,5390514.0,0.06322657443614017,74016906.0,0.8681612582291393,79407420.0,0.9313878326652795,1.00616455078125,672.4976196289062,325780,85257094.0,0.0,325780,85257094.0,1.0,0.0,reachable_population_only,35.62802911624001,11.378659303427467,26.079095153808595,42.60498046875,44.560538626927304,0.50571156848077,0.48091827435416357,0.22268076500387135,0.0,21.554248187166507,6.028049840625905
2022,天津市,120000,12421686.0,0.9099774272715745,1227666.0,0.08993532345196817,1191.0,8.724927645735411e-05,13649352.0,0.9999127507235427,13650543.0,1.0,1.0137176513671875,66.7584228515625,16895,13650543.0,0.0,16895,13650543.0,1.0,0.0,reachable_population_only,12.548855675856808,3.5952640831164486,8.579507691879071,19.707870483398438,10.831772575844651,0.46588275265790635,0.35276257884478535,0.17903127070114677,0.0,13.567881500426257,7.150720164609053
2022,宁夏回族自治区,640000,2510496.0,0.3774049172609244,1230352.0,0.18495982258558183,1034248.0,0.15547934785288506,3740848.0,0.5623647398465063,4775096.0,0.7178440876993912,1.0201263427734375,245.11573791503906,39063,6651996.0,0.0,39063,6651996.0,1.0,0.0,reachable_population_only,66.00307757513934,12.527800663712803,47.92180386920174,104.17802729569082,59.95856344104659,0.5011875660823695,0.42654980154239813,0.23556067282862092,0.0,53.22304114490161,20.883086697141085
2022,安徽省,340000,28081538.0,0.44683904310268036,26634003.0,0.4238055769777965,7314096.0,0.11638335684466934,54715541.0,0.8706446200804769,62029637.0,0.9870279769251462,1.0013580322265625,159.13467407226562,181640,62844862.0,0.0,181640,62844862.0,1.0,0.0,reachable_population_only,34.09765575512711,15.206630643734263,33.289746506244185,49.27642822265625,22.49927315754225,0.3721493404161925,0.2383553419817001,0.13368349471844854,0.0,14.941239892183289,4.962954293982467
2022,山东省,370000,63010327.0,0.623938767456307,36692591.0,0.3633361560449985,1272501.0,0.012600517142641049,99702918.0,0.9872749235013055,100975419.0,0.9998754406439466,1.007080078125,122.81044006347656,221500,100987998.0,0.0,221500,100987998.0,1.0,0.0,reachable_population_only,24.719846905566737,11.464397623503094,24.422389810735528,35.79963684082031,15.360655495656694,0.35408098070204586,0.21222056339688053,0.11760621732082643,0.0,10.750272034820457,4.354997013995274
2022,山西省,140000,18319033.0,0.4849669259982414,12602158.0,0.33362185799895366,5593931.0,0.14809032339841674,30921191.0,0.8185887839971951,36515122.0,0.9666791073956118,1.00250244140625,190.927734375,221123,37773778.0,0.0,221123,37773778.0,1.0,0.0,reachable_population_only,35.163699425502905,11.420732278739457,31.10826597740902,52.276153564453125,27.339138760230004,0.42967368135929485,0.3115571924084452,0.17062528797782972,0.0,21.43838111298482,7.481342951286846
2022,广东省,440000,79656677.0,0.7246417963278614,23093640.0,0.2100842942939856,5672625.0,0.05160422609512489,102750317.0,0.934726090621847,108422942.0,0.9863303167169719,1.0054779052734375,159.246826171875,212945,109925590.0,0.0,212945,109925590.0,1.0,0.0,reachable_population_only,22.340851540910755,6.37449436971586,15.47276382247533,32.19108581542969,21.107795748722456,0.48748134786703357,0.3924462476123147,0.1966207551507112,0.0,17.51759981100874,7.406637490882567
2022,广西壮族自治区,450000,17737702.0,0.3650369408032174,18522146.0,0.38118057868773253,9559357.0,0.1967288905477058,36259848.0,0.7462175194909499,45819205.0,0.9429464100386558,1.019439697265625,238.50975036621094,291227,48591526.0,0.0,291227,48591526.0,1.0,0.0,reachable_population_only,42.52686295570249,18.03851010260023,42.01395047556763,60.370286373925914,29.703516995270054,0.3861446032051348,0.26090163377918146,0.14666634982063576,0.0,18.046658259773015,5.418765526466654
2022,新疆维吾尔自治区,650000,10015989.0,0.4357218815845312,3946090.0,0.1716653003215062,2546350.0,0.11077292648512004,13962079.0,0.6073871819060374,16508429.0,0.7181601083911574,1.00433349609375,817.8936767578125,435633,22987115.0,0.0,435633,22987115.0,1.0,0.0,reachable_population_only,59.60896389243489,7.891364931637435,40.21661931818182,102.81522762926319,62.21186586089916,0.5367701179710225,0.5001889007008398,0.26700763611101064,0.0,51.005997128135824,22.366038582323913
2022,江苏省,320000,53847234.0,0.6487720872609907,24668859.0,0.29721985615411695,4354195.0,0.052461008089874576,78516093.0,0.9459919434151076,82870288.0,0.9984529515049821,1.0015869140625,134.8406982421875,133295,82998691.0,0.0,133295,82998691.0,1.0,0.0,reachable_population_only,25.003753366161167,8.7176513671875,21.287155151367188,37.38728326909683,19.0397690239697,0.42314566451231617,0.2939588477527509,0.1567803818739577,0.0,15.6081990617989,6.540382211109127
2022,江西省,360000,17449080.0,0.37024561267113915,19806274.0,0.42026204544093176,6896316.0,0.14633039349889965,37255354.0,0.7905076581120709,44151670.0,0.9368380516109706,1.00616455078125,192.38731384277344,205164,47128391.0,0.0,205164,47128391.0,1.0,0.0,reachable_population_only,40.79972031421685,19.594613884677408,38.23027236902742,55.889059096652595,28.11430034762818,0.381285363526883,0.24807037934787932,0.13733355480535014,0.0,15.041760429288558,4.3252069395623085
2022,河北省,130000,31384688.0,0.4140962045096416,36195088.0,0.47756563846333194,6946188.0,0.09164947208047498,67579776.0,0.8916618429729736,74525964.0,0.9833113150534485,1.015777587890625,234.73915100097656,267703,75790813.0,0.0,267703,75790813.0,1.0,0.0,reachable_population_only,35.20504973005255,19.125418207753246,34.8211669921875,48.592071533203125,21.83066593292193,0.3428349215519225,0.2056222625584408,0.11474760665602612,0.0,10.800680464984406,3.5017691973431
2022,河南省,410000,45704363.0,0.45992637492984023,41325183.0,0.41585836368624723,9459536.0,0.09519200827715991,87029546.0,0.8757847386160874,96489082.0,0.9709767468932474,1.0031890869140625,169.74998474121094,228831,99373216.0,0.0,228831,99373216.0,1.0,0.0,reachable_population_only,34.213011837304755,16.455441388216887,32.26522468118107,46.26948657866068,23.699946447321096,0.37712508474115936,0.24301272119650066,0.13220377900824587,0.0,13.081776359027321,4.108380885113659
2022,浙江省,330000,43301331.0,0.7564148338626066,12158380.0,0.21239021469659763,1348975.0,0.023564742167159012,55459711.0,0.9688050485592041,56808686.0,0.9923697907263632,1.005706787109375,170.34622192382812,130184,57245481.0,0.0,130184,57245481.0,1.0,0.0,reachable_population_only,21.339385022911838,7.852816999711378,18.1814572899607,29.604034423828125,17.472632931820733,0.4261704841464633,0.30501571914949677,0.15728156268910676,0.0,13.906345765752299,5.463618654749627
2022,海南省,460000,4438019.0,0.4896957444430309,3568702.0,0.3937743805480177,984317.0,0.10861058640869514,8006721.0,0.8834701249910486,8991038.0,0.9920807113997437,1.0306549072265625,159.17221069335938,37063,9062809.0,0.0,37063,9062809.0,1.0,0.0,reachable_population_only,31.373388848207856,9.767940397993884,30.785229567128347,46.40336126353457,22.647100051359757,0.4079939422468848,0.28666245095148724,0.16096058783977607,0.0,20.315429328231918,8.198643045608744
2022,湖北省,420000,32281309.0,0.5336423561543363,19590139.0,0.32384461030842815,6221306.0,0.1028444166312187,51871448.0,0.8574869664627645,58092754.0,0.9603313830939831,1.0068511962890625,267.86224365234375,245019,60492404.0,0.0,245019,60492404.0,1.0,0.0,reachable_population_only,32.42548935059082,9.61533756864151,27.486419677734375,46.32545471191406,27.861796446251926,0.45357707515603407,0.3472222594639922,0.18341230419621724,0.0,21.208389523741925,7.690282237620416
2022,湖南省,430000,26494102.0,0.3813649678199537,27589792.0,0.39713669624428927,11941575.0,0.17189102561749645,54083894.0,0.7785016640642429,66025469.0,0.9503926896817394,1.0045623779296875,243.87977600097656,270718,69471777.0,0.0,270718,69471777.0,1.0,0.0,reachable_population_only,40.464353635356325,17.696755043814115,38.544883728027344,57.33611583709717,27.97161243065557,0.3835768865619802,0.25269755952323997,0.140539414888614,0.0,15.314373877400635,4.963381308070687
2022,甘肃省,620000,9960250.0,0.36848022333780467,7768594.0,0.2873997391773027,5937482.0,0.21965760833555334,17728844.0,0.6558799625151074,23666326.0,0.8755375708506608,1.00067138671875,556.3012084960938,175540,27030623.0,0.0,175540,27030623.0,1.0,0.0,reachable_population_only,48.2939947207897,14.442456033494738,43.291246656938036,70.57862076578262,40.166458034339094,0.44492061167345054,0.34445368001932253,0.1903164891637792,0.0,30.65203761755486,9.768251126256208
2022,福建省,350000,21716868.0,0.5610960934251215,9963276.0,0.25741995767144094,5581957.0,0.1442203482733795,31680144.0,0.8185160510965623,37262101.0,0.9627363993699418,1.005706787109375,266.90985107421875,152403,38704365.0,0.0,152403,38704365.0,1.0,0.0,reachable_population_only,32.87194932209523,9.570383289145687,26.006011962890625,49.65728759765625,27.870388593922232,0.46221720583861436,0.35347078122912046,0.18791653411595888,0.0,23.732512066853975,8.218745852687459
2022,西藏自治区,540000,722313.0,0.1679349717645084,315683.0,0.07339507345366247,298378.0,0.0693717280530054,1037996.0,0.24133004521817086,1336374.0,0.31070177327117626,1.000213623046875,1626.8916015625,144152,4301147.0,0.0,144152,4301147.0,1.0,0.0,reachable_population_only,180.7545910201605,64.46819408519848,172.9698371887207,232.288767775869,155.7273507636756,0.43728093157125103,0.35139128922078694,0.19915498581354052,0.0,69.1073406647568,5.697789093813742
2022,贵州省,520000,11108557.0,0.3024218836181695,11478975.0,0.3125062275420541,8413855.0,0.22906070316695085,22587532.0,0.6149281111602236,31001387.0,0.8439888143271744,1.026763916015625,349.29315185546875,206696,36731988.0,0.0,206696,36731988.0,1.0,0.0,reachable_population_only,53.23130188573232,24.001007080078125,49.633997974096836,76.11281861650183,38.45741632191878,0.39649523402820464,0.27249901960263856,0.15309996970849582,0.0,23.756369509717086,4.792358429217927
2022,辽宁省,210000,27163970.0,0.587923042251875,10896711.0,0.2358428271588973,6459854.0,0.1398137686127228,38060681.0,0.8237658694107722,44520535.0,0.9635796380234951,1.0022735595703125,190.67161560058594,211916,46203275.0,0.0,211916,46203275.0,1.0,0.0,reachable_population_only,30.079241252966053,5.461591599635212,20.573501586914062,49.04577523170905,28.263441115649464,0.5101851424505461,0.4358730237396399,0.2304025669327524,0.0,28.416984049523073,13.542644628099174
2022,重庆市,500000,18236549.0,0.599189803855031,7145043.0,0.2347613528034148,3056469.0,0.10042497956159263,25381592.0,0.8339511566584458,28438061.0,0.9343761362200383,1.0388946533203125,249.8785400390625,109816,30435346.0,0.0,109816,30435346.0,1.0,0.0,reachable_population_only,31.897616218196276,7.5098419189453125,22.496795654296875,45.35557822726119,30.672151331829323,0.5014123112737504,0.4164242124750399,0.21169479054729012,0.0,22.433704793244004,9.277826294061606
2022,陕西省,610000,19053678.0,0.4829270955826555,12114457.0,0.3070483049819027,5735770.0,0.14537659065247813,31168135.0,0.7899754005645583,36903905.0,0.9353519912170364,1.006622314453125,248.75267028808594,278707,39454564.0,0.0,278707,39454564.0,1.0,0.0,reachable_population_only,37.47423963509936,12.1453857421875,31.4077586071499,54.8581140901306,31.050633460316877,0.44914655087363464,0.3382574624753283,0.18197628499670704,0.0,24.060193111004587,7.615941617446615
2022,青海省,630000,2360702.0,0.3968083904724381,963683.0,0.16198465547775642,770955.0,0.12958916994888744,3324385.0,0.5587930459501945,4095340.0,0.688382215899082,1.0398101806640625,1342.013427734375,87985,5949224.0,0.0,87985,5949224.0,1.0,0.0,reachable_population_only,117.62123932247825,16.216305658126736,49.28894777475677,138.00673869118762,163.97212758104342,0.6470829701468925,0.7478168673935018,0.36184833482807266,0.0,140.37216769596904,22.944729762778184
2022,黑龙江省,230000,16292263.0,0.4039778480294682,9743997.0,0.24160909624805307,7893389.0,0.19572200018373603,26036260.0,0.6455869442775213,33929649.0,0.8413089444612573,1.00250244140625,786.8978271484375,524858,40329595.0,0.0,524858,40329595.0,1.0,0.0,reachable_population_only,50.92283940757791,8.751823425292969,41.88328766496214,74.00550842285156,57.89270164708151,0.5060063445956484,0.47516144983002656,0.24483489092513666,0.0,42.39041539457859,17.077269708756283
2022,,,859740.0,0.3120260351962929,1056619.0,0.38347946737743016,535425.0,0.194322167044659,1916359.0,0.695505502573723,2451784.0,0.889827669618382,1.2462615966796875,1626.8916015625,20980,2755347.0,0.0,20980,2755347.0,1.0,0.0,reachable_population_only,52.02569117588886,25.51780927718367,43.80451768685321,66.58682169823402,44.974828335558485,0.39747796662932355,0.2811870334515539,0.13737645744336757,0.0,8.280780079956166,3.4911249094938235
2023,上海市,310000,23701926.0,0.9731242859972841,416088.0,0.017083225131663896,236290.0,0.00970130180721593,24118014.0,0.990207511128948,24354304.0,0.999908812936164,1.0288238525390625,105.65986633300781,9280,24356525.0,0.0,9280,24356525.0,1.0,0.0,reachable_population_only,9.292802142706345,3.382890982714161,6.769695791897398,11.98931713340253,9.614867253257747,0.44903553441978095,0.36127281895902696,0.16423059235362003,0.0,8.603279756733276,4.772408852093616
2023,云南省,530000,14489227.0,0.29782926586616415,11602574.0,0.23849347495058526,9573360.0,0.19678253233747398,26091801.0,0.5363227408167494,35665161.0,0.7331052731542234,1.0356903076171875,401.46490478515625,317808,48649440.0,0.0,317808,48649440.0,1.0,0.0,reachable_population_only,62.24889973727996,23.744430541992188,55.39646583915557,93.1019565134286,47.5467962596745,0.42631969638929845,0.31075345195718856,0.17559175149050943,0.0,31.35727009574705,6.711297755314405
2023,内蒙古自治区,150000,11123985.0,0.420651307049776,5503003.0,0.20809497717309386,4222894.0,0.15968790686365153,16626988.0,0.6287462842228698,20849882.0,0.7884341910865214,1.0036468505859375,772.3388671875,320469,26444670.0,0.0,320469,26444670.0,1.0,0.0,reachable_population_only,53.45167740586031,7.196907193144723,40.81834080557644,81.81630890504971,54.211002749609534,0.5235154828398612,0.4745745590040229,0.25407443567163723,0.0,45.580576216123795,18.743238870140075
2023,北京市,110000,20194504.0,0.9726760190675191,471819.0,0.022725342827950506,87625.0,0.0042204916828257515,20666323.0,0.9954013618954697,20753948.0,0.9996218535782954,1.00341796875,120.758056640625,19161,20761799.0,0.0,19161,20761799.0,1.0,0.0,reachable_population_only,8.703910590155838,3.088276368368064,5.776390750428096,11.123402355812692,8.997600587236848,0.46270160512038827,0.3739534495109827,0.17062410456754906,0.0,8.888493607559756,4.798222073129822
2023,吉林省,220000,11199679.0,0.38575455098364375,7970543.0,0.2745322643676506,5563905.0,0.19163957065114548,19170222.0,0.6602868153512943,24734127.0,0.8519263860024399,1.00433349609375,326.718994140625,241507,29033174.0,0.0,241507,29033174.0,1.0,0.0,reachable_population_only,47.52656830663227,10.351875277407284,42.27345839591089,73.32059281212943,39.14172725756045,0.45606782159573767,0.3580782499883368,0.20070960740661703,0.0,32.9642499938413,12.999411613282831
2023,四川省,510000,49766783.0,0.582868764979946,24531870.0,0.2873173612517528,5531672.0,0.06478696497047333,74298653.0,0.8701861262316988,79830325.0,0.9349730912021721,1.00616455078125,652.89599609375,322929,85382484.0,0.0,322929,85382484.0,1.0,0.0,reachable_population_only,34.70574002490494,10.253035177396038,24.997852698906318,42.311553955078125,43.55076343577958,0.511517480043428,0.4877653813941144,0.2260993661059877,0.0,21.514466546112114,6.559282567652612
2023,天津市,120000,12805338.0,0.9370636923784156,859745.0,0.06291406163616149,304.0,2.2245985422878986e-05,13665083.0,0.9999777540145771,13665387.0,1.0,1.008453369140625,65.38330078125,16897,13665387.0,0.0,16897,13665387.0,1.0,0.0,reachable_population_only,11.792476962967449,3.4203299266623466,7.775491226551145,18.876800537109375,10.141541332151752,0.4646650001566228,0.3506354412379052,0.17778195229058202,0.0,13.119769758689396,7.315843217343493
2023,宁夏回族自治区,640000,3474824.0,0.5211083568868745,1996293.0,0.29937774261222133,1022357.0,0.15331964336087076,5471117.0,0.8204860994990958,6493474.0,0.9738057428599666,1.0201263427734375,197.96127319335938,39066,6668141.0,0.0,39066,6668141.0,1.0,0.0,reachable_population_only,32.23054771868094,7.0758813771830456,27.916913957738164,49.4662986931048,26.66824309657106,0.4581030832496088,0.3547990521074443,0.19367417523599006,0.0,24.040555555555557,11.098393396058938
2023,安徽省,340000,29933690.0,0.4755923687908588,26300472.0,0.41786708483977936,5936536.0,0.0943208544837676,56234162.0,0.8934594536306382,62170698.0,0.9877803081144058,1.0013580322265625,143.04588317871094,181763,62939803.0,0.0,181763,62939803.0,1.0,0.0,reachable_population_only,32.30108174696194,13.843514764675101,31.424313846854275,46.18825562555987,21.805268138663923,0.3788194337795736,0.24567246891903616,0.1367156212376428,0.0,14.799844323362615,5.245196113709968
2023,山东省,370000,63878333.0,0.6316703241972349,35936416.0,0.3553625537661839,1298460.0,0.012840013360353997,99814749.0,0.9870328779634188,101113209.0,0.9998728913237728,1.007080078125,124.15992736816406,221686,101126063.0,0.0,221686,101126063.0,1.0,0.0,reachable_population_only,24.416801289138974,11.084270890588233,24.012313869356692,35.40540854740505,15.344555803269921,0.35778141715449474,0.21614950998107102,0.11947410997750318,0.0,10.903786364645791,4.486828609986505
2023,山西省,140000,17746836.0,0.4690808452065426,12584387.0,0.3326280183333089,5617991.0,0.14849362256138218,30331223.0,0.8017088635398515,35949214.0,0.9502024861012337,1.0031890869140625,196.20826721191406,221451,37833214.0,0.0,221451,37833214.0,1.0,0.0,reachable_population_only,36.79907344652603,11.738856277741249,32.35198974609375,54.19992762083089,29.114936063244986,0.43520870647166787,0.3202923694676613,0.17534643954751528,0.0,23.26622877506813,7.78134684147795
2023,广东省,440000,80478425.0,0.7312299001541819,22823550.0,0.20737560641456362,5332764.0,0.04845368789543055,103301975.0,0.9386055065687455,108634739.0,0.987059194464176,1.00616455078125,159.64805603027344,213230,110058991.0,0.0,213230,110058991.0,1.0,0.0,reachable_population_only,21.898528984290753,6.21291050419532,14.965832339549983,31.736342455889726,20.817480912585143,0.48921334656629156,0.39554984669330234,0.19779389395799973,0.0,17.55477987979937,7.434633080819817
2023,广西壮族自治区,450000,19553764.0,0.4017730499368382,19271382.0,0.3959709201071408,7484142.0,0.1537773779769659,38825146.0,0.797743970043979,46309288.0,0.9515213480209449,1.0054779052734375,267.780517578125,291588,48668680.0,0.0,291588,48668680.0,1.0,0.0,reachable_population_only,39.26231266173523,15.127792777595939,37.8570556640625,55.48515135377318,28.736979086163696,0.4002836129942924,0.2768753889436631,0.15293153605712007,0.0,17.77441095890411,5.907270362396843
2023,新疆维吾尔自治区,650000,10258117.0,0.4454214686357041,4037084.0,0.17529570819729418,2433570.0,0.1056689374305041,14295201.0,0.6207171768329983,16728771.0,0.7263861142635024,1.00433349609375,788.2230224609375,352329,23030136.0,0.0,352329,23030136.0,1.0,0.0,reachable_population_only,56.893892153658584,7.425989179468867,38.39808039665222,98.98269653320312,57.69070167026747,0.5341841403751908,0.4920861117580216,0.26458830269874944,0.0,49.917291333277184,21.91609347241835
2023,江苏省,320000,56632658.0,0.6810085818085303,22692124.0,0.272873139443028,3738861.0,0.044959860919634456,79324782.0,0.9538817212515583,83063643.0,0.9988415821711928,1.0027313232421875,135.11375427246094,133297,83159977.0,0.0,133297,83159977.0,1.0,0.0,reachable_population_only,23.71381850344397,8.097066985129347,19.89168776087014,35.074798839396074,18.38035022076671,0.42818881245298823,0.299928473832557,0.15862811221772954,0.0,15.327835908807428,6.491171749598716
2023,江西省,360000,18707968.0,0.3962438778066343,18858940.0,0.3994415383286228,6728434.0,0.14251151058875042,37566908.0,0.7956854161352571,44295342.0,0.9381969267240075,1.00616455078125,190.103759765625,205410,47213267.0,0.0,205410,47213267.0,1.0,0.0,reachable_population_only,39.71935854303403,17.518113613128662,36.763916015625,55.01941003715042,28.392320710458414,0.39478953620060087,0.2642518983896752,0.14538866062335287,0.0,16.856033219345385,4.836053887071125
2023,河北省,130000,31873390.0,0.4195992651593338,36097243.0,0.4752044459995597,6772879.0,0.08916199536394101,67970633.0,0.8948037111588935,74743512.0,0.9839657065228345,1.0018157958984375,234.73960876464844,267945,75961501.0,0.0,267945,75961501.0,1.0,0.0,reachable_population_only,34.88020265184243,18.786849975585938,34.588954537003126,48.35428100129276,21.79560050872285,0.3458805918122667,0.21002007805677636,0.11768071730443419,0.0,11.754744590280241,3.6233468438645504
2023,河南省,410000,46371545.0,0.4657885350328708,41035339.0,0.4121879147521876,9289486.0,0.09331015550912446,87406884.0,0.8779764497850584,96696370.0,0.9712866052941829,1.0031890869140625,185.6298065185547,228926,99554930.0,0.0,228926,99554930.0,1.0,0.0,reachable_population_only,33.88354342384686,16.213288105709452,31.906518187703966,46.081609051636974,23.47713183437612,0.3783205146991644,0.24408057907556907,0.13286624804737512,0.0,13.306526638852922,4.243354412132162
2023,浙江省,330000,44260833.0,0.7723784279428203,11377971.0,0.19855250700227442,1243524.0,0.021700249343006437,55638804.0,0.9709309349450947,56882328.0,0.9926311842881012,1.005706787109375,177.6166534423828,130355,57304595.0,0.0,130355,57304595.0,1.0,0.0,reachable_population_only,20.522705481083598,7.123008995904073,17.166710711220393,28.865419997963855,17.288071505931253,0.43545545363252847,0.3182459714143256,0.16296959639395248,0.0,14.033174986371778,5.823160728557608
2023,海南省,460000,4537821.0,0.500870542484725,3508569.0,0.387264913793446,937630.0,0.10349267781826402,8046390.0,0.8881354562781709,8984020.0,0.9916281340964349,1.035919189453125,159.17221069335938,37092,9059868.0,0.0,37092,9059868.0,1.0,0.0,reachable_population_only,30.790488751226,8.796507891486673,29.906449579930566,45.58501477511424,22.709947376931666,0.4159563943324903,0.29788207597120525,0.16700763077779934,0.0,20.91703036047408,8.741987829614605
2023,湖北省,420000,32434577.0,0.5351520446432347,19458734.0,0.32105802663215954,6193698.0,0.10219248885541851,51893311.0,0.8562100712753943,58087009.0,0.9584025601308127,1.00341796875,266.66497802734375,245439,60608153.0,0.0,245439,60608153.0,1.0,0.0,reachable_population_only,32.51564994015641,9.184116630370168,27.382736206054688,46.417694091796875,28.335953224550437,0.45815842286625674,0.3544370634092923,0.18655866171825453,0.0,21.213846697280115,7.958256256326131
2023,湖南省,430000,27444279.0,0.3944096464456125,27655813.0,0.39744966255065306,11248377.0,0.16165366908188622,55100092.0,0.7918593089962656,66348469.0,0.9535129780781517,1.001129150390625,232.26699829101562,271165,69583184.0,0.0,271165,69583184.0,1.0,0.0,reachable_population_only,39.43242535981608,16.960045046922637,37.25323416969993,55.98781540099368,27.532757430428934,0.3870506588253937,0.2560404801443722,0.14168897260855906,0.0,15.46272200499364,5.059485499933355
2023,甘肃省,620000,9973820.0,0.3683418670114139,8240574.0,0.3043315813204685,5756644.0,0.21259788112077957,18214394.0,0.6726734483318824,23971038.0,0.885271329452662,1.00067138671875,568.4749755859375,174312,27077617.0,0.0,174312,27077617.0,1.0,0.0,reachable_population_only,47.29777065941523,14.77965986406481,42.844548268533835,68.15563842291263,39.25247521844942,0.4412696366777328,0.3393424862711329,0.1866278537001277,0.0,28.530190641247835,9.067097207078755
2023,福建省,350000,21504706.0,0.5550090815747784,10245842.0,0.264432136778819,5470077.0,0.14117572274242293,31750548.0,0.8194412183535973,37220625.0,0.9606169410960202,1.00067138671875,266.9096374511719,152897,38746584.0,0.0,152897,38746584.0,1.0,0.0,reachable_population_only,33.0042713781701,9.458717223136656,26.46999941556832,49.586605309006686,27.96800456986115,0.4622189608121926,0.3542677223754915,0.18894058585745677,0.0,24.477537322069203,8.395241489325596
2023,西藏自治区,540000,709617.0,0.1644972603378001,353059.0,0.08184307624761437,295215.0,0.06843418169325659,1062676.0,0.2463403365854145,1357891.0,0.3147745182786711,1.000213623046875,1608.0311279296875,134146,4313853.0,0.0,134146,4313853.0,1.0,0.0,reachable_population_only,185.5429655760303,61.726534559920026,173.49095648461645,278.1394958496094,157.56392845469253,0.4396723192810209,0.35005520209981045,0.1992158006046052,0.0,60.42898434363709,6.5061382703623
2023,贵州省,520000,11132232.0,0.3026858348836414,11876118.0,0.32291212508027517,8303470.0,0.22577168256835378,23008350.0,0.6255979599639166,31311820.0,0.8513696425322704,1.0269927978515625,262.85772705078125,206815,36778173.0,0.0,206815,36778173.0,1.0,0.0,reachable_population_only,52.318863218961724,23.889541625976562,48.81958445564645,74.20729956958229,37.30805864695052,0.39337950427389434,0.2673979045781259,0.15024692804027795,0.0,21.899738620111457,4.705674275645527
2023,辽宁省,210000,27177595.0,0.5875950772644557,11079981.0,0.23955549752594743,6322489.0,0.13669581184275767,38257576.0,0.8271505747904032,44580065.0,0.9638463866331608,1.00250244140625,190.6684112548828,212534,46252251.0,0.0,212534,46252251.0,1.0,0.0,reachable_population_only,29.994953375450788,5.439468153054079,20.681008482291027,48.809967041015625,28.143619054990985,0.5093827693344479,0.4345392131976977,0.22978997640439913,0.0,28.154310574447305,13.534474165143711
2023,重庆市,500000,19110805.0,0.6267165111036632,7427888.0,0.24358890440401476,2907384.0,0.09534425980060039,26538693.0,0.870305415507678,29446077.0,0.9656496753082784,1.0036468505859375,250.1190948486328,109903,30493540.0,0.0,109903,30493540.0,1.0,0.0,reachable_population_only,28.559274103649113,7.161887860504551,20.614678449691482,41.42195424725932,26.61912211131745,0.4892222954333819,0.3954565069933988,0.20185663393022735,0.0,19.548637092463924,8.624630420499344
2023,陕西省,610000,18891517.0,0.4780818225111032,12088856.0,0.3059289684652791,5824432.0,0.14739711298208555,30980373.0,0.7840107909763824,36804805.0,0.9314079039584678,1.006622314453125,285.24102783203125,279359,39515238.0,0.0,279359,39515238.0,1.0,0.0,reachable_population_only,37.98313641036328,11.647060121808734,31.92700764779269,55.580760052329616,31.650688192563376,0.45180567575760633,0.34321737118776124,0.18509609752703227,0.0,24.771966527196653,8.050956356960976
2023,青海省,630000,2361644.0,0.39615214871129656,967407.0,0.16227694001650939,776664.0,0.13028090280614285,3329051.0,0.558429088727806,4105715.0,0.6887099915339489,1.0398101806640625,1340.0806884765625,86516,5961457.0,0.0,86516,5961457.0,1.0,0.0,reachable_population_only,113.54482149917322,15.086841466950208,48.11911206926618,136.1389920262269,155.24852129641818,0.642106424332739,0.7334694370554286,0.35859572601656964,0.0,152.16658460229172,25.156455240665768
2023,黑龙江省,230000,16911684.0,0.41863818355557897,10163421.0,0.2515891442951882,7705180.0,0.19073692242409307,27075105.0,0.6702273278507671,34780285.0,0.8609642502748602,1.00250244140625,759.3125,499052,40396898.0,0.0,499052,40396898.0,1.0,0.0,reachable_population_only,48.58058756839918,8.264724171266305,40.05912780761719,70.64832367872829,55.743533800910114,0.5073118085874742,0.47784643025186,0.24469581406766006,0.0,40.70822083604879,15.990718604978202
2023,,,970354.0,0.3131689527190576,1162515.0,0.3751863805066968,609872.0,0.1968281426496692,2132869.0,0.6883553332257544,2742741.0,0.8851834758754236,1.246490478515625,1390.625244140625,20981,3098500.0,0.0,20981,3098500.0,1.0,0.0,reachable_population_only,51.92952090198778,25.386615933371697,43.670981861398666,66.66932128647626,43.86216032523324,0.39322113312736695,0.27326416620040267,0.13411046539899674,0.0,8.488303855244926,3.4734265353859546
2024,上海市,310000,23758440.0,0.9735450446581649,407834.0,0.01671173569237366,235815.0,0.009662946081732014,24166274.0,0.9902567803505385,24402089.0,0.9999197264322706,1.01165771484375,101.42852783203125,9271,24404048.0,0.0,9271,24404048.0,1.0,0.0,reachable_population_only,9.301695837023486,3.3817461368639936,6.722259521484375,12.054419484357343,9.587091618753387,0.4483469203973848,0.35959042055377743,0.1635686337052168,0.0,8.460947503201025,4.748006001737345
2024,云南省,530000,14804027.0,0.3036663127660088,11901278.0,0.24412392705466018,9943728.0,0.20396985339922166,26705305.0,0.547790239820669,36649033.0,0.7517600932198907,1.0077667236328125,400.30218505859375,313976,48750969.0,0.0,313976,48750969.0,1.0,0.0,reachable_population_only,59.56535965458809,23.18101936045787,53.73963256380451,89.69559448521312,44.609123644816066,0.4193464843335435,0.30189311509259514,0.17132737522340102,0.0,29.65423290826358,6.50689268617827
2024,内蒙古自治区,150000,11287794.0,0.4259211240659034,5625576.0,0.2122692576989063,4223142.0,0.15935136553076068,16913370.0,0.6381903817648097,21136512.0,0.7975417472955704,1.0036468505859375,771.7476806640625,280099,26502076.0,0.0,280099,26502076.0,1.0,0.0,reachable_population_only,51.43720999839615,6.862436779857387,40.07366824578382,79.8536416575395,51.203927324218846,0.5190603389451125,0.46642296655498056,0.2513775503606388,0.0,44.65409079027621,18.77979299211851
2024,北京市,110000,20273018.0,0.9744343042099197,460610.0,0.022139485342642675,65213.0,0.0031345004616698652,20733628.0,0.9965737895525624,20798841.0,0.9997082900142322,1.0150909423828125,120.72418212890625,18917,20804910.0,0.0,18917,20804910.0,1.0,0.0,reachable_population_only,8.490142005529913,3.1199782269523046,5.68359375,10.884414490259326,8.578223688675848,0.45692377928571226,0.36259884029131734,0.16604687984525068,0.0,8.727181767648693,4.65180732949328
2024,吉林省,220000,11907004.0,0.4093032637790727,8828671.0,0.3034855665733924,5858014.0,0.20136923187927885,20735675.0,0.7127888303524651,26593689.0,0.9141580622317439,1.00616455078125,255.44837951660156,237184,29090909.0,0.0,237184,29090909.0,1.0,0.0,reachable_population_only,41.77364592601084,8.778604076754663,39.01298299825417,65.62447324059784,32.99678384478946,0.44303923394579237,0.340594380214454,0.1929284405231806,0.0,29.837682856994117,12.689281687872443
2024,四川省,510000,52914885.0,0.618465208074402,23179824.0,0.27092404478036786,4786902.0,0.055948951631696275,76094709.0,0.8893892528547699,80881611.0,0.9453382044864661,1.0050201416015625,647.5165405273438,318015,85558386.0,0.0,318015,85558386.0,1.0,0.0,reachable_population_only,32.353129870698496,9.533064794308556,23.009262084960938,39.58717346191406,41.949811724109594,0.5144581661749454,0.4995829424036549,0.22855421568106338,0.0,20.031878831590337,6.678637770897833
2024,天津市,120000,12889106.0,0.9415281426137875,800114.0,0.05844702094150579,340.0,2.4836444706769247e-05,13689220.0,0.9999751635552933,13689560.0,1.0,1.00341796875,65.05302429199219,16872,13689560.0,0.0,16872,13689560.0,1.0,0.0,reachable_population_only,11.365024266676338,3.085109067126239,7.280666377994564,18.228999829180687,10.029709578582262,0.4742847532893346,0.3664467240263392,0.1852268973924982,0.0,13.777410598371297,7.762344531808434
2024,宁夏回族自治区,640000,3519918.0,0.526770517703269,2022058.0,0.3026094754156309,1048939.0,0.15697812848741055,5541976.0,0.8293799931188998,6590915.0,0.9863581216063104,1.0201263427734375,179.93316650390625,38840,6682071.0,0.0,38840,6682071.0,1.0,0.0,reachable_population_only,31.22697547377923,6.888068513179507,27.218035403813158,48.58840748415155,25.117120695096613,0.4513827028134788,0.34521456695952746,0.19031799286687268,0.0,24.539579158316634,11.137807260666092
2024,安徽省,340000,30006191.0,0.475747420982132,26703509.0,0.42338347902681656,5626204.0,0.08920332617090103,56709700.0,0.8991309000089486,62335904.0,0.9883342261798496,1.0013580322265625,153.25721740722656,180852,63071684.0,0.0,180852,63071684.0,1.0,0.0,reachable_population_only,32.07760585730894,13.836091747720733,31.403274536132812,45.75297466544218,21.638020647203618,0.3779376282526299,0.24541461854157504,0.13675845473919124,0.0,14.893960873263397,5.253756747556291
2024,山东省,370000,66157015.0,0.6528400915742301,34010480.0,0.3356167879957026,1161798.0,0.01146466950951093,100167495.0,0.9884568795699327,101329293.0,0.9999215490794435,1.0022735595703125,114.81719970703125,221617,101337243.0,0.0,221617,101337243.0,1.0,0.0,reachable_population_only,23.65523858007892,10.536776109175248,23.0401611328125,34.49350330998989,15.069689552165721,0.3621252394484601,0.22053191718603238,0.12140353756195443,0.0,10.995858022205603,4.600284292821606
2024,山西省,140000,18472795.0,0.4872905521614806,12811486.0,0.33795189558207506,5382438.0,0.14198236839606218,31284281.0,0.8252424477435557,36666719.0,0.9672248161396179,1.0031890869140625,196.37924194335938,220383,37909200.0,0.0,220383,37909200.0,1.0,0.0,reachable_population_only,34.773684798729136,11.095826013516618,30.869664573863336,51.67804110838921,27.309702838007464,0.43240327113428134,0.31648777745743073,0.17331489058266014,0.0,22.479670722977808,7.795763614714545
2024,广东省,440000,82482935.0,0.7479305829050008,21364256.0,0.1937246830924683,5065698.0,0.04593423425052342,103847191.0,0.9416552659974692,108912889.0,0.9875895002479925,1.00616455078125,172.6142120361328,212610,110281538.0,0.0,212610,110281538.0,1.0,0.0,reachable_population_only,21.07017417751919,5.7601221974830565,14.106747953598681,30.186080932617188,20.527850714404046,0.4966964552352463,0.408949297867535,0.2030831630138873,0.0,17.856808492852963,7.636204569314603
2024,广西壮族自治区,450000,20186914.0,0.41395391756853994,19760897.0,0.40521799061602026,6725618.0,0.13791587556025098,39947811.0,0.8191719081845602,46673429.0,0.9570877837448112,1.0054779052734375,290.69525146484375,291053,48766090.0,0.0,291053,48766090.0,1.0,0.0,reachable_population_only,38.099160643570265,14.877997178297777,36.78497314453125,53.570783026864596,28.069445358315424,0.39988601863435314,0.27708427642392996,0.1524232237476043,0.0,17.493546404425324,5.745447518585037
2024,新疆维吾尔自治区,650000,10382789.0,0.4499158865958394,4125905.0,0.17878724166360377,2437497.0,0.10562370321015854,14508694.0,0.6287031282594432,16946191.0,0.7343268314696016,1.00433349609375,721.0595092773438,299090,23077178.0,0.0,299090,23077178.0,1.0,0.0,reachable_population_only,55.13392744317515,7.155273955514263,37.70027160644531,95.95595273104581,55.11358648360561,0.5318746256163045,0.4871535071856695,0.26330581544947995,0.0,50.66652132205459,22.367269627805662
2024,江苏省,320000,59312720.0,0.7117791893637633,20911093.0,0.25094247615436055,3016501.0,0.03619936223621141,80223813.0,0.9627216655181239,83240314.0,0.9989210277543352,1.0031890869140625,134.7308349609375,132965,83330225.0,0.0,132965,83330225.0,1.0,0.0,reachable_population_only,22.28125878741381,7.446964443327375,18.10000412621533,32.75917309086497,17.72366038894837,0.4354517910640099,0.30954734942902457,0.16207582186053493,0.0,15.067719928186715,6.524956763061577
2024,江西省,360000,20566401.0,0.4347092940920341,17555357.0,0.37106525585121336,6399553.0,0.13526650419461136,38121758.0,0.8057745499432475,44521311.0,0.9410410541378589,1.00616455078125,182.3682403564453,203816,47310700.0,0.0,203816,47310700.0,1.0,0.0,reachable_population_only,38.00190675054548,15.356274368171405,34.1033203125,53.411373480042414,28.307180749614847,0.4094579587367452,0.28159037661919956,0.1531746536368468,0.0,17.738205074439087,5.318590072962697
2024,河北省,130000,32039069.0,0.42088359222236016,36248284.0,0.47617825542359865,6662791.0,0.08752624523224477,68287353.0,0.8970618476459589,74950144.0,0.9845880928782036,1.0089111328125,234.68467712402344,266481,76123350.0,0.0,266481,76123350.0,1.0,0.0,reachable_population_only,34.70326326761556,18.69477952120869,34.449462890625,48.05168151855469,21.708389655447533,0.3461442644496723,0.21073347320480737,0.11827876768936196,0.0,11.854864075488655,3.631320121802283
2024,河南省,410000,46761776.0,0.4687378324876208,41174719.0,0.412733437184825,9058369.0,0.0908006627236112,87936495.0,0.8814712696724458,96994864.0,0.972271932396057,1.0031890869140625,186.03607177734375,228593,99761045.0,0.0,228593,99761045.0,1.0,0.0,reachable_population_only,33.65809946431468,16.153253820668095,31.69124910146883,45.81858734031776,23.364445346233193,0.3788288358735381,0.2450387402475327,0.1334667098787391,0.0,13.40808572820263,4.272250492289095
2024,浙江省,330000,44607887.0,0.7770104482111679,11209572.0,0.1952559322968012,1187154.0,0.0206786540155036,55817459.0,0.9722663805079691,57004613.0,0.9929450345234727,1.005706787109375,176.89430236816406,129525,57409636.0,0.0,129525,57409636.0,1.0,0.0,reachable_population_only,20.34656804699083,7.052349555783156,17.004185062946338,28.59164302056957,17.1578649371655,0.43579614153604085,0.3185361114762206,0.1629901135306301,0.0,13.939568569426058,5.836402296406549
2024,海南省,460000,5034738.0,0.5545489200933277,3391418.0,0.37354618839849724,628529.0,0.06922903996143179,8426156.0,0.9280951084918249,9054685.0,0.9973241484532567,1.0123443603515625,139.35928344726562,36299,9078979.0,0.0,36299,9078979.0,1.0,0.0,reachable_population_only,27.68313976640181,7.790931310409155,26.144530647679378,42.57158138418066,20.495997419808646,0.4191244532684558,0.3008195780430633,0.1680429550736855,0.0,20.523275284661754,9.081028207461328
2024,湖北省,420000,32942546.0,0.5424214919567777,19466921.0,0.3205361338077733,5937290.0,0.09776153002806938,52409467.0,0.862957625764551,58346757.0,0.9607191557926203,1.00341796875,259.8101806640625,244783,60732376.0,0.0,244783,60732376.0,1.0,0.0,reachable_population_only,31.914043305895035,8.710698621915945,26.836645436841387,45.43968200683594,27.855960073385724,0.46016993611183465,0.3575037629184357,0.1884622711009245,0.0,21.89401366607249,8.149781976744187
2024,湖南省,430000,30712941.0,0.44049266545244226,27200411.0,0.39011508350150936,9303748.0,0.13343667593467615,57913352.0,0.8306077489539516,67217100.0,0.9640444248886277,1.001129150390625,208.45962524414062,270797,69724069.0,0.0,270797,69724069.0,1.0,0.0,reachable_population_only,36.295146608679104,15.157928466796875,33.61724533401169,51.75429025791035,26.0572169890162,0.39647735835520825,0.2666918711122321,0.14641698448344065,0.0,16.38830042050354,5.240669186021825
2024,甘肃省,620000,10079655.0,0.3714531094416441,8488452.0,0.312814465350862,5711759.0,0.2104884185948126,18568107.0,0.6842675747925061,24279866.0,0.8947559933873187,1.0027313232421875,543.592041015625,170194,27135740.0,0.0,170194,27135740.0,1.0,0.0,reachable_population_only,46.092383844225125,14.297040385584678,42.13163186457059,67.00026806802845,37.85136632261904,0.4377698674836995,0.334818926664089,0.18474714963447902,0.0,28.23249576510446,9.038880337495012
2024,福建省,350000,21584585.0,0.5559188063234359,10221363.0,0.2632549070532759,5475765.0,0.14103031133133434,31805948.0,0.8191737133767119,37281713.0,0.9602040247080462,1.002960205078125,266.9034423828125,152180,38826866.0,0.0,152180,38826866.0,1.0,0.0,reachable_population_only,32.808240100506424,9.08551084227013,26.069561686114366,49.56539990384574,28.077587078466756,0.4671237238109849,0.361931988544969,0.19306556274960762,0.0,25.649143211599597,8.986037065244986
2024,西藏自治区,540000,727459.0,0.16825821308264569,370654.0,0.08573071432470415,309060.0,0.0714842806746806,1098113.0,0.25398892740734985,1407173.0,0.32547320808203045,1.000213623046875,1578.74609375,112065,4323468.0,0.0,112065,4323468.0,1.0,0.0,reachable_population_only,179.9947903879749,58.622843424479164,172.2406768798828,253.3367156982422,154.56135946374428,0.4402753381944646,0.35367427304093085,0.200633125363324,0.0,63.59664446942835,6.522949699613864
2024,贵州省,520000,12127567.0,0.3290794961311292,13108165.0,0.35568785836464173,7522986.0,0.20413496312009977,25235732.0,0.6847673544957709,32758718.0,0.8889023176158707,1.0269927978515625,263.6668395996094,206630,36853001.0,0.0,206630,36853001.0,1.0,0.0,reachable_population_only,47.71481568620559,21.81884765625,44.5953369140625,66.56089782714844,33.66413474119498,0.3916826887560807,0.26418500764058767,0.1485387916343417,0.0,21.23664161970361,4.691906846026611
2024,辽宁省,210000,27347615.0,0.5900240688246833,11169813.0,0.24098841943880084,6248332.0,0.1348075972989773,38517428.0,0.8310124882634841,44765760.0,0.9658200855624614,1.00250244140625,190.6684112548828,210828,46349999.0,0.0,210828,46349999.0,1.0,0.0,reachable_population_only,29.75140702217388,5.311498212163484,20.638504028320312,48.612749835094775,27.888145886051614,0.5092025060532928,0.43455371692290296,0.23006175712514088,0.0,28.130099957176814,13.668356712297898
2024,重庆市,500000,19404386.0,0.6350165245331123,7570476.0,0.24774694538550912,2707357.0,0.08859937298765307,26974862.0,0.8827634699186214,29682219.0,0.9713628429062745,1.0036468505859375,243.84201049804688,109903,30557293.0,0.0,109903,30557293.0,1.0,0.0,reachable_population_only,27.712163865082402,7.100003594383199,20.200653076171875,40.02603098226432,25.659608775598553,0.48541858891313716,0.389329301089626,0.1985198774498943,0.0,18.772858002809176,8.353936293117677
2024,陕西省,610000,18872366.0,0.47665237907485114,12187682.0,0.3078197837360583,5895145.0,0.14889150036838059,31060048.0,0.7844721628109095,36955193.0,0.93336366317929,1.0063934326171875,274.6202087402344,275584,39593563.0,0.0,275584,39593563.0,1.0,0.0,reachable_population_only,37.87631207891553,11.372986292128317,32.04999194553095,55.61382954915364,31.468968313000115,0.4512347527790673,0.34281542789523695,0.18530681875230026,0.0,24.655273642273013,8.315607078234734
2024,青海省,630000,2379739.0,0.39830934288487935,966402.0,0.1617517490710675,801205.0,0.13410186455997053,3346141.0,0.5600610919559469,4147346.0,0.6941629565159174,1.0235595703125,1187.4326171875,67823,5974600.0,0.0,67823,5974600.0,1.0,0.0,reachable_population_only,111.58593400373843,15.027266663390321,47.2698075110171,133.79119622902792,152.64972305788552,0.6419235179436706,0.7336666277844102,0.35840519485290323,0.0,154.40869828294117,24.13612235717499
2024,黑龙江省,230000,17092083.0,0.4222435862802727,10363661.0,0.25602434692325077,7804384.0,0.19279985294176138,27455744.0,0.6782679332035234,35260128.0,0.8710677861452848,1.00250244140625,631.2185668945312,461462,40479201.0,0.0,461462,40479201.0,1.0,0.0,reachable_population_only,46.319915294134894,8.001237600645837,39.39216613769531,68.97972106933594,48.14997279142316,0.494148775022189,0.4426374359905897,0.23396534567247784,0.0,39.80923882550963,15.935403488594979
2024,,,999196.0,0.32221132271631164,1176207.0,0.37929216415816797,597704.0,0.1927419609694498,2175403.0,0.7015034868744796,2773107.0,0.8942454478439293,1.0352325439453125,1378.7027587890625,20620,3101058.0,0.0,20620,3101058.0,1.0,0.0,reachable_population_only,50.72945391098321,24.55780535709352,43.00018176990734,65.09894391039869,43.251060534668845,0.39355530700170194,0.2753220313090695,0.1349359690451486,0.0,8.529882997786444,3.497369395241354
