省级,地级,city_level,new_hosp_beds,expanded_beds,decreased_beds,closed_beds,city_pop,net_SEE_beds,net_CIE_beds,net_total_beds,SEE_city,CIE_city,Dominance_city,acc_median,acc_gini,acc_theil,acc_atkinson_05,acc_zero_access_pop_pct,acc_p90_p10,acc_p80_p20,acc_delta,gini_delta,theil_delta,atkinson_05_delta,zero_access_pop_pct_delta,p90_p10_delta,p80_p20_delta
上海市,上海市,Mega City,710.0,599.0,0.0,0.0,24012688.5,710.0,599.0,1309.0,0.2956770125927382,0.2494514514690848,0.04622556112365342,19.773350728117933,0.1170259472473831,0.0393694051696378,0.0277311800087983,1.010216451714928,1.7529822200184175,1.3653629307822202,0.5681817530991715,0.008825216543168798,0.001481050180540698,-0.0001288975728746984,-0.24610304787820558,0.11163963465543203,0.06408769927917746
云南省,临沧市,Small City,0.0,0.0,0.0,0.0,2539690.5,0.0,0.0,0.0,0.0,0.0,0.0,0.0,0.8672665322461885,1.881816004104638,0.8399227260420108,82.33141458846323,,,0.0,-0.00015024405395958063,-0.0014438833272669704,-0.00031046808280232874,-0.052319960280826194,,
云南省,丽江市,Small City,0.0,0.0,0.0,0.0,1296085.0,0.0,0.0,0.0,0.0,0.0,0.0,0.0,0.7445776107639046,1.2553289725638213,0.7023405500993052,66.86014981527302,,,0.0,-0.003407275065850923,-0.017411355795259542,-0.009292970571281756,-2.592679236114961,,
云南省,保山市,Small City,0.0,0.0,0.0,0.0,2616173.0,0.0,0.0,0.0,0.0,0.0,0.0,4.208083240465186,0.5794180008112885,0.728500300169223,0.4998239843988097,46.66626976676024,,,2.9330644111246063,-0.029383830640866693,-0.053704105675445035,-0.02260978637252853,-2.0372712996407856,,
云南省,大理白族自治州,Small City,0.0,0.0,0.0,0.0,3606577.5,0.0,0.0,0.0,0.0,0.0,0.0,11.882866661170484,0.4620712155520584,0.416440087322563,0.298224034974505,23.28920595636539,,,0.39761394513026005,-0.031027002051534247,-0.049583787950690295,-0.026743140759071804,-1.442297549022868,,
云南省,德宏傣族景颇族自治州,Small City,0.0,0.0,0.0,0.0,1260491.0,0.0,0.0,0.0,0.0,0.0,0.0,0.0,0.7067643383774806,1.0652450237768845,0.6317588216348594,58.58251899635558,,,0.0,-0.008723955159490315,-0.04016095995137503,-0.015419766153512149,-1.068749216751577,,
云南省,怒江傈僳族自治州,Small City,1071.0,0.0,0.0,0.0,553477.0,1071.0,0.0,1071.0,19.350397577496445,0.0,19.350397577496445,0.0,0.7529680776476125,1.2671879876361236,0.7095362663687403,69.39887654637222,,,0.0,0.7529680776476125,1.2671879876361236,0.7095362663687403,-30.60112345362778,,
云南省,文山壮族苗族自治州,Small City,0.0,0.0,0.0,0.0,3666431.5,0.0,0.0,0.0,0.0,0.0,0.0,0.0,0.8127277592378769,1.4402372139890258,0.7362093619255172,68.28549873823829,,,0.0,-0.02203793800858922,-0.12754872518084426,-0.030343512652078464,-3.075637753571158,,
云南省,昆明市,Super City,1042.0,0.0,0.0,0.0,6718033.5,1042.0,0.0,1042.0,1.5510491276948828,0.0,1.5510491276948828,47.45820358276367,0.3005918742729565,0.258429815058199,0.2051645586689393,15.220768172834877,,7.653380348879236,1.9812588755643432,0.0012556833364899544,0.0010881521498183333,0.00019197338124518626,-0.11238873909481484,,0.043357529723757615
云南省,昭通市,Small City,0.0,0.0,0.0,0.0,5418434.0,0.0,0.0,0.0,0.0,0.0,0.0,0.0,0.8007020340078379,1.4456656199616724,0.7510133477591557,72.28314296101509,,,0.0,0.003850512263051775,0.005974241983138118,-0.00029458293443862527,-0.11381437863312271,,
云南省,普洱市,Small City,985.0,0.0,0.0,0.0,2648619.0,985.0,0.0,985.0,3.718919180146333,0.0,3.718919180146333,0.0,0.8594099537229465,1.8419347246421407,0.8367772963132358,82.79888404409994,,,0.0,0.0002254696407819612,0.00028845334562066505,-0.00013408322823516006,-0.05706493574271576,,
云南省,曲靖市,Medium-sized City,0.0,0.0,0.0,0.0,6100837.0,0.0,0.0,0.0,0.0,0.0,0.0,6.464696296372901,0.6211730290875617,0.7405519544671435,0.4779047172313149,40.5076159743495,,,0.06516053415922851,-0.0011927989838488307,-0.0031359612277310767,-0.001438694558105802,0.01684793874157009,,
云南省,楚雄彝族自治州,Small City,0.0,0.0,0.0,0.0,2798809.0,0.0,0.0,0.0,0.0,0.0,0.0,0.6408119166522982,0.666743256182752,0.9051696369416103,0.5588479890423059,46.569797494391295,,,0.4222272990709687,-0.01891011279571131,-0.05194614175539802,-0.01946167216123329,-1.5565715446859727,,
云南省,玉溪市,Medium-sized City,0.0,0.0,0.0,0.0,2433361.5,0.0,0.0,0.0,0.0,0.0,0.0,11.901332360726816,0.5088631303799368,0.5025146899770234,0.3519988617412612,28.054132477927595,,,-0.13487865060850268,-0.0031835320725135396,-0.01791136465338128,-0.018104770738660403,-3.29395028914092,,
云南省,红河哈尼族彝族自治州,Small City,0.0,0.0,0.0,0.0,4670158.0,0.0,0.0,0.0,0.0,0.0,0.0,0.0,0.6868076557044793,0.9453046561079718,0.5786245866789126,51.61231082741979,,,0.0,-0.008738440152968097,-0.02598521901412143,-0.010469413354278423,-1.4806863684560554,,
云南省,西双版纳傣族自治州,Small City,0.0,0.0,0.0,0.0,1182523.5,0.0,0.0,0.0,0.0,0.0,0.0,0.0,0.712866874675925,1.0318031913452992,0.5982871830279699,52.09629689685226,,,0.0,0.008468385283117885,0.029360230719743363,0.0042899938295963835,-0.2060268925426314,,
云南省,迪庆藏族自治州,Small City,386.0,0.0,0.0,0.0,415824.0,386.0,0.0,386.0,9.282773481088153,0.0,9.282773481088153,0.0,0.7140965457203947,1.1549002101754005,0.6787272041500412,66.82281587199446,,,0.0,-0.28281914890607807,-4.383943411714985,-0.3168518314535572,-32.66293199753241,,
内蒙古自治区,乌兰察布市,Small City,450.0,0.0,0.0,0.0,2228250.5,450.0,0.0,450.0,2.0195215932858535,0.0,2.0195215932858535,0.853397271675723,0.6582952570008345,0.8783700826286576,0.5452004789253073,46.75409932967894,,,0.853397271675723,-0.028385013088061628,-0.08773314585765846,-0.03481207568019229,-3.8709366513806387,,
内蒙古自治区,乌海市,Medium-sized City,500.0,0.0,0.0,0.0,548679.5,500.0,0.0,500.0,9.112788066621771,0.0,9.112788066621771,19.976875222637045,0.1486445735598983,0.0798703032909346,0.0667592962795623,5.236695811989919,2.1201587555203765,1.3060682704205204,8.652222888551588,-0.023051084238625813,-0.025341802370104805,-0.022150140860907705,-1.6380828537615955,-0.5613835916636569,-0.13624675326195046
内蒙古自治区,兴安盟,Small City,0.0,0.0,0.0,0.0,1682248.0,0.0,0.0,0.0,0.0,0.0,0.0,0.0,0.7353545245396907,1.1819969810326116,0.6763657682811722,64.24800137692814,,,0.0,-0.005052869465491772,-0.02449424885837792,-0.007696649445186776,-0.7498016531042566,,
内蒙古自治区,包头市,Type II Large City,0.0,0.0,0.0,0.0,2768487.0,0.0,0.0,0.0,0.0,0.0,0.0,28.26653978011787,0.2326113709061678,0.2023515359071916,0.1697920194722274,13.951789179631303,,2.4808962603581333,-0.13792019623475227,-0.00034744001868541874,0.00018914664031149941,0.00032669908435600803,0.041168368817267265,,-0.011004450896586526
内蒙古自治区,呼伦贝尔市,Small City,0.0,0.0,0.0,0.0,2857300.0,0.0,0.0,0.0,0.0,0.0,0.0,0.0,0.6709654438219714,0.9343229125064972,0.5858045609719897,54.89070214311648,,,0.0,-0.0031629689375149983,-0.007653909168855111,-0.002944651744096971,-0.20985929879056897,,
内蒙古自治区,呼和浩特市,Type II Large City,0.0,0.0,0.0,0.0,2991999.0,0.0,0.0,0.0,0.0,0.0,0.0,48.59661743615607,0.2645616829776199,0.2087796405493781,0.1670225015543179,10.452962253812894,,2.9193559436820493,-0.050144009585324056,0.0002981318796024812,0.0007035722826536916,0.0005997625660970896,0.052425562498775946,,0.03873044992428154
内蒙古自治区,巴彦淖尔市,Small City,0.0,0.0,0.0,0.0,1741389.0,0.0,0.0,0.0,0.0,0.0,0.0,7.521058530405061,0.582242017539645,0.6730383400248059,0.4518247768897132,37.80381036144482,,,1.0215296232352555,-0.013191878909069255,-0.03266634997301554,-0.017743698710263933,-1.9716691946907545,,
内蒙古自治区,赤峰市,Type II Large City,898.0,0.0,0.0,0.0,4539249.0,898.0,0.0,898.0,1.9783008158398008,0.0,1.9783008158398008,2.89199223200921,0.6348128123061779,0.8060034740673724,0.5209517303863981,46.46092255596482,,,2.89199223200921,-0.07356928738738244,-0.23121258588856552,-0.09867552447887473,-10.81369417315247,,
内蒙古自治区,通辽市,Small City,0.0,0.0,200.0,0.0,3282979.0,0.0,-200.0,-200.0,0.0,-0.6092028002615917,0.6092028002615917,0.0,0.7138392419423647,1.0804725430364446,0.6386108088777862,59.16406008840824,,,0.0,-0.006584981350331587,-0.020185144966162527,-0.00694492685071868,-0.8558068773612106,,
内蒙古自治区,鄂尔多斯市,Medium-sized City,906.0,0.0,0.0,0.0,2078199.5,906.0,0.0,906.0,4.359542960144105,0.0,4.359542960144105,4.727276808649137,0.5965487113699723,0.7413915581254461,0.4929158888790014,43.0237318335996,,,2.3705620301728456,-0.016473226651864126,-0.0349614134481232,-0.018163742562207652,-2.792606975524258,,
内蒙古自治区,锡林郭勒盟,Small City,0.0,0.0,0.0,0.0,1072444.5,0.0,0.0,0.0,0.0,0.0,0.0,0.0,0.7994602847864993,1.563528464156457,0.7882761841711061,78.404338631532,,,0.0,-0.0012991278754425073,-0.005920748728353908,-0.001230832833597928,-0.14061273177077283,,
内蒙古自治区,阿拉善盟,Small City,0.0,0.0,0.0,0.0,253287.0,0.0,0.0,0.0,0.0,0.0,0.0,0.0,0.646679297840434,0.9217289661736532,0.5888459249420548,56.7315500264106,,,0.0,-0.028193596085938633,-0.05987334175453396,-0.014584977439793256,0.06100812643907716,,
北京市,北京市,Mega City,930.0,1047.0,0.0,0.0,20452276.0,930.0,1047.0,1977.0,0.45471711803615406,0.5119234651439283,-0.057206347107774225,25.38699330087946,0.135539744542489,0.0538435486367843,0.0363248088186015,0.4674244388661261,1.9479669023187527,1.4167527463022187,0.951831205085206,0.002032578365236376,0.0003748310410214978,0.00023351174849799844,0.022277768783014795,-0.024710438354863307,0.014512778010509209
吉林省,吉林市,Type II Large City,0.0,0.0,0.0,0.0,4614981.5,0.0,0.0,0.0,0.0,0.0,0.0,12.894802520149632,0.5326059552666595,0.5575111902358412,0.3819910774818112,29.69088781053465,,,0.0005869227169537083,-0.0075514953158849485,-0.017755890416492948,-0.009195603433543809,-0.3788021622999125,,
吉林省,四平市,Small City,0.0,700.0,0.0,0.0,2376368.5,0.0,700.0,700.0,0.0,2.9456710943609963,-2.9456710943609963,10.878708407841398,0.4751216943591164,0.4880935969728728,0.3527465586827277,27.58497543620535,,,3.3544403425292852,-0.044914214027031496,-0.08538540708508535,-0.05125166835314393,-5.700885523548646,,
吉林省,延边朝鲜族自治州,Small City,0.0,0.0,0.0,0.0,2364671.0,0.0,0.0,0.0,0.0,0.0,0.0,2.187048112299115,0.608798332396695,0.7746637822036371,0.5116485285309749,45.61580547831146,,,1.808991883651648,-0.010301155363184433,-0.03747034313472186,-0.020306725205390563,-1.7197139825152945,,
吉林省,松原市,Small City,0.0,0.0,0.0,0.0,3004871.5,0.0,0.0,0.0,0.0,0.0,0.0,0.1193922459075747,0.6384168097318463,0.8543981155867685,0.5480280279869691,49.31192104228753,,,0.1193922459075747,-0.012419203314110838,-0.04836340848989196,-0.026037477187097702,-4.0829629161516365,,
吉林省,辽源市,Small City,0.0,0.0,0.0,0.0,1221248.0,0.0,0.0,0.0,0.0,0.0,0.0,8.790313472906938,0.2996304480572495,0.1642455528299918,0.0977822608134373,1.4621843243375818,7.36861880273859,2.801592485804721,3.971679871025632,0.017309525628127875,0.024418712461504094,0.018707913452635103,-0.10630515263576235,2.775085674063469,0.5820110135523602
吉林省,通化市,Small City,1000.0,184.0,0.0,0.0,2416037.5,1000.0,184.0,1184.0,4.139008603964135,0.7615775831294009,3.3774310208347345,10.857902033899046,0.3865251463867092,0.3277273162203047,0.2460751343568592,18.359394048090348,,28.288399741894043,3.8559699228476987,-0.022205785868894767,-0.03141999787322258,-0.022580217673607766,-2.820037453190835,,
吉林省,长春市,Type I Large City,0.0,0.0,0.0,0.0,9153462.0,0.0,0.0,0.0,0.0,0.0,0.0,20.68481353944348,0.4943155236792426,0.5387335719861442,0.3808522147350593,29.135670473815946,,,0.16157058900402532,-0.0030118412409840256,-0.00512076328192379,-0.002472613003368762,-0.11693788134601135,,
四川省,乐山市,Medium-sized City,0.0,0.0,0.0,0.0,3377372.0,0.0,0.0,0.0,0.0,0.0,0.0,8.149749498737084,0.4222338172788337,0.3598937608382859,0.2623062464855944,19.797576020589457,,138.02745239571556,-0.07681260904195497,-0.0087153869081536,-0.030089894027975517,-0.025383738677101864,-2.6360413542830976,,
四川省,内江市,Medium-sized City,0.0,0.0,0.0,0.0,3821072.0,0.0,0.0,0.0,0.0,0.0,0.0,18.94361114501953,0.2882288986481633,0.1571593467324552,0.0971822368547595,1.3546293226618262,6.665175330877185,2.982778441435542,0.5382194519042969,-0.003078181920587564,-0.01002060218668488,-0.01344302706781629,-2.486570599422518,-0.8769442881366318,0.0010086024600890475
四川省,凉山彝族自治州,Small City,1230.0,0.0,0.0,0.0,4715373.5,1230.0,0.0,1230.0,2.6084890200108224,0.0,2.6084890200108224,0.0,0.7930118850383552,1.4158401890751424,0.7451458953046878,72.25081148379256,,,0.0,-0.006088331333885977,-0.03047458610212006,-0.0072041223964499634,-0.5918065997462918,,
四川省,南充市,Type II Large City,1600.0,0.0,0.0,0.0,6537105.0,1600.0,0.0,1600.0,2.447566621616143,0.0,2.447566621616143,13.753403076456337,0.3714568387023632,0.2458421299105306,0.1560714393028591,5.501924177465107,16.375601916961276,4.300512295026378,3.4751065623586452,-0.0903581080655454,-0.1397813227202296,-0.0939715381533886,-6.365813100749105,,-9.290099105502472
四川省,巴中市,Small City,0.0,0.0,0.0,0.0,3395600.5,0.0,0.0,0.0,0.0,0.0,0.0,7.138925075531006,0.5407899854597513,0.5841860407685288,0.4056278312195168,33.392812725473355,,,-0.5747215998800179,0.004270010084865161,0.007343841318141919,0.0029719362250748005,0.02371758954064518,,
四川省,广元市,Small City,0.0,0.0,0.0,0.0,2604503.0,0.0,0.0,0.0,0.0,0.0,0.0,14.885926246643066,0.5694757230628257,0.6043892528720266,0.3793658045705455,21.90368018718716,,,0.9365683964320599,-0.01199073933792294,-0.03192202071998984,-0.01620168599317323,-0.3844195559174288,,
四川省,广安市,Small City,0.0,0.0,0.0,0.0,3573482.5,0.0,0.0,0.0,0.0,0.0,0.0,5.55650209915949,0.4358178466090679,0.3179002329737053,0.1817898635847573,3.844815383953673,15.021287854843152,6.181570551085563,-0.016987411623802018,-0.008481999414348074,-0.010831030784020423,-0.0019887112754652103,1.0043050470890602,0.5689160416762071,0.1705702329856793
四川省,德阳市,Medium-sized City,0.0,49.0,0.0,0.0,3795324.5,0.0,49.0,49.0,0.0,0.1291062200346769,-0.1291062200346769,14.43299021779755,0.338726116322904,0.202348551703869,0.1205358871876376,1.1537320233308674,9.61554810652142,3.845477366327647,1.5424597167602023,-0.04096210883865742,-0.05852120142571399,-0.042231894717560906,-2.640919964235281,-11.191772000074959,-2.2701694644012864
四川省,成都市,Mega City,4183.0,705.0,0.0,0.0,15765507.0,4183.0,705.0,4888.0,2.6532606912039047,0.4471787681804334,2.206081923023471,31.199769827618024,0.1961431279744877,0.0782395368572139,0.0459447216156544,0.0954756232545585,2.967920097895747,1.9848704495878295,3.3779017370556055,-0.011375616198390781,-0.013982421002458403,-0.012537645689614699,-0.7866828413931588,-0.2117337836559252,-0.05563063840436033
四川省,攀枝花市,Medium-sized City,0.0,0.0,0.0,0.0,1267558.0,0.0,0.0,0.0,0.0,0.0,0.0,34.47715413728829,0.2854623577956861,0.2242633518603966,0.1726479436793552,11.277187504676805,,5.451670672817346,-0.03707981029414498,-0.008878312906583807,-0.010401646242821722,-0.008453708120991693,-0.6870684371920852,,-0.23204518616545933
四川省,泸州市,Type II Large City,0.0,0.0,0.0,0.0,4382039.0,0.0,0.0,0.0,0.0,0.0,0.0,10.935380935668944,0.4989854761414208,0.5064899720357967,0.3634542399146488,30.400271117018512,,,0.7398709602726292,-0.010382626736434364,-0.018323398168404115,-0.00917856721187188,-0.4517248567809986,,
四川省,甘孜藏族自治州,Small City,0.0,0.0,0.0,0.0,1139372.0,0.0,0.0,0.0,0.0,0.0,0.0,0.0,0.9228937264729864,2.3839537645886284,0.9015160020781304,89.03486941495234,,,0.0,0.0005235218685027965,0.010434436891898713,0.0014815339036468034,0.25244509367860246,,
四川省,眉山市,Medium-sized City,1200.0,0.0,0.0,0.0,3080864.5,1200.0,0.0,1200.0,3.895010637436343,0.0,3.895010637436343,13.72463030908622,0.2942323898148824,0.1458479942516893,0.0815513484202757,0.5079830302881033,5.347613822066483,2.878537461397864,2.7644433973649534,-0.07275819683859586,-0.08424809943471731,-0.053713830032834614,-2.0011554731429806,-3.833554382239541,-1.2088251366129765
四川省,绵阳市,Type II Large City,1300.0,0.0,0.0,0.0,4821204.0,1300.0,0.0,1300.0,2.696421889635867,0.0,2.696421889635867,13.129601983152268,0.4099006490004268,0.3186361497381416,0.2099493961462265,8.759689729838984,125.43271545574392,11.007566531474096,2.6441243067606663,-0.0014077937645767258,-0.007368353597529909,-0.013321004269412878,-3.8670972962106287,,0.5274251119136988
四川省,自贡市,Medium-sized City,1200.0,0.0,0.0,0.0,2813196.0,1200.0,0.0,1200.0,4.26561107011385,0.0,4.26561107011385,21.78749788022827,0.2491345232115914,0.1327498355494261,0.0915413943870073,3.780583888758757,5.048715221772212,2.3425472125291167,1.7134725862422648,0.0010412842324194205,-0.0010605563792178974,-0.002105190247911101,-0.016431988868585545,0.24447893526799636,0.06131986309049475
四川省,资阳市,Small City,0.0,0.0,0.0,0.0,2731142.5,0.0,0.0,0.0,0.0,0.0,0.0,5.969041068667457,0.4051514835825925,0.2714115661660246,0.1492977946531761,0.9310656938467446,11.580408099278891,5.738023269204146,-0.2035593438127279,-0.02910308544434348,-0.056263678404488815,-0.05035866086241078,-5.77206707956834,-15.374160530026309,-1.1282382933866115
四川省,达州市,Medium-sized City,0.0,0.0,0.0,0.0,5724186.5,0.0,0.0,0.0,0.0,0.0,0.0,3.372571235007428,0.5593395800886098,0.5930848064120405,0.3920579983382939,28.154350528950182,,,0.6594637465072015,-0.026333428664799374,-0.06203657968668297,-0.03509308826966251,-3.7730737743495624,,
四川省,遂宁市,Medium-sized City,0.0,0.0,0.0,0.0,3384078.5,0.0,0.0,0.0,0.0,0.0,0.0,12.907341998300437,0.3214813381507295,0.174568715212608,0.1000454331695818,1.0641996610401212,6.553472808205066,3.3437427822102914,-0.2810420374148226,-0.004167175810195822,-0.009584338564197992,-0.009189241780704002,-0.3394328552709347,-0.9441620101767709,0.04958442654545747
四川省,阿坝藏族羌族自治州,Small City,0.0,0.0,0.0,0.0,937111.0,0.0,0.0,0.0,0.0,0.0,0.0,0.0,0.9534325647129024,2.784743460827379,0.916746966324334,83.3554941870376,,,0.0,0.002595187363095608,0.04113895816144186,-0.0015562255048590101,0.2658112995714106,,
四川省,雅安市,Small City,0.0,0.0,0.0,0.0,1570512.0,0.0,0.0,0.0,0.0,0.0,0.0,13.86619472503662,0.4655396565330262,0.463619338389975,0.3315397257593363,24.781037883926714,,,1.3157372816394908,-0.03658483988779626,-0.05857808881912313,-0.0295682748993521,-1.1151315255571284,,
天津市,天津市,Mega City,0.0,0.0,0.0,0.0,13475926.5,0.0,0.0,0.0,0.0,0.0,0.0,26.9519021894111,0.2253767570141427,0.0992400705392476,0.05588268685296,0.0103849949646487,4.169097109262306,2.591840248817123,-0.8382579190845405,-0.009392758727392897,-0.008787093741990493,-0.004868703947566701,-0.0039821860555177,0.1439600408212609,-0.33076591574763947
宁夏回族自治区,吴忠市,Small City,0.0,0.0,0.0,0.0,1361964.0,0.0,0.0,0.0,0.0,0.0,0.0,1.1639281254548293,0.6261133957414379,0.7801954922077906,0.490628090041323,36.81281302415051,,,0.1164133658011175,-0.0025031643326668407,-0.009943049636605306,-0.006785967401638893,-0.7191030586136336,,
宁夏回族自治区,银川市,Type II Large City,0.0,90.0,0.0,0.0,2050772.5,0.0,90.0,90.0,0.0,0.4388590153222749,-0.4388590153222749,36.412841976179216,0.1515969658841723,0.0782968705830463,0.0599197582125167,3.053347406631328,2.268058463393685,1.5412816287669606,0.3048888440342239,-0.0006966021641807152,-0.002027775049934899,-0.002651559095619191,-0.15797429353819226,-0.00883752566945084,0.008637604573970448
安徽省,亳州市,Medium-sized City,0.0,0.0,0.0,0.0,5035518.0,0.0,0.0,0.0,0.0,0.0,0.0,3.946069957397796,0.5700921281288553,0.6024097803765605,0.3793856881892125,22.13220583399692,,,-0.02954121743064464,-0.00030669306001218644,-0.006477591746493205,-0.009559661342531944,-2.791341201300458,,
安徽省,六安市,Medium-sized City,0.0,0.0,0.0,0.0,4808135.0,0.0,0.0,0.0,0.0,0.0,0.0,7.308985829353332,0.5027854060759572,0.4677563312294142,0.3134489175376869,20.38163628952329,,,-0.5230168581008909,0.003873133861796829,0.004467542885182696,-0.0007701477321565009,-1.756905409908839,,
安徽省,合肥市,Type I Large City,0.0,315.0,0.0,0.0,7779787.0,0.0,315.0,315.0,0.0,0.40489540394872,-0.40489540394872,39.14201390184975,0.2643072321739692,0.1579063354495925,0.0995898054175929,0.6862077932279207,8.004014656383793,3.141898371867879,-0.4182899256809378,-0.0200321031439894,-0.024203735685014688,-0.0180122000566017,-0.7952011240862882,-2.0921101934361506,-0.6047402867092742
安徽省,安庆市,Medium-sized City,0.0,0.0,0.0,0.0,4664462.0,0.0,0.0,0.0,0.0,0.0,0.0,4.638807836631184,0.620399289914616,0.7333579095522186,0.4674013915844783,37.32769714597377,,,-0.39564701745085706,-0.001784284801779168,-0.002892871304421507,-0.00036183558332059107,0.10331292263653324,,
安徽省,宣城市,Small City,0.0,0.0,0.0,0.0,2638595.0,0.0,0.0,0.0,0.0,0.0,0.0,3.074801127388053,0.6155404096992905,0.6819607176689703,0.3898357044990638,22.611504365521174,,,0.07302947538395888,-0.007546284081771937,-0.02151807384750004,-0.011505039265920003,-1.1167229568566412,,
安徽省,宿州市,Medium-sized City,0.0,0.0,0.0,0.0,5585158.5,0.0,0.0,0.0,0.0,0.0,0.0,3.231619784773028,0.6035697707854941,0.6855542243528749,0.4387357324490146,32.46640333578654,,,1.6058595436199057,-0.04353889998871008,-0.12326952947827186,-0.06877273186198735,-9.077128298236694,,
安徽省,池州市,Small City,0.0,0.0,0.0,0.0,1474302.5,0.0,0.0,0.0,0.0,0.0,0.0,15.791090877067678,0.3705847243090728,0.265146897767702,0.1834812101503153,10.578448172391838,,4.83551120840581,-0.4928953732134467,-0.02072053467299928,-0.030518539384363774,-0.02495817623971372,-3.0502611587921233,,-1.0368816829550926
安徽省,淮北市,Medium-sized City,0.0,0.0,0.0,0.0,2153087.5,0.0,0.0,0.0,0.0,0.0,0.0,21.12927093753567,0.1576202506444063,0.0569740288295436,0.032822249425621,0.0492824886129686,2.5647242424464736,1.7397042346917952,-1.3669258446954728,-0.019667918841798,-0.015090719851185493,-0.0089233187169174,-0.06944969223660741,-0.7182665881954127,-0.19252855825113113
安徽省,淮南市,Type II Large City,868.0,0.0,0.0,0.0,3492989.5,868.0,0.0,868.0,2.4849774097517328,0.0,2.4849774097517328,6.538387960343627,0.384502909158161,0.2472549077678428,0.1312626342772441,0.6783498025721811,9.1916970700521,3.944023982417413,2.0027158768297797,-0.0838064682651758,-0.13012025259287857,-0.08648990404715229,-5.798098771881184,-29.375739594994805,-2.757685092681016
安徽省,滁州市,Small City,0.0,0.0,0.0,0.0,4095069.0,0.0,0.0,0.0,0.0,0.0,0.0,9.116386424209992,0.4594738009265989,0.4185605230075352,0.2936909343542234,19.8940925085042,,1859.1957391600663,0.638891525369413,-0.01675304131975558,-0.026394983576044695,-0.016397289020596728,-1.4975263059947252,,
安徽省,芜湖市,Type II Large City,0.0,0.0,0.0,0.0,3700733.5,0.0,0.0,0.0,0.0,0.0,0.0,27.66613457778405,0.3676266143390723,0.2624593939033767,0.1658026528510071,2.8382503421219707,23.010701610227844,8.484764528887514,1.4197483712975583,-0.012831277842065891,-0.018576462078717992,-0.012065350179093604,0.08095249239033064,-8.824699031604602,0.17834517833930974
安徽省,蚌埠市,Medium-sized City,0.0,0.0,0.0,0.0,3295891.0,0.0,0.0,0.0,0.0,0.0,0.0,16.735595769629484,0.320696068073431,0.2172308346689661,0.1500778365866996,6.2217261724476325,25.73769065983077,4.1168184099460055,0.11724410497003035,-0.03616569463526853,-0.0448189339581781,-0.026546356528298898,-1.1112400034803356,-12.966611528534514,-1.9428323946344124
安徽省,铜陵市,Medium-sized City,0.0,0.0,0.0,0.0,1623851.0,0.0,0.0,0.0,0.0,0.0,0.0,17.761592155118837,0.2328037750702845,0.1067513497828968,0.0665434778392224,1.2264000791503382,3.4091714340606343,1.9166690668832893,1.8037518102878245,-0.08390789423169381,-0.0840754697498107,-0.0553815001228727,-2.101998316573237,-6.130498427570349,-1.1835359057355057
安徽省,阜阳市,Medium-sized City,0.0,0.0,0.0,0.0,7932991.0,0.0,0.0,0.0,0.0,0.0,0.0,8.865847713401044,0.3981577121905678,0.2909554875250393,0.1918519117377159,8.377812773544308,99.46820101723362,6.26346915361202,0.20403018791558658,-0.02488660164477713,-0.038108446837743004,-0.026733561656613503,-2.4534982315689096,,-2.5838732117790055
安徽省,马鞍山市,Medium-sized City,492.0,0.0,492.0,0.0,2300809.5,492.0,-492.0,0.0,2.138377818763353,-2.138377818763353,4.276755637526706,29.97786994673248,0.2380641185377511,0.1058218795837736,0.0604923229829222,0.0,3.972136636875235,2.3066968277800988,0.5458144014294248,-0.008407777873959299,-0.009357534799915287,-0.005963703372315901,0.0,-0.7081361557356969,-0.10617739987307395
安徽省,黄山市,Small City,0.0,0.0,0.0,0.0,1418441.0,0.0,0.0,0.0,0.0,0.0,0.0,10.63377609429809,0.3105292592275641,0.2238450961408152,0.1688948530258631,11.474814523927153,,3.880942337638832,0.22805332074800866,0.018739586572965483,0.020228496884078073,0.013111753248666397,0.2608823345185325,,0.493611853959552
山东省,东营市,Medium-sized City,0.0,306.0,0.0,0.0,2115932.0,0.0,306.0,306.0,0.0,1.4461712380171008,-1.4461712380171008,19.829596803375104,0.2256868460394905,0.1157604265260892,0.0793893185144852,3.009474191809836,4.373990135219147,2.11252261278362,1.3294434932674157,0.00020491597968019803,-0.002246965448486807,-0.002582329917251394,-0.3724832842702228,-0.06026533062658057,-0.06882513766722909
山东省,临沂市,Type II Large City,1000.0,0.0,0.0,0.0,10463482.5,1000.0,0.0,1000.0,0.9557047569965353,0.0,0.9557047569965353,7.677536004388594,0.2959070717561314,0.1591402991870428,0.0961560252128043,1.572441357814083,5.978487313296948,3.3557905326933275,0.9684508307479032,-0.014970371865834275,-0.017655597798390293,-0.011311501388025808,-0.3227427781632537,-0.6253355963495197,-0.2987421619356607
山东省,威海市,Medium-sized City,0.0,0.0,0.0,0.0,2888078.5,0.0,0.0,0.0,0.0,0.0,0.0,18.90475392220589,0.3129874722398998,0.1588689957043137,0.0847459165015108,0.0317058145404534,5.562445366189675,3.677733211882595,0.3942158210096025,-0.0058256513630386975,-0.008924232292280287,-0.005547722109028,0.0010476080213945027,-0.3439024851252359,-0.42438125424707707
山东省,德州市,Medium-sized City,0.0,0.0,0.0,0.0,5805593.5,0.0,0.0,0.0,0.0,0.0,0.0,9.153019556071213,0.4534505640700654,0.3583006124385301,0.2020130560671813,5.05475769534822,27.84380074272589,5.179197285288214,0.3204619619962905,-0.002052449841172699,-0.0021548568800559553,-0.002679505185662484,-0.11216704830038715,-2.2684724477052036,-0.2998108234707759
山东省,日照市,Medium-sized City,0.0,0.0,0.0,0.0,2919576.5,0.0,0.0,0.0,0.0,0.0,0.0,10.328061284810088,0.2154838603745354,0.0845466922948577,0.0487960277489616,0.2711608876522349,2.945257941020994,2.0559078113612586,0.01780584441131161,0.007679875254597096,0.006856926917624601,0.004918897402418999,0.19446475683152809,0.1887709563889648,0.026363738078580834
山东省,枣庄市,Type II Large City,0.0,0.0,0.0,0.0,3895548.0,0.0,0.0,0.0,0.0,0.0,0.0,14.808286140099,0.1444743835535187,0.037960981464584,0.0203676206498852,0.0085582039865856,2.18528661369049,1.5756622674117782,-0.9312091152657036,-0.017962083135633217,-0.012694462963153096,-0.0081847346983616,0.0085582039865856,-0.22139515056038217,-0.11596621742543278
山东省,泰安市,Type II Large City,0.0,0.0,0.0,0.0,5748130.5,0.0,0.0,0.0,0.0,0.0,0.0,8.663506054257212,0.3976851427930377,0.2626522204881619,0.1382027298060091,1.047447535103288,9.002977404056908,4.10910058156203,-0.08446096152272276,0.026538423727718696,0.031056067757428696,0.010790447332273884,-0.6648386381571212,0.020761289690744533,0.9190818231781388
山东省,济南市,Super City,1200.0,519.0,0.0,0.0,8473627.0,1200.0,519.0,1719.0,1.4161586295927353,0.612488607298858,0.8036700222938773,31.444264822499957,0.2540531029256113,0.1220030417447082,0.0699268718726046,0.0163189877844423,4.183697730807057,2.699596497838758,1.918695451685224,-0.004290318525640824,-0.0038577398945128932,-0.0025310117345176963,-0.043348575944487294,-0.04641545521727153,0.010398031707624877
山东省,济宁市,Type II Large City,0.0,972.0,0.0,0.0,8393844.5,0.0,972.0,972.0,0.0,1.1579914305060095,-1.1579914305060095,16.38515706972166,0.3025104372820961,0.1813988214102096,0.1179590363822171,2.7328934997040477,11.18899305279166,3.291442174712349,1.2857734094942792,-0.011325562939464184,-0.012845407365449507,-0.010673796644405306,-1.5080022541947704,0.3083430825547602,-0.513486363214108
山东省,淄博市,Type II Large City,0.0,0.0,0.0,0.0,4714301.0,0.0,0.0,0.0,0.0,0.0,0.0,14.526694126523434,0.2168565120517008,0.0908481176982114,0.0537254599256215,0.4349390125116509,3.3853978034193464,1.8624115747684715,-0.16810371124119783,0.002290507203426717,0.0023985815469160926,0.002008398075517101,0.16453845927199162,-0.11711868777865897,0.02809152248188518
山东省,滨州市,Medium-sized City,0.0,0.0,0.0,0.0,3913895.0,0.0,0.0,0.0,0.0,0.0,0.0,13.875286354145532,0.3148604745430701,0.1858287978277455,0.1228203184605761,5.158207307041483,7.793819932496281,3.458439741598679,0.556493958868792,-0.007502482105376518,-0.006062909082346496,-0.0022458168481358093,0.19495028427419303,-0.17500821400637712,-0.06523359955800645
山东省,潍坊市,Type II Large City,0.0,526.0,0.0,0.0,9513802.5,0.0,526.0,526.0,0.0,0.5528809327290534,-0.5528809327290534,13.98744408141735,0.3642670489734846,0.2295426033997108,0.1329116104342148,1.1609705301213362,10.69408477382113,4.987500577344678,1.0485237943082222,-0.00634893175341128,-0.005213853564841997,-0.001507531502384113,0.006645389571372062,-0.08164853453937937,-0.06059114395448173
山东省,烟台市,Type II Large City,2610.0,0.0,0.0,0.0,7202571.0,2610.0,0.0,2610.0,3.6237060349700125,0.0,3.6237060349700125,7.95645745293585,0.4848654750843324,0.3960803017947221,0.2074835388199588,0.2507162428288904,16.452820982536572,11.222239270124769,3.457057867211973,-0.05085522228447159,-0.10458020447823335,-0.052695844514172197,-0.14035935105645264,-4.1982913050491995,-2.594334676904408
山东省,聊城市,Type II Large City,0.0,600.0,0.0,0.0,6001582.0,0.0,600.0,600.0,0.0,0.9997364028351192,-0.9997364028351192,12.607591658706982,0.2686067087790926,0.1355724513132995,0.0869620328763787,2.77364639807633,4.476898983361589,2.4100461430137137,0.83061923936976,-0.0318395498691495,-0.03607004760560309,-0.026343411349114304,-1.6007005156622065,-3.0245746265913027,-0.3740148202154554
山东省,菏泽市,Medium-sized City,0.0,0.0,0.0,0.0,8697336.0,0.0,0.0,0.0,0.0,0.0,0.0,6.429100612799327,0.3004907594077081,0.1676056054304589,0.1073604786545014,3.781947682367427,5.430803747123729,2.6336454751592195,0.037732049638123044,-0.02584836136847829,-0.0239950017616328,-0.01434544660323299,-0.6633885245420146,-2.0231841615549975,-0.28337600869203294
山东省,青岛市,Super City,900.0,155.0,37.0,0.0,8962437.0,900.0,118.0,1018.0,1.0041911591679809,0.13166061864646858,0.8725305405215122,19.980126861046102,0.2794407408898065,0.1368360577498878,0.0759484079032758,0.0139862840653361,5.154579843704946,3.542494124962386,1.1765364942318755,-0.051025585913656746,-0.0653810755762751,-0.0421021728386822,-0.019640387606853,-7.2101814898815775,-1.1955157264215108
山西省,临汾市,Medium-sized City,0.0,0.0,0.0,0.0,4506032.0,0.0,0.0,0.0,0.0,0.0,0.0,6.619838337565577,0.4468141596612344,0.4004981159316103,0.2851045877374326,20.261595464686007,,,-0.07317541990169296,-0.0062549225473783054,-0.014912814046418199,-0.011853756399995308,-1.4408005476580499,,
山西省,吕梁市,Small City,0.0,0.0,0.0,0.0,3900723.5,0.0,0.0,0.0,0.0,0.0,0.0,5.363890924761372,0.5446205511793498,0.5534603040670192,0.34645023092855,24.196164527201383,,,0.09473240592870891,0.005689775724262436,0.007950345703677364,-0.001052756771032004,-0.5394891982409931,,
山西省,大同市,Type II Large City,0.0,0.0,0.0,0.0,3464585.0,0.0,0.0,0.0,0.0,0.0,0.0,16.19297018851943,0.4074500222240823,0.3923625267347679,0.2888782914612274,21.011997516443188,,,0.30551169618664886,-0.006713997643802927,-0.007796087757813486,-0.0039121606147001775,-0.15592620041762473,,
山西省,太原市,Type I Large City,440.0,1152.0,0.0,0.0,4380981.0,440.0,1152.0,1592.0,1.0043412651184747,2.6295480395829154,-1.6252067744644407,47.00818531942279,0.1176803022964669,0.0541717401512312,0.0417056222843704,2.160278332639234,1.8184060703492104,1.302928359519579,3.7095780107748766,0.003971871591270396,-0.0008489503110189062,-0.0011492025621947025,-0.16700034582817036,0.04101834403783555,0.035444044913678585
山西省,忻州市,Small City,400.0,0.0,0.0,0.0,3199310.5,400.0,0.0,400.0,1.2502693939834848,0.0,1.2502693939834848,0.3308359275758266,0.7486525210126502,1.1012188592962389,0.598162128330658,47.6161031299503,,,0.07170187908398828,-0.02017431189999075,-0.08160609611790748,-0.018383409592220734,0.4387302201591794,,
山西省,晋中市,Medium-sized City,0.0,150.0,0.0,0.0,3387524.0,0.0,150.0,150.0,0.0,0.44280129085432307,-0.44280129085432307,5.035101920958386,0.5730170605865788,0.575729112546756,0.3250944841317086,11.738434134864006,,17.000862867899986,0.43720057665906964,-0.00327332276582859,-0.007859626942285258,-0.0065121688590742965,-1.4655892488133784,,-2.0070246921604777
山西省,晋城市,Medium-sized City,0.0,0.0,0.0,0.0,2378156.5,0.0,0.0,0.0,0.0,0.0,0.0,12.64028260756512,0.2919073227374239,0.1602202550686303,0.1042357560183903,3.997333738788724,6.038923154799916,2.502594918271763,-0.554181922247384,-0.014345665126855978,-0.02090299736046719,-0.016805549481497095,-1.1249777717412766,-3.026615984958431,-0.2839873060928695
山西省,运城市,Medium-sized City,0.0,0.0,0.0,0.0,5358766.0,0.0,0.0,0.0,0.0,0.0,0.0,3.850969545366124,0.4600593740649764,0.4060301718812905,0.2820777734351914,18.986394836670964,,82.7113822383139,-0.058234464046864165,-0.0034065894569840216,-0.006963700589099842,-0.0047362497201803855,-0.26349283637049226,,-133.9270808869275
山西省,长治市,Type II Large City,0.0,494.0,0.0,0.0,3480958.5,0.0,494.0,494.0,0.0,1.4191493521109202,-1.4191493521109202,20.52594535434224,0.3124570623018176,0.2215604860645058,0.1608806428753499,8.277510699537267,50.25263216986463,4.266780707722444,1.307036537920652,-0.009283569621482801,-0.010608383261022397,-0.006686969367177914,-0.1108851681606815,-15.624459750400256,-0.6555163498958141
山西省,阳泉市,Medium-sized City,0.0,0.0,0.0,0.0,1425685.5,0.0,0.0,0.0,0.0,0.0,0.0,14.07408371755937,0.1264080777842822,0.0451217525772177,0.0302333938741974,1.1802581867286055,1.7289922834202416,1.2783542339746887,-0.36250600466883576,-0.005019695690330006,-0.0037550066901944,-0.0030907207935097006,-0.10130653808813816,-0.06460026855238099,-0.018213211269554774
广东省,东莞市,Super City,0.0,0.0,0.0,0.0,8574566.5,0.0,0.0,0.0,0.0,0.0,0.0,21.22388237044617,0.1494713919073139,0.0348573510658544,0.0177240407880284,0.0,2.012657041583433,1.641588196527633,-0.27777794137729117,-0.0133227709626626,-0.0069875762530998975,-0.003658033853159,0.0,-0.14075955420079467,-0.09818015056434448
广东省,中山市,Type II Large City,0.0,0.0,0.0,0.0,3259315.5,0.0,0.0,0.0,0.0,0.0,0.0,23.1739117593702,0.1063004555369695,0.0197733067282641,0.0103734789201079,0.0001838120411591,1.6242349822058424,1.3615067613383245,0.45386061601697136,0.0112911509199424,0.0017911625433436988,0.0005271210473861004,-9.273433705120002e-05,0.09534586724250804,0.0913626750239609
广东省,云浮市,Small City,0.0,0.0,0.0,0.0,2473310.0,0.0,0.0,0.0,0.0,0.0,0.0,10.861083727432671,0.2455763346593361,0.1218224994069736,0.0812716787294238,3.222378902927354,4.43467290894641,2.2214120344670016,0.26190194216651186,-0.003210185941558419,0.006317479576409088,0.009403987663878802,1.2194123549469027,0.13501092573611828,-0.14013626617468056
广东省,佛山市,Super City,0.0,0.0,0.0,0.0,7503334.5,0.0,0.0,0.0,0.0,0.0,0.0,30.64694537342068,0.1073296340479955,0.0253061580825182,0.014280948594485,0.049604369870737,1.6611170330357017,1.2923514187794978,-0.5157004236340796,-0.004217375704040599,-0.0028341453999351993,-0.0018386863632331007,-0.03443570145992451,-0.04055301377219944,-0.007846926367766516
广东省,广州市,Mega City,50.0,30.0,37.0,0.0,13260006.5,50.0,-7.0,43.0,0.03770737216456115,-0.0052790321030385615,0.04298640426759971,34.67488960728501,0.1119233366396731,0.0319240187255753,0.0188880862117364,0.0371070564561985,1.7156020979327362,1.3395247854013306,-0.4072163595374434,0.0031056532237408035,0.0005728413144467995,0.00023607275896320168,-0.012620273903563801,0.020474830071929517,0.03654691127854748
广东省,惠州市,Type II Large City,0.0,0.0,0.0,0.0,4802597.0,0.0,0.0,0.0,0.0,0.0,0.0,10.583624044565054,0.2727910873812154,0.1495747856927497,0.099387792047445,3.294464408436436,6.007362284365657,2.6102795121468856,0.5198874823235471,0.0025052033549288755,-0.0008278041356337973,-0.0018837666642605028,-0.4311341017659154,-0.5601139656842111,0.020540312372036684
广东省,揭阳市,Medium-sized City,0.0,0.0,0.0,0.0,6135990.5,0.0,0.0,0.0,0.0,0.0,0.0,8.342032466172174,0.1884282889763968,0.066730477110631,0.0378325232357581,0.1440016713956707,2.653331313846093,1.808666687452674,0.18592871674314893,0.0019862474132512076,-0.00026592291136699753,-0.0011591288791015023,-0.2421418863191286,-0.030408867810699736,0.042515353144773504
广东省,梅州市,Medium-sized City,828.0,0.0,0.0,0.0,4426156.5,828.0,0.0,828.0,1.8706975227830285,0.0,1.8706975227830285,11.138669847692334,0.4072268874338683,0.3324379505124443,0.2369943824263736,13.98841543765908,,19.32993286868969,2.1245392282531217,-0.028074482488953112,-0.04228725198960681,-0.028440559909285568,-2.9143566815757733,,-33.1434147828771
广东省,汕头市,Type II Large City,0.0,668.0,0.0,0.0,5612750.5,0.0,668.0,668.0,0.0,1.1901473261638833,-1.1901473261638833,9.121329542885144,0.0823654170957799,0.0131897149092589,0.0070965677522757,0.0,1.4435369576519936,1.2848589993242228,0.6356877890411052,-0.013865711270569903,-0.0049060241025105,-0.003036768974947101,-0.0168247312142251,-0.09885816306457484,-0.044129233765473064
广东省,汕尾市,Small City,0.0,0.0,0.0,0.0,3033077.5,0.0,0.0,0.0,0.0,0.0,0.0,2.549356086969158,0.2823557698374557,0.1443918076941483,0.0852464054844789,0.9481309608569092,4.805192059627102,2.1991995264219897,-0.042559322498215035,0.004282213224890696,0.005887788213388895,0.004910969082510902,0.17842806993051008,0.13721039859722417,0.01893884763830167
广东省,江门市,Type II Large City,0.0,0.0,0.0,0.0,4639092.0,0.0,0.0,0.0,0.0,0.0,0.0,7.462782282123393,0.4088257047516287,0.2751128639558433,0.1499156382263202,1.5963185169330392,10.420754570659732,5.338469929945381,-0.24057669142813154,0.017337108518967637,0.021382964339437094,0.007934004717789711,-0.468121710541646,1.0910632182824038,0.7476063273901197
广东省,河源市,Medium-sized City,0.0,0.0,0.0,0.0,3069234.5,0.0,0.0,0.0,0.0,0.0,0.0,3.050401754264372,0.5400564449435529,0.5451947673920499,0.3571135370935657,23.675047651145796,,,0.2837053918083581,-0.022352059381548717,-0.05508098578423892,-0.03929913361350562,-5.4842851875008485,,
广东省,深圳市,Mega City,1008.0,1218.0,21.0,0.0,10645192.5,1008.0,1197.0,2205.0,0.9469063147519408,1.1244512487679297,-0.17754493401598892,17.318539146915228,0.0669388037539542,0.0090338315520352,0.0046934900521563,0.0,1.331299246738558,1.1514263088367724,1.1664984402573495,-0.0040906888644364064,-0.0011319480827539,-0.0005827621107510001,0.0,-0.02218154485526136,-0.012856377333505087
广东省,清远市,Medium-sized City,0.0,0.0,0.0,0.0,3866388.0,0.0,0.0,0.0,0.0,0.0,0.0,2.975556321315194,0.6190616959192087,0.725412390632797,0.4633094757986077,36.49511951437625,,,0.29262096605898114,-0.01163324182130443,-0.023845798265923257,-0.008135047945716678,-0.39398766423854426,,
广东省,湛江市,Type II Large City,0.0,460.0,0.0,0.0,7241444.0,0.0,460.0,460.0,0.0,0.6352324204951387,-0.6352324204951387,10.698421629494575,0.459848194878771,0.4260903365202013,0.3065587782766948,23.410297074522955,,,0.9591414328140946,-0.023855461980478332,-0.0456743897256337,-0.030035472409142394,-3.1592376091522283,,
广东省,潮州市,Medium-sized City,0.0,0.0,0.0,0.0,2771227.0,0.0,0.0,0.0,0.0,0.0,0.0,7.056088985152105,0.2445888137454872,0.1283677977826902,0.0817724317540903,0.5066398533867917,5.54988296006995,2.251756730285153,1.0076300582728228,-0.03793598896508332,-0.042446755987051804,-0.0329328253635469,-1.687912169499556,-8.675271274082831,-0.5947682202574507
广东省,珠海市,Type II Large City,0.0,0.0,0.0,0.0,1594402.5,0.0,0.0,0.0,0.0,0.0,0.0,16.792190172096,0.1451394204464046,0.045196383311991,0.0259465744717648,0.1455647857290113,2.176948129112801,1.5323663255991424,0.006662781215922564,0.005202471624970589,0.002748855472665103,0.0019505894207860024,0.013671294901917985,-0.035313399667245005,-0.03258201003010042
广东省,肇庆市,Medium-sized City,0.0,0.0,0.0,0.0,4087633.0,0.0,0.0,0.0,0.0,0.0,0.0,4.187100012139623,0.5750108001272216,0.6611069631255612,0.443369553019746,35.49792111199171,,,0.9198657145461882,-0.006573390723793593,-0.014383028269388087,-0.0048966410560508655,-0.13310843851196097,,
广东省,茂名市,Medium-sized City,0.0,0.0,0.0,0.0,6067436.0,0.0,0.0,0.0,0.0,0.0,0.0,12.128593080694026,0.3308532871011588,0.2209269477521176,0.1539488070615172,7.461544413876445,26.641747823725176,3.831489801557213,-0.07801636875754525,0.0009269687696261131,-0.0035614784272461064,-0.004175833401473095,-0.41491850912844086,-4.4201477493819645,-0.25411920921804043
广东省,阳江市,Medium-sized City,0.0,0.0,0.0,0.0,2523502.0,0.0,0.0,0.0,0.0,0.0,0.0,8.149044556151752,0.2665255969770573,0.1502316340006178,0.1063283939391421,5.2060222090080845,6.014358612956562,2.429499732944799,0.16167692614686935,0.0033021818214438725,0.006342486574974077,0.005627815127770011,0.3674842844711934,1.0198773169481292,0.011723424450850839
广东省,韶关市,Medium-sized City,0.0,0.0,0.0,0.0,2950951.5,0.0,0.0,0.0,0.0,0.0,0.0,12.471604723275638,0.5005361084047288,0.5148612842557923,0.3633747853763333,27.3789979660398,,,-0.06464612283471993,0.004558591563973258,0.012937488508853678,0.00939774506962976,1.1975374166578412,,
广西壮族自治区,北海市,Medium-sized City,0.0,0.0,0.0,0.0,1584847.5,0.0,0.0,0.0,0.0,0.0,0.0,15.07850912454966,0.3224196792815872,0.2204399961448652,0.1522895810070943,7.452988728426615,15.937141836874016,4.2235867987619615,0.13316756927215145,-0.006952365533244964,-0.01439802141910701,-0.0122555457888249,-0.8113861637766417,-20.968500139987764,-0.02108343189346229
广西壮族自治区,南宁市,Type I Large City,0.0,1170.0,26.0,0.0,6939722.5,0.0,1144.0,1144.0,0.0,1.648480901073494,-1.648480901073494,28.39627645103736,0.4700302097027362,0.4673456604121095,0.3163490982623819,15.366408635758471,,150.64180508782923,3.42456526457131,-0.008712844762826022,-0.03787358608852959,-0.03080895277914969,-4.696966259316923,,
广西壮族自治区,崇左市,Small City,0.0,0.0,0.0,0.0,2088009.0,0.0,0.0,0.0,0.0,0.0,0.0,3.5008477393516717,0.6208950333516035,0.7072438091561387,0.4229010595205779,29.27548749675385,,,0.4859091464409051,-0.013367936622575627,-0.04930686826916597,-0.04612977991418293,-7.777557444905494,,
广西壮族自治区,来宾市,Small City,1500.0,0.0,0.0,0.0,2201063.0,1500.0,0.0,1500.0,6.814888987730019,0.0,6.814888987730019,5.701956395701767,0.5800051781360526,0.6017470936117643,0.3692943705723392,22.48082487797649,,,4.543877443280546,-0.1200792867948105,-0.3172238483401717,-0.14375791401983423,-10.024510840915138,,
广西壮族自治区,柳州市,Type II Large City,1713.0,0.0,156.0,0.0,3913696.0,1713.0,-156.0,1557.0,4.376936788140929,-0.39860019786922646,4.775536986010156,33.04305993430527,0.4076116220469177,0.3977839094490704,0.3048023622682944,25.81132797306689,,,6.676254709500004,-0.017522932666574176,-0.04023733559399423,-0.029106085620089428,-2.8935681672015363,,
广西壮族自治区,桂林市,Type II Large City,534.0,350.0,173.0,0.0,4955507.5,534.0,177.0,711.0,1.0775889250495536,0.35717835156136885,0.7204105734881847,3.9227588176727295,0.5930038436007224,0.7366920052281518,0.4904948763847448,41.99367172119152,,,1.4118204563339325,-0.009861096583490214,-0.026485610820623395,-0.013248687843000206,-1.09139810367828,,
广西壮族自治区,梧州市,Medium-sized City,0.0,0.0,0.0,0.0,3007061.5,0.0,0.0,0.0,0.0,0.0,0.0,8.916831611568092,0.5594491967165613,0.5938623562493125,0.3869685973407806,26.307689395310614,,,-0.07370305494502816,0.017699900585553707,0.046165627306296364,0.03117578897251111,3.374666052145237,,
广西壮族自治区,河池市,Small City,0.0,0.0,0.0,0.0,3522948.0,0.0,0.0,0.0,0.0,0.0,0.0,0.6678721669398525,0.6808894939675001,0.9107282135657592,0.5506596026450599,46.68522753355833,,,0.6678721669398525,-0.04254289240813858,-0.1568063134577936,-0.0711144061775899,-9.89496118592318,,
广西壮族自治区,玉林市,Medium-sized City,0.0,0.0,102.0,0.0,5698643.5,0.0,-102.0,-102.0,0.0,-0.17898996489252222,0.17898996489252222,7.447281471931004,0.4138393742828511,0.326726561432789,0.2237332595577221,12.405419133359022,,9.34424045865762,2.5420967635335394,-0.12864666742256226,-0.19630899962687476,-0.1035588259540714,-8.005376650734437,,
广西壮族自治区,百色市,Small City,0.0,187.0,0.0,0.0,3611377.0,0.0,187.0,187.0,0.0,0.5178080272427941,-0.5178080272427941,0.0,0.7748771816224842,1.2680104096751643,0.6924202610386114,63.49837681630469,,,0.0,0.00036309928192512775,-0.006767758851666805,-0.00387418527764527,0.05996720358123753,,
广西壮族自治区,贵港市,Medium-sized City,0.0,0.0,0.0,0.0,4304326.5,0.0,0.0,0.0,0.0,0.0,0.0,1.3040382240016388,0.6188549951348437,0.7839094498853787,0.5115591832815966,44.32366026544791,,,0.7822991364445058,-0.014414387354489744,-0.04743163860516475,-0.021312776830566316,-0.87769549572252,,
广西壮族自治区,贺州市,Small City,0.0,0.0,0.0,0.0,2045189.5,0.0,0.0,0.0,0.0,0.0,0.0,9.3137624502182,0.4015878712944833,0.3340124200509713,0.2400378317533074,15.97871496846698,,21.925550211054503,-0.8680337009717487,0.0020198453106747283,0.0023078236039872912,0.0019525223789325086,0.08137624335048521,,0.9322906906691983
广西壮族自治区,钦州市,Medium-sized City,0.0,0.0,0.0,0.0,3212625.5,0.0,0.0,0.0,0.0,0.0,0.0,2.9043716729526787,0.6683533408144184,0.8604047849482083,0.5173706974819039,38.59941224635113,,,0.5439674199466977,0.004860467527523449,0.013821888349125566,0.0023357438528837093,-0.5244980898879845,,
广西壮族自治区,防城港市,Small City,800.0,42.0,0.0,0.0,871985.0,800.0,42.0,842.0,9.174469744318996,0.4816596615767473,8.692810082742248,11.96090404708664,0.4587987827580301,0.3849024895636674,0.2530319536977811,13.951317395616805,,14.473627307656129,3.085544498029753,-0.031551170622672486,-0.0547493901484688,-0.025014785158646025,0.12988196757616777,,1.5842776433601706
新疆维吾尔自治区,乌鲁木齐市,Type I Large City,800.0,0.0,0.0,0.0,3250045.0,800.0,0.0,800.0,2.4615043791701345,0.0,2.4615043791701345,63.16061397959919,0.0668622665525378,0.0200300886072501,0.0134898375582585,0.3392624390339806,1.312441381569584,1.1192512571964313,3.316494758494798,0.015495931848607494,0.006620140446999198,0.0044944360911119,0.08445419702902074,0.04772036469762386,0.04965160474064123
新疆维吾尔自治区,伊犁哈萨克自治州,Small City,0.0,0.0,0.0,0.0,2408469.0,0.0,0.0,0.0,0.0,0.0,0.0,20.340649366378784,0.5169710080459973,0.5852111975350558,0.4227313303595684,38.73107036852567,,,0.4160897759159212,-0.009478347831162304,-0.02104641938348062,-0.012187928925887326,-1.2789479067070815,,
新疆维吾尔自治区,克孜勒苏柯尔克孜自治州,Small City,0.0,0.0,0.0,0.0,552870.5,0.0,0.0,0.0,0.0,0.0,0.0,7.606506388023416,0.571393207258452,0.6421778245590186,0.4223994920502074,33.16966671963711,,,1.0344499620811005,-0.021861488169145127,-0.05416609911261416,-0.028783589333040205,-3.0009430746825387,,
新疆维吾尔自治区,克拉玛依市,Small City,0.0,0.0,0.0,0.0,352678.5,0.0,0.0,0.0,0.0,0.0,0.0,35.27204378337076,0.1085656845772865,0.0429808731210189,0.03194847518419,1.284495368797572,1.38642083601026,1.3414933700568312,-3.1831404837084776,0.005304894932549806,-0.008775290686812598,-0.012442187994307699,-1.9206732232994763,0.06973146113746509,0.04815278384595412
新疆维吾尔自治区,博尔塔拉蒙古自治州,Small City,0.0,0.0,0.0,0.0,422774.0,0.0,0.0,0.0,0.0,0.0,0.0,12.07172667508078,0.5553147282065501,0.683615381747289,0.4678869248643553,41.06250309882965,,,1.4881936976669614,-0.005573107018500889,-0.016856206964001474,-0.010247943134078619,-1.4805240503951111,,
新疆维吾尔自治区,和田地区,Small City,0.0,0.0,0.0,0.0,2061255.5,0.0,0.0,0.0,0.0,0.0,0.0,6.292718688468762,0.56570958585321,0.6952366403146034,0.4855586877091946,46.08992238749286,,,0.33730725310009735,-0.002774611572515795,-0.0034836640036280953,-0.0012163733349883077,-0.05042772253298011,,
新疆维吾尔自治区,哈密市,Small City,786.0,0.0,0.0,0.0,580592.0,786.0,0.0,786.0,13.537906137184114,0.0,13.537906137184114,19.091582161665617,0.3165200721174351,0.3424154646409596,0.2800267446003737,25.74038980736624,,,19.091582161665617,0.3165200721174351,0.3424154646409596,0.2800267446003737,-74.25961019263376,,
新疆维吾尔自治区,喀什地区,Small City,0.0,0.0,0.0,0.0,4152068.0,0.0,0.0,0.0,0.0,0.0,0.0,0.0,0.755961326459408,1.235782352043739,0.6852436698002278,63.44476455836343,,,0.0,-0.01208739099940137,-0.07340323735374232,-0.028094745780551822,-4.481977075490917,,
新疆维吾尔自治区,塔城地区,Small City,0.0,0.0,0.0,0.0,1366697.0,0.0,0.0,0.0,0.0,0.0,0.0,19.429227227563256,0.5367301861404749,0.5710179559627927,0.3944078523805152,31.48802937255241,,,1.0782188519596048,-0.016102928481573242,-0.033314059139157304,-0.019047257612454516,-1.6799873597381207,,
新疆维吾尔自治区,巴音郭楞蒙古自治州,Small City,0.0,0.0,0.0,0.0,1251459.5,0.0,0.0,0.0,0.0,0.0,0.0,15.406805655817616,0.5033871360219795,0.5748062402773072,0.415764527243126,37.54875749662717,,,0.2852167350928134,-0.0015234007712265907,-0.0014945654159699284,-0.0004795488943201698,-0.14245562326988193,,
新疆维吾尔自治区,新疆维吾尔自治区,Small City,560.0,0.0,0.0,0.0,1102905.5,560.0,0.0,560.0,5.077497573454842,0.0,5.077497573454842,29.622824781081256,0.4199539969528173,0.3702350250558204,0.266229318791892,19.692418044429296,,96.03184274068671,13.63657124065504,-0.14329337244764973,-0.26478908762661335,-0.1632682768281924,-16.665490950546378,,
新疆维吾尔自治区,昌吉回族自治州,Small City,0.0,0.0,0.0,0.0,1493251.0,0.0,0.0,0.0,0.0,0.0,0.0,8.553847960116524,0.5864539096926684,0.7202992128537071,0.488727255173874,43.59219236330416,,,2.76917585877782,-0.005629342715722685,-0.030180997183602787,-0.019176513702763687,-2.7320944085808705,,
新疆维吾尔自治区,阿克苏地区,Small City,0.0,0.0,0.0,0.0,2476361.5,0.0,0.0,0.0,0.0,0.0,0.0,0.0,0.7627733699182359,1.306590008817011,0.7172419813290134,69.35449665479429,,,0.0,-0.0004567710515197554,-0.004068728789510034,-0.0016296236909750794,-0.2620831279885891,,
新疆维吾尔自治区,阿勒泰地区,Small City,0.0,0.0,0.0,0.0,561082.5,0.0,0.0,0.0,0.0,0.0,0.0,0.0,0.7532010093774981,1.2290825461879449,0.6877828068330911,65.24542033292111,,,0.0,0.0007580959960025169,0.002703312828515436,0.0007996170988562312,0.1078728027070639,,
江苏省,南京市,Super City,0.0,0.0,0.0,0.0,8322511.0,0.0,0.0,0.0,0.0,0.0,0.0,34.0240311123604,0.1434524575828311,0.0709038188390477,0.0516159248776599,1.23855879410673,2.1249873685577136,1.380831731280482,-0.15886151262190396,-0.004009876862604206,-0.005646834358236305,-0.004660875873078403,-0.2830477148566539,-0.2163062590799174,-0.012209546546806394
江苏省,南通市,Type II Large City,0.0,200.0,0.0,0.0,7602531.0,0.0,200.0,200.0,0.0,0.2630702854088987,-0.2630702854088987,6.515469175555331,0.426996369572483,0.3366351553703078,0.2227952266865812,10.010518505552175,,10.463932359078164,-0.989493601091139,0.0024711121056890106,0.0017366642542049893,0.0006941614313790978,0.19196001075728297,,-0.29923359759351165
江苏省,宿迁市,Medium-sized City,1400.0,0.0,0.0,0.0,4874645.5,1400.0,0.0,1400.0,2.872003718013956,0.0,2.872003718013956,6.410235788770796,0.4007317518458105,0.2990666095282976,0.1988258335409671,9.46494778817531,213.45023162900424,7.1150504419095695,2.038646708821437,-0.04733289086434572,-0.06890943296453139,-0.04561278971002308,-3.8387818206336934,,-6.3363918381860325
江苏省,常州市,Type I Large City,1000.0,0.0,100.0,0.0,4784349.0,1000.0,-100.0,900.0,2.090148523863957,-0.20901485238639572,2.2991633762503527,16.589707235012092,0.2088952437887979,0.0949043402467311,0.0572262946959992,0.117415589036262,3.807612486538441,1.9768782153558528,2.1340447023577553,-0.001157867996614409,0.0014294568370031985,0.0014595858410706014,-0.024883024803885892,0.45011884450226347,-0.17437065417500897
江苏省,徐州市,Type II Large City,1499.0,200.0,0.0,0.0,8895823.5,1499.0,200.0,1699.0,1.6850604106522573,0.22482460448996092,1.4602358061622964,12.934288490947711,0.4863501529862266,0.4206901202237624,0.2545764441097143,9.492001169916966,1136.0762311888475,11.153996539177864,3.7244154277240096,-0.06444044788332831,-0.15142266941248295,-0.10310983633971599,-8.905411467426378,,-284.16125297399253
江苏省,扬州市,Type II Large City,0.0,175.0,0.0,0.0,4662251.0,0.0,175.0,175.0,0.0,0.37535516642068395,-0.37535516642068395,14.766127563986108,0.364897930298723,0.2559074025899148,0.164016595143378,4.893787385359777,17.777112917545598,5.433678477437897,-0.2812777895438483,-0.002883602642124228,-0.014358090507412102,-0.012312244492626412,-0.8113473024199527,-6.097033029690749,-1.0029346199259859
江苏省,无锡市,Type I Large City,2100.0,0.0,639.0,0.0,6660106.5,2100.0,-639.0,1461.0,3.1531027319157734,-0.9594441169972282,4.112546848913001,20.833750734209698,0.1743543941793718,0.0692655254025665,0.0401189643552092,0.0004798534287701,3.12098254365968,1.735233299193847,3.0389675243342644,-0.008026329715726921,0.0017741022100596082,0.002065550660699904,0.00035957998710050003,-0.05161364562717985,-0.03212818052269695
江苏省,泰州市,Medium-sized City,0.0,0.0,0.0,0.0,4817966.5,0.0,0.0,0.0,0.0,0.0,0.0,11.305436754616544,0.2224325742673804,0.0829747689581334,0.0459104600454841,0.2219751228776062,2.96110443042108,2.095423272869473,-0.6839979316346465,-0.020836607042853506,-0.0199146814486547,-0.013812123530376294,-0.6113850733637357,-0.5647772410032044,-0.27805596115742315
江苏省,淮安市,Type II Large City,0.0,0.0,0.0,0.0,5034426.5,0.0,0.0,0.0,0.0,0.0,0.0,7.293303210684594,0.3790486898142673,0.3136527731752558,0.234166865753204,15.714267001367062,,27.590173881062675,-0.11210596645977411,-0.010725171355653096,-0.0181894919403639,-0.0137713475701218,-1.7841530783217507,,-30.003838962477708
江苏省,盐城市,Type II Large City,0.0,0.0,0.0,0.0,7579586.0,0.0,0.0,0.0,0.0,0.0,0.0,4.58972184848242,0.5760197518758912,0.6198597646654861,0.396580482747222,24.903762497701106,,,0.8277112182612107,-0.032401206614581124,-0.07312371463649336,-0.03888169415987047,-4.359575810588332,,
江苏省,苏州市,Type I Large City,2217.0,0.0,0.0,0.0,10825280.0,2217.0,0.0,2217.0,2.047983978243519,0.0,2.047983978243519,15.174022079289193,0.1965589696231118,0.0675385805226296,0.0369800823986855,0.0582614732164,2.7737065955143376,1.991797211440502,2.7439033519836133,-0.011072130031063193,-0.0077115496608875095,-0.0046141644366611,-0.04818651109738639,-0.0757986007892062,-0.11327924552141111
江苏省,连云港市,Type II Large City,0.0,0.0,0.0,0.0,4580877.0,0.0,0.0,0.0,0.0,0.0,0.0,13.994173075002164,0.2702069670595503,0.1474328557998095,0.0986794847138974,3.4410462221270635,6.471672450386027,2.5516953637159694,-0.05461584749189896,-0.010828016308192745,-0.014511374578659392,-0.012033495426808705,-0.8138929934953554,-2.018310745645822,-0.1475554316693155
江苏省,镇江市,Medium-sized City,0.0,240.0,0.0,0.0,3252765.0,0.0,240.0,240.0,0.0,0.7378338121567343,-0.7378338121567343,20.47254781322514,0.197256721619099,0.0628342307880961,0.0327658483701894,0.0,2.6748784846331684,1.966453166234844,0.08270295237202063,-0.007328409959929005,-0.008117736257033811,-0.005128503720867102,0.0,-0.23150333094577302,-0.06702216945648654
江西省,上饶市,Type II Large City,560.0,0.0,0.0,0.0,6861976.0,560.0,0.0,560.0,0.816091458203876,0.0,0.816091458203876,5.036274468824423,0.401881730428825,0.2977344716022666,0.1808186087507266,7.870698688723711,25.83374508014592,3.676513549992781,1.4986288150308793,-0.05411123178198929,-0.07193248792482365,-0.02428078611985629,0.26840790530859593,5.560290376530958,-0.1868877933543942
江西省,九江市,Medium-sized City,1100.0,0.0,139.0,0.0,4933234.5,1100.0,-139.0,961.0,2.229774400547957,-0.2817624015237873,2.511536802071744,19.39799201217565,0.4753184373289979,0.4685404645406856,0.3410910132049911,28.15950952529182,,,2.4086010679369103,-0.008582282406703778,-0.016163341535129605,-0.011640859891578204,-1.382885416424184,,
江西省,南昌市,Type I Large City,5200.0,316.0,0.0,0.0,5262298.5,5200.0,316.0,5516.0,9.881613519263494,0.6004980523244737,9.28111546693902,51.88715696781472,0.1649517685239705,0.072607100261678,0.0467055655141825,0.3701042422660524,2.649327906255572,1.7278199835696937,8.971844018688977,-0.026547579504105495,-0.020676251435250398,-0.0146520071013223,-0.4125201633172902,-0.4941564245286534,-0.1972724153543184
江西省,吉安市,Small City,0.0,0.0,0.0,0.0,5020363.0,0.0,0.0,0.0,0.0,0.0,0.0,3.78663843018668,0.5857175627373497,0.6603962961147375,0.4353708948979976,34.431262759703344,,,0.2704011712755472,-0.009862848155687942,-0.024447342850641873,-0.015157677341533338,-2.0630112118061774,,
江西省,宜春市,Medium-sized City,0.0,0.0,0.0,0.0,5663379.5,0.0,0.0,0.0,0.0,0.0,0.0,7.896267991351948,0.4948704369407445,0.4299540943241071,0.2641101649287337,12.744854645022258,,12.023642595591497,0.5017779363562509,0.010908769026239995,0.011462936425505887,-0.0009022965334410937,-1.396717566552196,,0.13702280111020038
江西省,抚州市,Medium-sized City,0.0,0.0,0.0,0.0,4084744.0,0.0,0.0,0.0,0.0,0.0,0.0,2.686385182358085,0.5170675513393407,0.5046075034197285,0.3285456794316992,22.326864565993475,,,-0.05484887677703387,0.005057673820094699,0.005695867105393604,-0.003987277794530564,-1.3181969966472984,,
江西省,新余市,Medium-sized City,0.0,0.0,0.0,0.0,1187314.0,0.0,0.0,0.0,0.0,0.0,0.0,9.292420067475364,0.1301112340795253,0.0446350429133554,0.0293954851880904,0.7718698561985515,1.8765771811121303,1.3949809228743026,0.0018659989041438507,-0.014719858840854916,-0.010023483861436401,-0.006807302088382903,-0.1029742228536853,-0.41497050296358795,-0.09532000277627328
江西省,景德镇市,Medium-sized City,0.0,0.0,0.0,0.0,1656823.0,0.0,0.0,0.0,0.0,0.0,0.0,12.017323068979394,0.3548654996711534,0.2546845608399287,0.1704836270184998,6.265712942764513,45.20721148411753,5.322673094197967,0.2243478873368172,-0.008740040032516105,-0.011960847722777501,-0.007770378400167394,-0.14843879107920177,-21.34604344070413,-0.6933481504662629
江西省,萍乡市,Medium-sized City,0.0,0.0,0.0,0.0,1926944.5,0.0,0.0,0.0,0.0,0.0,0.0,13.627909515267918,0.1912457881336527,0.1135221762547155,0.0843685279966284,2.9697794283748413,4.095332009601232,1.6747517981193003,-0.05385728051797223,0.001780111702470888,0.002434319718961006,0.0020271068747140103,-0.33761063500449984,0.46344861384953573,-0.01860257599502857
江西省,赣州市,Type II Large City,0.0,1400.0,0.0,0.0,8730335.5,0.0,1400.0,1400.0,0.0,1.6036038935731622,-1.6036038935731622,0.0,0.6936486547786356,0.9730390289512432,0.5886240453622271,51.07906602197344,,,0.0,-0.019872065014422513,-0.07019152424662534,-0.028691558076102686,-3.026872132008272,,
江西省,鹰潭市,Small City,0.0,0.0,0.0,0.0,1174244.5,0.0,0.0,0.0,0.0,0.0,0.0,8.552398513768543,0.1551875627499469,0.0582210961346416,0.039668323173002,1.2550924355170752,2.174918552199371,1.5564487206421704,0.15100938940451414,-0.0017207493797207762,0.001415040355310003,0.0028588070110460023,0.3332003776568132,-0.17944766571747373,0.05057431653379685
河北省,保定市,Type II Large City,0.0,0.0,0.0,0.0,11645600.0,0.0,0.0,0.0,0.0,0.0,0.0,8.145633946395503,0.3841302049067945,0.2799657201462405,0.1905079630606807,8.918417898836887,316.0770580702623,5.612176239235531,-0.22510291039774621,-0.017251689779402724,-0.03245886682166238,-0.028319280786682388,-3.8089333298537813,,-2.4980660827240246
河北省,唐山市,Type II Large City,0.0,91.0,33.0,0.0,7807764.0,0.0,58.0,58.0,0.0,0.07428503218078826,-0.07428503218078826,9.783665435148938,0.3680523743990608,0.2466089677671148,0.1551151730610941,4.392019147893123,12.0669593565159,5.845876858466766,0.6019312010543185,-0.020471472085479003,-0.02283550184366981,-0.014300912227641599,-1.2651058125739283,-3.7486844822323846,0.05212213819766465
河北省,廊坊市,Medium-sized City,0.0,0.0,0.0,0.0,4537852.0,0.0,0.0,0.0,0.0,0.0,0.0,14.951347118332272,0.3163931950081078,0.1832445740262346,0.1099980876164069,0.6534557778651019,9.146199421824996,3.893383301149155,-0.09058998029971654,-0.018888759549377687,-0.02972327665242161,-0.024200588444284785,-1.9856506094222222,-4.862446716409469,-0.5296405875623909
河北省,张家口市,Type II Large City,0.0,0.0,0.0,0.0,4528302.0,0.0,0.0,0.0,0.0,0.0,0.0,1.4085259336291929,0.6790220426687694,0.892095088265376,0.5294209207378602,40.111011869598414,,,0.3084177786141331,-0.009727984505288667,-0.03753081798755864,-0.019131462549669354,-2.344118383420856,,
河北省,承德市,Medium-sized City,0.0,7.0,0.0,0.0,3615695.5,0.0,7.0,7.0,0.0,0.019360037370403566,-0.019360037370403566,2.5708729570562188,0.6512716875628694,0.8371913128163893,0.5256527396654682,43.94387796801863,,,1.470853009368434,-0.015622883520907904,-0.050726361334614944,-0.0247066479833562,-3.2841687040389402,,
河北省,沧州市,Medium-sized City,0.0,616.0,0.0,0.0,7435293.0,0.0,616.0,616.0,0.0,0.8284811371925761,-0.8284811371925761,11.161918132793248,0.4704496562209617,0.383108344701011,0.2305473102724532,7.118182374830272,58.39593700664447,10.365896703071485,0.4941881716994878,-0.010046783538265713,-0.01685465438716416,-0.008035522038252696,0.37601858989993353,1.0502906830950067,-1.9070057562520013
河北省,石家庄市,Type I Large City,1691.0,232.0,0.0,0.0,10618743.5,1691.0,232.0,1923.0,1.592467131351275,0.21848159342016313,1.3739855379311119,20.0589134382165,0.2878488806732414,0.1660308104200659,0.1077533485747329,2.3733555651039286,8.144946358818457,3.042566610432992,1.7233981979559694,-0.014658209973249015,-0.019482481365378695,-0.0162980926984765,-1.3761050103439003,-2.9382479345708266,-0.43479034920242876
河北省,秦皇岛市,Type II Large City,0.0,0.0,0.0,0.0,3108995.5,0.0,0.0,0.0,0.0,0.0,0.0,9.27201993694864,0.3654091133884719,0.2883381620153142,0.2002780857091243,9.795967800485858,354.90135471919496,8.92162520146978,0.09137764359890177,0.0018412247045513919,0.0013133376294948151,-0.003374799321127886,-1.8899770607752266,,0.25376938053483755
河北省,衡水市,Medium-sized City,0.0,0.0,0.0,0.0,4541062.5,0.0,0.0,0.0,0.0,0.0,0.0,2.6345602714714884,0.3981694097304111,0.2953244479360657,0.1918478058636226,9.998124216453547,4785.747505226759,4.694300706848168,-0.08013090332534967,-0.0014676430655202188,-0.0033630054204568105,-0.003573757299399294,-0.2087873003595,,-0.4553176855926919
河北省,邢台市,Type II Large City,1600.0,0.0,0.0,0.0,7410956.0,1600.0,0.0,1600.0,2.1589657258793604,0.0,2.1589657258793604,3.529593245380061,0.5301492888275352,0.5173003707320302,0.3316782456658624,18.52779516869005,,146.59188779358212,1.707046842766739,-0.04452176302310551,-0.08259744645159017,-0.03828543646180499,-1.6443986407712714,,
河北省,邯郸市,Type II Large City,0.0,0.0,0.0,0.0,9552418.0,0.0,0.0,0.0,0.0,0.0,0.0,7.707503798044272,0.4482637092398923,0.3804677627975713,0.2557200617473225,13.324416476111262,,18.258289856860145,0.5303604381804998,-0.004436887967471215,-0.01435312413263351,-0.013522469672802406,-2.0146718717144605,,-10.957475901573464
河南省,三门峡市,Small City,1000.0,0.0,0.0,0.0,2338781.5,1000.0,0.0,1000.0,4.275730759799494,0.0,4.275730759799494,24.656137470850208,0.3947096905360973,0.323583011786015,0.2396112038722061,17.593659339373602,,17.927409627319523,4.568374680282474,0.0012947267348465963,0.003816560313113615,0.00239582117807402,-0.047158822010977985,,0.26486280563778664
河南省,信阳市,Medium-sized City,0.0,0.0,0.0,0.0,6357808.0,0.0,0.0,0.0,0.0,0.0,0.0,0.0,0.7722033187454094,1.3040746021759926,0.7120458058617363,68.16668894837309,,,0.0,-0.007608599628829538,-0.01439504982825901,-0.000599894850435545,0.4560110200390568,,
河南省,南阳市,Medium-sized City,0.0,513.0,150.0,0.0,10735477.0,0.0,363.0,363.0,0.0,0.3381312260274974,-0.3381312260274974,10.16156482789243,0.5551694143431828,0.5794305933839436,0.3837869864632807,27.743486659242084,,,1.2399331233762485,-0.016478432447212366,-0.03209351340911226,-0.014931628997946589,-0.7245001681872267,,
河南省,周口市,Medium-sized City,0.0,0.0,0.0,0.0,9296476.5,0.0,0.0,0.0,0.0,0.0,0.0,2.8522608369909306,0.5078622932088716,0.4714623876046407,0.3118354312550715,20.023531209871688,,,-0.07239161433510866,-0.011061353362951665,-0.022986028139825088,-0.016273923127757273,-1.9903077815432226,,
河南省,商丘市,Medium-sized City,0.0,833.0,0.0,0.0,7666226.5,0.0,833.0,833.0,0.0,1.0865841232319446,-1.0865841232319446,2.913852879380973,0.4219990945684565,0.3492738656839276,0.2492255622281507,18.00070578088172,,16.262172072163533,1.0500285226286037,-0.02912753637468568,-0.047506678833844795,-0.024731325313772007,-1.4975362217268433,,-54.34517685604838
河南省,安阳市,Medium-sized City,0.0,0.0,0.0,0.0,5413953.5,0.0,0.0,0.0,0.0,0.0,0.0,11.636982334984673,0.3226436429293521,0.1944761696502807,0.1199907040593818,1.7012142547892,8.952302688204103,3.9300931342174,0.8537194920703524,-0.01912368929299879,-0.020909715361276393,-0.012744573504553616,-0.3533449286418484,-2.0171387096637403,-0.601277883805964
河南省,平顶山市,Medium-sized City,0.0,0.0,0.0,0.0,5114348.5,0.0,0.0,0.0,0.0,0.0,0.0,9.574741844162048,0.285280123802941,0.1459599958421943,0.0900772938173858,1.96427961149122,5.204801586292184,2.742672859706534,-0.07394388640298821,-0.005002973354624629,-0.006306738839336912,-0.003806224086818105,0.25230966263360366,-0.6043589478083087,-0.09239755994551757
河南省,开封市,Type II Large City,1811.0,0.0,0.0,0.0,4742955.5,1811.0,0.0,1811.0,3.8182943103725098,0.0,3.8182943103725098,9.523219990730286,0.458489115441843,0.3641915400940794,0.2254731863220574,9.87872616785068,2685.657433964785,7.473799553662063,0.2503069245370284,0.009975115897540021,0.009068001518377167,-0.0013495448361149076,-1.1578585270469173,,-0.24939962549808747
河南省,新乡市,Type II Large City,0.0,0.0,0.0,0.0,5947312.5,0.0,0.0,0.0,0.0,0.0,0.0,17.99469757080078,0.3238271082558441,0.1889193572546408,0.1179958017366851,3.679386124965883,6.598911357604266,2.918021483822332,0.6847245132221893,-0.0384046041369871,-0.059257168659130915,-0.0476091508558686,-3.683759173879986,-21.699692571331852,-1.0384432658801601
河南省,洛阳市,Type II Large City,0.0,0.0,0.0,0.0,6870709.5,0.0,0.0,0.0,0.0,0.0,0.0,10.59066898315819,0.3328391790832843,0.2484115157836076,0.1804608582213688,10.308251066763315,,5.103862660499677,0.04320533350147393,-0.005816943630648386,-0.007759858673690001,-0.004945658204602826,-0.151898166102864,,-0.7431477306455081
河南省,漯河市,Medium-sized City,0.0,0.0,0.0,0.0,2661482.0,0.0,0.0,0.0,0.0,0.0,0.0,8.99756645358628,0.2370103829093612,0.0879171054425806,0.0440413493790758,0.0,3.0681028916283783,2.215535622802834,1.1320386098686193,-0.030973531639479385,-0.025038528143095,-0.011656320632913802,0.0,-0.5591503422097355,-0.22010558567619531
河南省,濮阳市,Medium-sized City,0.0,878.0,0.0,0.0,3746837.5,0.0,878.0,878.0,0.0,2.3433095243655484,-2.3433095243655484,10.11635243941011,0.2522455341332938,0.1300801255546775,0.0856667890736272,2.822128251778888,4.766040601064352,2.470249351651042,1.6188379893445237,-0.03898027065640958,-0.050699728193496524,-0.043747702132447594,-4.329695391834781,-6.156048274896291,-0.5617123498454761
河南省,焦作市,Medium-sized City,0.0,0.0,0.0,0.0,3665434.5,0.0,0.0,0.0,0.0,0.0,0.0,10.684528655846982,0.3399810696399781,0.1854683773144459,0.0896996460054395,0.0072294277935079,4.90242387221864,3.3883736090537564,0.7026435523110361,-0.006736907027013128,-0.014189300189338089,-0.004821802826741994,-0.0020271359454646,-0.17416546345128925,0.40754276517051613
河南省,许昌市,Medium-sized City,1000.0,0.0,0.0,0.0,4454149.0,1000.0,0.0,1000.0,2.24509777288546,0.0,2.24509777288546,10.4322602608324,0.3250316932823737,0.1738536273598135,0.0938326051202206,0.2530192752485058,5.903154652137688,3.329190701268342,1.0979835216039397,-0.023424116098095082,-0.0267160597256213,-0.014842345597343709,-0.1651348517450511,-0.9015951159030617,-0.48494807521933936
河南省,郑州市,Super City,1200.0,110.0,0.0,0.0,9156615.0,1200.0,110.0,1310.0,1.3105279625713213,0.12013172990237113,1.1903962326689501,43.537549796224646,0.2044953611585274,0.0838466598748653,0.0481156967418159,0.0046700551481138,3.418495729249389,1.9946788932610384,0.5091573846061266,-0.0077908685054313975,-0.00920374690585811,-0.0057811370678864035,0.0033911508171535,-0.43823008487731796,-0.12063950597000561
河南省,驻马店市,Small City,0.0,40.0,0.0,0.0,7530156.5,0.0,40.0,40.0,0.0,0.05311974591763133,-0.05311974591763133,5.602592262202603,0.5343954837074752,0.5390977449019124,0.3527654169306711,21.5382570988764,,,1.0677795017143055,-0.049237548916505114,-0.09013726289968615,-0.044161341382698505,-3.7161179011235994,,
河南省,鹤壁市,Medium-sized City,0.0,0.0,0.0,0.0,1644548.5,0.0,0.0,0.0,0.0,0.0,0.0,14.122603260982803,0.2275917704913653,0.0815113310498015,0.0410196503169286,0.0,3.111936597403219,2.1669948891242643,0.5854169188556195,-0.0073043532517954035,-0.005557494325570192,-0.002720069520682704,0.0,-0.18379714829023408,0.0023232067699394676
浙江省,丽水市,Small City,0.0,0.0,60.0,0.0,2211006.0,0.0,-60.0,-60.0,0.0,-0.27136968420709845,0.27136968420709845,17.454585585263697,0.4666544720994035,0.4387004341442738,0.311834142845679,23.061425646913552,,,0.5019796366442577,-0.00818789681486265,-0.012940594452722609,-0.008657373793572898,-1.0540457843774114,,
浙江省,台州市,Type II Large City,0.0,521.0,0.0,0.0,6202569.5,0.0,521.0,521.0,0.0,0.8399744654211453,-0.8399744654211453,8.063636262512857,0.225560829492421,0.0946106789787551,0.0557074864494387,0.6078250480424157,3.4367773805266046,2.182768151161586,0.8145458582011429,0.0023767282123167144,0.002173977469063601,0.0018281106637458022,0.17454557375484447,0.1573300885064297,0.06589179721158223
浙江省,嘉兴市,Medium-sized City,0.0,0.0,0.0,0.0,4667433.5,0.0,0.0,0.0,0.0,0.0,0.0,12.73522698747968,0.3557028734466063,0.1986059169336587,0.1005535767651757,0.0,6.027412690779796,4.020437857956094,0.3569880620703376,0.013711351571199792,0.015439314696891304,0.00763282589414381,0.0,0.4159132674467312,0.23123168861668209
浙江省,宁波市,Type I Large City,0.0,0.0,17.0,0.0,7882082.0,0.0,-17.0,-17.0,0.0,-0.021567905535618635,0.021567905535618635,12.66161500981876,0.2778200629894323,0.1505824156708166,0.0999065376364888,3.4484425093627022,4.682167340735111,2.708424805917291,-0.14725136547904683,0.011763110096126683,0.010006701785250899,0.00648229798270529,0.23770266821832609,0.6099907825948065,0.021725661515870076
浙江省,杭州市,Super City,2100.0,1637.0,168.0,0.0,9055012.0,2100.0,1469.0,3569.0,2.3191576112764953,1.6223059671262723,0.696851644150223,38.40143082291844,0.2496684255393614,0.1689468622355215,0.1251931702938569,5.432960550625637,18.745574747967925,2.4936951155635967,2.888741935106964,-0.0037655637405298037,-0.0069919931957443116,-0.005146671606513387,0.1397486434165982,-7.4936878599670855,-0.23451809764192344
浙江省,温州市,Type II Large City,0.0,0.0,0.0,0.0,9482409.0,0.0,0.0,0.0,0.0,0.0,0.0,15.319106344088889,0.2364871457534585,0.1399355962835715,0.1034719840747541,5.256620632809616,6.049667991235649,2.244656697164129,0.05393694113108083,-0.0037345089926461017,-0.009080280103600596,-0.00855908511018981,-0.9687281968872572,-3.7342197411462505,0.006743047990207973
浙江省,湖州市,Medium-sized City,1500.0,0.0,0.0,1500.0,3014128.0,0.0,0.0,0.0,0.0,0.0,0.0,12.976818463573718,0.3444897348562028,0.193480182016656,0.1066378019087257,1.4405605332030385,5.845275175782798,3.329519335957696,1.2897312879162932,-0.004969138535424966,-0.00881506262199569,-0.008147359682347102,-0.4330400105191843,-0.9561684954476082,-0.020083549254344746
浙江省,绍兴市,Type II Large City,0.0,0.0,0.0,0.0,5172382.5,0.0,0.0,0.0,0.0,0.0,0.0,14.129063827041689,0.3582732991814613,0.2095033851548097,0.1133409961324342,0.2101601355318425,7.834073376198469,4.247011958772696,0.612463599885297,-0.016164897026758218,-0.024419169469373087,-0.014142751057442005,-0.010320324590524482,-1.158156209887772,-1.1478402929759444
浙江省,舟山市,Medium-sized City,0.0,0.0,0.0,0.0,1036702.0,0.0,0.0,0.0,0.0,0.0,0.0,16.86862782616029,0.1771389007408836,0.0796957091479338,0.0526893406211732,1.373274400222677,3.088931146231102,1.4789564155928827,0.9006267183860999,0.030404511141898988,0.03891038110570269,0.030384306489449,1.2251057123879772,0.3240187532537333,-0.009677220427747102
浙江省,衢州市,Medium-sized City,0.0,0.0,0.0,0.0,2214019.5,0.0,0.0,0.0,0.0,0.0,0.0,8.032876693945138,0.3134245701475432,0.1767042046179813,0.1096342293038495,2.948976521594386,7.298211224274525,3.3683088128759464,-0.05556799015410441,-0.005206162504909295,-0.004960119452045386,-0.0012842589717634023,0.643795166008641,-0.5991606830463052,-0.09660442283706461
浙江省,金华市,Medium-sized City,1727.0,0.0,0.0,0.0,5599338.0,1727.0,0.0,1727.0,3.084293178943654,0.0,3.084293178943654,13.72218369464485,0.2246607304316829,0.1033444005469345,0.0664381591456008,1.5905480122119036,3.284057101052355,1.9960003901720509,3.9896487180178237,-0.08167203152544139,-0.07016580276388429,-0.04118196324590989,-0.5222723392346733,-4.895431164657721,-0.6628913491584771
海南省,三亚市,Medium-sized City,0.0,0.0,0.0,0.0,692837.0,0.0,0.0,0.0,0.0,0.0,0.0,37.70441968163779,0.0880006398140121,0.0189804214462716,0.0106632514446008,0.0493638039543464,1.5118382433034243,1.33697013824123,-0.4366392546648825,0.0181566167935657,0.0063333948586252,0.003907266400866599,0.0426392969894741,0.05177114072155309,0.06364346564568235
海南省,儋州市,Small City,1100.0,0.0,0.0,0.0,961807.0,1100.0,0.0,1100.0,11.436805928840194,0.0,11.436805928840194,15.028482563906206,0.3819901961391186,0.2921366287725653,0.2016844791958955,10.79667477054082,,7.664571759027517,7.924409438727269,0.019876732667857,0.011570352384984883,-0.00423863727115481,-3.4652201653883896,,1.085107612721882
海南省,文昌市,Small City,600.0,0.0,0.0,0.0,553445.5,600.0,0.0,600.0,10.84117587007212,0.0,10.84117587007212,11.0972443989345,0.392039209723835,0.2646615688536067,0.1553606349652833,2.26639444018586,14.15381500021762,6.647363466119234,6.914124850914033,-0.17297666720412286,-0.3475346295008538,-0.2542498621112061,-29.27652042387019,,
海南省,海口市,Type II Large City,320.0,0.0,0.0,0.0,2129232.5,320.0,0.0,320.0,1.50288895177018,0.0,1.50288895177018,41.6623836486219,0.0939467873557202,0.0235335251355755,0.0132220131881597,0.0,1.5893638657139852,1.2722976153625558,1.918401397462631,0.009484846460400487,0.0008023395056344987,8.311071640160032e-05,0.0,0.038912255080156166,0.0735705913620226
海南省,琼海市,Small City,0.0,0.0,0.0,0.0,501993.5,0.0,0.0,0.0,0.0,0.0,0.0,12.33627403031264,0.2125436088169615,0.083009385013035,0.0456494165261152,0.252445062242487,2.9595950682184187,1.6339328008079377,1.8237011176617752,-0.0019604839670994134,0.0008281970020306978,0.0022169440272439,0.12468419561449967,0.6023354058865245,-0.09687210818214864
湖北省,仙桃市,Small City,0.0,0.0,0.0,0.0,1229199.0,0.0,0.0,0.0,0.0,0.0,0.0,8.941061307672868,0.3692780008498116,0.2294052979769406,0.1234932074824546,0.0,10.615875032924576,5.780645922379224,0.28054552245558284,-0.010768391234836916,-0.011013070639406097,-0.005659234774383293,-0.0009780939557053,0.20201592231335752,-1.043581153215916
湖北省,十堰市,Type II Large City,0.0,280.0,0.0,0.0,3481270.5,0.0,280.0,280.0,0.0,0.8043040608306651,-0.8043040608306651,8.933523139438114,0.5825692666280293,0.7111368066590773,0.4755834678087248,39.03517766664898,,,-0.4245663075833708,-0.0014473964599492906,0.0030211292525483824,0.0026758456270591924,-0.023812648923431823,,
湖北省,咸宁市,Small City,0.0,0.0,0.0,0.0,2564075.0,0.0,0.0,0.0,0.0,0.0,0.0,3.6214800500905344,0.5696079367738591,0.59225496096523,0.3671518864848079,23.967148183754524,,,-0.09481102754684345,0.027458368334945638,0.05106830101255022,0.025319644037238687,1.6252064472514753,,
湖北省,天门市,Small City,0.0,250.0,0.0,0.0,1468541.5,0.0,250.0,250.0,0.0,1.7023693235771682,-1.7023693235771682,14.73305620350176,0.2084111602201022,0.0888973094041458,0.0548496476830367,0.6023450468045717,3.353182040646471,2.11379998409928,1.160750642480691,-0.020374426638390508,-0.018072141923710303,-0.012326309026108095,-0.238989034502752,-1.1145303138148512,-0.10950350366629591
湖北省,孝感市,Medium-sized City,0.0,0.0,0.0,0.0,5024324.5,0.0,0.0,0.0,0.0,0.0,0.0,4.519104445234258,0.5355897069534822,0.4947547790027879,0.2897731455476684,11.732440647415892,,12.641516958271202,0.554468423350917,-0.021245319035230747,-0.043711155153192294,-0.022117441123047865,-1.5702373979068387,,-2.985210139983062
湖北省,宜昌市,Type II Large City,0.0,0.0,0.0,0.0,4227099.5,0.0,0.0,0.0,0.0,0.0,0.0,24.76484282915369,0.426019031263776,0.4003612607518377,0.3010408777210008,24.514328856873856,,,0.16609366838708794,0.006619267930156991,0.019409965181940214,0.01685652505356061,1.8606329509983972,,
湖北省,恩施土家族苗族自治州,Small City,0.0,0.0,0.0,0.0,3423113.0,0.0,0.0,0.0,0.0,0.0,0.0,4.465363100312467,0.6638118727034339,0.8498628114725215,0.5224156697149728,43.09428046631537,,,1.6640857377701215,-0.026830309533834473,-0.0702531190103669,-0.02633248929901333,-2.3112408978090855,,
湖北省,武汉市,Super City,800.0,9.0,200.0,0.0,10210724.5,800.0,-191.0,609.0,0.7834899472608433,-0.1870582249085263,0.9705481721693696,43.98500790631556,0.1378076600683643,0.0608049187719875,0.0401190751383137,0.0967066538754538,2.2409674021317523,1.3836024891200278,-0.32494584738852694,-0.01572807482763608,-0.017906852430528197,-0.013605161937384404,-0.029081927738384694,-0.6549781252606013,-0.07276858981571932
湖北省,潜江市,Small City,0.0,0.0,0.0,0.0,982511.5,0.0,0.0,0.0,0.0,0.0,0.0,15.359849299009316,0.2973061803723497,0.1614228514626526,0.0977388205498013,1.5074600938060954,8.308823503381673,2.7180164239695777,2.4232498369876883,0.005232378801030002,0.006583248757393495,0.0042609620864496045,-0.005206988910301469,1.3140464298209809,0.13872926174092592
湖北省,荆州市,Medium-sized City,3200.0,0.0,1000.0,0.0,5942472.5,3200.0,-1000.0,2200.0,5.384963918638244,-1.6828012245744512,7.067765143212695,6.769944809496688,0.568961424079118,0.5798128200082004,0.3543378921687151,17.678224583019905,,102.1757284447102,0.7343371163649888,-0.007288636277476557,-0.020013275395858177,-0.019020465446101642,-4.269628487776199,,
湖北省,荆门市,Medium-sized City,0.0,0.0,0.0,0.0,2997906.5,0.0,0.0,0.0,0.0,0.0,0.0,20.620903253555294,0.4063502658849603,0.2825417719549156,0.1656454558867667,3.37871417398476,12.987854125724864,6.179259494966406,3.2667791080474835,-0.03665014446269449,-0.055323239521355816,-0.031417099423705186,-0.3564732968912394,-8.341047455479279,-2.2810896692646168
湖北省,襄阳市,Type II Large City,0.0,0.0,0.0,0.0,5721513.0,0.0,0.0,0.0,0.0,0.0,0.0,11.465248016387749,0.4503843956230274,0.4037474155957679,0.2818260567927501,18.213757996168745,,97.30073115777144,0.5289591827695848,-0.024058652549531878,-0.03675127971809,-0.024009665025601645,-2.277765265895006,,
湖北省,鄂州市,Small City,0.0,0.0,0.0,0.0,1077231.5,0.0,0.0,0.0,0.0,0.0,0.0,31.21250394568687,0.2088134290536616,0.1003689094766533,0.0647101944732545,0.2118675430026349,3.759543691994793,1.8948983080190485,3.0237604022258964,-0.015637277302386093,-0.01666459659784049,-0.011366452230077498,0.0042481245791826105,-2.3371616767170984,-0.14269080045504046
湖北省,随州市,Small City,0.0,0.0,0.0,0.0,2258139.0,0.0,0.0,0.0,0.0,0.0,0.0,11.517382025718687,0.4185126461072962,0.3506581577614996,0.2470346640384965,15.184706689100343,,19.460851099250608,0.06213891506194891,-0.019204654060180293,-0.029568774995894498,-0.019181887579566514,-1.4534056351018148,,-16.543924562555926
湖北省,黄冈市,Small City,1700.0,0.0,0.0,0.0,6448840.0,1700.0,0.0,1700.0,2.636133009967684,0.0,2.636133009967684,0.2583082376690636,0.7690757809165178,1.1735221722678413,0.6120717483886274,41.660770641338445,,,0.06777404514452748,-0.02142381488014733,-0.0918535402898355,-0.025347070465456034,-2.271532551102027,,
湖北省,黄石市,Medium-sized City,0.0,0.0,0.0,0.0,2546000.5,0.0,0.0,0.0,0.0,0.0,0.0,11.38872488550393,0.3909378077479143,0.2927062694302787,0.192919042411893,7.951379947113543,44.93361349186492,7.660052413649103,1.8636191632696022,0.010736217814411309,0.02240432257250513,0.018737108944605008,1.3078126608348812,25.871829945837067,1.7408237648897922
湖南省,娄底市,Medium-sized City,0.0,0.0,0.0,0.0,3955806.0,0.0,0.0,0.0,0.0,0.0,0.0,3.871482907341706,0.4921097094263926,0.4464872329564879,0.3011985276985363,20.85169721356761,,,0.3154015822680867,-0.022811064675099246,-0.0378674961971992,-0.019374966097957302,-0.8991074195384385,,
湖南省,岳阳市,Type II Large City,0.0,0.0,0.0,0.0,5716387.5,0.0,0.0,0.0,0.0,0.0,0.0,6.83225294539803,0.539765062376899,0.5461953168168068,0.353882192191535,20.576168660719265,,,-0.21247762558314687,0.0006031441673947091,0.0023551555449617956,-0.0014384861645850289,-1.1175009515216772,,
湖南省,常德市,Medium-sized City,0.0,0.0,0.0,0.0,5948956.5,0.0,0.0,0.0,0.0,0.0,0.0,2.6542743888243323,0.543969944415508,0.5695383235111063,0.3852914871478916,29.574021133577684,,,0.025978811695191784,-0.006489137639273834,-0.01321403056181969,-0.0066734951306294255,-0.3173535011719224,,
湖南省,张家界市,Small City,1200.0,0.0,0.0,0.0,1545249.0,1200.0,0.0,1200.0,7.7657387256034465,0.0,7.7657387256034465,12.396327018737791,0.5425725214721576,0.5808777751194244,0.3978979516033644,31.620211085750032,,,6.83578460200176,-0.02909763705549051,-0.06435850059968884,-0.03727816915958032,-4.502388666691527,,
湖南省,怀化市,Medium-sized City,0.0,0.0,0.0,0.0,4919321.5,0.0,0.0,0.0,0.0,0.0,0.0,7.57397985458374,0.5994041208486898,0.6856867393274974,0.4430218403536109,32.916900589015455,,,1.0434541181586257,-0.01783497814775359,-0.04014848852147568,-0.017063346174576166,-0.7853504386708039,,
湖南省,株洲市,Type II Large City,0.0,0.0,0.0,0.0,4038928.0,0.0,0.0,0.0,0.0,0.0,0.0,6.468138328518917,0.5775465068757795,0.6290071555883652,0.3964827063635382,23.96324045242216,,,0.6163797373700195,-0.0061472570028818785,-0.009243879369936647,-0.002524499364671806,-0.06812307805667217,,
湖南省,永州市,Medium-sized City,0.0,0.0,0.0,0.0,5419783.5,0.0,0.0,0.0,0.0,0.0,0.0,5.466695584717497,0.5793524608510654,0.6573672150168024,0.4427203202930909,37.57109959891448,,,-0.23566887665894765,0.0049192997057222465,0.01110088298406775,0.005659382932319712,0.42431763875876527,,
湖南省,湘潭市,Medium-sized City,0.0,0.0,0.0,0.0,2848217.5,0.0,0.0,0.0,0.0,0.0,0.0,14.944129943847656,0.3888452247196793,0.2483647460739319,0.134136800693792,0.1978683765260677,9.424419365232056,5.889420646784896,-0.11903809751270167,0.010466998236637604,0.013878685676647323,0.008460033967739394,0.12147082363958041,0.7362404474912161,0.28606968204860994
湖南省,湘西土家族苗族自治州,Small City,0.0,1600.0,0.0,0.0,2676474.5,0.0,1600.0,1600.0,0.0,5.978013240925703,-5.978013240925703,10.15550708770752,0.5783325530578002,0.6470539060240569,0.4328176327624085,35.53541778628326,,,4.104362483699021,-0.0030642415193004036,-0.003996592556937628,-0.0024455605795964397,-0.9246996961667406,,
湖南省,益阳市,Medium-sized City,0.0,0.0,0.0,0.0,4519682.5,0.0,0.0,0.0,0.0,0.0,0.0,1.9873580770871728,0.6523490964405935,0.7864931834688115,0.4660293085203922,32.575892190170066,,,0.26820722760306426,-0.01978293447313917,-0.06358957443862423,-0.03937265444525867,-5.7014564544778,,
湖南省,衡阳市,Type II Large City,0.0,0.0,0.0,0.0,7446146.0,0.0,0.0,0.0,0.0,0.0,0.0,12.023521289446013,0.4238181301170981,0.3549562599344738,0.2492013414754611,14.735245240621852,,22.45093395466176,-0.11448164846926545,-0.003153002661546056,0.00011340747039695342,0.0016217957512612013,0.24542288409647206,,2.714575635237459
湖南省,邵阳市,Medium-sized City,0.0,0.0,0.0,0.0,7377397.5,0.0,0.0,0.0,0.0,0.0,0.0,5.541065647816047,0.5433120368923539,0.5969786531833223,0.4103234686584737,32.88696676093129,,,-0.952117262997179,0.02196122877141371,0.04225163469844828,0.022933711996058814,2.128729320937886,,
湖南省,郴州市,Medium-sized City,600.0,0.0,0.0,0.0,4785145.0,600.0,0.0,600.0,1.2538804989190504,0.0,1.2538804989190504,9.62886809907019,0.5545451625648119,0.5814179366947615,0.3839447900698046,26.87825456160356,,,1.8340233900874967,-0.02286742280335341,-0.035015551913355814,-0.008053758930859634,0.12415698313106915,,
湖南省,长沙市,Super City,50.0,639.0,0.0,0.0,7352356.5,50.0,639.0,689.0,0.0680054075179842,0.8691091080798381,-0.8011037005618539,42.68376435219854,0.2354182550582693,0.1252397695899652,0.0816623842080391,1.1619944982652384,4.769474279049698,2.333711458012064,1.8524831668105648,-0.00768045775978321,-0.0018715065085525007,0.0007059350441690065,0.175000058561124,0.27344051906776823,-0.1945794263913938
甘肃省,临夏回族自治州,Small City,1465.0,0.0,0.0,0.0,2026263.5,1465.0,0.0,1465.0,7.2300567028918,0.0,7.2300567028918,9.815730007671268,0.4043665536706701,0.3454787014969895,0.2476981645381027,18.067300594936,,22.08327936499651,9.815730007671268,-0.4989798370106783,-1.7257635869476784,-0.606873823473133,-63.7532538608032,,
甘肃省,兰州市,Type II Large City,2616.0,567.0,29.0,0.0,3781195.0,2616.0,538.0,3154.0,6.918447739405135,1.4228306130733803,5.495617126331755,54.553235293376126,0.2292117648752945,0.1770313564844378,0.1404629979446602,7.387629123495677,139.97300075883365,2.3002526027837304,9.786716667038576,-0.005109455229011822,-0.006867709265956312,-0.00965407651653552,-3.696940495077645,,-0.1156061515179374
甘肃省,嘉峪关市,Small City,850.0,0.0,0.0,0.0,242074.0,850.0,0.0,850.0,35.113229838809616,0.0,35.113229838809616,35.45835681915283,0.0175103190607346,0.0009518040439918,0.0004965432984197,0.0,1.0728971085029788,1.0315651568690083,11.103264261356337,-0.0064113017541326985,-0.00032029909565419996,-0.00015783965066300005,-0.0004137514429581,-0.04246748008779222,-0.023616119928618007
甘肃省,天水市,Medium-sized City,0.0,0.0,0.0,0.0,3392901.0,0.0,0.0,0.0,0.0,0.0,0.0,9.028240510920442,0.480011931883861,0.4600951808181237,0.326505266123972,25.26470123516945,,,0.3415939813140323,-0.0111558610554498,-0.014095735748556715,-0.00576708707802126,-0.11813435064155087,,
甘肃省,定西市,Small City,0.0,0.0,0.0,0.0,2814092.0,0.0,0.0,0.0,0.0,0.0,0.0,0.0,0.740926047110522,1.0938812780182758,0.6164153394625096,54.157251307683815,,,0.0,0.011208112561368222,0.036874763427226176,0.007185664745933629,0.02056315673552689,,
甘肃省,平凉市,Small City,0.0,0.0,0.0,0.0,2167666.0,0.0,0.0,0.0,0.0,0.0,0.0,0.0,0.7092791500190003,1.065368445921346,0.6326590019782958,58.84177679206286,,,0.0,-0.00028506046733389745,-0.0003392453807029572,0.0003201072155436524,0.15053499727684994,,
甘肃省,庆阳市,Small City,0.0,0.0,0.0,0.0,2292363.5,0.0,0.0,0.0,0.0,0.0,0.0,1.3900894685859737,0.6396192017028228,0.8272861604759997,0.5336318067287904,48.218299659736864,,,-0.017310937993815445,-0.002392197721956979,-0.004501816498167055,-0.0013475431773972701,-0.06273722884572663,,
甘肃省,张掖市,Small City,0.0,0.0,0.0,0.0,1252331.5,0.0,0.0,0.0,0.0,0.0,0.0,10.437670776799555,0.4771228117933982,0.483073836440532,0.3503818931043995,29.058104409512477,,,-0.0713015678883977,-0.012767440454420076,-0.028449393907848786,-0.019533036961804306,-2.255157775856123,,
甘肃省,武威市,Small City,1200.0,0.0,0.0,0.0,1888485.5,1200.0,0.0,1200.0,6.354298192917023,0.0,6.354298192917023,26.4081444111816,0.4582069441838564,0.487724755547152,0.368453232066708,33.12087060374767,,,6.687063955807389,-0.00384172293347812,-0.00815446453186941,-0.0053078924183849185,-1.010570253912519,,
甘肃省,白银市,Small City,800.0,0.0,0.0,0.0,1781837.5,800.0,0.0,800.0,4.489747241260777,0.0,4.489747241260777,4.380226454603562,0.6121280768088375,0.725084501729873,0.4739289409782045,40.525243492030405,,,3.8319774483322,-0.1324540347253127,-0.3724738506892209,-0.12439085229366131,-8.118586218422053,,
甘肃省,酒泉市,Small City,0.0,0.0,285.0,0.0,1144144.5,0.0,-285.0,-285.0,0.0,-2.490944107147305,2.490944107147305,1.1258707791566849,0.6427720255497408,0.8584616255111862,0.5416492221403106,45.96357791288124,,,1.1258707791566849,0.010947355378980395,0.0011102284256635508,-0.015311047241951536,-6.231660615887876,,
甘肃省,陇南市,Small City,1000.0,0.0,0.0,0.0,2676784.0,1000.0,0.0,1000.0,3.735826275112224,0.0,3.735826275112224,0.0,0.7812363497678863,1.2847488919161545,0.6924272940785181,63.35547672184364,,,0.0,-0.15950038286880774,-1.2922772001680742,-0.22173253573851748,-26.242151649090893,,
福建省,三明市,Small City,0.0,0.0,0.0,0.0,2615460.5,0.0,0.0,0.0,0.0,0.0,0.0,3.1074938774108887,0.6415217282144081,0.8026100975604693,0.5081689857165673,42.20064364037558,,,0.5531930085158119,0.0029995430443310322,-0.005062054325820409,-0.007698525094286146,-1.7019615721931984,,
福建省,南平市,Small City,0.0,0.0,0.0,0.0,2758705.5,0.0,0.0,0.0,0.0,0.0,0.0,0.0,0.7857570583162923,1.30327318488078,0.699590730682247,65.0126213335813,,,0.0,0.012990260014343447,0.050908974823392406,0.012726190395001002,0.688684730640972,,
福建省,厦门市,Type I Large City,0.0,0.0,0.0,0.0,3610476.5,0.0,0.0,0.0,0.0,0.0,0.0,23.06073839672328,0.0494369776652068,0.0061861537552619,0.0035334433988396,0.0206237647947061,1.2233634623686171,1.1173084917626517,-0.2538650792628552,0.0010715347443917,0.0010241655268691,0.0007382940573891,0.019490640048450098,-0.00167736050843037,-0.00404653169646374
福建省,宁德市,Small City,0.0,300.0,100.0,0.0,2857881.0,0.0,200.0,200.0,0.0,0.6998192017092384,-0.6998192017092384,6.37008234306618,0.5408242092786665,0.56931439309923,0.3822478789406104,27.82122556412592,,,0.13534923836036938,-0.003826348170985816,-0.03971400270514347,-0.03875373946683919,-7.406847258243825,,
福建省,泉州市,Type II Large City,0.0,0.0,0.0,0.0,8536764.0,0.0,0.0,0.0,0.0,0.0,0.0,11.130578602061552,0.289780253587048,0.1877335700132711,0.1385611066647659,7.096771173010162,60.16635810021561,2.4164124863907968,0.1458478196945041,-0.0041594580960249705,-0.006762123374186413,-0.009948446274158806,-2.5096729126427464,-174.59524349989928,0.09495375547061657
福建省,漳州市,Medium-sized City,0.0,0.0,0.0,0.0,4994605.5,0.0,0.0,0.0,0.0,0.0,0.0,4.311411623521285,0.557894658467599,0.6125573752264855,0.4046788414857908,28.68498366352225,,,0.5236661278840269,-0.016193853774661537,-0.04859926266295622,-0.032197124146344014,-4.409117150675318,,
福建省,福州市,Type I Large City,0.0,0.0,0.0,0.0,7342481.5,0.0,0.0,0.0,0.0,0.0,0.0,29.06597833759928,0.2508173542417706,0.1534838142300053,0.1082943821464904,3.636633729200974,9.862852137206763,2.3991963877812794,0.9054656179055449,-0.006542939929208125,-0.006551716116706019,-0.005096539967815103,-0.4720586802140936,-0.7456993099801732,-0.16203103945274533
福建省,莆田市,Type II Large City,0.0,0.0,0.0,0.0,2879022.0,0.0,0.0,0.0,0.0,0.0,0.0,10.750148508139462,0.2064819605371572,0.0753822426495945,0.0425190421732036,0.4969962433503132,2.5675463387363213,1.8576957018083355,-0.15781903919596196,0.01344604332526661,0.01083502073732781,0.006991850973759199,0.18284091481399922,0.15869745985090988,0.08305790845190186
福建省,龙岩市,Medium-sized City,962.0,0.0,0.0,0.0,2672720.0,962.0,0.0,962.0,3.599329521985094,0.0,3.599329521985094,6.3326909811418135,0.6051926840331792,0.7328599226956944,0.4834510397421959,40.82851110255375,,,2.0381111784597445,-0.006275135326742731,-0.016053813282017604,-0.006273455958447027,-0.8319619786809795,,
西藏自治区,山南市,Small City,355.0,0.0,0.0,0.0,1103834.5,355.0,0.0,355.0,3.2160618281091957,0.0,3.2160618281091957,0.0,0.8864852940041996,2.0114573107077853,0.8605826041924428,85.15612176613931,,,0.0,-0.0054328096079995225,-0.03504721693187873,-0.0030019513368534367,-0.12000656744427829,,
西藏自治区,拉萨市,Medium-sized City,0.0,0.0,0.0,0.0,584352.0,0.0,0.0,0.0,0.0,0.0,0.0,47.22922035250895,0.3528967566764913,0.3544870972418679,0.2819048209108181,25.015035641304276,,,0.15205882882892752,0.0042700427064567,0.0051745495278910925,0.002681403928113113,0.051029799966528344,,
西藏自治区,日喀则市,Small City,0.0,0.0,0.0,0.0,734998.5,0.0,0.0,0.0,0.0,0.0,0.0,0.0,0.8110254201932429,1.5146737349945014,0.7697379285088877,75.16403709208085,,,0.0,-0.002050996865628263,-0.011439155899473308,-0.0020757268265034767,-0.060487798126445114,,
西藏自治区,昌都市,Small City,276.0,0.0,0.0,0.0,685405.0,276.0,0.0,276.0,4.026816261918135,0.0,4.026816261918135,0.0,0.8909632842377562,2.141476273920236,0.8800443050165072,87.5595054275942,,,0.0,0.8909632842377562,2.141476273920236,0.8800443050165072,-12.440494572405797,,
西藏自治区,林芝市,Small City,0.0,0.0,0.0,0.0,504059.0,0.0,0.0,0.0,0.0,0.0,0.0,0.0,0.8931163563383919,2.105882544633725,0.8735948368602658,86.47719119312623,,,0.0,0.0006269550733365437,0.00774639675652411,0.0009667092442863234,0.06852523667504329,,
贵州省,六盘水市,Medium-sized City,0.0,0.0,0.0,0.0,2962770.5,0.0,0.0,0.0,0.0,0.0,0.0,5.489834779574547,0.5421045988199189,0.606528950352496,0.4057202793667406,33.49017977075236,,,-0.40836954705509143,0.004952529367384884,0.006065764620410197,0.002604150893589674,0.30605282418709123,,
贵州省,安顺市,Medium-sized City,0.0,0.0,0.0,0.0,2388198.0,0.0,0.0,0.0,0.0,0.0,0.0,10.897359706737378,0.4331572720072481,0.3408996454962369,0.2230899265654758,11.288417014566212,,7.155424077523343,0.24065359455029345,0.010402587285691989,0.016304251060215602,0.01094959207235649,0.8750757519876924,,1.202708350540954
贵州省,毕节市,Medium-sized City,0.0,0.0,0.0,0.0,6824375.5,0.0,0.0,0.0,0.0,0.0,0.0,0.1977418593600368,0.6976746943639638,0.9604514291754614,0.5716284956205384,46.9084099909351,,,0.005171718954989496,-0.0002467471637087604,0.0005939517903140734,0.00043057277652636117,-0.0862528852704827,,
贵州省,贵阳市,Type I Large City,0.0,752.0,0.0,0.0,4513668.5,0.0,752.0,752.0,0.0,1.6660505750477688,-1.6660505750477688,41.40176599168163,0.1883122812773076,0.1211759959502549,0.0921864113589143,4.406964344134742,6.3845414895681945,1.6799770343595093,1.4929646992800443,0.0014956502916932957,0.0024383929466322007,0.0018294598014704927,0.1054583987726927,0.3063010771172605,0.001981080560683912
贵州省,遵义市,Type II Large City,0.0,0.0,0.0,0.0,6392160.0,0.0,0.0,0.0,0.0,0.0,0.0,0.9597689702800692,0.6507372286957596,0.8557189938872878,0.5420480797680103,46.97993243189429,,,-0.7621728584476529,0.00585079261015653,0.01788532190024028,0.008429242257444902,0.8732780391601125,,
贵州省,铜仁市,Small City,0.0,0.0,0.0,0.0,3209339.0,0.0,0.0,0.0,0.0,0.0,0.0,0.0,0.8253921276974908,1.5425088901631512,0.7693314728935219,73.63745723529546,,,0.0,-0.0018490918814085822,-0.013917965860759551,-0.003385851396279116,-0.2560230705925761,,
贵州省,黔东南苗族侗族自治州,Small City,0.0,260.0,0.0,0.0,3633707.0,0.0,260.0,260.0,0.0,0.7155227430279877,-0.7155227430279877,0.0,0.7509280699904177,1.1786912281716622,0.6653189394730807,61.24540435747004,,,0.0,-0.010719340883489248,-0.02994955496780749,-0.006489369011986934,-0.40845160305728,,
贵州省,黔南布依族苗族自治州,Small City,0.0,0.0,0.0,0.0,3380911.5,0.0,0.0,0.0,0.0,0.0,0.0,6.233287942820582,0.6329863346620959,0.7644004974941953,0.4843488303110926,38.25497964670556,,,0.4669082510996043,-0.007552824093968402,-0.016116511612011886,-0.005358258107564906,-0.19913230069165877,,
贵州省,黔西南布依族苗族自治州,Small City,0.0,0.0,0.0,0.0,2926493.5,0.0,0.0,0.0,0.0,0.0,0.0,0.0,0.6866332397141521,0.9744259841702096,0.5922290394663495,52.31086166213931,,,0.0,0.000997463256673825,0.003709265512412463,0.00154953925591228,0.24034972805504395,,
辽宁省,丹东市,Medium-sized City,0.0,0.0,0.0,0.0,2536001.5,0.0,0.0,0.0,0.0,0.0,0.0,15.383767509568,0.4366522189761749,0.391335929225242,0.2738312137974867,17.132097756867687,,42.54328603253256,-0.5047151347459451,0.011649273595407184,0.01561391481681651,0.007767701377358827,-0.07466298985391262,,4.0142902197741535
辽宁省,大连市,Super City,0.0,0.0,0.0,0.0,6937354.0,0.0,0.0,0.0,0.0,0.0,0.0,27.47556248432448,0.4406578979543573,0.4646001488744928,0.3463536422014647,27.5833384065408,,,-0.059625828871443076,0.00021751381229967448,0.0003967635948353143,0.00018466485037521574,-0.005664372808652729,,
辽宁省,抚顺市,Type II Large City,0.0,0.0,0.0,0.0,2233092.5,0.0,0.0,0.0,0.0,0.0,0.0,26.51032471307212,0.367775583897071,0.3443222423295948,0.2669476954923081,19.884539651937843,,3582.947523711952,-0.14637582230942314,-0.0010005739745619913,-0.001148861110646715,-0.0006147608139737692,-0.012678335542272379,,4.208548667989362
辽宁省,朝阳市,Medium-sized City,0.0,0.0,0.0,0.0,3170594.5,0.0,0.0,0.0,0.0,0.0,0.0,0.999559614880164,0.6303551217857315,0.8150514814083659,0.5298547276336997,47.62704920484916,,,0.007962803184061173,9.306307769851863e-05,0.00014039310226043877,8.308074112561847e-06,0.001965019341575669,,
辽宁省,本溪市,Medium-sized City,0.0,0.0,0.0,0.0,1782845.0,0.0,0.0,0.0,0.0,0.0,0.0,17.62684466895797,0.4151950887472075,0.3828781601744392,0.2862671739842756,22.885169262061204,,,-0.8830250409177651,-4.770420021893429e-06,-0.017789046583739088,-0.0183963913594149,-3.1907273395072053,,
辽宁省,沈阳市,Super City,0.0,0.0,0.0,0.0,8459712.0,0.0,0.0,0.0,0.0,0.0,0.0,45.81445539928618,0.2184466251320198,0.1464270878873949,0.104908707495899,3.4426788269014748,8.996963770784504,2.456274878927973,-0.05195759052559623,-0.0004464449916457003,-0.0001313634001784969,-0.00013623862376729856,-0.002765366573049377,-0.05383888933854486,0.005708155636348522
辽宁省,盘锦市,Medium-sized City,0.0,0.0,0.0,0.0,1455746.5,0.0,0.0,0.0,0.0,0.0,0.0,17.04903391906146,0.0954179290403983,0.020870505463031,0.0116546133874423,0.0355954871232125,1.55496193290813,1.252635340126202,-0.39490651027047363,-0.008575632867704006,-0.005949256679574799,-0.0041589602968597015,-0.1376483208554973,-0.056761404385191616,-0.025283289024579103
辽宁省,营口市,Medium-sized City,0.0,0.0,0.0,0.0,2535731.0,0.0,0.0,0.0,0.0,0.0,0.0,5.96224805699075,0.3996712365124871,0.2801373264368475,0.1728503753212826,6.527326834500252,14.58207422225772,4.8248063942585695,-0.05521319640256994,-0.005780355606421483,-0.0053752495640361775,-0.0024116923574024896,0.006355354196712071,-0.8427267957487601,-0.009699525673015685
辽宁省,葫芦岛市,Medium-sized City,0.0,0.0,0.0,0.0,2737246.5,0.0,0.0,0.0,0.0,0.0,0.0,3.6279599023926847,0.585764405539988,0.6679301041365064,0.4341098937194303,32.67640473289131,,,-0.23053532241769847,0.007473504701741351,0.022833905870728533,0.015215995220394296,2.037640179753506,,
辽宁省,辽阳市,Medium-sized City,0.0,0.0,0.0,0.0,1942891.5,0.0,0.0,0.0,0.0,0.0,0.0,17.15734696809479,0.2402255555656604,0.0960597668801807,0.0513569479285705,0.0684494001170628,3.566210866523574,2.0687263266015905,0.1974049511924605,-0.0015105617472407074,-0.0013160684960542984,-0.0006542942147981026,-0.0007838277081993056,-0.018198983783892952,0.04718906643482024
辽宁省,铁岭市,Small City,0.0,0.0,0.0,0.0,2840585.0,0.0,0.0,0.0,0.0,0.0,0.0,1.8269309990717315,0.6626164238550555,0.8190162104096109,0.479887206752008,31.710817355092164,,,0.004202484400405826,-0.0016111343004049372,-0.00404941543531212,-0.0010159965737324694,-0.0044976387567920995,,
辽宁省,锦州市,Small City,0.0,0.0,0.0,0.0,3262205.0,0.0,0.0,0.0,0.0,0.0,0.0,16.73092056618508,0.4266549640068106,0.3625285426177736,0.2473311637004364,13.197000877773956,,17.789112631557202,0.007159243838415819,-0.008779134003004507,-0.018426705404331556,-0.014102690279439223,-1.1809922411611318,,-7.009341567093678
辽宁省,阜新市,Medium-sized City,0.0,0.0,0.0,0.0,1894557.5,0.0,0.0,0.0,0.0,0.0,0.0,15.520236041094806,0.3971454536531651,0.3817822859527325,0.287054431837189,21.735301697083976,,,-0.03905894998096571,-0.0011885610840414729,-0.0025679446206943735,-0.0025142753681589025,-0.5345001496398467,,
辽宁省,鞍山市,Type II Large City,0.0,0.0,0.0,0.0,3801556.0,0.0,0.0,0.0,0.0,0.0,0.0,12.77988619462508,0.2900637915164215,0.2159904791552117,0.162968892489402,9.105337331696589,96.17800930512064,4.1606119684052185,-0.16997286131434564,-0.004330304751402336,-0.0029407550850624187,-0.0016185549083380935,-0.0008959085629349772,-0.7283730586559614,-0.08865180581099708
重庆市,重庆市,Mega City,3800.0,849.0,729.0,0.0,30032522.5,3800.0,120.0,3920.0,1.2652949814655094,0.03995668362522661,1.225338297840283,12.075502548762245,0.4891199111921046,0.4433204838013423,0.292277723020382,17.205648218170865,,35.03775578637442,1.3984881232820783,-0.01585547558458794,-0.02688000870311008,-0.015073382171187866,-0.688482420025263,,-27.988818312034972
陕西省,咸阳市,Type II Large City,0.0,0.0,0.0,0.0,5269647.5,0.0,0.0,0.0,0.0,0.0,0.0,18.740760752461547,0.4446553453261785,0.3921207043839423,0.27382474182723,16.23775693527584,,59.73848912712069,0.37073348313742827,0.014736038945488528,0.0214204273210703,0.0120511182873419,0.36611761843714774,,17.45012687902768
陕西省,商洛市,Small City,0.0,0.0,0.0,0.0,2441321.5,0.0,0.0,0.0,0.0,0.0,0.0,3.7364791101879535,0.5771668662459661,0.6682679354909501,0.4519009639074867,37.92721514458803,,,0.01280609337563332,0.003305988790155201,0.011565454512176832,0.00814200820561567,0.8671305757708154,,
陕西省,安康市,Small City,0.0,0.0,0.0,0.0,2742397.0,0.0,0.0,0.0,0.0,0.0,0.0,7.514660835266113,0.5397976093049445,0.5928375728783641,0.4144827231017056,35.27629772730499,,,0.7554996013641357,-0.020650856031113052,-0.05104551267489765,-0.029825472848649393,-3.426658729257319,,
陕西省,宝鸡市,Medium-sized City,0.0,0.0,0.0,0.0,3867961.0,0.0,0.0,0.0,0.0,0.0,0.0,11.481198937453948,0.3955855887499634,0.3171694895990374,0.2274883371231618,14.717310904595818,,11.540760771458867,0.2666257045152367,-0.021422908529011575,-0.03358670264519209,-0.02327506682834668,-2.233116277556311,,-10.366964438152955
陕西省,延安市,Small City,0.0,0.0,0.0,0.0,2281934.0,0.0,0.0,0.0,0.0,0.0,0.0,0.2633520709265263,0.7084205038420357,1.0252462841523196,0.5981513189602006,48.08377448119,,,0.2633520709265263,-0.03530998112050143,-0.13108505660318048,-0.05209577994627135,-7.278645873580729,,
陕西省,榆林市,Medium-sized City,0.0,0.0,0.0,0.0,3486640.5,0.0,0.0,0.0,0.0,0.0,0.0,4.13797664642334,0.6444487997928533,0.80816792860077,0.5122860334880497,43.47922383771672,,,2.7548333406448364,-0.04041896576688675,-0.1039683919143074,-0.0390152299408939,-2.5884903422915713,,
陕西省,汉中市,Medium-sized City,0.0,0.0,0.0,0.0,3562791.5,0.0,0.0,0.0,0.0,0.0,0.0,10.431421695897976,0.4342569090127592,0.401749533499379,0.2997523246994641,24.868433109153795,,,-0.18154416664510364,0.0077333099857258,0.009517004815596197,0.0034493995228142005,-0.14859030415443542,,
陕西省,渭南市,Small City,0.0,0.0,0.0,0.0,5513360.0,0.0,0.0,0.0,0.0,0.0,0.0,0.5675552826398754,0.7601775084369533,1.134422332153817,0.587020852399978,38.19847560396114,,,-0.08540706878293591,0.007576938761686414,0.032007777363133094,0.01687428981888872,2.098584007950919,,
陕西省,西安市,Super City,2500.0,692.0,0.0,0.0,8882375.5,2500.0,692.0,3192.0,2.814562388180955,0.7790708690484882,2.0354915191324667,39.74672443203241,0.1756592958679245,0.0738711187695343,0.0450830160623922,0.1390693911899641,2.9287014964123115,1.6841984496921791,3.2376812283640604,-9.41830003544919e-05,0.0013600275606820006,0.0013017376222341018,-0.008368931595304302,-0.02912764423607328,-0.03719665568477448
陕西省,铜川市,Small City,0.0,0.0,0.0,0.0,874330.5,0.0,0.0,0.0,0.0,0.0,0.0,15.150403388694988,0.2782854459140266,0.148139411937843,0.0959160705979464,3.3941353563859264,5.877353302409009,2.5112123438365046,-0.6115499218380158,-0.0052836362400855985,-0.009930588638233706,-0.00931722062193549,-0.6616639420010966,-1.0739248166972093,0.08782331005158683
青海省,西宁市,Type II Large City,1000.0,32.0,0.0,0.0,2305574.5,1000.0,32.0,1032.0,4.337313758458033,0.13879404027065706,4.198519718187376,52.50156034149541,0.1388122417368065,0.0560296648174193,0.0391002679339698,1.121895916189737,1.9451381350585428,1.4823970864484348,3.8855531845690336,-0.0012464844671505881,-0.001522814018848899,-0.0008625686024723994,-0.03517511932693518,-0.10448013183230231,0.007646436284422409
黑龙江省,七台河市,Small City,0.0,0.0,0.0,0.0,956236.0,0.0,0.0,0.0,0.0,0.0,0.0,26.83452033996582,0.254231368225969,0.1512766292254904,0.1065077685179837,3.937039937353172,7.253692990075428,2.5961037366150004,0.026220321655273438,9.115512198609732e-05,0.0005068753483445099,0.0006517988543665032,0.17950633071165845,0.017810227613288987,0.012550366528521817
黑龙江省,伊春市,Small City,0.0,0.0,0.0,0.0,1198516.0,0.0,0.0,0.0,0.0,0.0,0.0,7.73630655868144,0.5857556982621046,0.6836823147833384,0.4441174779580045,31.2411486952552,,,-0.8088223797699463,0.0014099254840853614,0.002544362375553222,0.0005025310216884016,-0.029722173608053737,,
黑龙江省,佳木斯市,Medium-sized City,0.0,27.0,0.0,0.0,2674267.5,0.0,27.0,27.0,0.0,0.10096222610490536,-0.10096222610490536,17.610395635256186,0.4852439179650245,0.4506919214949005,0.3075262052912552,20.62209576936792,,,-0.5321464234757229,-0.0013674949446783047,-0.002408399750844281,-0.0013443211710587044,-0.10189714536546646,,
黑龙江省,双鸭山市,Small City,0.0,0.0,0.0,0.0,1523131.5,0.0,0.0,0.0,0.0,0.0,0.0,14.29390754512712,0.5150838926756496,0.534311803117916,0.3823756137691668,33.445621073124684,,,0.6082070093528866,-0.004114216361565504,-0.0047106100839298115,-0.0011673088858250025,0.11228773979135553,,
黑龙江省,哈尔滨市,Super City,0.0,0.0,0.0,0.0,11099828.5,0.0,0.0,0.0,0.0,0.0,0.0,36.63939792291822,0.4802901020464073,0.5196080054942694,0.3699556839884713,27.48532456940661,,,0.07347597539795458,-0.00040111350990879036,0.0014012283241251478,0.001578317855657707,0.33804259656820435,,
黑龙江省,大庆市,Type II Large City,0.0,0.0,0.0,0.0,3025366.0,0.0,0.0,0.0,0.0,0.0,0.0,22.122819913639663,0.4787207221772465,0.5086904502336611,0.3678691638125007,29.505027477205736,,,0.8239619068444135,-0.007293916958463098,-0.007858955349577257,-0.004003905048925838,-0.5314489127903705,,
黑龙江省,牡丹江市,Medium-sized City,0.0,500.0,0.0,0.0,2922300.0,0.0,500.0,500.0,0.0,1.7109810765492932,-1.7109810765492932,23.724877930183883,0.512610426863615,0.5526946359646433,0.3811575312864417,27.49785170898045,,,0.43141457947383444,0.005761887375136054,0.007586230153237339,0.002899119104045389,-0.08309388290125597,,
黑龙江省,绥化市,Small City,0.0,0.0,0.0,0.0,5664158.5,0.0,0.0,0.0,0.0,0.0,0.0,0.0931939514283138,0.7157459382635136,1.0056223032030474,0.5838953653231731,49.48907042034051,,,-0.017137285142759695,-0.0012546723244564184,-0.004052387297066584,-0.0009678775396479988,0.2857140911681739,,
黑龙江省,鸡西市,Medium-sized City,0.0,0.0,0.0,0.0,1942406.5,0.0,0.0,0.0,0.0,0.0,0.0,21.838369119687783,0.444412372405179,0.4471592201824547,0.3344283878140486,28.439098433840037,,,0.05656357600365425,-0.003710486756314524,-0.004065077835588793,-0.0022974966836344923,-0.055750881963053445,,
黑龙江省,鹤岗市,Medium-sized City,0.0,0.0,0.0,0.0,1106010.5,0.0,0.0,0.0,0.0,0.0,0.0,52.56318648871583,0.37170097343942,0.3791231017587776,0.2897110144021364,21.74948410241041,,,-0.2360534483410177,-0.003882635570042592,-0.010509803156611097,-0.013268600766895178,-3.767453745508938,,
黑龙江省,黑河市,Small City,0.0,0.0,0.0,0.0,1746489.0,0.0,0.0,0.0,0.0,0.0,0.0,0.0,0.7297584643454317,1.1261852853868282,0.6562780430795487,62.21737447742397,,,0.0,-0.001337069273221192,-0.0037630281421161538,-0.0008391566078425061,-0.028204061680270343,,
黑龙江省,齐齐哈尔市,Type II Large City,0.0,520.0,0.0,0.0,5599806.5,0.0,520.0,520.0,0.0,0.9286035151393177,-0.9286035151393177,0.0,0.7091416571760726,1.0511979754379284,0.6131319517267324,53.29872607490216,,,0.0,-0.0031676109216977055,-0.00934387171395823,-0.0032834122579874503,-0.036772657605993686,,
,,,0.0,0.0,113.0,0.0,2523509.5,0.0,-113.0,-113.0,0.0,-0.4477890810397187,0.4477890810397187,3.279353062311808,0.6473551717890773,0.7744049926051899,0.4648687144937701,33.1244732334008,,,1.4097010772843082,-0.04705249709972115,-0.14033437436068452,-0.06546040637278805,-7.452922758423348,,
