省级,地级,city_level,new_hosp_beds,expanded_beds,decreased_beds,closed_beds,city_pop,net_SEE_beds,net_CIE_beds,net_total_beds,SEE_city,CIE_city,Dominance_city,acc_median,acc_gini,acc_theil,acc_atkinson_05,acc_zero_access_pop_pct,acc_p90_p10,acc_p80_p20,acc_delta,gini_delta,theil_delta,atkinson_05_delta,zero_access_pop_pct_delta,p90_p10_delta,p80_p20_delta
上海市,上海市,Mega City,500.0,557.0,0.0,0.0,24338426.5,500.0,557.0,1057.0,0.20543645251676396,0.22885620810367507,-0.023419755586911117,20.403388122961392,0.1128807377922643,0.0363612200712657,0.0255628214097956,0.9792488871052006,1.701636144410111,1.3509536627264696,0.3741469644502047,-0.003199983563033096,-0.0022388310531527983,-0.0016345705085333007,-0.048553862923499724,-0.04923329183894354,-0.009412200086699185
云南省,临沧市,Small City,0.0,0.0,0.0,0.0,2575783.0,0.0,0.0,0.0,0.0,0.0,0.0,0.0,0.8554413451740548,1.7462049304406817,0.8050456393375424,75.26012089842175,,,0.0,-0.0034470356995790485,-0.05031795477660661,-0.01652919982524681,-4.110270166938179,,
云南省,丽江市,Small City,0.0,180.0,0.0,0.0,1314798.0,0.0,180.0,180.0,0.0,1.3690315926857206,-1.3690315926857206,0.0,0.6861909687588768,0.9914920436625088,0.602371829262798,54.59569957026101,,,0.0,0.010904861731236393,0.04907385581564094,0.02391575011421987,3.1467557246851143,,
云南省,保山市,Small City,0.0,0.0,50.0,0.0,2654054.0,0.0,-50.0,-50.0,0.0,-0.18839104253342248,0.18839104253342248,6.819353083769481,0.5641282573572833,0.6712537631951923,0.460264304894993,39.14555073939467,,,-0.16500556752795248,-0.0038073754634749823,-0.01683180208452817,-0.014407780792338343,-4.380464113089339,,
云南省,大理白族自治州,Small City,0.0,0.0,0.0,0.0,3657996.5,0.0,0.0,0.0,0.0,0.0,0.0,12.405572113340812,0.4560175709470894,0.4136651489299111,0.2989790212033753,23.45425864061718,,,0.5131937416459973,0.006610834416913403,0.017379568103325693,0.01276994107742635,1.0105742438722807,,
云南省,德宏傣族景颇族自治州,Small City,0.0,0.0,0.0,0.0,1277242.0,0.0,0.0,0.0,0.0,0.0,0.0,0.0,0.7184810110684884,1.107545370308071,0.6458650044497762,59.73581182660988,,,0.0,0.012244267224680638,0.045367287250640764,0.015284516779496049,1.259527854304416,,
云南省,怒江傈僳族自治州,Small City,0.0,0.0,0.0,0.0,562984.5,0.0,0.0,0.0,0.0,0.0,0.0,0.0,0.7220119770248314,1.1681720400611264,0.6821930616242233,67.1583731115333,,,0.0,-0.0025656043012142193,-0.008124342518835093,-0.002520336032069137,-0.24946512914914365,,
云南省,文山壮族苗族自治州,Small City,0.0,0.0,0.0,0.0,3718634.5,0.0,0.0,0.0,0.0,0.0,0.0,0.0,0.7868213363963019,1.3122677421449993,0.7000808824909648,63.55288866256505,,,0.0,-0.0013655799900016419,0.00048461356117601717,0.0009319508011375044,-0.09700894141654004,,
云南省,昆明市,Super City,1000.0,829.0,0.0,0.0,6812529.5,1000.0,829.0,1829.0,1.4678835519170963,1.2168754645392728,0.25100808737782354,50.66069173512969,0.3104475579091983,0.2601769532405473,0.2023320261896898,14.03868658723847,,7.075450422076088,2.932039825978201,0.013198113554107105,0.010516999098835106,0.005198513448840203,-0.5957574413912567,,0.6605685417490257
云南省,昭通市,Small City,0.0,0.0,0.0,0.0,5492821.5,0.0,0.0,0.0,0.0,0.0,0.0,0.0,0.7877632308971911,1.3758068234716443,0.7307589819052475,69.76636419810947,,,0.0,0.006199262298833386,0.029631728255963274,0.00750946330115132,0.7422086445610887,,
云南省,普洱市,Small City,0.0,0.0,0.0,0.0,2687168.0,0.0,0.0,0.0,0.0,0.0,0.0,0.0,0.8669800190171865,1.8858547254378084,0.8423717440097573,83.06073442075565,,,0.0,0.01006425677549938,0.057879920026974396,0.008067984921614646,0.69760338746012,,
云南省,曲靖市,Medium-sized City,0.0,0.0,0.0,0.0,6189133.5,0.0,0.0,0.0,0.0,0.0,0.0,6.055482691771759,0.6306108922143089,0.7580162775771677,0.4817365039184924,40.04952286057319,,,-1.148336580849068,0.01404373572701234,0.034049937434583066,0.01563067832676368,1.2575424519156897,,
云南省,楚雄彝族自治州,Small City,0.0,0.0,0.0,0.0,2839790.0,0.0,0.0,0.0,0.0,0.0,0.0,3.547654562397954,0.616353474280106,0.7601344503578475,0.4896444757388083,37.61816200523864,,,0.7073038144180819,-0.013962889233523179,-0.034085427977705085,-0.014747274474334437,0.20363886481766968,,
云南省,玉溪市,Medium-sized City,0.0,0.0,0.0,0.0,2466645.0,0.0,0.0,0.0,0.0,0.0,0.0,14.286530682414869,0.4860455397442624,0.4646511900705505,0.3308060033156041,26.465132153790023,,,1.7557246178091575,-0.009477647680842194,-0.013740630036297274,-0.007013648801884487,-0.7339652162797456,,
云南省,红河哈尼族彝族自治州,Small City,0.0,0.0,200.0,0.0,4742183.0,0.0,-200.0,-200.0,0.0,-0.421746693453205,0.421746693453205,0.0,0.6919123606259578,0.95234658199027,0.5772227484258914,50.776245614810655,,,0.0,0.015353473992220978,0.035860953945822005,0.010107579015180335,0.37724907889948867,,
云南省,西双版纳傣族自治州,Small City,0.0,0.0,0.0,0.0,1201940.0,0.0,0.0,0.0,0.0,0.0,0.0,4.2963994633067735,0.6602397489390579,0.8737322951773997,0.526878593214359,44.92958683735516,,,0.8561355969247164,-0.0044121569640354075,-0.009346024593356539,-0.007708897612015764,-1.2417219028357351,,
云南省,迪庆藏族自治州,Small City,0.0,0.0,0.0,0.0,420212.0,0.0,0.0,0.0,0.0,0.0,0.0,0.0,0.7356930642283717,1.21322724416308,0.6932293822993305,67.6943537374577,,,0.0,0.03850464794634367,0.11193450455931897,0.03162519521256213,2.511653886021321,,
内蒙古自治区,乌兰察布市,Small City,0.0,0.0,0.0,0.0,2266204.5,0.0,0.0,0.0,0.0,0.0,0.0,2.5480944236119587,0.6379309905330139,0.8066911959208327,0.5050829123297207,41.87917012638424,,,0.8625942492894096,-0.006783815397040316,-0.02761686960266574,-0.01728435441749654,-1.9439153767548873,,
内蒙古自治区,乌海市,Medium-sized City,0.0,0.0,0.0,0.0,557720.5,0.0,0.0,0.0,0.0,0.0,0.0,18.51172707602317,0.11857290760381,0.0416076766364082,0.0303403491955676,1.594794202504521,1.7657453447306166,1.3060459727602671,-0.6961624808615987,-0.011680809966184993,-0.015772596482671902,-0.0151317411633713,-1.5169727447897356,-0.1360629198537746,0.010932500860146632
内蒙古自治区,兴安盟,Small City,500.0,0.0,0.0,0.0,1709203.5,500.0,0.0,500.0,2.925339200393634,0.0,2.925339200393634,5.695305557250976,0.5630722770421,0.6772960451568147,0.4687317514440486,42.48040851230864,,,5.695305557250976,-0.16337453658867895,-0.47420808471924303,-0.19809986595082013,-20.755370791844626,,
内蒙古自治区,包头市,Type II Large City,800.0,0.0,0.0,0.0,2807227.0,800.0,0.0,800.0,2.849787352429996,0.0,2.849787352429996,34.673081809334136,0.2198415380217183,0.1836544686096771,0.1537890950899494,12.564517662271912,,2.3195789603277777,2.9347623530467786,-0.007680098892274195,-0.012917319463221888,-0.010947212596669392,-0.7091543664037214,,-0.011715830176384223
内蒙古自治区,呼伦贝尔市,Small City,0.0,0.0,200.0,0.0,2900980.0,0.0,-200.0,-200.0,0.0,-0.6894221952581542,0.6894221952581542,0.0,0.6292331220602339,0.8216588484966323,0.5411183110495568,51.21319139030797,,,0.0,-0.02300303449733243,-0.05874577677694781,-0.02217593728769529,-1.1910456322919742,,
内蒙古自治区,呼和浩特市,Type II Large City,2690.0,1.0,0.0,0.0,3036792.0,2690.0,1.0,2691.0,8.858031765099486,0.0032929486115611476,8.854738816487925,65.0775312943892,0.2357139532348831,0.1845972248238364,0.1477270676133835,8.71473673825106,442.4739492705685,2.4181012252975527,10.492936328893187,-0.01746646015976272,-0.011820788425774914,-0.008834672415926392,-0.2790790489666506,-9913.258563847528,-0.27544477139944323
内蒙古自治区,巴彦淖尔市,Small City,0.0,0.0,0.0,0.0,1768050.5,0.0,0.0,0.0,0.0,0.0,0.0,6.705289847978198,0.5857522377782389,0.6817749359066674,0.4543765698071627,37.17641929338756,,,-1.0378267239552104,0.008576643592794198,0.022438114844967716,0.011894296623161993,0.8391316147679859,,
内蒙古自治区,赤峰市,Type II Large City,3699.0,0.0,0.0,0.0,4601099.5,3699.0,0.0,3699.0,8.03938276057712,0.0,8.03938276057712,16.57963764667511,0.5545202416675353,0.6137865727917653,0.423051676530122,36.24265412809002,,,13.123551487922668,-0.0762588588726173,-0.1798356741874959,-0.0918838161689488,-9.685067677253485,,
内蒙古自治区,通辽市,Small City,378.0,0.0,0.0,0.0,3331427.5,378.0,0.0,378.0,1.1346487354144732,0.0,1.1346487354144732,0.0,0.6878281892104372,1.008723712854768,0.6153004311265458,57.18941007715508,,,0.0,-0.011470275657564422,-0.03483076007414776,-0.014136343772392146,-1.8486508301511861,,
内蒙古自治区,鄂尔多斯市,Medium-sized City,0.0,0.0,0.0,0.0,2102596.5,0.0,0.0,0.0,0.0,0.0,0.0,7.188042879104614,0.5503671471791248,0.6564229798104566,0.4536970908389596,39.44312831696217,,,1.5967838764190674,-0.03187502619248417,-0.05980616501084457,-0.028039783330491785,-2.697941242463081,,
内蒙古自治区,锡林郭勒盟,Small City,1057.0,0.0,0.0,0.0,1087964.0,1057.0,0.0,1057.0,9.715394994687324,0.0,9.715394994687324,0.0,0.7823215944955852,1.4876188257885108,0.7721788007898258,76.86142695156936,,,0.0,-0.0007589507470969759,-0.015392632307814402,-0.004271557366137602,-0.5879363546412861,,
内蒙古自治区,阿拉善盟,Small City,0.0,0.0,0.0,0.0,253106.5,0.0,0.0,0.0,0.0,0.0,0.0,11.983627319335938,0.515196618908375,0.6452337133228191,0.4681670066261502,45.75542822677925,,,11.983627319335938,-0.078086784362565,-0.1567779871784133,-0.07317274357175729,-6.7011310559817545,,
北京市,北京市,Mega City,121.0,1322.0,356.0,0.0,20745133.0,121.0,966.0,1087.0,0.058326933840337394,0.4656513891716192,-0.4073244553312818,26.85590792632428,0.133679311866443,0.0526664882062187,0.0353785897298255,0.4598638104530345,1.9502196006542247,1.4087368150349384,0.5068356796342179,-0.003191981733768501,-0.0021234601807781986,-0.0016598207904335027,-0.0705854504595067,-0.029663730284530176,-0.016426612833699616
吉林省,吉林市,Type II Large City,0.0,0.0,0.0,0.0,4678964.5,0.0,0.0,0.0,0.0,0.0,0.0,15.05505915915612,0.4999035153972528,0.5127673508334256,0.3612865247812887,28.34570560849888,,,0.8284814599717016,-0.02306687777966082,-0.033165698426990575,-0.014464011328349291,-0.33386539303136686,,
吉林省,四平市,Small City,0.0,0.0,70.0,0.0,2411308.5,0.0,-70.0,-70.0,0.0,-0.29029881493803056,0.29029881493803056,12.017993463052283,0.4613593306745692,0.4533162570798246,0.3279846691914246,25.51900613256039,,,0.8718695769438849,-0.0035930375021094862,-0.010843359839208089,-0.00790446925202748,-0.5846914687676907,,
吉林省,延边朝鲜族自治州,Small City,0.0,0.0,0.0,0.0,2398180.5,0.0,0.0,0.0,0.0,0.0,0.0,4.657196199571764,0.5798788407545373,0.7092449017372402,0.4792384960097149,41.79372884901122,,,0.5371348020192741,-0.010997146063959407,-0.02190732809598861,-0.011300351162377709,-1.3342718019774722,,
吉林省,松原市,Small City,0.0,0.0,0.0,0.0,3046869.5,0.0,0.0,0.0,0.0,0.0,0.0,0.4207578386579241,0.6295166928284501,0.822046086318213,0.5336291421368473,48.07316842751649,,,0.4207578386579241,-0.016544131649645633,-0.050960193851363966,-0.022476077708977416,-2.222164145497338,,
吉林省,白山市,Small City,500.0,0.0,0.0,0.0,1351185.0,500.0,0.0,500.0,3.7004555260752596,0.0,3.7004555260752596,1.849254104400149,0.6012278219527213,0.7121050554884372,0.4688688069307347,39.844838582790906,,,1.849254104400149,-0.14497574122886892,-0.4743614427666658,-0.20446789779023894,-23.324322499446062,,
吉林省,辽源市,Small City,0.0,0.0,0.0,0.0,1239821.0,0.0,0.0,0.0,0.0,0.0,0.0,10.383881477785506,0.2605166894387285,0.1200890739061193,0.0662166541896509,0.2128886183496462,5.589585887246757,2.2865085590745515,2.505455370951643,0.03445824439935402,0.022210890360933294,0.010968387348575206,0.027703133918315914,1.986268074622783,-0.13098430933546634
吉林省,通化市,Small City,0.0,1346.0,0.0,0.0,2449986.0,0.0,1346.0,1346.0,0.0,5.493908944785807,-5.493908944785807,12.777185440063477,0.3563913500602578,0.2732653177734837,0.1961461511346304,11.211124155502562,,9.26089089377754,5.55726287253184,-0.04974824952445511,-0.0642901750368679,-0.04775706315062908,-5.4845124632792785,,-9.39221441695022
吉林省,长春市,Type I Large City,1715.0,252.0,0.0,0.0,9287575.0,1715.0,252.0,1967.0,1.8465530560991432,0.27133024497783326,1.57522281112131,25.761329015096027,0.4763428853330206,0.5065104418452044,0.3643363423110377,28.30664631936446,,,4.744735291284616,-0.019897262130524285,-0.038784675912029165,-0.02039606971000002,-1.3308293991623295,,
四川省,乐山市,Medium-sized City,0.0,0.0,0.0,0.0,3430145.5,0.0,0.0,0.0,0.0,0.0,0.0,8.014331817626953,0.399706355384958,0.3165869925363421,0.2263138712042917,15.16096112109837,,9.456086103682896,0.012828588485717773,-0.010906028739466,-0.018485101550206218,-0.013942813187831998,-1.518859586837241,,-5.898162813316729
四川省,内江市,Medium-sized City,0.0,0.0,0.0,0.0,3874576.0,0.0,0.0,0.0,0.0,0.0,0.0,22.816942490584463,0.2471382019597854,0.1094061571178576,0.0630090710367113,0.3657533111963346,4.006160116246085,2.559900424950147,1.0597083200653863,-0.009373844228085987,-0.0088229964562353,-0.005124369705728202,0.0856255020766784,-0.35345229599927475,-0.1432486510941713
四川省,凉山彝族自治州,Small City,0.0,0.0,0.0,0.0,4772472.5,0.0,0.0,0.0,0.0,0.0,0.0,0.0,0.7837775860249817,1.3631221583766304,0.7296953215502782,70.01430303172368,,,0.0,0.0029290602462960225,0.006319651984842745,0.0005643085566566786,-0.35281111306153434,,
四川省,南充市,Type II Large City,0.0,0.0,0.0,0.0,6631226.5,0.0,0.0,0.0,0.0,0.0,0.0,15.597736758907343,0.3531514161486196,0.2252802358717865,0.1452238109343359,5.610219063659279,12.432345137131168,3.9870423978197618,-0.6746018602657831,0.019136295939221726,0.025061944844110506,0.01840026761305419,1.371516915908102,3.34418404262626,0.4426738484145716
四川省,宜宾市,Type II Large City,1400.0,0.0,0.0,0.0,4738792.0,1400.0,0.0,1400.0,2.954339418147072,0.0,2.954339418147072,5.259430885314941,0.5161370922017172,0.4807753995211931,0.3097058370775258,17.97720139345434,,81.5009946711715,3.4007003124052924,-0.08394281971664852,-0.16137136036135968,-0.06773841875132208,-2.24686963072854,,
四川省,巴中市,Small City,0.0,0.0,0.0,0.0,3449765.5,0.0,0.0,0.0,0.0,0.0,0.0,9.612914496777105,0.4930984993430075,0.4574215816327143,0.3122021490155969,21.515683322237077,,,-0.08828021147484755,0.018922162547279964,0.0346112413507364,0.02345150101816479,2.6888927243450382,,
四川省,广元市,Small City,0.0,0.0,0.0,0.0,2644002.5,0.0,0.0,0.0,0.0,0.0,0.0,16.071079652700853,0.5599471561692562,0.5693777984678985,0.3469702470598582,15.591553785101295,,72.68818750966058,-0.5623107329655888,0.0023714150258176137,-0.005130460491410083,-0.013099510813749604,-4.027119316682464,,-667.5762055720062
四川省,广安市,Small City,0.0,0.0,66.0,0.0,3629763.0,0.0,-66.0,-66.0,0.0,-0.18183005336712066,0.18183005336712066,9.075074832318192,0.3675662094411069,0.233760928250494,0.1402252906258629,2.833335857066752,12.116344151279272,4.424083790584941,0.29398047662334825,-0.0017051610857252708,-0.004021201060842194,-0.007700708868378009,-2.42663280868593,1.574085045039947,0.2314826222954327
四川省,德阳市,Medium-sized City,660.0,0.0,0.0,0.0,3851128.5,660.0,0.0,660.0,1.7137833754443665,0.0,1.7137833754443665,22.56779767625094,0.2966249098292539,0.1518577316846046,0.0858918398994512,0.0614895938393184,5.95026302594179,3.225752941468332,1.4428508345728375,0.01682955835662986,0.0179167028556024,0.011330700767555907,0.0474761992179661,0.7442380870642884,0.28279352913944944
四川省,成都市,Mega City,4824.0,650.0,274.0,0.0,15990393.0,4824.0,376.0,5200.0,3.01681140669901,0.23514118758682168,2.7816702191121885,42.92719729193325,0.183394692500373,0.0678671743409527,0.0392839766850382,0.0303608334126876,2.6651235983197874,1.9160664510224037,3.6402497805305885,-0.0038448486611032118,-0.0019710357249925065,-0.0007283170640414033,0.012747589454987999,-0.07074594755917474,-0.0400957713679142
四川省,攀枝花市,Medium-sized City,0.0,900.0,111.0,0.0,1285993.0,0.0,789.0,789.0,0.0,6.135336662019156,-6.135336662019156,42.51666872858472,0.2728418118774648,0.2078381545036101,0.1609574407291312,10.70439042284565,,4.294795421735435,8.260315986071696,0.022121024613667717,0.02375620665332248,0.018158468427375812,1.3496799624780618,,1.2940182371659565
四川省,泸州市,Type II Large City,0.0,90.0,0.0,0.0,4441789.5,0.0,90.0,90.0,0.0,0.20262103820993768,-0.20262103820993768,14.65537023998442,0.4546927124871337,0.4385627942017843,0.3269333873426048,27.567917124130968,,,0.361728626608663,-0.005030186138487158,-0.009398366007884906,-0.006962271091236205,-1.1859340893150012,,
四川省,甘孜藏族自治州,Small City,0.0,0.0,0.0,0.0,1152478.5,0.0,0.0,0.0,0.0,0.0,0.0,0.0,0.9171806801417308,2.3179443279962197,0.8952743256079678,88.40579961497771,,,0.0,0.014533285250601824,0.13201450339882603,0.013140389436763433,1.171031079054515,,
四川省,眉山市,Medium-sized City,0.0,0.0,0.0,0.0,3128655.0,0.0,0.0,0.0,0.0,0.0,0.0,15.2944513530266,0.3021904418953079,0.1499405123607379,0.0819848255040304,0.5247552583208024,4.918183947820209,2.8305248377762138,0.8556917749007837,0.002870934686161619,0.0011299235115440065,0.000586324053071699,0.23232024130078338,-0.3329184212817644,0.012610202720537256
四川省,绵阳市,Type II Large City,850.0,478.0,0.0,0.0,4889007.0,850.0,478.0,1328.0,1.7385943607771477,0.9777036522958548,0.7608907084812929,21.42480553022983,0.3466298591191442,0.2291443673541395,0.1520895316942018,6.246783301086289,16.66894217292065,4.451389495597843,2.607733251339649,-0.006614912819617014,-0.005197847531459382,-0.0024534092442146938,-0.16679004215921545,0.04922305585120412,-0.0354838014072385
四川省,自贡市,Medium-sized City,850.0,0.0,0.0,0.0,2855840.0,850.0,0.0,850.0,2.9763572188918146,0.0,2.9763572188918146,26.051300048828125,0.244656193410285,0.1190662070682546,0.0759190897444664,1.710772717020127,4.3672343352327765,2.302310283475474,1.9345436096191406,0.006067205940931408,-0.0010179828326308954,-0.004508459848589205,-0.7570973924958604,-0.21121017334379744,0.13802697904127026
四川省,资阳市,Small City,750.0,0.0,0.0,0.0,2766049.0,750.0,0.0,750.0,2.711448712586075,0.0,2.711448712586075,7.4713896644466065,0.391168002107105,0.2557049547204348,0.1437447902683813,1.2531194070095495,11.838226385215384,5.073089061292952,0.7975259754885196,-0.01075223806342207,-0.011845873672609197,-0.003303625836758195,0.3833588701233609,0.0743010976211842,-0.6803448533406025
四川省,达州市,Medium-sized City,1260.0,0.0,0.0,0.0,5800108.0,1260.0,0.0,1260.0,2.1723733420136315,0.0,2.1723733420136315,8.624528773419268,0.5134236953819163,0.4605629029145929,0.2821647385653982,12.742374671750822,,16.427328797750192,1.5649166824300575,0.0058840723508565285,0.014005245661983912,0.011549655428625183,1.2549149516449418,,3.310108601429592
四川省,遂宁市,Medium-sized City,0.0,0.0,0.0,0.0,3440926.5,0.0,0.0,0.0,0.0,0.0,0.0,14.81600414653951,0.2807438442793037,0.1349415515560978,0.0770095506284864,0.6379601090340279,4.5867364155509325,2.7522897432823097,0.18653904708173918,0.0004951743246162099,0.0008373090898418922,-0.00010286421031739656,-0.2901518873306925,0.14977344188591513,0.022439714448487802
四川省,阿坝藏族羌族自治州,Small City,0.0,0.0,0.0,0.0,951331.0,0.0,0.0,0.0,0.0,0.0,0.0,0.0,0.9387602830261242,2.5142934271340005,0.8940205031493351,81.27718712938578,,,0.0,0.0006902532727948163,0.007204903532800788,0.0010453677371983217,0.6731027490114343,,
四川省,雅安市,Small City,0.0,0.0,0.0,0.0,1595346.5,0.0,0.0,0.0,0.0,0.0,0.0,13.835528459237969,0.4439571611687903,0.4227528140750916,0.306203233047989,22.358053073970197,,,0.2116072657440604,0.003058884013549812,-0.0029237504613375265,-0.0045632407450820756,-1.2507040413743375,,
天津市,天津市,Mega City,3000.0,406.0,500.0,0.0,13657965.0,3000.0,-94.0,2906.0,2.196520491888799,-0.06882430874584904,2.265344800634648,29.514549218891748,0.2209841328054916,0.0956966592286211,0.0538123497468168,0.0022245985422878,4.157075620520604,2.4870292286503397,2.487065107065579,-0.002521942041295716,-0.0015515812592613032,-0.0008153417524536036,-0.0065003291034475994,0.1287582970441381,-0.11152236806377491
宁夏回族自治区,中卫市,Small City,510.0,0.0,0.0,0.0,1209870.5,510.0,0.0,510.0,4.2153271775780965,0.0,4.2153271775780965,5.620171030925286,0.461864126740475,0.4665456486920153,0.3506938044876001,31.675920751085524,,,5.620171030925286,-0.43515332649170196,-1.5575980127648559,-0.49917779244508476,-50.7677552158121,,
宁夏回族自治区,吴忠市,Small City,0.0,0.0,0.0,0.0,1377456.5,0.0,0.0,0.0,0.0,0.0,0.0,2.906718172132969,0.5971256146798078,0.6935010115275824,0.4425440401092723,31.326083310158143,,,1.4310731480226797,-0.013102159205317099,-0.047425616947965876,-0.029583227104975407,-3.681559741197649,,
宁夏回族自治区,固原市,Small City,960.0,0.0,0.0,0.0,1216027.5,960.0,0.0,960.0,7.894558305630424,0.0,7.894558305630424,5.527011577656727,0.5287558576006757,0.5382384669905346,0.3677735866780633,28.298938780588017,,,5.527011577656727,0.5287558576006757,0.5382384669905346,0.3677735866780633,-71.70106121941198,,
宁夏回族自治区,石嘴山市,Small City,600.0,0.0,0.0,0.0,772995.5,600.0,0.0,600.0,7.762011551166856,0.0,7.762011551166856,16.459754538747063,0.1999975388434954,0.0721337804791506,0.0411024787871644,0.712555241482809,2.5720870292811195,1.6137610827314008,7.051339041988797,-0.2324464918586456,-0.3036476259857218,-0.2312233428243764,-20.095639149107857,,
宁夏回族自治区,银川市,Type II Large City,1257.0,0.0,90.0,0.0,2083718.5,1257.0,-90.0,1167.0,6.032484714226033,-0.43192014660329603,6.46440486082933,42.035408408717416,0.1203361478427063,0.047047370636376,0.0337120688824416,1.4599236046933337,1.8325340633623344,1.4366080916766313,5.134067558602084,-0.015391209233691888,-0.016341032820368,-0.0151761589982169,-1.3824866992483316,-0.16275281641964723,-0.041670894818285786
安徽省,亳州市,Medium-sized City,1000.0,0.0,0.0,0.0,5115151.5,1000.0,0.0,1000.0,1.9549763091083423,0.0,1.9549763091083423,6.936108281153329,0.386957161321466,0.2461714404073232,0.1342488689004169,0.931643307903818,9.203725166390049,5.203710503598795,2.415050326297002,-0.16678673681452377,-0.32324796024636515,-0.2283783591082836,-19.950625511992776,,
安徽省,六安市,Medium-sized City,0.0,1034.0,0.0,0.0,4876401.0,0.0,1034.0,1034.0,0.0,2.120416266012578,-2.120416266012578,9.607297451088304,0.4871415860665548,0.4411808192495863,0.2953150635570167,16.591007126061097,,85.16908091747484,1.8023627367967565,-0.01006348076622443,-0.01604957278607122,-0.011793120500780796,-3.337383518630375,,-1098.7457201523753
安徽省,合肥市,Type I Large City,2198.0,97.0,0.0,0.0,7890462.0,2198.0,97.0,2295.0,2.7856417026024585,0.12293323255342971,2.662708470049029,43.69699785416365,0.2468402232291102,0.1414813110471868,0.0906741019899438,1.0080877988099266,6.111046832323329,2.7003099643886643,2.8428892198792184,-0.018909347870640802,-0.019156047370402884,-0.011500105981314193,0.08292623548273426,-2.3199764100336973,-0.49382013841527383
安徽省,安庆市,Medium-sized City,0.0,0.0,0.0,0.0,4731296.0,0.0,0.0,0.0,0.0,0.0,0.0,5.323508690036914,0.6028048882010353,0.6872537692435752,0.4427338299366896,34.517869081562274,,,0.7147526246682618,-0.018888560887779793,-0.04901719584020614,-0.026265888732795506,-3.0867776633511994,,
安徽省,宣城市,Small City,0.0,0.0,0.0,0.0,2675870.5,0.0,0.0,0.0,0.0,0.0,0.0,3.3619807288393995,0.5907854782153188,0.6208691359672167,0.3448230866002153,16.335840166330293,,20.60774051868524,0.20151907833252913,-0.009672542614754809,-0.0240598415326142,-0.01984049147039335,-3.0423008894607655,,-104.52478308397531
安徽省,宿州市,Medium-sized City,0.0,0.0,0.0,0.0,5663074.0,0.0,0.0,0.0,0.0,0.0,0.0,3.09332367968052,0.6062035518011444,0.6914311622858756,0.4406839364527151,32.42071589665784,,,-0.055630452420517784,0.0010899148133123315,0.0042626605187043864,0.002258500665703378,0.11956825586206321,,
安徽省,池州市,Small City,0.0,0.0,0.0,0.0,1492486.5,0.0,0.0,0.0,0.0,0.0,0.0,16.105459073490614,0.3515184133360702,0.2359371984997577,0.1603867798957552,8.30582365582178,26.865323925871515,3.957897533701244,0.010156491703504855,-0.009910481851266084,-0.011888476606035397,-0.0073341740239759035,-0.36821708364067973,-9.874271341333198,-0.35263767462182916
安徽省,淮北市,Medium-sized City,0.0,0.0,4.0,0.0,2189210.5,0.0,-4.0,-4.0,0.0,-0.018271427073824103,0.018271427073824103,20.59158611587038,0.1434168612853351,0.0454436260993348,0.025428663388021,0.0063874761667295,2.2387653186433987,1.6086350543390673,-0.2202982813729797,-0.014737500660753106,-0.012348199081593902,-0.007938299895366797,-0.0429120858994983,-0.3069176926018775,-0.11758804393478495
安徽省,淮南市,Type II Large City,0.0,0.0,0.0,0.0,3542006.0,0.0,0.0,0.0,0.0,0.0,0.0,7.016999887792688,0.4021145985731843,0.2661315013615791,0.138398758256714,0.7322368957261833,8.23382407412293,4.244127175666636,0.2650360434051846,0.0021634295672319226,0.0009550259875040767,-0.002118079393730904,0.12955160546979338,-2.6135639360733425,-0.017630306279214025
安徽省,滁州市,Small City,0.0,0.0,0.0,0.0,4152379.5,0.0,0.0,0.0,0.0,0.0,0.0,10.175803640614385,0.4703503250351963,0.4218747920910752,0.2848557206165467,16.749132478275552,,42.1391775290859,0.8137855849281905,0.0035390913878677877,0.0025333522767264083,-0.0009642171780904207,-0.4010718055647722,,-4.338692052748343
安徽省,芜湖市,Type II Large City,850.0,0.0,0.0,0.0,3755741.5,850.0,0.0,850.0,2.263201554207072,0.0,2.263201554207072,28.752219912032007,0.3613547260617716,0.2535375187664463,0.1609982340980762,3.310892435293135,20.997626617352147,7.529845414602557,0.9631320571718085,-0.002917712286295171,-0.00461854012844326,-0.0029566059976758874,0.1269863409317007,-1.4479018582201277,-0.6991015188947838
安徽省,蚌埠市,Medium-sized City,0.0,1364.0,0.0,0.0,3344118.0,0.0,1364.0,1364.0,0.0,4.07880343935232,-4.07880343935232,21.612728819361987,0.3187187995648229,0.2092550492206205,0.1427081040813804,5.324672026957793,19.7646424632728,3.888613142558597,2.607432240480655,0.004500328302317114,0.003647674236283399,0.0026356396101052115,0.36631049413058925,-0.7522421639806574,0.027952285419234002
安徽省,铜陵市,Medium-sized City,0.0,0.0,0.0,0.0,1647537.0,0.0,0.0,0.0,0.0,0.0,0.0,18.2392376717438,0.2291765043346801,0.0931230577847165,0.0518839210522775,0.0772216230250251,3.207862696801376,1.9986025688405245,0.4306452652849764,-0.009738304112210716,-0.011372205822385809,-0.0098130068580643,-0.6804737586527879,-0.14885467524068696,-0.06035462931266089
安徽省,阜阳市,Medium-sized City,1650.0,0.0,0.0,0.0,8039531.0,1650.0,0.0,1650.0,2.0523585268842175,0.0,2.0523585268842175,10.034939531179576,0.3698627491042446,0.2487659997849965,0.1625046359004004,6.807740823862732,25.198951514221346,4.402064909541961,1.6906929590226785,-0.005982134032459174,-0.008493292785958811,-0.0049805090109900085,0.15013520488509613,-3.5314687205184825,-0.33015549932205435
安徽省,马鞍山市,Medium-sized City,0.0,0.0,38.0,0.0,2337896.0,0.0,-38.0,-38.0,0.0,-0.16253930884863996,0.16253930884863996,29.97738968554161,0.2476980111378937,0.1106359917103644,0.0622936104955318,0.0216092668735917,4.00354839970879,2.518199844319142,0.6260552483059136,-0.00037289619800881524,-0.003910247804075603,-0.0033098873272259036,-0.0075227198764952,-0.2985508794225362,0.04800580896264117
安徽省,黄山市,Small City,0.0,0.0,0.0,0.0,1439171.5,0.0,0.0,0.0,0.0,0.0,0.0,10.443484719310488,0.3022794731342006,0.2094943660102899,0.155090053154954,9.810525731223512,179.36980672100617,3.772642214715604,-0.1435297233924846,-0.00194027606398256,-0.005038028326459304,-0.005832922218642095,-0.9726410719964562,,0.019033785581823004
山东省,东营市,Medium-sized City,0.0,0.0,0.0,0.0,2143300.5,0.0,0.0,0.0,0.0,0.0,0.0,22.5005550785225,0.23136640800727,0.1248259855819759,0.0889650300990613,4.12113294348468,5.1547663856874735,1.9583763339605396,-0.33231262435070263,0.0039348790775761144,0.0024298495153265987,0.0021276041580112065,0.23513202211765494,-0.016838451145941846,0.026402151826075082
山东省,临沂市,Type II Large City,0.0,0.0,0.0,0.0,10612742.5,0.0,0.0,0.0,0.0,0.0,0.0,7.890695229092159,0.2983093816398725,0.1591566777131587,0.0946793898335087,1.3415554022421103,5.715869340852928,3.335061029480548,0.3112891684216068,0.0074333599089792535,0.006764693900973784,0.003775894714451389,0.11266012148973492,0.07280313165027152,0.1357144121232281
山东省,威海市,Medium-sized City,1000.0,589.0,0.0,0.0,2904566.0,1000.0,589.0,1589.0,3.4428551460011585,2.0278416809946824,1.415013465006476,22.887800199795613,0.3120287452515559,0.1583039923852034,0.0840905512532258,0.0234156179067748,5.51258570338356,3.716829147897173,2.5697384156595504,0.01931519488717981,0.017258876574239607,0.0087778351357254,0.003514320094680199,0.6646242686213739,0.21473931020790005
山东省,德州市,Medium-sized City,0.0,0.0,0.0,0.0,5883659.5,0.0,0.0,0.0,0.0,0.0,0.0,8.863346953841496,0.4580718427935681,0.3633602283171173,0.19348330005245,3.624233783003576,18.301514051593244,4.483990747430086,0.027847799943334195,0.014435756152437418,0.0242623951735933,0.013141350164732002,0.582167946207159,2.213941306364184,0.3269379757191162
山东省,日照市,Medium-sized City,800.0,0.0,0.0,0.0,2955631.5,800.0,0.0,800.0,2.7066973673815564,0.0,2.7066973673815564,11.471742313483666,0.1737240905820393,0.054484537583279,0.0296265883955456,0.0,2.22845122614897,1.6761610798511593,1.360797490488288,-0.01556704240846049,-0.011942537834521892,-0.007668471604398201,-0.0133304732588676,-0.3098747954561345,-0.15268384953163672
山东省,枣庄市,Type II Large City,0.0,0.0,0.0,0.0,3950795.0,0.0,0.0,0.0,0.0,0.0,0.0,15.662618509860533,0.1373174180832198,0.0351713201051906,0.0188581435653614,0.0,2.049699182042682,1.5164100607355917,-0.016390279823927045,-0.001708652136474198,-0.000440850560761305,-0.00019589457888639916,0.0,0.007088318601355503,0.006777850139021879
山东省,泰安市,Type II Large City,0.0,300.0,0.0,0.0,5825758.0,0.0,300.0,300.0,0.0,0.5149544488459699,-0.5149544488459699,9.704902266802852,0.3965537971656838,0.2600180937645822,0.1363042824573166,0.6149856772169426,8.940938765827198,4.283133450382558,0.24411627856292384,0.0038927490586382896,0.005166261444829956,0.00244618920985909,-0.082659031387737,0.4781943425599824,0.07612365881427241
山东省,济南市,Super City,1800.0,1251.0,169.0,0.0,8597982.5,1800.0,1082.0,2882.0,2.0935143796815128,1.2584347548974426,0.8350796247840702,36.644290898470274,0.2553229264111143,0.1264938011237664,0.0733399909837773,0.0,4.551010244773869,2.801686679966434,3.016509161884443,-0.0005996139642407972,0.0021502439027364095,0.002046976756595001,0.0,0.22385586296360938,0.03294345268698118
山东省,济宁市,Type II Large City,0.0,100.0,220.0,0.0,8523140.5,0.0,-120.0,-120.0,0.0,-0.14079317359604715,0.14079317359604715,16.09199306042525,0.3031237736915176,0.1806690144561581,0.116089126816637,2.3560553565917504,10.450675642102947,3.4644855066227853,-0.070567796664875,-0.00042015311292897817,0.0002189656279243113,0.0003261338853274981,0.01826723047025336,0.3685767493710479,-0.01288903914026207
山东省,淄博市,Type II Large City,0.0,0.0,0.0,0.0,4774493.0,0.0,0.0,0.0,0.0,0.0,0.0,19.78052306348341,0.2248410198197054,0.1014224728099444,0.0612627714611857,0.4448631446432363,4.4523344499873465,1.8798273947757875,1.4952300272643306,0.005903216627928282,0.005490751076988806,0.0036575706619881992,-0.030734757044463712,0.4107858946720393,0.1108955217860268
山东省,滨州市,Medium-sized City,0.0,0.0,0.0,0.0,3969256.5,0.0,0.0,0.0,0.0,0.0,0.0,17.13646776448861,0.3095611857102078,0.1723733816159516,0.1059204726560534,2.029945375603452,6.659432368265096,3.2241682558817426,-0.05100408624155506,0.008579800739935306,0.0094585761905846,0.0069699779807217005,0.6105655161772556,0.7285024918094676,0.09348091077472631
山东省,潍坊市,Type II Large City,1200.0,0.0,118.0,0.0,9658059.0,1200.0,-118.0,1082.0,1.2424856795759893,-0.12217775849163896,1.3646634380676284,15.89420329517042,0.3421483426560432,0.1982234541454513,0.1119177718426982,0.6856886843061374,8.353217783142128,4.332919632579506,1.119025379654989,-0.011945483535566903,-0.0165973179738447,-0.010739243603192894,-0.09513380291710194,-0.3012393864489624,-0.24243561352421228
山东省,烟台市,Type II Large City,0.0,0.0,0.0,0.0,7280842.0,0.0,0.0,0.0,0.0,0.0,0.0,7.567068792332364,0.5017947378907675,0.4243915389202866,0.2185224763349601,0.0150005934300697,17.546712095352873,11.890058493919954,-0.1131804971300765,0.014806221146278442,0.020204816159460404,0.008768676123967395,-0.001148878169107,1.1091965824764962,0.08288003840353575
山东省,聊城市,Type II Large City,0.0,300.0,0.0,0.0,6098748.0,0.0,300.0,300.0,0.0,0.4919042400177872,-0.4919042400177872,13.024334907531738,0.2690165359853264,0.1342098896988709,0.0837673330262602,2.04712884364902,4.705745575363971,2.448282714504501,0.5627967552870174,-0.0007472497864177141,-0.0004003763519379866,-0.0010497623915809995,-0.4440568380900767,0.19952026594167105,0.03035681373378507
山东省,菏泽市,Medium-sized City,0.0,0.0,0.0,0.0,8805157.5,0.0,0.0,0.0,0.0,0.0,0.0,6.146387398042711,0.2751184059024192,0.1455871267731868,0.0946191058297186,3.774394519930745,4.11736762928885,2.265306510385889,0.06333054275402095,-0.002447242867169408,-0.0022617210784957043,-0.0016302736582144012,-0.10403044200733813,-0.07573992378053962,-0.029072932856691214
山东省,青岛市,Super City,0.0,1104.0,0.0,0.0,9072898.5,0.0,1104.0,1104.0,0.0,1.2168107027759651,-1.2168107027759651,22.853930159348707,0.2744971425011826,0.1354258820071997,0.0758057169196788,0.0,5.321501007005667,3.450812955437509,1.2590195265384985,-0.003909579821645859,-0.0018666008163525927,-0.0004929054283636936,-0.0154558704010373,0.05597673684253213,-0.052903795504841256
山西省,临汾市,Medium-sized City,0.0,450.0,0.0,0.0,4572239.5,0.0,450.0,450.0,0.0,0.9842004120737771,-0.9842004120737771,7.986794592000314,0.4361709581953908,0.3781574743446139,0.267644199622729,18.355601605998267,,41.65475686598529,0.838777043263077,0.0027917199766505085,0.0031371159110978875,0.0009531557153868997,-0.17020041682251374,,0.07736409165795521
山西省,吕梁市,Small City,1700.0,0.0,0.0,800.0,3955750.0,900.0,0.0,900.0,2.2751690577008152,0.0,2.2751690577008152,1.922487776076788,0.6657017683708806,0.8575747580068975,0.526054255407552,44.58345215743737,,,-3.3862750953515484,0.1199277573773978,0.3045423920022108,0.1822728110019151,21.055274140467642,,
山西省,大同市,Type II Large City,0.0,0.0,41.0,0.0,3511971.0,0.0,-41.0,-41.0,0.0,-0.11674356080958527,0.11674356080958527,16.073900961454683,0.3980238361829475,0.3747376798480788,0.2759084799509561,19.54534432451693,,348.88006920321874,0.44997668337705754,-0.003787732912358288,-0.0047165663274492675,-0.0035402939981699078,-0.5907793194170736,,
山西省,太原市,Type I Large City,1000.0,0.0,0.0,0.0,4443709.5,1000.0,0.0,1000.0,2.2503721271608774,0.0,2.2503721271608774,49.82818117137406,0.1025111416146846,0.0452811416626371,0.0351281582408181,1.870388545721933,1.6422176803974282,1.2313723716892475,2.560673129084428,-0.0095552801689293,-0.0032533990469312962,-0.001957655692729099,-0.108937809289404,-0.1204017586551045,-0.058894465263815254
山西省,忻州市,Small City,0.0,0.0,0.0,0.0,3244521.5,0.0,0.0,0.0,0.0,0.0,0.0,0.5123096080313816,0.7447571612549464,1.0840759449508142,0.5900977069563754,46.3295225965074,,,0.06675072043186098,0.0007568215165302261,0.0019595008324004848,-0.0005140553115551283,-0.3438400894929998,,
山西省,晋中市,Medium-sized City,0.0,0.0,0.0,0.0,3434389.5,0.0,0.0,0.0,0.0,0.0,0.0,8.626806987035536,0.5221197836835354,0.4704545936903399,0.2740129740237959,10.683900652169925,,12.849722928140917,3.533626950878409,-0.052526953752435546,-0.10809018792294772,-0.0500898896886669,0.03373748673129384,,-4.323958145432602
山西省,晋城市,Medium-sized City,0.0,0.0,0.0,0.0,2411556.5,0.0,0.0,0.0,0.0,0.0,0.0,12.891726397068984,0.2636080951055022,0.1348178747779648,0.0876165692449686,3.073285366497254,4.96474233454106,2.112678957084194,-0.07774294385216152,-0.007262267196815997,-0.008319372308169981,-0.006545982731195096,-0.4912644790041898,-0.25680088159470493,-0.10000810624090306
山西省,运城市,Medium-sized City,400.0,0.0,0.0,0.0,5433417.0,400.0,0.0,400.0,0.7361849826729662,0.0,0.7361849826729662,4.587021510848271,0.4512153116323273,0.3899135900868299,0.2688930922273733,15.881841873432595,,40.596175258077466,0.7114003768927577,0.009111547699903022,0.013950080097480388,0.006172609734937995,-1.7401936118966326,,16.306979875294402
山西省,长治市,Type II Large City,0.0,0.0,50.0,0.0,3531892.0,0.0,-50.0,-50.0,0.0,-0.14156718268848537,0.14156718268848537,20.01356339454651,0.2925150974918832,0.1983380620830291,0.1418067258193034,6.016305931409852,23.928212230750542,3.5738789758827663,-0.2161101482954031,-0.008659740334824584,-0.010924420092057907,-0.009649526064082009,-1.2907274169046525,-6.824820843154303,-0.2296853903473628
山西省,阳泉市,Medium-sized City,0.0,0.0,0.0,0.0,1446992.0,0.0,0.0,0.0,0.0,0.0,0.0,14.20164321584194,0.1233580612401229,0.0423620258136172,0.0269083862884477,0.7348012329528392,1.7283936139582616,1.2961174212143425,0.3966577085126364,0.0018390631930858964,0.002511381070282398,0.0012221820701039006,-0.17779980106543503,0.049418020682895136,0.017690736258891837
广东省,东莞市,Super City,0.0,0.0,0.0,0.0,8694077.5,0.0,0.0,0.0,0.0,0.0,0.0,25.88673156983794,0.1249422065391232,0.024573637177363,0.0125026913495648,0.0,1.830035460348592,1.5060421333182117,0.9321841477267512,-0.007035215083879207,-0.0025036930235833,-0.0012254010761628999,0.0,-0.049290335536796404,-0.041418071877362905
广东省,中山市,Type II Large City,1100.0,0.0,0.0,0.0,3306178.0,1100.0,0.0,1100.0,3.3271045902549714,0.0,3.3271045902549714,27.54555829366048,0.1057057366722757,0.0186272234456915,0.0096274696322387,0.0,1.655827293838207,1.3736283736063155,1.6637090572097506,0.0003750874114890057,-2.32022314536999e-05,-1.114080338789937e-05,0.0,0.02414096254650855,0.013391636480415414
广东省,云浮市,Small City,0.0,0.0,0.0,0.0,2507356.0,0.0,0.0,0.0,0.0,0.0,0.0,10.779166975686715,0.2323149859382214,0.1066901656933651,0.0681647371089871,1.7598842239135029,3.918931347922965,2.095160098218603,0.16445566516829935,0.008109252141385997,0.00261086902646801,-0.0006937570357074957,-0.6187256031627038,-0.008549982882680052,0.05754162337775215
广东省,佛山市,Super City,0.0,0.0,0.0,0.0,7608671.0,0.0,0.0,0.0,0.0,0.0,0.0,35.27764284811244,0.1009189670859516,0.0232184910895024,0.0129929120643433,0.0003807332686436,1.6069750554369249,1.2775652119701144,1.716086015554282,-0.005595798107524197,-0.0013562384800700003,-0.0006503838660134997,0.0001570626255077,-0.06625989917987152,-0.029409646374857434
广东省,广州市,Mega City,1603.0,1300.0,44.0,0.0,13448899.0,1603.0,1256.0,2859.0,1.191919130331784,0.933905444601822,0.258013685729962,39.126121196269146,0.1068156547600379,0.0304001402633686,0.018102763817696,0.0081930505549844,1.6515790406532629,1.3158663764261822,1.0948952349641417,-0.0031203244344909925,-0.0017118044903418027,-0.0010445909317917008,0.0007052400183250006,-0.045703749723939424,-0.008768041270840632
广东省,惠州市,Type II Large City,1124.0,600.0,0.0,0.0,4861912.0,1124.0,600.0,1724.0,2.3118476846146123,1.234082393922391,1.0777652906922213,13.828654451377066,0.2691446049099959,0.1438333689994629,0.0932360527049976,2.050489215855696,6.040647900249751,2.5600839953012287,1.4826849363933743,-0.010055311603568762,-0.008769372348884918,-0.005626564960348496,-0.5838603933554385,-0.4397723282732011,-0.157482564836529
广东省,揭阳市,Medium-sized City,0.0,0.0,0.0,0.0,6225671.0,0.0,0.0,0.0,0.0,0.0,0.0,10.409501414152713,0.1988338714718004,0.0739806390564159,0.041807727256553,0.1100481201810828,2.877584578916601,1.9676508616737072,0.6974083169662322,0.008155753303310809,0.0051590727948647025,0.002962392295375295,-0.0051383184690730055,0.12127319421229199,0.09000862208960081
广东省,梅州市,Medium-sized City,0.0,0.0,0.0,0.0,4487772.0,0.0,0.0,0.0,0.0,0.0,0.0,11.20591481181908,0.4049821947923477,0.3193043578099703,0.2190430601328032,10.499021879354284,,11.01839435446766,0.2768462464504271,-0.0016159231521893913,-0.00025858503293663126,0.0005119317944417834,0.18842115388632763,,-0.125107416305692
广东省,汕头市,Type II Large City,1504.0,0.0,0.0,0.0,5681374.0,1504.0,0.0,1504.0,2.6472469511776553,0.0,2.6472469511776553,11.994079464915934,0.0744956194756378,0.0107103381448027,0.0057123428842497,0.0,1.3915463277811355,1.2568073387037926,1.5577644609699188,-0.009277563785189888,-0.0025631621039062004,-0.0013828321911941001,0.0,-0.07764879647302614,-0.032694583483095396
广东省,汕尾市,Small City,0.0,0.0,0.0,0.0,3069665.0,0.0,0.0,0.0,0.0,0.0,0.0,2.5997104048728943,0.2820337430690731,0.1468791401414897,0.0888468815181015,1.3705700288343967,5.477401992422457,2.305382743297759,-0.0036378856594878606,0.008742372941125398,0.010068573490384203,0.007176423177619989,0.2934747217551732,0.8100822558435503,0.1571744576009615
广东省,江门市,Type II Large City,0.0,220.0,0.0,0.0,4701572.5,0.0,220.0,220.0,0.0,0.4679285494374488,-0.4679285494374488,9.558731865075588,0.3858546701985522,0.2444709406645784,0.1338968761350181,1.3062336165426496,8.520681662456225,4.587114680955105,0.3931910688729232,0.001099470043486983,0.0025200981092943775,0.002736518230270407,0.18192986896280128,0.23583780931014076,-0.013253736604399435
广东省,河源市,Medium-sized City,0.0,0.0,0.0,0.0,3113951.0,0.0,0.0,0.0,0.0,0.0,0.0,3.4982456115560154,0.5457646314202451,0.5466795243632439,0.3474441550361052,20.203396571993117,,,0.1501968309742745,-0.004000523750443907,-0.004982468423805231,-0.000460366692220604,0.2117686282299296,,
广东省,深圳市,Mega City,0.0,847.0,487.0,0.0,10780629.5,0.0,360.0,360.0,0.0,0.3339322624898666,-0.3339322624898666,23.97887264123318,0.0514581778074434,0.0059395535859094,0.0031633661429811,0.0,1.2235711010043155,1.1230965713558951,1.1856435759913744,-0.009737883531536304,-0.0020616742008382994,-0.0011259851206953005,0.0,-0.05788375414074465,-0.023449213821500114
广东省,清远市,Medium-sized City,1150.0,0.0,0.0,0.0,3920611.0,1150.0,0.0,1150.0,2.9332162767487007,0.0,2.9332162767487007,6.729232760737924,0.5184938661445624,0.5127740185924234,0.352376998312721,26.890350578672635,,,3.6014158806230627,-0.09896116980596603,-0.2024920344257396,-0.1007496470543296,-7.25526883146399,,
广东省,湛江市,Type II Large City,0.0,676.0,0.0,0.0,7313206.5,0.0,676.0,676.0,0.0,0.924355137517312,-0.924355137517312,12.632775641048656,0.4587028498132744,0.4251162349104935,0.3067545372304051,23.498876403571355,,,0.5250174487316865,0.002464967819627406,0.00031332538142908595,-0.0008118135764580425,-0.20991472268184808,,
广东省,潮州市,Medium-sized City,0.0,0.0,0.0,0.0,2809467.5,0.0,0.0,0.0,0.0,0.0,0.0,9.435678778499003,0.2433859765027152,0.1334250525798123,0.0860940139880352,0.4061817915267952,6.553124719452106,2.238624511749709,1.1567756415422963,-0.0038739055344672035,0.00030347691537438437,0.0018402758856757018,0.07730106482037707,0.6020477761819443,-0.1123967963613941
广东省,珠海市,Type II Large City,0.0,0.0,0.0,0.0,1614976.5,0.0,0.0,0.0,0.0,0.0,0.0,18.76686029265756,0.127914648242699,0.0345447019125553,0.0190900254250131,0.0041480700020864,1.9963641558640364,1.4689573083925278,0.11085621779722032,-0.00496257826454341,-0.003330264409260701,-0.0022666432258784987,-0.0339384625999855,-0.03850710265022639,-0.015411317778352807
广东省,肇庆市,Medium-sized City,650.0,0.0,0.0,0.0,4153603.5,650.0,0.0,650.0,1.5649062314205002,0.0,1.5649062314205002,4.899417754142515,0.5726319701857441,0.6513027432847845,0.4370820392940835,34.2955985673289,,,0.2593214166164586,-0.0005502292168091394,0.002865558652857203,0.0020958178079411027,-0.2755264130597297,,
广东省,茂名市,Medium-sized City,0.0,0.0,0.0,0.0,6149586.5,0.0,0.0,0.0,0.0,0.0,0.0,14.269696077414318,0.3262466557902993,0.2077221244193171,0.138841858062088,5.739507101983478,11.207189746367796,3.898538819360807,-0.008277834564664133,0.008326798071049413,0.007197943065625795,0.004386999237606104,0.3215140750965748,0.3405119345457379,0.18398698970345206
广东省,阳江市,Medium-sized City,0.0,0.0,0.0,0.0,2548337.0,0.0,0.0,0.0,0.0,0.0,0.0,10.212021363183272,0.2528897771388653,0.1415782361419549,0.1023543268855644,5.434530715939326,5.045508255314608,2.361121635994357,0.20711498664464578,-0.004346421240615128,-0.003806890737099722,-0.0031621514795818068,-0.2844158452830987,-0.384222886157195,0.016343480290172963
广东省,韶关市,Medium-sized City,0.0,487.0,0.0,0.0,2994773.5,0.0,487.0,487.0,0.0,1.626166386205835,-1.626166386205835,13.991621017456056,0.4992004399732733,0.5048009857200566,0.3480641978125451,22.24807580088355,,,1.740013637579981,0.0001914698243115076,-0.0035780584187781184,-0.009102613264826809,-3.8751474040747382,,
广西壮族自治区,北海市,Medium-sized City,0.0,0.0,0.0,0.0,1600172.0,0.0,0.0,0.0,0.0,0.0,0.0,22.880399828784665,0.326969766880368,0.2284806080495409,0.1592383405152899,7.746783783935758,25.39434036324949,4.23952050774861,-0.5737990828957358,-0.001977246808804678,-0.009487412135517792,-0.008398194574351092,-0.6898604359365628,-19.42501268134825,-0.41741867552289413
广西壮族自治区,南宁市,Type I Large City,1500.0,847.0,0.0,0.0,7042656.0,1500.0,847.0,2347.0,2.12987827319693,1.2026712649318665,0.9272070082650636,35.636463089661454,0.4457281612580092,0.4000228589452693,0.2541229915567347,6.574413114839672,102.85476789460458,21.574914700440925,2.9599824784960873,-0.007578677099544906,-0.021237130088629708,-0.020212916109524415,-2.6721669979773033,-723.5920045002617,-7.570524847580163
广西壮族自治区,崇左市,Small City,0.0,0.0,0.0,0.0,2115382.5,0.0,0.0,0.0,0.0,0.0,0.0,3.233986523121026,0.6615732957730612,0.8142838497420375,0.4680094504731948,32.656363339941265,,,0.2524145534030753,-0.0005599550943992115,0.0027909680041896534,-0.0037875907969848743,-0.5384896360071281,,
广西壮族自治区,来宾市,Small City,0.0,0.0,0.0,0.0,2227695.5,0.0,0.0,0.0,0.0,0.0,0.0,6.086530377467473,0.539948091609161,0.5061141674890366,0.3002585024099624,12.44466394208492,,22.377378464086423,0.7694042555318363,-0.032763330248357314,-0.07200377947797754,-0.044277626171282114,-4.077906449162748,,-62.558559271575945
广西壮族自治区,柳州市,Type II Large City,0.0,37.0,0.0,0.0,3970549.0,0.0,37.0,37.0,0.0,0.09318610600196597,-0.09318610600196597,32.991476989614554,0.3958204642194868,0.3810739871394224,0.2941017575033081,24.778620540923587,,,0.20187878489436883,-0.001121947151189906,0.0014655441306179462,0.0019740525443388,0.3389120767801508,,
广西壮族自治区,桂林市,Type II Large City,0.0,52.0,0.0,0.0,5027362.0,0.0,52.0,52.0,0.0,0.10343396795376979,-0.10343396795376979,6.058069229125977,0.5855454037489457,0.7235196300818736,0.4810726717116177,39.57918099799932,,,-0.0766872947032633,-9.912080215523922e-05,0.003689246607507579,0.00305313563483961,0.6125008796537443,,
广西壮族自治区,梧州市,Medium-sized City,0.0,200.0,0.0,0.0,3049518.0,0.0,200.0,200.0,0.0,0.6558413493542258,-0.6558413493542258,10.666791103057218,0.5240500360518227,0.5180692470680757,0.3432930909042978,22.38663578315582,,,1.598500598700321,-0.020969540342943294,-0.04551302379344546,-0.02719564084516679,-2.515340318246807,,
广西壮族自治区,河池市,Small City,0.0,0.0,0.0,0.0,3573704.5,0.0,0.0,0.0,0.0,0.0,0.0,4.720930099487305,0.6058681887702566,0.6862417913726143,0.4313551944661696,30.689754471899303,,,0.5368199424910474,-0.008030390840389035,-0.023089069474796386,-0.01152203484969111,-0.6803766730614278,,
广西壮族自治区,玉林市,Medium-sized City,2977.0,368.0,0.0,0.0,5785858.5,2977.0,368.0,3345.0,5.145303847302868,0.6360335289914194,4.509270318311449,13.229345321655272,0.3563238290196659,0.2439287592216182,0.1629581288521969,7.10344754986378,21.00784535050796,5.054175556237436,6.062973845876155,-0.02073215958135588,-0.029414761698220188,-0.022761752938541907,-2.5741404357621764,-98.33290004428122,-0.2788102678203641
广西壮族自治区,百色市,Small City,0.0,0.0,31.0,0.0,3662653.5,0.0,-31.0,-31.0,0.0,-0.08463809093598397,0.08463809093598397,0.0,0.7707845313466718,1.239487961167854,0.6759822420648434,59.57525427706717,,,0.0,0.004691338463015615,0.013692396267244389,0.0009889516874768134,-0.7420581927327206,,
广西壮族自治区,贵港市,Medium-sized City,1408.0,0.0,0.0,0.0,4366117.5,1408.0,0.0,1408.0,3.22483304675149,0.0,3.22483304675149,8.117783068509356,0.4036487009873672,0.3001670696348111,0.1972453148441453,9.40487829885714,116.07963552305208,6.542455070145747,5.650823852766477,-0.190031414269264,-0.40999076199863616,-0.27373573114729477,-30.211216068966777,,
广西壮族自治区,贺州市,Small City,0.0,0.0,0.0,0.0,2073214.5,0.0,0.0,0.0,0.0,0.0,0.0,10.215160198509691,0.3653669001869566,0.2751019934434976,0.194389776233968,11.138934998652465,,7.353403475134297,0.5141252624158987,-0.007548836086892163,-0.011422766364808656,-0.007244414421015394,-0.20088911710067947,,-0.8457616112370383
广西壮族自治区,钦州市,Medium-sized City,1380.0,287.0,0.0,0.0,3252577.5,1380.0,287.0,1667.0,4.242788988117885,0.8823771301375601,3.360411857980325,12.436811847248295,0.4876331809532271,0.3974611184119125,0.2110412279716333,2.670358735355859,19.18371030852791,7.125750192672276,6.742712009371474,-0.1365297511658045,-0.3225981169993944,-0.2169865456471148,-19.70614217478073,,
广西壮族自治区,防城港市,Small City,800.0,50.0,0.0,0.0,882642.0,800.0,50.0,850.0,9.063697399398624,0.566481087462414,8.49721631193621,16.28068318193197,0.4886819076811584,0.4531132593105693,0.3015244004219668,17.502397829751253,,69.06048056791586,4.887576707336059,-0.01805912619830785,-0.028362552408394637,-0.009380478237488776,0.8763103618819486,,23.30271299208787
新疆维吾尔自治区,乌鲁木齐市,Type I Large City,0.0,461.0,0.0,0.0,3296819.0,0.0,461.0,461.0,0.0,1.3983175903803031,-1.3983175903803031,66.78270627418661,0.0576644203883642,0.0168941404613379,0.0118703255390395,0.3856662819903604,1.2728116369879654,1.0910150408105888,0.3855821442097209,-0.0076875789147152,-0.002788645614075401,-0.0016598273085136998,0.029613537123646394,-0.042235357480542524,-0.03026861857895935
新疆维吾尔自治区,伊犁哈萨克自治州,Small City,0.0,0.0,150.0,0.0,2444495.0,0.0,-150.0,-150.0,0.0,-0.6136236727831311,0.6136236727831311,19.224798320901805,0.5161465805116121,0.5859878434877737,0.4228117867414457,38.473984543199855,,,-0.9980471752991242,0.0014499711420243866,0.005449326143405653,0.002886032638906022,0.15917698733405672,,
新疆维吾尔自治区,克孜勒苏柯尔克孜自治州,Small City,0.0,0.0,0.0,0.0,559616.0,0.0,0.0,0.0,0.0,0.0,0.0,16.250529691424003,0.4917855702884247,0.476407011628248,0.332173429625334,25.4027206013961,,,4.0949985366854715,-0.05674906072695002,-0.12064571380161554,-0.07366286511475756,-7.4858566787591805,,
新疆维吾尔自治区,克拉玛依市,Small City,500.0,0.0,0.0,0.0,365746.0,500.0,0.0,500.0,13.670689494895363,0.0,13.670689494895363,51.80030621273417,0.1690665416854988,0.0761589196948821,0.0509227955473724,1.3166473583533151,2.019574810181892,1.9525045937047347,16.444423685662542,0.057980739812691015,0.0285971878341141,0.014879937542281,-0.19144817841657402,0.6458983298767906,0.6172203206007532
新疆维吾尔自治区,博尔塔拉蒙古自治州,Small City,0.0,0.0,0.0,0.0,426811.5,0.0,0.0,0.0,0.0,0.0,0.0,9.745457649230955,0.5674360001582969,0.7016373186067528,0.4761608233564244,41.82733711381445,,,2.6967991931097828,-0.001175099616311237,-0.020375704962899532,-0.010668256685137989,-1.042670561749489,,
新疆维吾尔自治区,吐鲁番市,Small City,0.0,0.0,63.0,0.0,659468.5,0.0,-63.0,-63.0,0.0,-0.9553147724265829,0.9553147724265829,5.857804516951243,0.534632590750123,0.5663116235326047,0.3797764175450032,27.25363066218977,,,-0.3564790270125213,-0.021490828764231917,-0.04795478436391143,-0.03769000706875503,-7.557758556494285,,
新疆维吾尔自治区,和田地区,Small City,0.0,0.0,0.0,0.0,2089678.5,0.0,0.0,0.0,0.0,0.0,0.0,9.372043114505994,0.5373004685767966,0.6395797964415887,0.4564078521082773,42.75008488801955,,,3.30643127521156,-0.02559632759877495,-0.0499134569565316,-0.025025645251864737,-2.4060586442235845,,
新疆维吾尔自治区,哈密市,Small City,0.0,0.0,0.0,0.0,582589.5,0.0,0.0,0.0,0.0,0.0,0.0,36.42159619669276,0.2887761938466699,0.2971143343991106,0.2465859315026733,22.35142768472172,,,-1.4397055816407018,-0.024413709822625695,-0.04057628472483371,-0.030440452587013084,-3.236856595180253,,
新疆维吾尔自治区,喀什地区,Small City,0.0,0.0,0.0,0.0,4212201.0,0.0,0.0,0.0,0.0,0.0,0.0,0.0,0.7423606108381354,1.176495695786994,0.6661307642293071,61.187099938152855,,,0.0,-0.0030457098434683028,-0.017067537910244734,-0.006362948651793876,-0.7415883211065548,,
新疆维吾尔自治区,塔城地区,Small City,0.0,0.0,0.0,0.0,1340395.0,0.0,0.0,0.0,0.0,0.0,0.0,19.01145051400873,0.5274615916136411,0.5489499303546759,0.3795494841522536,29.783775045062605,,,-0.9462250022439598,0.0017135094118891914,-0.0012120881450798926,-0.002947490971697997,-0.5303709570772916,,
新疆维吾尔自治区,巴音郭楞蒙古自治州,Small City,0.0,0.0,0.0,0.0,1268989.5,0.0,0.0,0.0,0.0,0.0,0.0,15.981576772446328,0.4780094361011272,0.5112433041135119,0.3718738298233853,32.15997366221954,,,0.6185103372118164,-0.014966929685517383,-0.034573754132498524,-0.02316653715675271,-2.6967659618500974,,
新疆维吾尔自治区,新疆维吾尔自治区,Small City,0.0,0.0,0.0,0.0,1164924.0,0.0,0.0,0.0,0.0,0.0,0.0,33.727792033442746,0.3884454877508851,0.3238629641633308,0.2396734225132364,17.532412963168387,,14.54687395442902,1.144919122509684,-0.012599416856743317,-0.00862086002304796,-0.0018996218876579096,-0.11811884159908104,,2.3911592766059773
新疆维吾尔自治区,昌吉回族自治州,Small City,0.0,0.0,0.0,0.0,1514639.0,0.0,0.0,0.0,0.0,0.0,0.0,15.828002166748046,0.5628062238743962,0.6546203476394261,0.4509108190019395,39.04264706464263,,,5.458087425826649,-0.023820046951017138,-0.05354899898143972,-0.028089515731489156,-3.112594407109661,,
新疆维吾尔自治区,阿克苏地区,Small City,0.0,0.0,0.0,0.0,2512161.0,0.0,0.0,0.0,0.0,0.0,0.0,0.0,0.7477523103138751,1.2468968580251254,0.6999718735594909,67.63155037702286,,,0.0,-0.011141621830642934,-0.03461602091977056,-0.008492657739121112,-0.5773132043733966,,
新疆维吾尔自治区,阿勒泰地区,Small City,0.0,0.0,0.0,0.0,570092.0,0.0,0.0,0.0,0.0,0.0,0.0,0.0,0.7490513343506956,1.2129483572265125,0.6821495816596581,64.33543916140209,,,0.0,-0.013404507077039551,-0.04305082077942357,-0.009622052142446824,-0.28230418633700083,,
江苏省,南京市,Super City,0.0,0.0,0.0,0.0,8449922.0,0.0,0.0,0.0,0.0,0.0,0.0,42.25797283484218,0.1316161733440247,0.0485706061148915,0.0288788100884469,0.0,2.053314147040339,1.370057689635002,-0.13956663777356226,-0.0006713262478950099,-0.0006651454645624014,-0.0004927296998342989,0.0,0.00508553290166569,-0.002899897131667162
江苏省,南通市,Type II Large City,400.0,369.0,0.0,0.0,7707123.5,400.0,369.0,769.0,0.5190003767293985,0.47877784753287006,0.04022252919652841,8.172945169475971,0.3917880402166096,0.277880322222347,0.1742282571329262,4.08785037546258,32.49659466311137,6.879470322571468,1.5578150046898678,-0.028875851205320102,-0.03915104178116163,-0.025401067462996613,-1.8971644888880448,-25.31710092954112,-1.459719961868819
江苏省,宿迁市,Medium-sized City,0.0,16.0,0.0,0.0,4945648.5,0.0,16.0,16.0,0.0,0.03235167238431927,-0.03235167238431927,8.69839497142368,0.3298914569728504,0.2069821274516303,0.1384392158355323,6.037945479063341,12.809210964995255,3.532867766380904,0.16544189171306378,-0.010642218352333144,-0.01138018034932109,-0.0068500630605873025,-0.19061919795216653,-3.3765926812001297,-0.1899444803821697
江苏省,常州市,Type I Large City,850.0,0.0,0.0,0.0,4857607.5,850.0,0.0,850.0,1.749832607924786,0.0,1.749832607924786,21.913491750965715,0.1723226355256273,0.05881209936438,0.0325849796883613,0.0011720070435567,2.614344365536856,1.7864855369481203,1.3024904717432655,-0.012195805624941602,-0.010628561133247304,-0.006556570819370104,-0.0008684883392555999,-0.4509449621004129,-0.0917535353069665
江苏省,徐州市,Type II Large City,0.0,0.0,0.0,0.0,9013082.0,0.0,0.0,0.0,0.0,0.0,0.0,16.578790814948803,0.4322853639163648,0.3311804977200515,0.2060536793522352,8.20836311104021,52.005395562401816,7.03105913908833,0.23178366380484405,-0.0121670247260251,-0.02035624982935541,-0.014703173306482686,-1.3476473859000304,-728.1651610323445,-0.4623063022126841
江苏省,扬州市,Type II Large City,0.0,0.0,0.0,0.0,4724299.0,0.0,0.0,0.0,0.0,0.0,0.0,15.312263084331732,0.3620798230909144,0.2418079253958631,0.1505075402748862,3.8628448345175177,11.47669838486709,4.5990435413429225,-0.05684020877365903,-0.0038495793662198796,-0.005173066267615795,-0.0035680264230785186,-0.08917720165124132,-0.3808595353435944,-0.2740767616329185
江苏省,无锡市,Type I Large City,3017.0,0.0,422.0,1600.0,6753577.5,1417.0,-422.0,995.0,2.0981472412214117,-0.6248540125585292,2.723001253779941,25.99709333188836,0.160371144544225,0.0577366195975258,0.0329986540657454,0.000162736433847,2.7108764769362974,1.57059197406221,1.256707138497287,-0.01237959185517451,-0.0127021394888484,-0.0084475067184335,0.0001479166988801762,-0.43897867417865477,-0.036669517971852805
江苏省,泰州市,Medium-sized City,700.0,0.0,0.0,0.0,4892366.0,700.0,0.0,700.0,1.4308005574398972,0.0,1.4308005574398972,13.797693360537274,0.2232337706629238,0.0836158883261906,0.0461374919121355,0.1743899972591484,2.9923940590140283,2.080454772046324,1.175039708461128,-0.009045350820404391,-0.005344592600175793,-0.0023779403501527005,0.006481210912945595,-0.10794626987068812,-0.11751611747430113
江苏省,淮安市,Type II Large City,0.0,0.0,0.0,0.0,5101516.5,0.0,0.0,0.0,0.0,0.0,0.0,10.140706735498766,0.3547277551500976,0.2907136461457791,0.2222263790813885,15.062937238283894,,17.261095504528758,-0.1570737926056296,-0.006905817990450647,-0.008544048346315669,-0.005438527647163988,-0.31409789033338953,,-6.253721950738171
江苏省,盐城市,Type II Large City,0.0,0.0,0.0,0.0,7684610.0,0.0,0.0,0.0,0.0,0.0,0.0,5.747706752123795,0.5226256429747866,0.5046616712042739,0.3271236509785516,18.14701151195312,,116.58350820280768,0.5525509429596065,-0.024664529545590508,-0.056342786292234326,-0.03796227448805789,-4.655701222451704,,
江苏省,苏州市,Type I Large City,2448.0,0.0,170.0,982.0,11001987.0,1466.0,-170.0,1296.0,1.3324865771973735,-0.15451754305835846,1.487004120255732,18.91480099839363,0.1864775537785233,0.0622662109113073,0.0340674576340707,0.0,2.7205151568341326,1.791230923354373,0.9537140259226504,-0.006588789071469814,-0.003133064769957193,-0.0014801896257242986,0.0,-0.09477656376760857,-0.12210295422719741
江苏省,连云港市,Type II Large City,0.0,0.0,0.0,0.0,4647670.0,0.0,0.0,0.0,0.0,0.0,0.0,13.721124875836257,0.2670772098856143,0.1437287837597833,0.0942707288881108,2.461748869260934,6.431309201488678,2.5691999779489123,-0.01702350298943145,0.0002191019490361823,0.00038922719837450326,0.0002539343766979063,-0.022972530218146492,0.07427048709080974,0.014278081690665356
江苏省,镇江市,Medium-sized City,0.0,0.0,0.0,0.0,3299924.5,0.0,0.0,0.0,0.0,0.0,0.0,25.033140967710413,0.1661274795505245,0.0456662548220753,0.0238047967631482,0.0,2.348610636307547,1.6472568686555502,0.852180316398524,-0.013139469486219996,-0.0064856681578790015,-0.003278648661255098,0.0,-0.12342218994072951,-0.142118531268709
江西省,上饶市,Type II Large City,700.0,0.0,0.0,0.0,6960977.0,700.0,0.0,700.0,1.0056059659441483,0.0,1.0056059659441483,6.51227581878593,0.387623284800451,0.2795836118935241,0.1758122339439473,7.394971105052002,23.53848212666129,4.587180139710571,1.4430029710367576,-0.027068112850707815,-0.035819658111935604,-0.010300223726846608,-0.10863098286482753,1.019755632686362,0.8437051924688959
江西省,九江市,Medium-sized City,0.0,0.0,0.0,0.0,5003468.5,0.0,0.0,0.0,0.0,0.0,0.0,18.84069760176387,0.4853921453449247,0.4886264106899818,0.3534426407957799,29.110762480314627,,,-0.026294779002871138,0.006094139984879399,0.012867933441533197,0.007828929397889817,0.5790214412202168,,
江西省,南昌市,Type I Large City,0.0,50.0,32.0,0.0,5339507.0,0.0,18.0,18.0,0.0,0.03371097743668095,-0.03371097743668095,54.710908014708814,0.159615471511375,0.070550581934377,0.0455627934523406,0.5237458389213526,2.544236039414391,1.702871872285279,-0.14040760146097853,-0.004066287385283585,-0.0015094737115409068,-0.0008213693622211998,0.12042735679660632,-0.06233972388998721,-0.0054741070178720985
江西省,吉安市,Small City,0.0,0.0,0.0,0.0,5092533.5,0.0,0.0,0.0,0.0,0.0,0.0,3.830175327804853,0.5825130809881208,0.6440113417752511,0.4206556791368151,31.968845566086728,,,-0.3081461163610859,0.0027320303237302612,0.007113827994164379,0.003885511741056835,0.2804826764155379,,
江西省,宜春市,Medium-sized City,800.0,0.0,0.0,0.0,5742357.0,800.0,0.0,800.0,1.3931561552164031,0.0,1.3931561552164031,8.0376205399979,0.4573990565321542,0.3541502324787938,0.204137828576129,5.840006877741874,23.341467598625755,6.0967498739919135,0.8035899414981635,-0.04891673421747056,-0.08870218844281968,-0.057701655251169215,-4.8327620456375575,,-4.704064172085382
江西省,抚州市,Medium-sized City,0.0,0.0,0.0,0.0,4144343.0,0.0,0.0,0.0,0.0,0.0,0.0,2.673637397721464,0.5314950642625625,0.5321742776055433,0.3414447515969425,23.3200219544948,,,0.02818224404524594,0.008819765573756855,0.013609732239970973,0.005470552969742304,0.28531631297121507,,
江西省,新余市,Medium-sized City,0.0,0.0,0.0,0.0,1204818.5,0.0,0.0,0.0,0.0,0.0,0.0,10.270882799920544,0.1354230175974949,0.0393473615792407,0.0227470710808351,0.0982095202734285,1.925774381326573,1.429362203998581,1.2754349448943483,0.0034212517868026926,-0.0017084507706753987,-0.0013318500551052007,0.011096365438939396,-0.09558863784244265,-0.01110112520165396
江西省,景德镇市,Medium-sized City,0.0,0.0,0.0,0.0,1680197.5,0.0,0.0,0.0,0.0,0.0,0.0,13.712257437066432,0.3617954715997045,0.2626531806833154,0.1727984084671595,5.128863971202705,46.97906296507065,5.719736951136696,0.10040259388655848,0.006625443946682685,0.00934103484543819,0.006624124317985286,0.4553612084558951,5.449590794153103,0.37166640823119135
江西省,萍乡市,Medium-sized City,0.0,0.0,0.0,0.0,1955079.0,0.0,0.0,0.0,0.0,0.0,0.0,13.93887028865774,0.2013494639865328,0.1160306738301426,0.0829833519126107,1.4961657017693106,4.781598240553166,1.7613856254042022,0.8971370678241097,0.015090403650380502,0.010329449482931394,0.007376386462956699,0.27842130929738973,1.0614651297054216,0.11624123521780128
江西省,赣州市,Type II Large City,0.0,0.0,0.0,0.0,8856575.0,0.0,0.0,0.0,0.0,0.0,0.0,0.0,0.6968128776052126,0.9829761715961416,0.5921180935256116,51.3143361875491,,,0.0,0.0015598055377618048,0.0017542921378963516,-0.0009184235062266177,-0.5095636099868628,,
江西省,鹰潭市,Small City,0.0,0.0,0.0,0.0,1190973.0,0.0,0.0,0.0,0.0,0.0,0.0,8.701741633550176,0.1620714401808464,0.0642656694633847,0.0416993755173901,0.8883433977016664,2.4525539617001626,1.4983803471814303,0.2691114969410986,0.008877053132787999,0.008860105835242806,0.006390460370366002,0.26949490633394735,0.3656371384765227,-0.004175575899264761
河北省,保定市,Type II Large City,0.0,600.0,0.0,0.0,11813723.0,0.0,600.0,600.0,0.0,0.5078839244834165,-0.5078839244834165,9.6694167969041,0.3491814410566759,0.2375774625964853,0.1641569261000603,7.755964905500464,62.69154211875909,4.13221278679923,0.6355375892447288,0.000465842289758045,0.0016604211643476974,0.0019276188747986145,0.25229600211812464,9.144071910294137,0.06926994967525335
河北省,唐山市,Type II Large City,0.0,92.0,0.0,0.0,7914475.0,0.0,92.0,92.0,0.0,0.11624270719156987,-0.11624270719156987,9.887131964844745,0.3505635286335056,0.2239266556450492,0.1392371166578679,3.258288111891637,10.53893449140518,4.803670640503476,-0.018787322095088044,-0.006209237762581199,-0.010302965418108184,-0.008498724454716805,-0.5945297711700319,-1.4118409431393655,-0.4630144693928928
河北省,廊坊市,Medium-sized City,656.0,0.0,0.0,0.0,4601325.0,656.0,0.0,656.0,1.4256762997614818,0.0,1.4256762997614818,16.211427601257174,0.2885748113636025,0.1501788624860261,0.0866313507350998,0.1830516172128437,5.878853282143976,3.253500323398511,1.522830117829546,-0.005617901937442549,-0.004145345399874906,-0.0014871561874923028,0.00316775848215628,-0.3429434108484326,-0.11191746003258052
河北省,张家口市,Type II Large City,0.0,0.0,0.0,0.0,4594105.0,0.0,0.0,0.0,0.0,0.0,0.0,1.5959562123307836,0.6669896188513391,0.8534398396125663,0.5118810251295374,38.36491036681034,,,0.07157144799998005,0.000912778612954579,0.00030117227285897386,-0.000480987388379317,0.04968208284834219,,
河北省,承德市,Medium-sized City,0.0,0.0,0.0,0.0,3667969.5,0.0,0.0,0.0,0.0,0.0,0.0,3.059772961669498,0.6430862954320493,0.8142695476420795,0.5148568326327907,42.53130472180859,,,0.6193743829225373,-0.008555186965976458,-0.023281780719307865,-0.011062404852718588,-1.3874482526536056,,
河北省,沧州市,Medium-sized City,0.0,11.0,103.0,0.0,7544186.0,0.0,-92.0,-92.0,0.0,-0.12194821283568565,0.12194821283568565,12.550541626910368,0.4442300325217202,0.3386518522039864,0.2017361924124082,5.201261443065128,29.323341725365044,7.355385915704177,-0.07653582606459786,-0.003969952277905586,-0.007181045113828777,-0.004538670638244896,-0.061911817668990565,-2.6309852309587463,-0.404076338311115
河北省,石家庄市,Type I Large City,1100.0,1711.0,0.0,0.0,10776208.0,1100.0,1711.0,2811.0,1.0207672309220461,1.5877570291887462,-0.5669897982667,25.04671314435128,0.2741507551081802,0.1497910764001726,0.0960477236268549,1.9892214469845917,6.296765635615943,2.8554106875022462,2.5597214526847374,-0.0005661703389037154,-0.0012616227568664762,-0.0013576434544127908,-0.03699923789618964,-0.1355409108977197,0.051903217272958546
河北省,秦皇岛市,Type II Large City,0.0,0.0,0.0,0.0,3153109.0,0.0,0.0,0.0,0.0,0.0,0.0,8.994066058039383,0.3487604438592712,0.2635597917138675,0.181971885486702,8.220953937832945,48.00679580491152,7.264595248382926,-0.16065329468278478,-0.001080940477929393,0.0010784129157945244,0.0031203554443968995,0.5541210131598868,13.327200641413853,0.07062847483738377
河北省,衡水市,Medium-sized City,800.0,0.0,0.0,0.0,4602286.5,800.0,0.0,800.0,1.73826640301511,0.0,1.73826640301511,4.045404809416874,0.3858270920692337,0.2690477030305394,0.17366290187384,7.389527051759949,28.659228546161103,4.766547671666649,1.42097061953094,0.009487045088164725,0.006529695583375794,0.008228659156710921,-0.12010818074395946,10.722158721896065,0.9671678240140134
河北省,邢台市,Type II Large City,1200.0,0.0,0.0,0.0,7516522.0,1200.0,0.0,1200.0,1.5964830542636608,0.0,1.5964830542636608,4.7643543639815,0.5051030453111723,0.4712235801523973,0.3057145560679409,16.51477773249203,,60.16204058103778,1.351761669555335,-0.017849409664560834,-0.02789611490264271,-0.01188315485552388,-0.3650277436703604,,0.6329109066699559
河北省,邯郸市,Type II Large City,800.0,0.0,0.0,0.0,9692248.0,800.0,0.0,800.0,0.8254019088244543,0.0,0.8254019088244543,8.55947691895241,0.4267681786990195,0.3444437497865066,0.2316298930600997,10.629308521799064,,12.387980325408837,1.1760971477519506,-0.0009299086780338861,-0.005202480134142484,-0.005909983419684489,-1.4676102841323573,,-1.6334677976482634
河南省,三门峡市,Small City,0.0,0.0,10.0,0.0,2371278.0,0.0,-10.0,-10.0,0.0,-0.042171352325623565,0.042171352325623565,24.456433962792467,0.4071087178793835,0.3394971040091267,0.2491545572008877,18.143339002793148,,32.18026414202691,0.17746905124679913,0.011106461534661993,0.017338541763771087,0.011946016508069396,1.0420294190982915,,17.289398935896138
河南省,信阳市,Medium-sized City,1800.0,0.0,0.0,0.0,6443651.5,1800.0,0.0,1800.0,2.793447162684078,0.0,2.793447162684078,0.0,0.7578790619801832,1.240765987310236,0.6876787054907908,63.417129018176674,,,0.0,-0.017031219283036192,-0.0678779246626422,-0.023956429650960565,-4.184897341767233,,
河南省,南阳市,Medium-sized City,0.0,0.0,0.0,0.0,10883090.5,0.0,0.0,0.0,0.0,0.0,0.0,10.505672574043274,0.5580047237549963,0.5819908327407315,0.3811427418110323,24.52976855307771,,,-0.4781045638597945,0.007256940625049779,0.015379488538039054,0.008564785265720798,0.6790016070044551,,
河南省,周口市,Medium-sized City,0.0,0.0,0.0,0.0,9450251.0,0.0,0.0,0.0,0.0,0.0,0.0,4.94580355411818,0.4172315761695774,0.3181977209615501,0.208352001753445,8.851161980565921,158.20457055155683,7.716955867671908,0.14160575641859996,-0.007750087099356373,-0.009710834345214414,-0.005797114552707594,-0.6845322876202236,-361.9252996332857,-0.282777935656898
河南省,商丘市,Medium-sized City,0.0,0.0,0.0,0.0,7772673.5,0.0,0.0,0.0,0.0,0.0,0.0,4.135554959840864,0.3980937710828207,0.3197696595214923,0.2315822679388969,16.12166048938101,,11.551915511410735,-0.00500050812617836,-0.006169057416710033,-0.007562816271046546,-0.004568302343126579,-0.3082199028578323,,-1.2226264253132424
河南省,安阳市,Medium-sized City,0.0,0.0,0.0,0.0,5489919.5,0.0,0.0,0.0,0.0,0.0,0.0,13.108542236289066,0.219766827423725,0.0870692076540163,0.0498647107628321,0.1955092590148103,3.05437649880563,2.071279638528961,0.05429435532443527,-0.0043638240184541155,-0.002844725791341804,-0.0013935429466059995,0.030717028796256124,-0.08914443045710785,-0.03492823909784182
河南省,平顶山市,Medium-sized City,0.0,0.0,0.0,0.0,5185883.0,0.0,0.0,0.0,0.0,0.0,0.0,10.916532012892176,0.2678959296418526,0.1284703982706484,0.07744889231611,0.927624733140274,4.182400242196625,2.450711234109753,0.11311724947780455,-0.009898178613982678,-0.009052229771117581,-0.005666401528842402,-0.1862452281918614,-0.25810938351928847,-0.12187375579682769
河南省,开封市,Type II Large City,0.0,105.0,0.0,0.0,4829298.5,0.0,105.0,105.0,0.0,0.21742288243313188,-0.21742288243313188,10.15817890949817,0.4642978524118137,0.3715783558986654,0.2260420205057816,8.75852756661374,244.52020841864925,7.723287998099399,0.24974589284578208,0.006834826308236397,0.012122288528397307,0.008489239193812281,0.5358675576822272,133.8014187727601,0.5585569550319223
河南省,新乡市,Type II Large City,0.0,0.0,0.0,0.0,6032091.0,0.0,0.0,0.0,0.0,0.0,0.0,19.04828948872064,0.3067977522462705,0.171249448855022,0.1052297730876091,2.414533755345912,5.400315024293178,2.593311343932206,0.43189806702431355,-0.0007845958893002436,0.0016674972056011927,0.0022923974071620973,0.29179940130270676,0.1453046533050557,-0.04244849215113833
河南省,洛阳市,Type II Large City,1200.0,32.0,0.0,0.0,6959000.5,1200.0,32.0,1232.0,1.7243855637027183,0.04598361503207249,1.6784019486706458,14.136252403259276,0.3178653401213362,0.2338654820889032,0.1731238795810056,10.468478939374918,,4.619823348693389,1.8169283542944044,-0.0020229928007433062,-0.00015226706926710354,0.00027019735327851735,0.14898433870758687,,0.15632709034627457
河南省,漯河市,Medium-sized City,0.0,0.0,0.0,0.0,2700723.5,0.0,0.0,0.0,0.0,0.0,0.0,11.954710134778704,0.1875496402324822,0.0539297430435507,0.026989977352692,0.0,2.488264830428609,1.9081849379178064,0.38327658540843146,-0.021997468966470812,-0.014101699561969695,-0.006998853861978099,0.0,-0.2965649504876069,-0.10744373806962138
河南省,濮阳市,Medium-sized City,0.0,195.0,0.0,0.0,3795611.5,0.0,195.0,195.0,0.0,0.5137512097853008,-0.5137512097853008,11.134547032022196,0.2350410591134684,0.1143602149062528,0.07578913226046,2.6256962063303115,3.8883758608013137,2.322902374247976,0.4711051440531744,-0.0019224460024495904,-0.0020824573721227035,-0.0017794136133131994,-0.1250796173453823,-0.019038201420430223,-0.01823531306014825
河南省,焦作市,Medium-sized City,0.0,1393.0,0.0,0.0,3730912.0,0.0,1393.0,1393.0,0.0,3.7336715526927464,-3.7336715526927464,14.56187602584808,0.2943187280722713,0.13759471842224,0.0672232031796228,0.0507917386260874,4.110420644149884,2.7415257243623894,3.0226739431407488,-0.04913731228902213,-0.05128599733892669,-0.0242702953848168,0.0432172568938841,-0.9665391877124918,-0.7063447335511888
河南省,许昌市,Medium-sized City,0.0,0.0,0.0,0.0,4523199.5,0.0,0.0,0.0,0.0,0.0,0.0,14.063873554704376,0.2979863592220956,0.1475777164712131,0.0806093647282645,0.0906380098940054,5.25333245735805,2.773819804861903,-0.0005392011642353367,0.007787252452424787,0.0069398060650822935,0.0036199792283354987,0.0013608735627489987,0.2910159819849021,0.10375701792907943
河南省,郑州市,Super City,1200.0,0.0,500.0,0.0,9274317.5,1200.0,-500.0,700.0,1.2938957502802768,-0.5391232292834486,1.8330189795637253,50.76118938382438,0.1951437971243287,0.077418085589677,0.0442670787914015,0.0072666630297413,3.1589297371721177,1.9549866185525075,1.4004385266938044,-0.003126825877958206,-0.0035202797674030034,-0.0023972549518484,4.169777697160017e-05,-0.17733669627318305,0.0018941527025384541
河南省,驻马店市,Small City,0.0,0.0,0.0,0.0,7638059.5,0.0,0.0,0.0,0.0,0.0,0.0,7.368104918923958,0.4882330537148154,0.4499130601754483,0.3013385041246945,17.653296268488557,,96.83675893388823,0.3991744626985252,-0.01303400523539544,-0.02364139736405718,-0.011420413880634805,-0.023008173363677997,,1.3921191851973873
河南省,鹤壁市,Medium-sized City,0.0,0.0,0.0,0.0,1667651.5,0.0,0.0,0.0,0.0,0.0,0.0,15.53001723814448,0.2028531616127987,0.0637515525133472,0.0319535093889847,0.0,2.557116800286665,2.041915092540479,0.002162814621529563,0.0017034488946885973,0.0010643315708488005,0.0005817846354315981,0.0,0.016594879209753,-0.014721859363939327
浙江省,丽水市,Small City,0.0,670.0,0.0,0.0,2244271.5,0.0,670.0,670.0,0.0,2.9853785515700753,-2.9853785515700753,20.710749192671344,0.4758669973634495,0.4528137550327,0.3152747934357667,20.489796899475323,,,2.3947491688527442,-0.0051226381939155075,-0.009027844441637234,-0.00695739368904108,-1.1968517477267575,,
浙江省,台州市,Type II Large City,1625.0,0.0,0.0,0.0,6273969.0,1625.0,0.0,1625.0,2.5900669894926165,0.0,2.5900669894926165,14.337088933198348,0.2031614199204889,0.0770695055895782,0.0444755998663078,0.3300901909635598,3.098278926260565,1.986891391433793,2.409718248515313,-0.011602740141838208,-0.009354395475012794,-0.0057228288556717966,-0.060631176588319124,-0.33889869486557744,-0.180566399139082
浙江省,嘉兴市,Medium-sized City,0.0,550.0,0.0,0.0,4738583.0,0.0,550.0,550.0,0.0,1.1606845337519676,-1.1606845337519676,15.617084421157838,0.3409019060825169,0.1822818035355264,0.092785646355072,0.0732612618383203,5.428207415497671,3.749627552964181,2.807332023062056,-0.008444355053817965,-0.008995878114772593,-0.002978132197512501,0.0732612618383203,-0.04782760266122388,0.05182356476892336
浙江省,宁波市,Type I Large City,1650.0,500.0,0.0,0.0,7980186.0,1650.0,500.0,2150.0,2.0676209802628662,0.6265518122008684,1.4410691680619978,19.462775555352213,0.2622453210369959,0.1335642606050251,0.0841875844637976,1.5760327875546785,4.565462464078032,2.658144688896676,2.9273109853222294,-0.006009359699863603,-0.005947056246057403,-0.005528062310833609,-0.7425293864887927,0.0825518209311662,-0.08447900836473687
浙江省,杭州市,Super City,1907.0,733.0,23.0,0.0,9195461.0,1907.0,710.0,2617.0,2.0738492610647796,0.7721200709784969,1.3017291900862826,44.97879008086893,0.2414943853865322,0.1627478766470801,0.1217574852319801,5.331083838318686,18.87989985455489,2.2413689299552035,2.5651470885768006,0.00028156876423099386,-0.0010681391522243122,-0.0007597083734623977,-0.0949114845742196,0.9540991630217128,-0.12117887871265554
浙江省,温州市,Type II Large City,1180.0,0.0,0.0,0.0,9611819.0,1180.0,0.0,1180.0,1.2276552440282116,0.0,1.2276552440282116,18.56529172507032,0.2123031312564276,0.1181989325050591,0.0863181295651333,3.736455770156382,4.108555938317172,1.9847509402494092,1.258025701576841,-0.0024713393708190867,-0.0027846381200329062,-0.00212260578575961,-0.135713861801543,-0.23737177283535527,-0.007233906667386325
浙江省,湖州市,Medium-sized City,780.0,0.0,0.0,0.0,3059589.0,780.0,0.0,780.0,2.5493620221539564,0.0,2.5493620221539564,18.497240948697147,0.2840191613952282,0.1323394702522998,0.0731836011201718,0.7461163582338104,4.100999913681116,2.5151992247252597,2.2158928038383365,-0.030281728336649993,-0.028909278465221594,-0.0158020696999948,-0.14368042275506854,-0.9301497587039353,-0.442071521351179
浙江省,绍兴市,Type II Large City,610.0,0.0,0.0,0.0,5237680.5,610.0,0.0,610.0,1.164637667379673,0.0,1.164637667379673,21.628493566982083,0.2880736733852113,0.1380905632142225,0.0753514531869924,0.0130776078706962,4.966668342029371,3.0400592944876528,2.6180272892936536,-0.025942715170015396,-0.02623790495680081,-0.01429597573760999,0.000456841841750601,-0.9969475339626674,-0.5052339571356446
浙江省,舟山市,Medium-sized City,0.0,0.0,0.0,0.0,1012520.5,0.0,0.0,0.0,0.0,0.0,0.0,15.46155914040499,0.2805668664909132,0.1602216055384481,0.1033967465285047,2.3671071424284977,7.385608699238855,2.791817276542885,0.103726025991282,-0.019559828227835974,-0.03280352204998649,-0.025448997378021393,-0.24630099812375805,-5.626031187744836,-0.9231462768082719
浙江省,衢州市,Medium-sized City,0.0,0.0,0.0,0.0,2244911.0,0.0,0.0,0.0,0.0,0.0,0.0,12.00232588406115,0.283081961544638,0.155542044755819,0.1009089676491782,3.340101604178109,6.361696721586652,3.0097236762862294,-0.03685350788894226,0.0051255017183061136,0.005464229951847199,0.004100014245872197,0.2709961305937614,0.2944866469240104,0.08132523952967308
浙江省,金华市,Medium-sized City,1800.0,17.0,0.0,0.0,5676047.5,1800.0,17.0,1817.0,3.1712208187123174,0.029950418843394104,3.1412703998689233,20.3416628398733,0.1932216961012457,0.0809513029075529,0.051056805962387,0.7018690392584336,2.670594006745797,1.8063694287610697,3.23412341918932,-0.004275401503669202,-0.003474320117961602,-0.002527529366057997,-0.13266931131889936,0.008809118487798973,0.016772706436191553
海南省,三亚市,Medium-sized City,0.0,0.0,0.0,0.0,695483.0,0.0,0.0,0.0,0.0,0.0,0.0,35.930886928205446,0.0857499635034912,0.0175962758320042,0.0097564305191903,0.0397858744346312,1.5168686634527,1.3206955027760523,-0.19555492307427613,0.0048294743127020034,0.0020483465505081993,0.0011972376817946002,-0.005123076984534805,0.0380259249301369,0.010831782302585413
海南省,儋州市,Small City,0.0,0.0,0.0,0.0,970404.5,0.0,0.0,0.0,0.0,0.0,0.0,13.826927026825636,0.2590070213210785,0.1273755393919889,0.0790570892064046,1.782670088535708,4.373475760225948,2.6496154660933837,-0.3124229106133285,0.005389180561342577,0.0060258694827313025,0.004927866193036104,0.44398462346794965,0.03016031778374373,0.09062604865012203
海南省,文昌市,Small City,0.0,0.0,0.0,0.0,556836.5,0.0,0.0,0.0,0.0,0.0,0.0,12.369365834478122,0.3971694100942234,0.2690590488585263,0.1546108891702892,1.1357920905903316,14.278175484962098,6.68163051733082,0.1064695053136191,0.007372096892460711,0.007281891100674565,0.0016952981961851077,-0.782088437769416,0.06538464413173983,-0.17170692824840827
海南省,海口市,Type II Large City,1200.0,400.0,0.0,0.0,2155784.5,1200.0,400.0,1600.0,5.5664190924463925,1.8554730308154643,3.710946061630928,50.02440706860888,0.0801471224065594,0.0174722699801455,0.0096612476579545,0.0,1.4979101797070948,1.2084661998217685,5.2451299789155215,-0.0089181421991264,-0.0037943725462894,-0.0022461041529235008,0.0,-0.05341128019814079,-0.04148055570582687
海南省,琼海市,Small City,0.0,0.0,0.0,0.0,506710.0,0.0,0.0,0.0,0.0,0.0,0.0,11.353783338842256,0.2245187470417626,0.0879532514369168,0.0466134329697037,0.2584937902293294,2.7976718620281837,1.8030302567396543,-0.75232570809378,0.016358823782900406,0.01163785778314691,0.005530606156103804,-0.035207037580665124,0.1705919870489785,0.10600142964185832
湖北省,仙桃市,Small City,0.0,0.0,0.0,0.0,1247496.0,0.0,0.0,0.0,0.0,0.0,0.0,15.047490131257392,0.2732732393968942,0.1212482890894875,0.0627361176633052,0.0,4.294992862692828,2.537914568153901,0.021079829707447928,0.0006828804436965763,0.0011577273488406897,0.0008670181465760957,0.0,0.1416657812788591,0.06384270451458551
湖北省,十堰市,Type II Large City,0.0,0.0,600.0,0.0,3530451.0,0.0,-600.0,-600.0,0.0,-1.6994995823479777,1.6994995823479777,7.380646248689619,0.5998514324366269,0.7462384310534227,0.488580768156801,38.21778170882717,,,-1.5605669477825916,0.009350002560336579,0.02502558069869587,0.01389849739888821,1.9997327788636312,,
湖北省,咸宁市,Small City,0.0,0.0,0.0,0.0,2600671.5,0.0,0.0,0.0,0.0,0.0,0.0,5.176250853178636,0.549805640626844,0.5486953210108761,0.341067547474668,21.132439824083885,,,0.05867681556202076,0.014038412927936839,0.023210016412636314,0.004582405936922385,-1.109304677190753,,
湖北省,天门市,Small City,0.0,0.0,0.0,0.0,1493317.5,0.0,0.0,0.0,0.0,0.0,0.0,16.324559094877582,0.1261863715955412,0.0258346637090574,0.0132359430561321,0.0,1.781599443781445,1.4888660254898718,0.37080311127149734,0.0020303399776162856,0.0010280576229062012,0.0005287403633176015,0.0,0.006986617647937177,-0.0031481906285339978
湖北省,孝感市,Medium-sized City,0.0,0.0,0.0,0.0,5099213.5,0.0,0.0,0.0,0.0,0.0,0.0,7.210959426900174,0.4966654081713468,0.4227216713304593,0.2494091261173375,7.92898136043669,129.4994904423691,9.87121842799234,-0.01787863281266322,0.01507271975499741,0.0220893055431568,0.006374729210269409,-1.8907923673590856,-2287.2186390945894,1.0687635351940479
湖北省,宜昌市,Type II Large City,0.0,0.0,0.0,0.0,4291374.5,0.0,0.0,0.0,0.0,0.0,0.0,24.555801168272765,0.4415923676140173,0.4284554042097971,0.320391378334726,26.47379654775722,,,-0.15370984187550008,0.012362149898922647,0.022267803963369193,0.014966743499963575,1.4735748961776345,,
湖北省,恩施土家族苗族自治州,Small City,0.0,0.0,0.0,0.0,3472894.5,0.0,0.0,0.0,0.0,0.0,0.0,4.479790210723877,0.6631083182385451,0.8497483263846312,0.5250656443794197,43.68885363540087,,,-1.3302888258909569,0.011619928069969032,0.03199118741231666,0.014567399659164648,1.5460067848154182,,
湖北省,武汉市,Super City,3379.0,3281.0,0.0,0.0,10353320.0,3379.0,3281.0,6660.0,3.263687396892977,3.169031769519343,0.09465562737363431,54.70567738186951,0.1184935265311866,0.0404584950206197,0.0240888441159309,0.0009942405479095,1.9406751554975652,1.3432186062994391,6.7282502007031795,0.003119235991145497,-0.0006598931338554007,-0.0015017275470148028,-0.0522387143237273,0.06532372553599353,0.028444621226994204
湖北省,潜江市,Small City,0.0,0.0,0.0,0.0,996456.0,0.0,0.0,0.0,0.0,0.0,0.0,21.4471492767334,0.2391584230220753,0.0963314980794113,0.0520126345504499,0.0,3.6256288661962017,2.1695806107137336,0.4594560475185041,-0.0005557003468095179,-0.0012441246963801056,-0.0008450765901058949,0.0,-0.6300597224765987,0.04112615400082875
湖北省,荆州市,Medium-sized City,0.0,1400.0,0.0,1200.0,6023133.5,-1200.0,1400.0,200.0,-1.9923184501887596,2.32437152522022,-4.31668997540898,9.888152788298047,0.4866784717161095,0.4021751869976707,0.2344879980015636,7.088083348612474,51.42460636715966,8.492021223533158,-0.12492778719489728,0.0063173855121932965,0.010276087094321595,0.0049524717973602195,0.25675493304794195,0.2346799030867004,0.41331718074507684
湖北省,荆门市,Medium-sized City,0.0,0.0,0.0,0.0,3040696.5,0.0,0.0,0.0,0.0,0.0,0.0,27.528311637510736,0.345436906192775,0.2083470166365436,0.126644232914878,3.500980069403239,7.456789068402132,3.948511163114119,1.7433012812229336,-0.005611940340269683,-0.0003231640881849185,0.005304242732237008,1.2268155696499692,0.23819530972338576,-0.1592382198839437
湖北省,襄阳市,Type II Large City,0.0,0.0,0.0,0.0,5809794.5,0.0,0.0,0.0,0.0,0.0,0.0,15.063353168217295,0.3737313809407446,0.2819553184864291,0.2029065908264425,13.027060676823798,,6.183071101598439,-0.0322352557717398,0.006212118419448798,0.008861087860906058,0.006667704943699199,0.6073650752990503,,0.5973313061575674
湖北省,鄂州市,Small City,1350.0,150.0,250.0,0.0,1093980.5,1350.0,-100.0,1250.0,12.340256521939834,-0.9140930756992469,13.25434959763908,39.63746520756606,0.1520941942118541,0.0480381308665755,0.02815873116169,0.0889163446152609,2.0696501861781877,1.5521440313184331,4.998111563102732,-0.003806856592383695,-0.005388448528695605,-0.004551640375602496,-0.12284694133649429,0.029953204670049693,0.0015715290819273697
湖北省,随州市,Small City,0.0,0.0,0.0,0.0,2292780.5,0.0,0.0,0.0,0.0,0.0,0.0,12.664845523081327,0.4049688925178329,0.3374238025624982,0.238903565596561,14.40041856388327,,16.594364360136762,0.3376389114480265,-0.0031778861265444047,-0.0021359309474726085,-0.0008492974351787808,-0.06183253246958742,,-0.04743753419038654
湖北省,黄冈市,Small City,0.0,0.0,70.0,0.0,6541664.0,0.0,-70.0,-70.0,0.0,-0.10700641304720022,0.10700641304720022,4.785552034572679,0.618401558408602,0.7044958195205799,0.4330668244898346,29.724836427479296,,,0.6681364756095736,0.0025989017245093837,0.005250962416414318,0.00020538225366018015,-0.25892254757236444,,
湖北省,黄石市,Medium-sized City,300.0,0.0,0.0,0.0,2582362.5,300.0,0.0,300.0,1.1617269070473257,0.0,1.1617269070473257,19.782117522646416,0.3151677594151106,0.1997547471146186,0.1323179206938566,3.454168281995197,11.953587346911736,3.9706419992821536,2.149147822440007,-0.0024021916139995714,-0.004359529383350297,-0.004945621173330611,-1.9922820433547885,-1.068129220171274,0.1704317422383297
湖南省,娄底市,Medium-sized City,0.0,0.0,0.0,0.0,4013080.0,0.0,0.0,0.0,0.0,0.0,0.0,3.855718830733476,0.4847007375165278,0.4209165654915829,0.2697915252857686,13.71536131225799,,23.75094649679335,-0.05916122644247723,0.0014468573054448042,-0.0008933329281127778,-0.004142484059166174,-1.276914643075191,,-1.7664305542377576
湖南省,岳阳市,Type II Large City,0.0,500.0,0.0,0.0,5792684.5,0.0,500.0,500.0,0.0,0.8631576603213934,-0.8631576603213934,9.129487320444198,0.4865826562904214,0.4369156499236004,0.2873031649231653,15.336107018209402,,41.0343690519158,0.43575283354641137,0.010367885414486133,0.013945812316445205,0.006213455390755129,0.39045728531379176,,2.546824070682412
湖南省,常德市,Medium-sized City,2380.0,0.0,0.0,1038.0,6033652.5,1342.0,0.0,1342.0,2.224191731293773,0.0,2.224191731293773,6.537322684900085,0.3951525584711692,0.2893502056343031,0.1971966997243601,11.450832704861728,,5.03705933629727,3.1292034479186577,-0.13715236470642606,-0.25201076662793603,-0.1701375417701287,-16.155029947148854,,
湖南省,张家界市,Small City,0.0,0.0,0.0,0.0,1566193.0,0.0,0.0,0.0,0.0,0.0,0.0,13.534596591481955,0.5250660532020025,0.5450476069882573,0.3745175641866939,28.30281416382241,,,1.4690010654549557,-0.02126103248254385,-0.04130342741365922,-0.02315719653429449,-2.110559405176968,,
湖南省,怀化市,Medium-sized City,0.0,278.0,0.0,0.0,4975659.5,0.0,278.0,278.0,0.0,0.5587199043664464,-0.5587199043664464,8.885361101209503,0.5859623811383738,0.646745902310371,0.4197608121875152,30.74208984786126,,,1.1103138394828225,-0.0145051174732298,-0.03397785318632107,-0.015427347126214797,-0.43755984349148136,,
湖南省,株洲市,Type II Large City,0.0,1100.0,0.0,0.0,4090727.0,0.0,1100.0,1100.0,0.0,2.6890085796485566,-2.6890085796485566,7.836870963203496,0.5706109640444552,0.6155529733894141,0.391255200967881,23.88311732755797,,,1.5111996627333797,-0.008236599968855174,-0.015386029022255387,-0.005301629719775769,-0.011728161297465789,,
湖南省,永州市,Medium-sized City,0.0,0.0,0.0,0.0,5500948.5,0.0,0.0,0.0,0.0,0.0,0.0,5.882108005041222,0.5659169947382581,0.6303756263634267,0.4306725393407662,36.94732156946991,,,9.35092886598099e-05,-0.0006589256032052404,0.001394695931715706,0.0017202844246052007,0.19814329467975256,,
湖南省,湘潭市,Medium-sized City,0.0,0.0,0.0,0.0,2895027.5,0.0,0.0,0.0,0.0,0.0,0.0,17.656124779892938,0.3811891724936153,0.2416102182719919,0.13178649655473,0.1599475821148081,9.510555696887184,5.546112668052205,1.2184599243019534,-0.0006813568148421045,0.0018183472308377913,0.0019280411461265745,0.008903103135135926,-0.02386088741901915,0.10649241998828352
湖南省,湘西土家族苗族自治州,Small City,0.0,0.0,0.0,0.0,2722576.5,0.0,0.0,0.0,0.0,0.0,0.0,6.638249105809725,0.6158466304623023,0.7345354126016875,0.4739358045845664,38.03315277942091,,,2.426270297679485,-0.030121062432895807,-0.06598988652844817,-0.02256294278760418,-0.14121054253546106,,
湖南省,益阳市,Medium-sized City,0.0,0.0,0.0,0.0,4579400.5,0.0,0.0,0.0,0.0,0.0,0.0,2.5152492329881,0.6482129967542818,0.7781872386927667,0.4628991797986893,33.45669045171803,,,0.24945396201482328,-0.0013001113255756147,-0.0006651167298085126,-0.00011100015442394584,0.7039396142407242,,
湖南省,衡阳市,Type II Large City,0.0,0.0,0.0,0.0,7554800.0,0.0,0.0,0.0,0.0,0.0,0.0,12.290602842296058,0.4051429436409964,0.3221521539342828,0.2258365033527012,12.60542315443612,,10.678964551011337,-0.26921876048584537,0.00904157437275449,0.011449367124574505,0.00660113868609849,0.1266448791751973,,1.7353907449900312
湖南省,邵阳市,Medium-sized City,0.0,0.0,0.0,0.0,7484416.5,0.0,0.0,0.0,0.0,0.0,0.0,6.096305624411924,0.5503269359769319,0.6052416007203008,0.4138204254144115,32.97310393989636,,,-0.42889957994943906,0.005119164409270627,0.0059428049563530205,0.0030215572893628195,0.732261646341847,,
湖南省,郴州市,Medium-sized City,0.0,0.0,0.0,0.0,4852791.5,0.0,0.0,0.0,0.0,0.0,0.0,10.523210525512695,0.5206556791038843,0.5213410670126691,0.3552870497924442,24.98822327032371,,,0.08513602458466707,-0.002476966514037393,0.0017116866296774669,0.005200674623612678,1.0668299126848204,,
湖南省,长沙市,Super City,0.0,455.0,95.0,0.0,7465523.0,0.0,360.0,360.0,0.0,0.48221671810534905,-0.48221671810534905,45.57261831232932,0.2335519248945444,0.1254486877792739,0.0826916561147689,1.176093772827907,4.580999509688791,2.327341848885627,0.9654054827394773,0.0073053344929631114,0.007503714754885593,0.005209688116080802,0.08141871668333156,0.5388122206736199,0.09884959566394702
甘肃省,临夏回族自治州,Small City,0.0,0.0,0.0,0.0,2056467.0,0.0,0.0,0.0,0.0,0.0,0.0,9.40295444645928,0.3613445661998729,0.2644719854199872,0.1719028343255986,8.9493337426752,41.10851307937383,3.3197097132226583,-0.2911932597567688,-0.021708527210387907,-0.04244115119108055,-0.04318942123002098,-5.500527405281936,,-2.128465704620523
甘肃省,兰州市,Type II Large City,600.0,572.0,11.0,0.0,3834184.0,600.0,561.0,1161.0,1.564870126211992,1.4631535680082126,0.10171655820377934,59.02753621600305,0.2157491477391782,0.1530331708925718,0.1166535718900873,4.7194168587444985,19.793740029151778,1.8876457509301137,2.6555264133353447,-0.010157874412175999,-0.01838178907927912,-0.016544681772152903,-0.8964207810834308,-39.51997106176415,-0.2718360579365591
甘肃省,嘉峪关市,Small City,0.0,0.0,0.0,0.0,245546.0,0.0,0.0,0.0,0.0,0.0,0.0,51.44464036810753,0.0219913138764941,0.0016057381154993,0.0008520859452085,0.0,1.0849635400843756,1.0430500476998394,-0.5406023275287453,0.0068539335774609016,0.0008929814886414,0.0004838938686046,0.0,0.021115342214897526,0.018544190451454945
甘肃省,天水市,Medium-sized City,0.0,0.0,0.0,0.0,3443912.0,0.0,0.0,0.0,0.0,0.0,0.0,11.580680152135235,0.4550957955787333,0.3997585892623264,0.2738029083608848,16.69787917394765,,37.565228486382445,-0.008865056668851068,-0.015690907864289116,-0.04204795068695283,-0.03920834585892091,-6.563733713526453,,
甘肃省,定西市,Small City,0.0,0.0,0.0,0.0,2855019.0,0.0,0.0,0.0,0.0,0.0,0.0,0.0,0.7361797890137752,1.075053924262346,0.6066959474153865,52.794655808787205,,,0.0,0.0005901266378435244,0.0002939716694951855,-0.002769260517631711,-0.6788201515484076,,
甘肃省,平凉市,Small City,0.0,0.0,0.0,0.0,2196264.5,0.0,0.0,0.0,0.0,0.0,0.0,0.198986653262569,0.6587672516396073,0.8749864244187462,0.5518724583578343,49.66963877770452,,,-0.7679438019317602,0.006153081716463005,0.01701620013479832,0.008236594903833439,0.6724462658551005,,
甘肃省,庆阳市,Small City,0.0,0.0,0.0,0.0,2330284.0,0.0,0.0,0.0,0.0,0.0,0.0,5.467885701552682,0.6024499585333825,0.7278516466053006,0.4828213775283002,41.508015871146505,,,-1.3060004406858123,0.014337692787436684,0.029685177975385835,0.012292109350365066,0.6381518884467781,,
甘肃省,张掖市,Small City,0.0,0.0,0.0,0.0,1270877.0,0.0,0.0,0.0,0.0,0.0,0.0,15.66509732720572,0.4425761439782317,0.4110998037315077,0.2964811657425227,22.06253389610696,,,0.754704363019389,-0.010501678001883508,-0.01935635253904361,-0.014242656749695826,-1.5684059188099653,,
甘肃省,武威市,Small City,0.0,0.0,0.0,0.0,1917640.0,0.0,0.0,0.0,0.0,0.0,0.0,26.66035710409016,0.4521821988368826,0.4681486218079928,0.3522251331531324,30.843399565342683,,,-0.6147342581692072,-0.0003587259901229878,-0.0061108368483016595,-0.006681354589178401,-1.2392667862611582,,
甘肃省,白银市,Small City,0.0,200.0,0.0,0.0,1806719.5,0.0,200.0,200.0,0.0,1.1069786981321672,-1.1069786981321672,5.071779217190213,0.6074111421786206,0.7012094988721325,0.4539693158687361,36.83358084739512,,,0.4460972485767405,-0.004948357269333403,-0.019075220698722917,-0.01382264681174028,-2.1527210833029073,,
甘肃省,酒泉市,Small City,0.0,0.0,0.0,0.0,1160679.5,0.0,0.0,0.0,0.0,0.0,0.0,1.7114404320716858,0.6415021183796421,0.8637983964525946,0.5463254959235456,47.31804148348455,,,-0.667938219943242,-0.0034743829041881114,0.0050790300538625655,0.007965870900887517,2.2332524776974836,,
甘肃省,金昌市,Small City,0.0,0.0,0.0,0.0,491628.0,0.0,0.0,0.0,0.0,0.0,0.0,22.98920789911713,0.2087749207736946,0.1072090656621778,0.0786999994720236,4.336864980130672,3.330529808867396,1.6727457931657528,0.4857324037117081,-0.002964249017057191,-0.01565332830511429,-0.01651036920386731,-1.7461574174130199,-1.9386901543623298,0.18680402215751135
甘肃省,陇南市,Small City,0.0,0.0,0.0,0.0,2717272.5,0.0,0.0,0.0,0.0,0.0,0.0,0.0,0.7729837970622041,1.2490653820495194,0.6791044690674413,60.92094054315478,,,0.0,-0.0011783132718362621,-0.001503836824291671,-0.0014462046123739913,-0.567797715000161,,
福建省,三明市,Small City,0.0,0.0,0.0,0.0,2651901.5,0.0,0.0,0.0,0.0,0.0,0.0,4.666656323070633,0.6203009721045505,0.7405464781100753,0.4754366764808795,38.47019520981863,,,0.3679702692199598,-0.006133532638481043,-0.017379637666335324,-0.009026131213082211,-0.7807885302581141,,
福建省,南平市,Small City,0.0,0.0,0.0,0.0,2799405.0,0.0,0.0,0.0,0.0,0.0,0.0,0.0,0.7768250630494663,1.2614181691381463,0.6871174848975886,63.70766796308735,,,0.0,0.000396703445305846,0.00011709167247420105,-7.997614797938812e-05,0.04831649051359932,,
福建省,厦门市,Type I Large City,0.0,0.0,0.0,0.0,3652846.5,0.0,0.0,0.0,0.0,0.0,0.0,22.379057089487716,0.0494647267011216,0.0065790012308487,0.0037865929331609,0.0084963995482428,1.215391832320878,1.1147207666838164,-0.5108009227131767,-0.000493528202714498,0.0005746952306967994,0.00042572357228310006,-8.995462268160045e-05,-0.009633780427783734,-0.0080433705951517
福建省,宁德市,Small City,0.0,0.0,0.0,0.0,2884564.0,0.0,0.0,0.0,0.0,0.0,0.0,7.173336881434989,0.5364673310812849,0.5656980506283454,0.3824294470862586,27.934244533992768,,,0.3883462061658767,-0.010182238350081585,-0.021811117599091268,-0.01244660319963209,-1.2806058002627516,,
福建省,泉州市,Type II Large City,0.0,0.0,0.0,0.0,8648856.0,0.0,0.0,0.0,0.0,0.0,0.0,11.131639386082554,0.289930773944692,0.1872713180961361,0.1378391331662674,7.048351307043788,50.45941312353565,2.512235049133233,0.07802092390230264,0.0008518319718087142,0.00036131781154438714,-0.0001766070989349111,-0.20539208951443833,-3.553582666174286,0.05301839905023753
福建省,漳州市,Medium-sized City,0.0,0.0,500.0,0.0,5050398.0,0.0,-500.0,-500.0,0.0,-0.9900209844847871,0.9900209844847871,3.90093550367754,0.5617444814714242,0.6242550263186355,0.4130890932320091,29.6358337427058,,,-0.5563407604762318,0.006859925913656584,0.01621289842273066,0.009739375232894587,0.9005279253054184,,
福建省,福州市,Type I Large City,1400.0,167.0,0.0,0.0,7412089.5,1400.0,167.0,1567.0,1.8888061187064726,0.22530758701712925,1.6634985316893434,33.87681139945984,0.2509678445599411,0.1503527677019945,0.1026417874878219,2.5819693525692826,9.01119451273398,2.553043657228645,2.472943247553367,0.004486889829118601,0.004444022500952383,0.0028863729111012065,0.13791766993665888,0.6950979244563609,0.14990807238752257
福建省,莆田市,Type II Large City,0.0,0.0,0.0,0.0,2914182.0,0.0,0.0,0.0,0.0,0.0,0.0,10.579305154122906,0.2139499995577614,0.0823021216437439,0.0468250192620486,0.6406747150613097,2.67371135543615,1.82099014708793,-0.003920381972154274,0.010353786300242696,0.008379222830904504,0.005154670424832503,0.1256729986177807,0.13040641695437083,0.014110279980373175
福建省,龙岩市,Medium-sized City,0.0,0.0,0.0,0.0,2711232.0,0.0,0.0,0.0,0.0,0.0,0.0,6.827190448992623,0.5893917266873367,0.696429026338404,0.4640986002554206,38.45631929569554,,,0.4680464879490387,-0.006823352651897041,-0.015275797076792719,-0.007908478873868807,-0.8661917153738585,,
西藏自治区,山南市,Small City,0.0,0.0,0.0,0.0,1156846.0,0.0,0.0,0.0,0.0,0.0,0.0,0.0,0.8865493702303221,2.0021593447114983,0.8580377307691385,84.68839763059881,,,0.0,0.0046825031750099555,0.03506428874765821,0.00448619046937293,0.32454362595684927,,
西藏自治区,拉萨市,Medium-sized City,0.0,0.0,0.0,0.0,592654.5,0.0,0.0,0.0,0.0,0.0,0.0,44.83104831633613,0.3300961468633944,0.3161184177451666,0.2514882307808499,21.251173522962283,,,-0.5614862086177936,-0.007716961624725183,-0.018638098942484027,-0.0165585757284622,-2.214984143293357,,
西藏自治区,日喀则市,Small City,0.0,0.0,0.0,0.0,745781.0,0.0,0.0,0.0,0.0,0.0,0.0,0.0,0.7773339855428044,1.3253941352995129,0.7160556199162718,68.24659721347881,,,0.0,-0.008391840628105496,-0.04730919846227355,-0.014033111365170825,-1.6608350520681654,,
西藏自治区,昌都市,Small City,0.0,35.0,0.0,0.0,694351.0,0.0,35.0,35.0,0.0,0.5040678273668505,-0.5040678273668505,0.0,0.8735225276612304,1.9820967903456856,0.8572002007883185,84.33597465254445,,,0.0,0.008896590173908647,0.05378059184869466,0.006368321619745099,0.21007966017720037,,
西藏自治区,林芝市,Small City,0.0,0.0,0.0,0.0,526890.0,0.0,0.0,0.0,0.0,0.0,0.0,0.0,0.8909934065190336,2.082324973150534,0.8708508745473936,86.31519803077677,,,0.0,-0.002362845667509328,-0.02625640743944402,-0.0033411778722913787,-0.29700716857179543,,
贵州省,六盘水市,Medium-sized City,0.0,125.0,0.0,0.0,3005574.0,0.0,125.0,125.0,0.0,0.41589393573407274,-0.41589393573407274,6.784246774820181,0.5154710445857775,0.5485438562962283,0.3849285234661103,30.77988233510557,,,-0.35372343802375283,0.008932877879881729,0.01654432839682607,0.007425919355915689,-0.3234032682539514,,
贵州省,安顺市,Medium-sized City,0.0,0.0,0.0,0.0,2423896.0,0.0,0.0,0.0,0.0,0.0,0.0,10.640343420846122,0.4670857911931994,0.3906601082593647,0.2473420779333969,12.89733377932373,,8.9816915119013,-0.12170855885460163,0.036096920163227575,0.055376383997191414,0.03173730645815731,2.4213719309750594,,3.168541593457233
贵州省,毕节市,Medium-sized City,0.0,0.0,0.0,0.0,6922009.0,0.0,0.0,0.0,0.0,0.0,0.0,1.6697694063186646,0.6512890704498312,0.8065594212095467,0.4993965935834845,39.47523122378837,,,0.9226424354869682,-0.026452755446131238,-0.08370618175818023,-0.03839167163106355,-3.1977450816632427,,
贵州省,贵阳市,Type I Large City,2858.0,352.0,0.0,0.0,4578085.0,2858.0,352.0,3210.0,6.242784919895546,0.7688804379997313,5.473904481895815,52.050477492962656,0.1727936966429848,0.0881173782741319,0.0588985372163274,1.0293511735581051,3.6057019073166874,1.65068043766665,6.98940298931079,-0.007038240597310397,-0.0154372065541898,-0.0140200839786358,-0.29880317114722743,-0.7503562611377204,-0.040503070539067876
贵州省,遵义市,Type II Large City,1000.0,0.0,0.0,0.0,6481391.0,1000.0,0.0,1000.0,1.5428786814435358,0.0,1.5428786814435358,4.245949109395345,0.6177124478662419,0.7632474043589246,0.4978898847871635,41.98110333062167,,,0.8081598583555518,-0.0019941680173417575,-0.004671942024688569,-0.0031124674656122786,-0.7418738365892352,,
贵州省,铜仁市,Small City,0.0,0.0,0.0,0.0,3263031.5,0.0,0.0,0.0,0.0,0.0,0.0,0.0,0.7743571570765675,1.278092984513847,0.6976838592520687,65.34408343882464,,,0.0,-0.006542550577403827,-0.038344885978971455,-0.01290575698400076,-1.7245079128458656,,
贵州省,黔东南苗族侗族自治州,Small City,0.0,0.0,0.0,0.0,3686407.5,0.0,0.0,0.0,0.0,0.0,0.0,0.0,0.7380387950898926,1.1278510717163648,0.6452125702235927,58.09641341740244,,,0.0,-0.014432735181714396,-0.06064754670260397,-0.022430914003048086,-2.843036599995898,,
贵州省,黔南布依族苗族自治州,Small City,0.0,0.0,0.0,0.0,3427855.0,0.0,0.0,0.0,0.0,0.0,0.0,9.51095234516055,0.5980538314329654,0.67572707871274,0.4401234097417558,34.94222725665533,,,0.03144118458035017,-0.0015838053792086582,-0.0022804896203264535,6.713250031586959e-05,0.5193337637983007,,
贵州省,黔西南布依族苗族自治州,Small City,0.0,0.0,0.0,0.0,2966831.5,0.0,0.0,0.0,0.0,0.0,0.0,0.4645540954633838,0.6640190196133756,0.8934530900566252,0.5568368452801864,48.57554932600528,,,0.17836099644147219,0.00019303095290568173,-0.002641297160584255,-0.0020219613651017987,-0.41760828488861534,,
辽宁省,丹东市,Medium-sized City,0.0,0.0,0.0,0.0,2565252.5,0.0,0.0,0.0,0.0,0.0,0.0,16.131366936506424,0.4172451354017505,0.3646831658117586,0.2578072530347618,16.033995706208422,,27.66833348296644,0.5231176853029336,-0.0026377833610846113,-0.0009629443488121114,9.150222432741106e-05,0.048284844533382554,,2.6542430788535825
辽宁省,大连市,Super City,0.0,200.0,0.0,0.0,7027379.0,0.0,200.0,200.0,0.0,0.28460112938266174,-0.28460112938266174,28.357017135689567,0.4338745471353338,0.4559391559930434,0.3430710687016859,27.44747467140484,,,1.193541305477563,-0.005164437719933579,-0.005509849757001084,-0.0012981438836611736,0.09837501327801235,,
辽宁省,抚顺市,Type II Large City,0.0,0.0,0.0,0.0,2265116.5,0.0,0.0,0.0,0.0,0.0,0.0,26.08679831305216,0.3763548551811801,0.3469935414857509,0.2635266894095173,18.31628469512924,,88.21986321667328,-0.5850468147119194,0.010851545435272336,0.005742995792570427,8.608864568537822e-05,-0.8303518534511944,,-141.46248360527602
辽宁省,朝阳市,Medium-sized City,0.0,187.0,0.0,0.0,3217350.5,0.0,187.0,187.0,0.0,0.5812235875450934,-0.5812235875450934,2.361965538009884,0.6185101060190241,0.782747103613328,0.5133910192819766,45.37337886586497,,,1.4002631478592935,-0.007276738689366291,-0.023840779168104564,-0.013877659004882692,-2.082980205336071,,
辽宁省,本溪市,Medium-sized City,0.0,0.0,0.0,0.0,1808319.5,0.0,0.0,0.0,0.0,0.0,0.0,16.880593372665288,0.4255359339426096,0.3873573704727187,0.2855151245400112,22.25838302988645,,,-0.3208316952968744,0.007274646671871998,0.0016482832026011862,-0.002271061923976081,-0.6258302462414704,,
辽宁省,沈阳市,Super City,0.0,848.0,0.0,0.0,8578421.5,0.0,848.0,848.0,0.0,0.9885268519389027,-0.9885268519389027,46.23368002137465,0.2085045285110093,0.1350330213229695,0.0960755293522508,2.8199019776432226,8.454336050207639,2.160178130113552,0.7022291931080957,-0.006471313642735177,-0.008013666567164512,-0.006498860122410299,-0.4417900161119497,-0.7635282024455368,-0.14255604955159606
辽宁省,盘锦市,Medium-sized City,0.0,0.0,0.0,0.0,1476272.0,0.0,0.0,0.0,0.0,0.0,0.0,17.18698426558508,0.0901757086186546,0.0182104492060676,0.0099643824617833,0.0131328831146324,1.522246788556744,1.250525919885425,0.2716783002094978,-0.0008593674585742062,-0.0004971838562501003,-0.0004956864284162994,-0.022452231055970003,-0.003727788375751384,0.0030028336162419844
辽宁省,营口市,Medium-sized City,0.0,0.0,0.0,0.0,2572413.0,0.0,0.0,0.0,0.0,0.0,0.0,5.301454717832025,0.3940557072921437,0.2705114126283406,0.1645930140407365,5.752466019417476,11.34944507914687,4.554914230425196,-0.43431921352190095,-0.002850806131581618,-0.008203478527659402,-0.008420912322109397,-0.943629358246227,-3.7806179803428535,-0.34730952549459193
辽宁省,葫芦岛市,Medium-sized City,0.0,1059.0,0.0,0.0,2773805.0,0.0,1059.0,1059.0,0.0,3.8178603038065044,-3.8178603038065044,5.455554349997396,0.5711954709636096,0.6415846904085599,0.4258652495585199,33.31375408171507,,,1.8309880391617357,-0.014354243809337808,-0.025981812451329134,-0.007966216777995083,0.7803921041685769,,
辽宁省,辽阳市,Medium-sized City,0.0,0.0,0.0,0.0,1970614.5,0.0,0.0,0.0,0.0,0.0,0.0,17.595059505562656,0.2636291252110251,0.1189250113606579,0.0665259892353427,0.2707123603846255,4.419694613172956,2.3607484978515187,0.2520343784734891,0.018387575476492113,0.01857564317561071,0.012331513748071794,0.19915410185565818,0.7336492773122827,0.23328301611510893
辽宁省,铁岭市,Small City,0.0,0.0,0.0,0.0,2882290.0,0.0,0.0,0.0,0.0,0.0,0.0,1.9265940254059453,0.6663211343183711,0.8260505910499634,0.4802543012208062,31.348392983190525,,,0.12108888500639692,0.0006483768780337629,0.003169868492667982,0.0023649681871588113,0.25883276522220555,,
辽宁省,锦州市,Small City,0.0,0.0,0.0,0.0,3309043.5,0.0,0.0,0.0,0.0,0.0,0.0,16.570833206176758,0.4360466695353499,0.3721257695582534,0.2497338751076053,12.8052304253072,,16.765707743820258,-0.1659753438549565,0.013260635474077465,0.01689301788811337,0.007688059382333606,0.23993030108156788,,1.082280522638758
辽宁省,阜新市,Medium-sized City,0.0,0.0,0.0,0.0,1922453.0,0.0,0.0,0.0,0.0,0.0,0.0,15.834346657037464,0.3851412595287607,0.3611576592086672,0.2734955240486996,20.784831237384694,,,0.723301464565953,-0.01141138293950239,-0.019256384408037786,-0.012961683684065806,-1.1441111794230672,,
辽宁省,鞍山市,Type II Large City,0.0,0.0,0.0,0.0,3859032.5,0.0,0.0,0.0,0.0,0.0,0.0,12.377355251079653,0.2890627028586902,0.2130492732902736,0.1598505727890046,8.407250209423243,85.52586641466402,3.8556467840110775,0.011653426306462933,0.0075421551682604004,0.005173164727701185,0.001530368957427003,-0.5548066615346112,-12.584322487324542,0.3534454891714076
重庆市,重庆市,Mega City,7466.0,193.0,1371.0,0.0,30464443.0,7466.0,-1178.0,6288.0,2.4507259167679516,-0.3866803013598509,2.8374062181278026,15.21586829104258,0.4528703039265045,0.3760874800083152,0.2468212994952,12.931250356632912,,12.872126957958372,2.4489178684670208,-0.03472707429370697,-0.06146436771298058,-0.03998414098893449,-3.6238497562424286,,-13.745041006007263
陕西省,咸阳市,Type II Large City,0.0,0.0,0.0,0.0,5325192.0,0.0,0.0,0.0,0.0,0.0,0.0,21.848008598786237,0.4618599700355271,0.4162854391485548,0.28561913046657,16.108710713162612,,77.20068596287511,-0.6716176919828136,0.023095022121170705,0.0330321138022428,0.01801949214001991,1.1805858726127028,,24.452123576764343
陕西省,商洛市,Small City,910.0,0.0,0.0,1488.0,2477187.0,-578.0,0.0,-578.0,-2.333291753912805,0.0,-2.333291753912805,5.372293949127197,0.5913755681063197,0.6999133931000816,0.4666454645135409,38.1994481283388,,,-2.7831163991961567,0.017404985622647917,0.03863851042531341,0.019661266384798093,2.1979659955545685,,
陕西省,安康市,Small City,0.0,0.0,0.0,0.0,2782017.0,0.0,0.0,0.0,0.0,0.0,0.0,6.243291854858398,0.5639968989678346,0.6406331492438195,0.4386579049910249,37.28389466191353,,,-0.13802092415945832,0.004336043774755716,0.008770531513862312,0.0041005332084583235,0.11539585559843601,,
陕西省,宝鸡市,Medium-sized City,0.0,0.0,0.0,0.0,3923688.0,0.0,0.0,0.0,0.0,0.0,0.0,12.723771147532004,0.4040169272427076,0.3187791226739637,0.2167080251014592,9.78158394751677,937.9076642940124,10.755376640918415,-0.7323238155750325,0.034883213900382404,0.044163907797206414,0.022343550664883693,-1.125463322508521,,4.656353866230403
陕西省,延安市,Small City,698.0,0.0,0.0,0.0,2314785.5,698.0,0.0,698.0,3.0153981870026403,0.0,3.0153981870026403,0.0574727749563369,0.724480259810439,1.0826209345532785,0.6187411164113531,49.54631528433728,,,-0.069452598659941,0.007042242813677713,0.028206911547200564,0.01034393382602894,0.6404314610132928,,
陕西省,榆林市,Medium-sized City,0.0,0.0,0.0,0.0,3536350.0,0.0,0.0,0.0,0.0,0.0,0.0,3.2379071507402646,0.6502674510280739,0.8259410988206721,0.5220409583377041,44.6201379054479,,,-1.5988265783043314,0.011421765836421072,0.031996268502036185,0.016166423807636887,2.0380394563063504,,
陕西省,汉中市,Medium-sized City,0.0,0.0,0.0,0.0,3613012.0,0.0,0.0,0.0,0.0,0.0,0.0,10.16637449998122,0.4499722810551761,0.4284179300137254,0.3166210273401866,26.307198220776417,,,-0.07912915384667585,0.014416844289393826,0.02546731350683512,0.01728474193269902,1.8566913755129377,,
陕西省,渭南市,Small City,0.0,0.0,0.0,0.0,5593747.0,0.0,0.0,0.0,0.0,0.0,0.0,1.6025438991109362,0.7071950519192626,0.9337827407988724,0.4929053226661789,27.587936008992024,,,-0.009643158429496035,0.009224914772167914,0.030591168102974797,0.008241168525201237,-0.11010205961519048,,
陕西省,西安市,Super City,2600.0,1623.0,222.0,0.0,9031959.0,2600.0,1401.0,4001.0,2.8786667432834894,1.5511585028231416,1.3275082404603478,51.88699175712555,0.1745391652540245,0.0770726465550363,0.0489171333661838,0.2763952295664836,2.896353345104925,1.6773316885892886,4.778818865496817,0.009610645969665793,0.0120753991136264,0.0096185426986641,0.11423251682687371,0.2568239902367031,0.05754899400652769
陕西省,铜川市,Small City,0.0,0.0,195.0,0.0,886963.5,0.0,-195.0,-195.0,0.0,-2.1985121146473334,2.1985121146473334,14.203402697220298,0.3041761301514207,0.1639680346286721,0.1001530395329037,2.969342944081521,5.223055444243728,2.750756679793225,-0.1638279703543546,0.02098509718182262,0.018824059728234088,0.009839997730779607,-0.014794650541882337,0.7015719416513964,0.27289791428112764
青海省,西宁市,Type II Large City,2021.0,434.0,1.0,0.0,2339779.5,2021.0,433.0,2454.0,8.63756606124637,1.85060173405229,6.786964327194079,58.90880227151178,0.1212189151425772,0.038637804386868,0.0244202553568255,0.2868644266766841,1.7865504581935971,1.4438416365801503,9.416969357826538,-0.0071670620129934,-0.008282679612102696,-0.0073546179667517975,-0.47184688946558273,-0.0498881520145209,-0.0028537707632894094
黑龙江省,七台河市,Small City,0.0,0.0,0.0,0.0,970137.5,0.0,0.0,0.0,0.0,0.0,0.0,25.625303664011497,0.2271187009547518,0.124860819004812,0.0886156899005482,3.517243864643771,5.3730796566529415,1.978877095920872,-0.565654359059792,-0.043586813718364176,-0.0626906831019921,-0.057646131058175995,-6.749715869531618,,-0.7055708700293022
黑龙江省,伊春市,Small City,0.0,0.0,0.0,0.0,1216003.0,0.0,0.0,0.0,0.0,0.0,0.0,13.308333663701513,0.5524674118182618,0.6497820194672608,0.4473707828228926,36.50224907753321,,,2.8744475644917618,-0.024607559092927334,-0.01759681883728359,0.007988523284428506,5.155109483026951,,
黑龙江省,佳木斯市,Medium-sized City,0.0,0.0,107.0,0.0,2708781.5,0.0,-107.0,-107.0,0.0,-0.3950115577797618,0.3950115577797618,17.634537964996273,0.473340445475203,0.4254989644988483,0.2861497221871137,17.234346815736874,,64.89840424909745,-0.40256995968384857,-0.008384156129257414,-0.01803563067720393,-0.015781824013373302,-2.6593775724864592,,-2678.7039099409544
黑龙江省,双鸭山市,Small City,0.0,0.0,0.0,0.0,1548217.0,0.0,0.0,0.0,0.0,0.0,0.0,21.43895698415822,0.4852069666598647,0.4976086501135218,0.364775484343447,31.70882652206953,,,-1.1653893001347058,-0.004163446497328638,-0.007555180614376711,-0.005071106106094014,-0.8392716423679545,,
黑龙江省,哈尔滨市,Super City,0.0,1288.0,0.0,0.0,11258292.0,0.0,1288.0,1288.0,0.0,1.1440456509744108,-1.1440456509744108,44.87062286865744,0.4563226920509731,0.4813149029422116,0.349402678969592,26.108519533599477,,,3.965708936076453,-0.013946835109984623,-0.023271207034573194,-0.014103666114472724,-1.5147812083887047,,
黑龙江省,大庆市,Type II Large City,0.0,0.0,0.0,0.0,3069136.0,0.0,0.0,0.0,0.0,0.0,0.0,22.583251953125,0.4710870854210037,0.4919375958088311,0.3511444051007953,25.429974510264085,,,1.5355786482493095,-0.009447292526045425,-0.01767452853874696,-0.016029347972794095,-3.515559734881556,,
黑龙江省,牡丹江市,Medium-sized City,0.0,0.0,0.0,0.0,2964180.0,0.0,0.0,0.0,0.0,0.0,0.0,22.384628397265548,0.5065236849943691,0.5433591672159805,0.3739475555619329,26.07080178728456,,,-1.3602630708051855,-0.004322820502073443,-0.004956056225646321,-0.004868403548479616,-1.5671303941390313,,
黑龙江省,绥化市,Small City,0.0,0.0,0.0,0.0,5745141.0,0.0,0.0,0.0,0.0,0.0,0.0,1.7152135537157422,0.6929987402141582,0.9155426862636086,0.5288731340583663,40.32352147302428,,,1.3765346224794752,-0.025976480965274273,-0.09519574350089133,-0.05073041840380288,-6.969248853627128,,
黑龙江省,鸡西市,Medium-sized City,0.0,0.0,0.0,0.0,1970136.0,0.0,0.0,0.0,0.0,0.0,0.0,22.07590717739529,0.4401427528481368,0.4358120301832585,0.3263842909302513,27.60794504763296,,,0.26599449581570056,-0.003933921045241873,-0.008780984697807526,-0.006148542121064193,-0.7271357843389481,,
黑龙江省,鹤岗市,Medium-sized City,0.0,0.0,0.0,0.0,1122570.0,0.0,0.0,0.0,0.0,0.0,0.0,49.5541998511922,0.3533182948721159,0.3395036864083189,0.261039620904286,19.168022400970614,,120.7394134994087,-1.1343779667079232,-0.0006360418087753006,-0.0006111739627766011,0.0010601320775717182,0.30251842783467,,67.26580570502938
黑龙江省,黑河市,Small City,0.0,0.0,0.0,0.0,1770737.0,0.0,0.0,0.0,0.0,0.0,0.0,0.0,0.7416254667718924,1.169954698386912,0.6724718699861164,64.44012760823752,,,0.0,0.018996729851131322,0.05928356947706703,0.01794957836715161,1.709175099502211,,
黑龙江省,齐齐哈尔市,Type II Large City,0.0,0.0,0.0,0.0,5677983.0,0.0,0.0,0.0,0.0,0.0,0.0,0.2812497596209379,0.6984916666043519,1.0071232497587477,0.5918186567020345,49.37441775450761,,,0.2812497596209379,-0.01022139031891367,-0.040605512040479574,-0.019256071442939948,-3.414799028041209,,
,,,0.0,32.0,0.0,0.0,2926923.5,0.0,32.0,32.0,0.0,0.10932981336888374,-0.10932981336888374,4.3356991597075965,0.6356174399053127,0.7408734669805781,0.445118527177346,30.845925447797324,,,0.12921687448148056,0.007827513971755629,0.020194373078246786,0.008535924220696711,0.6677301061579612,,
