省级,地级,city_level,new_hosp_beds,expanded_beds,decreased_beds,closed_beds,city_pop,net_SEE_beds,net_CIE_beds,net_total_beds,SEE_city,CIE_city,Dominance_city,acc_median,acc_gini,acc_theil,acc_atkinson_05,acc_zero_access_pop_pct,acc_p90_p10,acc_p80_p20,acc_delta,gini_delta,theil_delta,atkinson_05_delta,zero_access_pop_pct_delta,p90_p10_delta,p80_p20_delta
上海市,上海市,Mega City,0.0,1131.0,0.0,0.0,24069404.5,0.0,1131.0,1131.0,0.0,0.4698911433392546,-0.4698911433392546,20.191565865513727,0.1152646149980455,0.0384084611704692,0.0271445233577281,1.031051446111959,1.7467866003889558,1.3534501318549967,0.4182151373957943,-0.0017613322493376105,-0.0009609439991686008,-0.0005866566510701991,0.02083499439703118,-0.0061956196294616905,-0.011912798927223411
云南省,临沧市,Small City,0.0,0.0,0.0,0.0,2547083.0,0.0,0.0,0.0,0.0,0.0,0.0,0.0,0.8618478225464865,1.8364296440766263,0.832250486671327,81.4398060425858,,,0.0,-0.00541870969970204,-0.04538636002801155,-0.007672239370683842,-0.8916085458774319,,
云南省,丽江市,Small City,0.0,0.0,0.0,0.0,1299990.0,0.0,0.0,0.0,0.0,0.0,0.0,0.0,0.674947437803736,0.9389587779408932,0.5763897852458388,51.23585856413345,,,0.0,-0.0696301729601686,-0.31637019462292804,-0.12595076485346635,-15.624291251139567,,
云南省,保山市,Small City,0.0,0.0,0.0,0.0,2624049.0,0.0,0.0,0.0,0.0,0.0,0.0,8.02537800397487,0.554520976996892,0.668045168538987,0.4681081493416434,43.405561327198896,,,3.8172947635096843,-0.024897023814396513,-0.06045513163023597,-0.0317158350571663,-3.2607084395613413,,
云南省,大理白族自治州,Small City,0.0,0.0,0.0,0.0,3617003.0,0.0,0.0,0.0,0.0,0.0,0.0,11.556990662846577,0.4607210866119779,0.409928873944087,0.292328366954415,22.696270517784843,,,-0.325875998323907,-0.001350128940080464,-0.0065112133784759885,-0.005895668020090006,-0.5929354385805468,,
云南省,德宏傣族景颇族自治州,Small City,0.0,0.0,0.0,0.0,1264268.5,0.0,0.0,0.0,0.0,0.0,0.0,0.0,0.704741686737324,1.0589722150073684,0.6299688371214364,58.4652519868758,,,0.0,-0.002022651640156692,-0.006272808769516081,-0.0017899845134230485,-0.1172670094797823,,
云南省,怒江傈僳族自治州,Small City,0.0,0.0,0.0,0.0,555753.5,0.0,0.0,0.0,0.0,0.0,0.0,0.0,0.722811535861865,1.1716141926310444,0.6828999411885248,67.02169094221433,,,0.0,-0.03015654178574756,-0.09557379500507923,-0.026636325180215525,-2.377185604157887,,
云南省,文山壮族苗族自治州,Small City,0.0,0.0,0.0,0.0,3678529.0,0.0,0.0,0.0,0.0,0.0,0.0,0.0,0.7893394347155567,1.3169133305211222,0.7004837442097104,63.8707346514771,,,0.0,-0.023388324522320203,-0.12332388346790357,-0.035725617715806846,-4.414764086761188,,
云南省,昆明市,Super City,200.0,0.0,0.0,0.0,6738101.5,200.0,0.0,200.0,0.29681951214299757,0.0,0.29681951214299757,47.38049020271895,0.2957412023915572,0.2472975820291223,0.1956552282848495,14.677748004056577,,6.239098791392419,-0.07771338004472028,-0.0048506718813993155,-0.011132233029076705,-0.009509330384089798,-0.5430201687783001,,-1.4142815574868166
云南省,昭通市,Small City,0.0,0.0,0.0,0.0,5434647.0,0.0,0.0,0.0,0.0,0.0,0.0,0.0,0.7829178675643845,1.35311805748627,0.7251500180377628,69.18382072863719,,,0.0,-0.017784166443453375,-0.09254756247540241,-0.025863329721392936,-3.099322232377901,,
云南省,普洱市,Small City,0.0,0.0,0.0,0.0,2656258.0,0.0,0.0,0.0,0.0,0.0,0.0,0.0,0.8558510599100131,1.821687836393628,0.8333594282237573,82.26273939053051,,,0.0,-0.0035588938129333947,-0.02024688824851273,-0.0034178680894785263,-0.5361446535694228,,
云南省,曲靖市,Medium-sized City,510.0,0.0,0.0,0.0,6119496.5,510.0,0.0,510.0,0.8334018983424535,0.0,0.8334018983424535,7.00836460981796,0.6187524928508119,0.7287784256687658,0.4679529765750252,38.75060434390076,,,0.5436683134450586,-0.0024205362367497596,-0.011773528798377675,-0.009951740656289676,-1.757011630448737,,
云南省,楚雄彝族自治州,Small City,0.0,0.0,0.0,0.0,2806759.5,0.0,0.0,0.0,0.0,0.0,0.0,0.8583209592605305,0.667528415233452,0.9035745844574872,0.5571722625219115,46.26006302556891,,,0.21750904260823234,0.0007851590506999795,-0.0015950524841231717,-0.0016757265203943827,-0.3097344688223842,,
云南省,玉溪市,Medium-sized City,0.0,0.0,0.0,0.0,2442157.0,0.0,0.0,0.0,0.0,0.0,0.0,12.803780697111534,0.4974564305648047,0.4867640047829023,0.3447965832586365,27.815568417903908,,,0.9024483363847189,-0.011406699815132093,-0.015750685194121095,-0.007202278482624724,-0.23856406002368757,,
云南省,红河哈尼族彝族自治州,Small City,0.0,0.0,0.0,0.0,4684380.5,0.0,0.0,0.0,0.0,0.0,0.0,0.0,0.6784344469879344,0.925302907376176,0.5725078002435144,51.19981582616035,,,0.0,-0.0083732087165449,-0.02000174873179572,-0.006116786435398147,-0.41249500125943683,,
云南省,西双版纳傣族自治州,Small City,0.0,0.0,0.0,0.0,1188180.5,0.0,0.0,0.0,0.0,0.0,0.0,1.0895600584858445,0.6846585696803997,0.9449631943569362,0.5610830276310435,47.79442292159597,,,1.0895600584858445,-0.02820830499552529,-0.08683999698836298,-0.03720415539692645,-4.301873975256292,,
云南省,迪庆藏族自治州,Small City,0.0,0.0,0.0,0.0,416050.5,0.0,0.0,0.0,0.0,0.0,0.0,0.0,0.695944065335466,1.0978718387798685,0.660533393366596,65.13657941528179,,,0.0,-0.01815248038492867,-0.05702837139553196,-0.018193810783445175,-1.6862364567126775,,
内蒙古自治区,乌兰察布市,Small City,0.0,0.0,0.0,0.0,2238719.0,0.0,0.0,0.0,0.0,0.0,0.0,1.700254629055659,0.6467727424254353,0.8384809106190341,0.5236818400456514,43.85105748756087,,,0.8468573573799361,-0.011522514575399212,-0.0398891720096235,-0.021518638879655883,-2.903041842118064,,
内蒙古自治区,乌海市,Medium-sized City,0.0,0.0,0.0,0.0,550464.5,0.0,0.0,0.0,0.0,0.0,0.0,19.230257521402937,0.1327109634372115,0.0586038148500811,0.0465780501009173,3.241660983996634,1.9124478669744247,1.3065465991658238,-0.7466177012341078,-0.015933610122686792,-0.0212664884408535,-0.020181246178645,-1.995034827993285,-0.20771088854595177,0.0004783287453034024
内蒙古自治区,兴安盟,Small City,0.0,0.0,0.0,0.0,1688027.0,0.0,0.0,0.0,0.0,0.0,0.0,0.0,0.7269305181253075,1.153387211924067,0.667288462969579,63.25250836120402,,,0.0,-0.008424006414383234,-0.028609769108544736,-0.009077305311593231,-0.9954930157241222,,
内蒙古自治区,包头市,Type II Large City,0.0,0.0,0.0,0.0,2776719.5,0.0,0.0,0.0,0.0,0.0,0.0,28.01505235168669,0.2304598295356394,0.1986908258204483,0.1661500606783992,13.381939569355414,,2.4364048530697966,-0.25148742843117944,-0.0021515413705283926,-0.0036607100867432907,-0.003641958793828226,-0.5698496102758899,,-0.04449140728833667
内蒙古自治区,呼伦贝尔市,Small City,0.0,0.0,0.0,0.0,2866843.0,0.0,0.0,0.0,0.0,0.0,0.0,0.0,0.6549173152550313,0.8901448040585437,0.5678409615635072,52.90908274223612,,,0.0,-0.016048128566940156,-0.04417810844795356,-0.017963599408482578,-1.981619400880355,,
内蒙古自治区,呼和浩特市,Type II Large City,1000.0,0.0,0.0,0.0,3001256.5,1000.0,0.0,1000.0,3.3319378067152874,0.0,3.3319378067152874,52.19780257431488,0.2543546662151879,0.1975020404021673,0.1577655457573771,9.27249395899201,16845.735191836506,2.7062535219376413,3.6011851381588045,-0.01020701676243202,-0.011277600147210798,-0.009256955796940775,-1.1804682948208836,,-0.21310242174440797
内蒙古自治区,巴彦淖尔市,Small City,0.0,0.0,0.0,0.0,1746903.0,0.0,0.0,0.0,0.0,0.0,0.0,7.62717983002464,0.5782212948980683,0.6629880628683803,0.445487991930479,36.89627797746657,,,0.10612129961957883,-0.004020722641576713,-0.010050277156425591,-0.006336784959234176,-0.9075323839782499,,
内蒙古自治区,赤峰市,Type II Large City,0.0,0.0,0.0,0.0,4552009.5,0.0,0.0,0.0,0.0,0.0,0.0,3.547712212815553,0.6287525561554048,0.788256991216947,0.5121015073879187,45.4497201016025,,,0.6557199808063428,-0.006060256150773102,-0.01774648285042535,-0.008850222998479373,-1.0112024543623193,,
内蒙古自治区,通辽市,Small City,0.0,0.0,0.0,0.0,3293369.0,0.0,0.0,0.0,0.0,0.0,0.0,0.0,0.7140492451642957,1.0837607036228545,0.6401028411288763,59.34505816588517,,,0.0,0.00021000322193098775,0.003288160586409905,0.0014920322510900696,0.18099807747692864,,
内蒙古自治区,鄂尔多斯市,Medium-sized City,0.0,0.0,0.0,0.0,2080872.0,0.0,0.0,0.0,0.0,0.0,0.0,5.544948385943497,0.5856915732050043,0.7206629979761958,0.4835463936992823,42.15624287377429,,,0.8176715772943606,-0.010857138164968028,-0.020728560149250286,-0.009369495179719078,-0.8674889598253088,,
内蒙古自治区,锡林郭勒盟,Small City,0.0,0.0,0.0,0.0,1075901.0,0.0,0.0,0.0,0.0,0.0,0.0,0.0,0.7825143631050457,1.5001539441977063,0.7757802060658744,77.37539601916663,,,0.0,-0.01694592168145359,-0.06337451995875076,-0.012495978105231731,-1.0289426123653698,,
内蒙古自治区,阿拉善盟,Small City,0.0,0.0,0.0,0.0,252803.0,0.0,0.0,0.0,0.0,0.0,0.0,0.0,0.5936270319884207,0.8033231057801232,0.5419598202009079,52.54485550968562,,,0.0,-0.05305226585201328,-0.11840586039352996,-0.04688610474114685,-4.186694516724984,,
北京市,北京市,Mega City,1350.0,497.0,476.0,0.0,20514185.5,1350.0,21.0,1371.0,0.6580812092198348,0.010236818810086317,0.6478443904097485,26.09513285385935,0.1377289241609464,0.0549182899690543,0.0369630889517718,0.4760278185343343,1.980112829707615,1.43017127088233,0.7081395529798904,0.0021891796184574097,0.0010747413322700003,0.0006382801331702992,0.008603379668208178,0.03214592738886224,0.01341852458011128
吉林省,吉林市,Type II Large City,0.0,0.0,0.0,0.0,4628702.0,0.0,0.0,0.0,0.0,0.0,0.0,14.247545552964622,0.5297765060851553,0.5552606068928063,0.3807422341928131,29.208972167794933,,,1.35274303281499,-0.0028294491815042955,-0.002250583343034851,-0.0012488432889981027,-0.4819156427397182,,
吉林省,四平市,Small City,0.0,1.0,0.0,0.0,2383417.0,0.0,1.0,1.0,0.0,0.004195656907708554,-0.004195656907708554,10.949786804523706,0.4748126947701484,0.4878069006515392,0.3525856363246596,27.616819003605396,,,0.07107839668230831,-0.000308999588967962,-0.00028669632133360157,-0.00016092235806808297,0.03184356740004546,,
吉林省,延边朝鲜族自治州,Small City,0.0,0.0,0.0,0.0,2371691.5,0.0,0.0,0.0,0.0,0.0,0.0,2.216791868209839,0.6103196456645075,0.7782317218853297,0.5131590345707184,45.70951697039439,,,0.029743755910723646,0.001521313267812463,0.0035679396816926667,0.0015105060397435643,0.09371149208293161,,
吉林省,松原市,Small City,0.0,0.0,0.0,0.0,3013758.5,0.0,0.0,0.0,0.0,0.0,0.0,0.0376731246136702,0.642372820656139,0.8630099098779663,0.5515408167573488,49.79293589661176,,,-0.0817191212939045,0.003956010924292652,0.00861179429119785,0.003512788770379638,0.4810148543242292,,
吉林省,辽源市,Small City,0.0,0.0,0.0,0.0,1224871.5,0.0,0.0,0.0,0.0,0.0,0.0,6.88781479994456,0.2486767467304981,0.1185510331253947,0.067999350998367,0.2412412469539114,4.335724078359452,2.5625709829183583,-1.9024986729623778,-0.050953701326751366,-0.04569451970459709,-0.0297829098150703,-1.2209430773836705,-3.0328947243791378,-0.23902150288636292
吉林省,通化市,Small City,0.0,0.0,0.0,1000.0,2423231.5,-1000.0,0.0,-1000.0,-4.126720868394125,0.0,-4.126720868394125,7.269269789056553,0.412305824076662,0.3460984302261095,0.2506359530530077,17.6009158489591,,34.18832096142398,-3.5886322448424934,0.02578067768995279,0.018371114005804767,0.0045608186961484665,-0.7584781991312468,,5.89992121952994
吉林省,长春市,Type I Large City,0.0,0.0,0.0,0.0,9180699.0,0.0,0.0,0.0,0.0,0.0,0.0,20.67186164855957,0.4935189006108611,0.5383943396831561,0.3815652599213009,29.69367064952943,,,-0.012951890883908135,-0.0007966230683814635,-0.0003392323029881572,0.000713045186241601,0.5580001757134845,,
四川省,乐山市,Medium-sized City,0.0,0.0,0.0,0.0,3388406.0,0.0,0.0,0.0,0.0,0.0,0.0,8.024218613619631,0.4105647454195017,0.3357331394855218,0.2413401157235296,16.85587679833594,,15.645773335905732,-0.12553088511745258,-0.01166907185933197,-0.02416062135276409,-0.020966130762064827,-2.941699222253515,,-122.38167905980983
四川省,内江市,Medium-sized City,0.0,0.0,0.0,0.0,3833322.0,0.0,0.0,0.0,0.0,0.0,0.0,18.58795095044513,0.2701514638365194,0.1309125088387762,0.07630010301013,0.4991819230656016,4.971806264554716,2.8812052900989387,-0.35566019457440134,-0.018077434811643922,-0.026246837893679015,-0.020882133844629502,-0.8554473995962246,-1.693369066322469,-0.10157315133660338
四川省,凉山彝族自治州,Small City,0.0,270.0,0.0,0.0,4723536.5,0.0,270.0,270.0,0.0,0.571605617951719,-0.571605617951719,0.0,0.7882070458930699,1.3916815708771992,0.738719563092794,71.50813368406325,,,0.0,-0.004804839145285289,-0.024158618197943182,-0.006426332211893815,-0.7426777997293073,,
四川省,南充市,Type II Large City,3100.0,0.0,0.0,0.0,6556541.5,3100.0,0.0,3100.0,4.728102460725673,0.0,4.728102460725673,17.281544530114463,0.3483728431686966,0.2144531905977939,0.13436287243106,4.369266526644135,10.43654574875975,3.695598964273851,3.528141453658126,-0.02308399553366658,-0.031388939312736674,-0.021708566871799118,-1.1326576508209723,-5.939056168201526,-0.604913330752527
四川省,宜宾市,Type II Large City,660.0,0.0,0.0,0.0,4684264.5,660.0,0.0,660.0,1.408972529198554,0.0,1.408972529198554,1.6677178179516512,0.622754373950567,0.7091259339195861,0.4278347419522053,27.96873331700864,,,1.6677178179516512,-0.10208196282397508,-0.34682753387025933,-0.1845590631283367,-24.61778365706247,,
四川省,巴中市,Small City,1471.0,0.0,0.0,0.0,3406118.5,1471.0,0.0,1471.0,4.318698835639453,0.0,4.318698835639453,9.680387775948708,0.4782443006286541,0.4297519765475589,0.2937912250731376,19.6140553417575,,213.1346059059424,2.5414627004177017,-0.06254568483109724,-0.15443406422096984,-0.11183660614637919,-13.778757383715856,,
四川省,广元市,Small City,0.0,0.0,80.0,0.0,2612581.5,0.0,-80.0,-80.0,0.0,-0.306210543096933,0.306210543096933,16.85386591719693,0.5630556686219752,0.5884838904239474,0.3681240723877098,20.19658795529952,,,1.9679396705538643,-0.006420054440850476,-0.015905362448079163,-0.011241732182835695,-1.7070922318876391,,
四川省,广安市,Small City,800.0,83.0,0.0,0.0,3587636.0,800.0,83.0,883.0,2.2298806233408293,0.23135011467161104,1.9985305086692182,9.063325842055317,0.3921533448253834,0.2645318323504235,0.1612571993270479,5.218211568108948,12.474846779626915,4.822192125192919,3.5068237428958273,-0.04366450178368453,-0.0533684006232818,-0.020532664257709388,1.3733961841552746,-2.5464410752162365,-1.3593784258926433
四川省,德阳市,Medium-sized City,860.0,0.0,0.0,0.0,3806607.5,860.0,0.0,860.0,2.259229510791433,0.0,2.259229510791433,20.488555735796204,0.2931933796604948,0.1485897595605077,0.0843411717232228,0.1536504508645166,6.040422119258198,3.164344116608387,6.055565517998653,-0.0455327366624092,-0.053758792143361295,-0.0361947154644148,-1.0000815724663508,-3.5751259872632213,-0.6811332497192599
四川省,成都市,Mega City,11769.0,682.0,129.0,0.0,15811889.0,11769.0,553.0,12322.0,7.443133454832625,0.34973683409996115,7.093396620732664,38.90006474755191,0.1904822245561273,0.0725759141337643,0.0417250887393459,0.0209368068432726,2.8579904600679407,1.9725005684292956,7.700294919933885,-0.0056609034183604245,-0.005663622723449599,-0.004219632876308506,-0.0745388164112859,-0.10992963782780629,-0.01236988115853399
四川省,攀枝花市,Medium-sized City,0.0,0.0,0.0,0.0,1271671.5,0.0,0.0,0.0,0.0,0.0,0.0,34.23783173634176,0.2776456642998388,0.2130834624591252,0.1632520160226381,10.22594168537738,,4.506097232503416,-0.23932240094652713,-0.007816693495847293,-0.011179889401271376,-0.009395927656717096,-1.0512458192994245,,-0.9455734403139298
四川省,泸州市,Type II Large City,0.0,0.0,0.0,0.0,4396667.0,0.0,0.0,0.0,0.0,0.0,0.0,10.96107286734362,0.4875199002539495,0.4842498434193412,0.3503454622751351,29.44962192881041,,,0.025691931674677093,-0.011465575887471324,-0.022240128616455523,-0.013108777639513736,-0.9506491882081036,,
四川省,甘孜藏族自治州,Small City,0.0,0.0,0.0,0.0,1141315.0,0.0,0.0,0.0,0.0,0.0,0.0,0.0,0.9026323723283212,2.18830315349779,0.8829474050116425,87.44745754990547,,,0.0,-0.020261354144665233,-0.19565061109083848,-0.018568597066487946,-1.5874118650468745,,
四川省,眉山市,Medium-sized City,1400.0,0.0,0.0,1610.0,3090410.5,-210.0,0.0,-210.0,-0.6795213774998499,0.0,-0.6795213774998499,13.958330154418944,0.3007086202380032,0.149112593938398,0.0813005775877788,0.3386979627073608,5.130642440972036,2.88306068335988,0.23369984533272437,0.006476230423120788,0.0032645996867087246,-0.00025077083249690213,-0.16928506758074252,-0.21697138109444758,0.004523221962016155
四川省,绵阳市,Type II Large City,3520.0,0.0,0.0,0.0,4835316.0,3520.0,0.0,3520.0,7.27977240784263,0.0,7.27977240784263,19.72780554544509,0.3701047750746836,0.2583865905932213,0.1684550409033468,6.250516336046369,22.297238369878134,6.322823434138484,6.598203562292822,-0.039795873925743186,-0.060249559144920306,-0.04149435524287973,-2.509173393792615,-103.13547708586579,-4.684743097335612
四川省,自贡市,Medium-sized City,0.0,0.0,0.0,0.0,2822092.0,0.0,0.0,0.0,0.0,0.0,0.0,22.590462091400862,0.2383146360219902,0.1235228896003842,0.0858256863762312,3.6485449973182607,4.334086341085499,2.088507119947752,0.8029642111725934,-0.010819887189601196,-0.009226945949041901,-0.005715708010776102,-0.1320388914404962,-0.7146288806867132,-0.2540400925813646
四川省,资阳市,Small City,0.0,0.0,0.0,0.0,2740495.0,0.0,0.0,0.0,0.0,0.0,0.0,6.334860953255008,0.3970983185766379,0.2628234457267228,0.1457961102033548,0.7793856521474555,11.78990776498924,5.699194721380691,0.3658198845875509,-0.008053165005954599,-0.008588120439301794,-0.0035016844498212962,-0.15168004169928917,0.20949966571034828,-0.03882854782345557
四川省,达州市,Medium-sized City,2100.0,0.0,0.0,0.0,5744466.5,2100.0,0.0,2100.0,3.6556919602542726,0.0,3.6556919602542726,6.8758087158203125,0.5038717413025515,0.4394890325901275,0.2658550093676068,10.97705150569345,,12.868660870437578,3.5032374808128846,-0.05546783878605832,-0.15359577382191303,-0.1262029889706871,-17.177299023256733,,
四川省,遂宁市,Medium-sized City,0.0,300.0,0.0,0.0,3402440.5,0.0,300.0,300.0,0.0,0.8817200477128109,-0.8817200477128109,15.460821799923432,0.2990486506181106,0.1515848931611767,0.0871228967938162,1.062014928895572,4.826225086183723,3.1130665916752003,2.553479801622995,-0.0224326875326189,-0.02298382205143129,-0.012922536375765598,-0.002184732144549173,-1.7272477220213425,-0.23067619053509114
四川省,阿坝藏族羌族自治州,Small City,0.0,0.0,68.0,0.0,940386.5,0.0,-68.0,-68.0,0.0,-0.7231069352867145,0.7231069352867145,0.0,0.9385822880686008,2.514335775696875,0.8927398266693842,80.40949668906505,,,0.0,-0.014850276644301608,-0.27040768513050395,-0.024007139654949716,-2.945997497972556,,
四川省,雅安市,Small City,0.0,0.0,0.0,0.0,1575881.0,0.0,0.0,0.0,0.0,0.0,0.0,13.806095907321344,0.4442622952775438,0.4286875739644671,0.3120709640243009,23.600986335590992,,,-0.06009881771527503,-0.021277361255482408,-0.03493176442550788,-0.019468761735035423,-1.1800515483357223,,
天津市,天津市,Mega City,0.0,300.0,0.0,0.0,13509403.0,0.0,300.0,300.0,0.0,0.2220675480626346,-0.2220675480626346,27.160615906177327,0.2252275278465125,0.0991122326186204,0.0558011196940874,0.0103783300468621,4.123804908826172,2.6142557413417937,0.2087137167662263,-0.00014922916763018823,-0.00012783792062720511,-8.156715887260024e-05,-6.664917786598432e-06,-0.045292200436133356,0.0224154925246709
宁夏回族自治区,吴忠市,Small City,0.0,0.0,0.0,0.0,1364753.5,0.0,0.0,0.0,0.0,0.0,0.0,1.3959542512893677,0.6166356463907143,0.7573908983837592,0.4790771304388231,35.179856378557126,,,0.2320261258345384,-0.009477749350723541,-0.02280459382403144,-0.01155095960249991,-1.6329566455933815,,
宁夏回族自治区,银川市,Type II Large City,0.0,0.0,0.0,0.0,2057827.5,0.0,0.0,0.0,0.0,0.0,0.0,35.519799798673645,0.1373683842789912,0.064223667509794,0.0492547306196128,2.8122661153922084,2.079082975007589,1.4863403548905891,-0.8930421775055706,-0.01422858160518109,-0.0140732030732523,-0.0106650275929039,-0.2410812912391198,-0.18897548838609612,-0.05494127387637149
安徽省,亳州市,Medium-sized City,0.0,0.0,0.0,0.0,5055363.0,0.0,0.0,0.0,0.0,0.0,0.0,4.3980199842742,0.5572527404028533,0.5782212163457752,0.3682094069884786,21.356154983045545,,,0.4519500268764034,-0.012839387726002016,-0.024188564030785287,-0.011176281200733884,-0.7760508509513748,,
安徽省,六安市,Medium-sized City,0.0,0.0,0.0,0.0,4822441.0,0.0,0.0,0.0,0.0,0.0,0.0,7.305294003020325,0.5038031400220278,0.4686119167355126,0.3137289727153449,20.634232353760343,,,-0.003691826333006354,0.0010177339460705204,0.000855585506098433,0.0002800551776580007,0.2525960642370535,,
安徽省,合肥市,Type I Large City,0.0,900.0,284.0,0.0,7802080.0,0.0,616.0,616.0,0.0,0.7895330475975637,-0.7895330475975637,39.90254621075473,0.266242887012316,0.1603106977254081,0.1014678454390807,0.806867176914588,8.316467463702622,3.2099996672160933,0.7605323089049776,0.0019356548383468453,0.002404362275815586,0.001878040021487809,0.12065938368666729,0.3124528073188291,0.0681012953482143
安徽省,安庆市,Medium-sized City,0.0,0.0,0.0,0.0,4678221.5,0.0,0.0,0.0,0.0,0.0,0.0,4.590776618136916,0.6213142235213377,0.735988251753432,0.4687514743857387,37.42719693164618,,,-0.04803121849426795,0.0009149336067216796,0.002630342201213387,0.0013500828012604216,0.09949978567240692,,
安徽省,宣城市,Small City,0.0,0.0,0.0,0.0,2647008.0,0.0,0.0,0.0,0.0,0.0,0.0,3.224835157394409,0.6014247877956036,0.6469733622997165,0.3683762663165473,19.749846172070733,,477.6894573294712,0.1500340300063563,-0.01411562190368687,-0.03498735536925379,-0.0214594381825165,-2.8616581934504417,,
安徽省,宿州市,Medium-sized City,0.0,0.0,0.0,0.0,5604553.5,0.0,0.0,0.0,0.0,0.0,0.0,3.2868297820648915,0.6017393716011195,0.6813371109086935,0.4356799865800032,31.76270671836697,,,0.05520999729186338,-0.0018303991843746648,-0.004217113444181408,-0.003055745869011417,-0.7036966174195669,,
安徽省,池州市,Small City,0.0,0.0,0.0,0.0,1476735.5,0.0,0.0,0.0,0.0,0.0,0.0,15.27740568863718,0.3740400182060226,0.2660476378110479,0.1824082582173621,10.371900155803688,,4.890341444068884,-0.5136851884304985,0.003455293896949818,0.0009007400433458934,-0.0010729519329532033,-0.20654801658814925,,0.05483023566307388
安徽省,淮北市,Medium-sized City,0.0,93.0,0.0,0.0,2164023.0,0.0,93.0,93.0,0.0,0.4297551366136127,-0.4297551366136127,21.483254330091743,0.1553048743518956,0.0565825345486894,0.0327128012587968,0.0492839294243055,2.4976036734901585,1.7242166948540898,0.35398339255607425,-0.00231537629251069,-0.0003914942808542002,-0.00010944816682419839,1.4408113368988285e-06,-0.06712056895631502,-0.015487539837705455
安徽省,淮南市,Type II Large City,0.0,0.0,0.0,0.0,3501591.0,0.0,0.0,0.0,0.0,0.0,0.0,6.431048681656572,0.3882132002713162,0.2531879569199972,0.134027805036766,0.610187878889855,9.970064590277238,3.867342159717464,-0.10733927868705528,0.003710291113155184,0.005933049152154368,0.002765170759521901,-0.0681619236823261,0.778367520225137,-0.07668182269994883
安徽省,滁州市,Small City,0.0,0.0,0.0,0.0,4107207.0,0.0,0.0,0.0,0.0,0.0,0.0,9.048934183943386,0.4709102121557386,0.4414539708248889,0.3082360253867355,20.69512826684756,,,-0.06745224026660601,0.011436411229139687,0.022893447817353696,0.014545091032512114,0.8010357583433603,,
安徽省,芜湖市,Type II Large City,0.0,0.0,0.0,0.0,3712901.5,0.0,0.0,0.0,0.0,0.0,0.0,27.820657395479973,0.3624248958659439,0.2562409960956298,0.1630106446609132,3.178861239769869,22.418610657186623,7.989298239196616,0.15452281769592346,-0.005201718473128392,-0.0062183978077469115,-0.0027920081900938976,0.3406108976478981,-0.5920909530412217,-0.49546628969089745
安徽省,蚌埠市,Medium-sized City,0.0,0.0,0.0,0.0,3306235.0,0.0,0.0,0.0,0.0,0.0,0.0,16.62046800745596,0.3147044971724789,0.2094314150158054,0.144750709137568,5.807818583255559,25.642623368155952,3.914515111439805,-0.11512776217352538,-0.005991570900952092,-0.007799419653160694,-0.005327127449131608,-0.4139075891920738,-0.09506729167481609,-0.20230329850620032
安徽省,铜陵市,Medium-sized City,0.0,0.0,0.0,0.0,1629552.5,0.0,0.0,0.0,0.0,0.0,0.0,17.643138696031578,0.2583867732814281,0.1287159928120958,0.0812904088255331,1.882006738480055,4.299835373331991,2.1788414640755733,-0.11845345908725946,0.025582998211143626,0.02196464302919901,0.014746930986310691,0.6556066593297167,0.8906639392713567,0.262172397192284
安徽省,阜阳市,Medium-sized City,0.0,0.0,0.0,0.0,7954249.5,0.0,0.0,0.0,0.0,0.0,0.0,8.890826312895863,0.3786400790734618,0.2616538921150843,0.1707688213211043,6.768042849775201,34.02896612547152,4.876204613137186,0.024978599494819065,-0.01951763311710597,-0.029301595409955028,-0.021083090416611605,-1.6097699237691074,-65.43923489176211,-1.3872645404748338
安徽省,马鞍山市,Medium-sized City,0.0,87.0,0.0,0.0,2310066.0,0.0,87.0,87.0,0.0,0.376612616262912,-0.376612616262912,29.90406140701547,0.2367433259965753,0.1058076596097876,0.0606719883646192,0.0,4.051030753008436,2.3095343033040705,-0.07380853971701029,-0.0013207925411758137,-1.4219973986012713e-05,0.00017966538169699592,0.0,0.07889411613320085,0.002837475523971733
安徽省,黄山市,Small City,0.0,0.0,0.0,0.0,1422916.0,0.0,0.0,0.0,0.0,0.0,0.0,10.742352828671857,0.3127185974628357,0.2267164087175865,0.1710263758659823,11.853092230018516,,4.0414300458251775,0.10857673437376647,0.0021893382352716206,0.002871312576771312,0.0021315228401191932,0.3782777060913638,,0.1604877081863454
山东省,东营市,Medium-sized City,0.0,0.0,0.0,0.0,2118164.0,0.0,0.0,0.0,0.0,0.0,0.0,20.01252220698765,0.2223543741878217,0.1150065653883733,0.0793334622537274,2.8253158255025204,4.537404328309161,1.9458887556309128,0.18292540361254694,-0.0033324718516687946,-0.0007538611377159027,-5.585626075781114e-05,-0.18415836630731564,0.1634141930900137,-0.1666338571527073
山东省,临沂市,Type II Large City,0.0,0.0,0.0,0.0,10492755.5,0.0,0.0,0.0,0.0,0.0,0.0,7.646271150136731,0.29426362968949,0.1576928769090606,0.0953976443978587,1.550876881754917,5.916122682878214,3.35393981598277,-0.031264854251863206,-0.0016434420666414096,-0.0014474222779822243,-0.0007583808149456001,-0.021564476059166005,-0.062364630418733746,-0.0018507167105576983
山东省,威海市,Medium-sized City,0.0,0.0,0.0,0.0,2880444.0,0.0,0.0,0.0,0.0,0.0,0.0,18.82048150591459,0.313894726566283,0.1598116024283941,0.0853282680925544,0.0720416135657339,5.589175855261036,3.7071273631104784,-0.08427241629130222,0.0009072543263831667,0.0009426067240803915,0.0005823515910435978,0.04033579902528049,0.026730489071360886,0.02939415122788347
山东省,德州市,Medium-sized City,0.0,0.0,0.0,0.0,5819328.5,0.0,0.0,0.0,0.0,0.0,0.0,9.025909377876436,0.4483023881847047,0.3495586917484209,0.1963185378457856,4.67236009629649,24.65402016469849,5.034349012751423,-0.12711017819477632,-0.005148175885360706,-0.008741920690109206,-0.005694518221395717,-0.3823975990517301,-3.189780578027399,-0.144848272536791
山东省,日照市,Medium-sized City,0.0,0.0,0.0,0.0,2925209.5,0.0,0.0,0.0,0.0,0.0,0.0,10.08500044880314,0.1996099081185246,0.0718881120304247,0.0405536519244816,0.1090713572471003,2.659436972330227,1.9184024964755564,-0.24306083600694883,-0.015873952256010793,-0.012658580264433006,-0.008242375824480001,-0.16208953040513457,-0.2858209686907669,-0.13750531488570217
山东省,枣庄市,Type II Large City,0.0,0.0,0.0,0.0,3908125.0,0.0,0.0,0.0,0.0,0.0,0.0,14.79315269696447,0.1433460987384517,0.0376975376254637,0.020322316027172,0.030790364379049,2.18179176993755,1.5657927120479145,-0.015133443134530467,-0.0011282848150669933,-0.0002634438391203031,-4.530462271319993e-05,0.022232160392463403,-0.003494843752939847,-0.009869555363863691
山东省,泰安市,Type II Large City,1200.0,0.0,60.0,0.0,5763530.0,1200.0,-60.0,1140.0,2.082057350269713,-0.10410286751348566,2.1861602177831987,9.499680456425711,0.3902433577283182,0.2534468775406451,0.1347618874748052,1.0275758050920507,8.99291528373691,3.9425014685697706,0.8361744021684991,-0.007441785064719486,-0.009205342947516792,-0.003440842331203897,-0.01987173001123721,-0.010062120319998868,-0.1665991129922597
山东省,济南市,Super City,0.0,0.0,0.0,0.0,8498860.5,0.0,0.0,0.0,0.0,0.0,0.0,31.37989015135205,0.2463752291916889,0.1117251196893752,0.0628694375233146,0.0010927452875359,3.913529688787552,2.630899061784953,-0.06437467114790607,-0.007677873733922397,-0.01027792205533301,-0.007057434349290001,-0.015226242496906399,-0.2701680420195052,-0.06869743605380485
山东省,济宁市,Type II Large City,1200.0,0.0,1200.0,0.0,8423527.5,1200.0,-1200.0,0.0,1.4245813289028855,-1.4245813289028855,2.849162657805771,16.387320814461543,0.3054036356099785,0.1829886167979635,0.117565062275087,2.365955767934467,10.918710967857162,3.3968048919977605,0.002163744739881679,0.002893198327882429,0.0015897953877538895,-0.00039397410713008785,-0.36693773176958056,-0.27028208493449846,0.10536271728541147
山东省,淄博市,Type II Large City,0.0,650.0,0.0,0.0,4724016.0,0.0,650.0,650.0,0.0,1.3759479222763005,-1.3759479222763005,15.94764101341979,0.2131653415025921,0.0909044199639435,0.0543785175885773,0.4104985658234101,3.5746444641132493,1.78847581655558,1.4209468868963562,-0.0036911705491087243,5.630226573209718e-05,0.0006530576629557999,-0.024440446688240802,0.18924666069390295,-0.07393575821289144
山东省,滨州市,Medium-sized City,0.0,0.0,0.0,0.0,3924741.5,0.0,0.0,0.0,0.0,0.0,0.0,14.063348236407618,0.3118820415301006,0.1806337515481204,0.1172591147527687,4.239229860096001,6.647890683202252,3.5293341327555883,0.18806188226208675,-0.002978433012969517,-0.0051950462796251096,-0.005561203707807397,-0.9189774469454823,-1.1459292492940287,0.0708943911569091
山东省,潍坊市,Type II Large City,2000.0,404.0,0.0,1300.0,9547278.5,700.0,404.0,1104.0,0.7331932340718876,0.4231572379500608,0.3100359961218268,14.896186962933609,0.3594071919723135,0.2213184566183413,0.1265711672003258,0.8700335367700043,9.548811601577324,4.650284080445776,0.9087428815162593,-0.004859857001171086,-0.008224146781369512,-0.006340443233888993,-0.29093699335133194,-1.1452731722438063,-0.3372164968989013
山东省,烟台市,Type II Large City,0.0,0.0,0.0,0.0,7209397.0,0.0,0.0,0.0,0.0,0.0,0.0,7.815120748637878,0.4871818812881224,0.3995137647408145,0.2078466376500088,0.0562372046507891,16.365546706335124,11.131373616256074,-0.14133670429797185,0.002316406203789978,0.003433462946092425,0.0003630988300500071,-0.19447903817810128,-0.08727427620144823,-0.09086565386869516
山东省,聊城市,Type II Large City,0.0,0.0,0.0,0.0,6029377.0,0.0,0.0,0.0,0.0,0.0,0.0,12.698508200822053,0.2698841568773558,0.1368206815916269,0.0876151472079321,2.788118712178666,4.461036926771596,2.3924285863183674,0.09091654211507105,0.0012774480982631897,0.0012482302783274057,0.000653114331553406,0.014472314102336181,-0.015862056589992513,-0.01761755669534626
山东省,菏泽市,Medium-sized City,0.0,0.0,350.0,0.0,8712394.5,0.0,-350.0,-350.0,0.0,-0.4017265287975654,0.4017265287975654,6.103943806428176,0.295594508494826,0.1637205597406172,0.1048688175975854,3.715119817617264,5.222990233186986,2.5341448684586765,-0.32515680637115096,-0.004896250912882094,-0.003885045689841715,-0.002491661056916006,-0.066827864750163,-0.20781351393674274,-0.09950060670054306
山东省,青岛市,Super City,0.0,0.0,0.0,0.0,8971252.5,0.0,0.0,0.0,0.0,0.0,0.0,19.965062290715714,0.2831440093387405,0.1408347307246053,0.0782579708487569,0.0139919641378278,5.280851108672318,3.619253735332889,-0.015064570330387994,0.003703268448933983,0.00399867297471751,0.0023095629454810973,5.680072491701105e-06,0.1262712649673725,0.07675961037050305
山西省,临汾市,Medium-sized City,0.0,300.0,0.0,0.0,4519669.5,0.0,300.0,300.0,0.0,0.6637653483291202,-0.6637653483291202,7.248536774192721,0.4434670462764494,0.392940792538472,0.2792018791461548,19.61704019347948,,350.79863183059706,0.6286984366271442,-0.0033471133847849943,-0.007557323393138304,-0.005902708591277783,-0.6445552712065279,,
山西省,吕梁市,Small City,0.0,0.0,0.0,0.0,3911708.5,0.0,0.0,0.0,0.0,0.0,0.0,5.347492694854736,0.5517288034553749,0.5685694269752851,0.354939970465272,24.93086163519604,,,-0.016398229906635642,0.007108252276025073,0.015109122908265937,0.008489739536721996,0.7346971079946591,,
山西省,大同市,Type II Large City,0.0,51.0,0.0,0.0,3474052.0,0.0,51.0,51.0,0.0,0.14680263853275655,-0.14680263853275655,16.279022025015934,0.4093550390499699,0.3952684997666185,0.2905444264399319,21.07720689899008,,,0.08605183649650527,0.0019050168258876177,0.002905973031850584,0.0016661349787044921,0.06520938254689312,,
山西省,太原市,Type I Large City,0.0,600.0,0.0,0.0,4393089.0,0.0,600.0,600.0,0.0,1.3657815719189845,-1.3657815719189845,48.060136472050765,0.1170789810817368,0.0538051536445195,0.0413484188105204,2.1455961167458515,1.8409197629311256,1.2996760110128651,1.0519511526279715,-0.0006013212147300967,-0.0003665865067116955,-0.0003572034738500013,-0.014682215893382367,0.022513692581915157,-0.0032523485067139646
山西省,忻州市,Small City,0.0,0.0,0.0,0.0,3208194.0,0.0,0.0,0.0,0.0,0.0,0.0,0.2017775230368392,0.7534353151399881,1.1200332932657406,0.6056971429871028,48.49444214970571,,,-0.12905840453898737,0.004782794127337842,0.018814433969501776,0.007535014656444794,0.8783390197554155,,
山西省,晋中市,Medium-sized City,0.0,0.0,0.0,0.0,3398438.0,0.0,0.0,0.0,0.0,0.0,0.0,5.092452727765592,0.5778705978415641,0.5856363042565206,0.3296136135360316,11.633213944329992,,18.30376493047868,0.05735080680720639,0.004853537254985385,0.009907191709764618,0.004519129404322975,-0.10522019053401444,,1.302902062578692
山西省,晋城市,Medium-sized City,0.0,0.0,0.0,0.0,2384178.0,0.0,0.0,0.0,0.0,0.0,0.0,12.49464030205449,0.2900729728277406,0.1586560941327025,0.10330512155217,4.007842532797988,5.945670766218314,2.4361721408046484,-0.14564230551062884,-0.0018343499096833416,-0.0015641609359277886,-0.0009306344662202981,0.0105087940092643,-0.09325238858160123,-0.06642277746711445
山西省,运城市,Medium-sized City,0.0,0.0,0.0,0.0,5374546.5,0.0,0.0,0.0,0.0,0.0,0.0,3.9624918407493537,0.4430488303174474,0.3780561103423114,0.2648551046457356,17.870897004522284,,26.238329844155768,0.11152229538322977,-0.017010543747528972,-0.027974061538979078,-0.01722266878945583,-1.1154978321486801,,-56.47305239415813
山西省,长治市,Type II Large City,0.0,0.0,0.0,0.0,3492390.5,0.0,0.0,0.0,0.0,0.0,0.0,20.67333911854744,0.3145025140259054,0.2233314472769615,0.1618072368596661,8.250918508186581,52.46132424513991,4.4286205372337335,0.1473937642051979,0.002045451724087821,0.0017709612124557073,0.0009265939843162152,-0.026592191350685468,2.2086920752752803,0.1618398295112895
山西省,阳泉市,Medium-sized City,0.0,0.0,0.0,0.0,1430489.0,0.0,0.0,0.0,0.0,0.0,0.0,14.040150732766056,0.1251411572157511,0.0427356303015443,0.0280905123989773,1.0672422663679766,1.705113114052789,1.2824565765284168,-0.033932984793313636,-0.0012669205685311158,-0.0023861222756733982,-0.0021428814752200986,-0.11301592036062891,-0.02387916936745249,0.0041023425537281
广东省,东莞市,Super City,0.0,0.0,0.0,0.0,8597787.0,0.0,0.0,0.0,0.0,0.0,0.0,23.1453914359412,0.1446350927405164,0.0326205419563386,0.0165691694971544,0.0,1.96397847122394,1.6217059948207582,1.9215090654950302,-0.004836299166797509,-0.0022368091095157985,-0.0011548712908740003,0.0,-0.04867857035949297,-0.019882201706874936
广东省,中山市,Type II Large City,0.0,0.0,0.0,0.0,3268748.5,0.0,0.0,0.0,0.0,0.0,0.0,25.475711724157517,0.0928325029886141,0.0148177293681589,0.0076876228882297,0.0001833016476068,1.5268806144664828,1.3092205512673312,2.3017999647873175,-0.013467952548355394,-0.0049555773601052,-0.0026858560318782,-5.103935522999951e-07,-0.09735436773935957,-0.05228621007099332
广东省,云浮市,Small City,0.0,0.0,0.0,0.0,2480535.0,0.0,0.0,0.0,0.0,0.0,0.0,10.639981111452352,0.2284996919665056,0.1074303910717873,0.0715273004745473,2.670464861531079,3.9685104552310895,2.0583481605358527,-0.22110261598031933,-0.01707664269283049,-0.014392108335186296,-0.009744378254876493,-0.5519140413962753,-0.46616245371532017,-0.16306387393114896
广东省,佛山市,Super City,0.0,528.0,0.0,0.0,7521891.5,0.0,528.0,528.0,0.0,0.7019510983374329,-0.7019510983374329,32.28439500596788,0.1100310826143323,0.0263982122305987,0.0149228000046193,0.0495728556354539,1.6991701980654876,1.3129144564443762,1.6374496325471988,0.002701448566336792,0.0010920541480805013,0.0006418514101343004,-3.151423528310188e-05,0.03805316502978595,0.020563037664878436
广东省,广州市,Mega City,3033.0,1544.0,322.0,0.0,13296287.5,3033.0,1222.0,4255.0,2.281087860051161,0.9190535328000391,1.3620343272511217,36.76041734402449,0.1105768138361912,0.0323636325388578,0.0193443170288802,0.0279313727897958,1.6847814493085391,1.3226000555554274,2.085527736739479,-0.0013465228034819088,0.00043961381328250226,0.000456230817143799,-0.0091756836664027,-0.03082064862419709,-0.016924729845903208
广东省,惠州市,Type II Large City,0.0,0.0,0.0,0.0,4812845.5,0.0,0.0,0.0,0.0,0.0,0.0,11.144643870910796,0.2768471714507865,0.15074138346069,0.0987079139338359,3.079589786406913,6.103591312610021,2.7046292340094062,0.561019826345742,0.004056084069571142,0.0011665977679402861,-0.0006798781136090892,-0.214874622029523,0.0962290282443643,0.09434972186252066
广东省,揭阳市,Medium-sized City,0.0,0.0,0.0,0.0,6154320.0,0.0,0.0,0.0,0.0,0.0,0.0,8.460201536602986,0.1871027464802078,0.0660371344795123,0.0371031191226209,0.1199115088762101,2.665557958293157,1.8180750094082807,0.11816907043081137,-0.0013255424961889917,-0.0006933426311186985,-0.000729404113137197,-0.024090162519460584,0.012226644447063784,0.009408321955606702
广东省,梅州市,Medium-sized City,0.0,0.0,0.0,0.0,4437927.0,0.0,0.0,0.0,0.0,0.0,0.0,10.890973978737108,0.4132456755476477,0.3339606883266437,0.2318181047452472,12.07861489878477,,16.41193212324737,-0.24769586895522622,0.006018788113779372,0.0015227378141994263,-0.005176277681126412,-1.9098005388743111,,-2.918000745442317
广东省,汕头市,Type II Large City,0.0,0.0,0.0,0.0,5622532.5,0.0,0.0,0.0,0.0,0.0,0.0,9.171413085702838,0.0853327569418986,0.0139076525824897,0.007460619435591,0.0,1.4818039100614018,1.2965694724052717,0.05008354281769378,0.0029673398461187023,0.0007179376732307993,0.00036405168331529996,0.0,0.03826695240940814,0.011710473081048889
广东省,汕尾市,Small City,0.0,0.0,0.0,0.0,3036609.5,0.0,0.0,0.0,0.0,0.0,0.0,2.582521944320505,0.2694529239571972,0.1329111154293721,0.0788792404061529,0.7868899038157977,4.475936326296703,2.099002350970132,0.03316585735134714,-0.012902845880258473,-0.011480692264776216,-0.0063671650783259925,-0.16124105704111147,-0.3292557333303989,-0.10019717545185758
广东省,江门市,Type II Large City,0.0,0.0,9.0,0.0,4650464.5,0.0,-9.0,-9.0,0.0,-0.019352905500084994,0.019352905500084994,7.556096840844649,0.4097930632441654,0.2758049307403852,0.149079295245009,1.3798357759649005,9.939096074133754,5.245843207726107,0.09331455872125627,0.0009673584925367074,0.0006920667845419226,-0.0008363429813111889,-0.2164827409681387,-0.48165849652597714,-0.09262672221927382
广东省,河源市,Medium-sized City,0.0,0.0,0.0,0.0,3078182.0,0.0,0.0,0.0,0.0,0.0,0.0,3.230656633104709,0.533950023066408,0.531592829439562,0.348895291028055,22.88982731654999,,,0.18025487884033664,-0.00610642187714483,-0.013601937952487875,-0.008218246065510693,-0.785220334595806,,
广东省,深圳市,Mega City,3163.0,54.0,0.0,0.0,10654204.0,3163.0,54.0,3217.0,2.9687811496757526,0.05068421817340835,2.9180969315023444,19.28502598854049,0.0618234940027276,0.00823630989586,0.0043743940877949,0.0,1.2815908223064194,1.1369789827401384,1.9664868416252617,-0.005115309751226593,-0.0007975216561751999,-0.0003190959643613999,0.0,-0.04970842443213863,-0.014447326096634017
广东省,清远市,Medium-sized City,0.0,0.0,0.0,0.0,3877857.0,0.0,0.0,0.0,0.0,0.0,0.0,3.108350594544738,0.6177474542601651,0.718133727342457,0.4570932427531822,35.424416294491394,,,0.13279427322954396,-0.0013142416590435912,-0.007278663290340104,-0.006216233045425512,-1.0707032198848552,,
广东省,湛江市,Type II Large City,0.0,218.0,0.0,0.0,7246944.5,0.0,218.0,218.0,0.0,0.30081643373976436,-0.30081643373976436,11.580746783584845,0.4580507761577947,0.425770214239869,0.3075190905241518,23.6709899300236,,,0.8823251540902692,-0.0017974187209762738,-0.0003201222803322912,0.0009603122474569625,0.2606928555006469,,
广东省,潮州市,Medium-sized City,0.0,0.0,0.0,0.0,2779603.0,0.0,0.0,0.0,0.0,0.0,0.0,6.855144067927321,0.2432115920156421,0.1262278689194071,0.0792845871497015,0.2503712097179524,5.369501487595164,2.2602768036009864,-0.20094491722478391,-0.001377221729845085,-0.002139928863283097,-0.002487844604388792,-0.25626864366883934,-0.1803814724747861,0.008520073315833265
广东省,珠海市,Type II Large City,1008.0,193.0,0.0,0.0,1598073.0,1008.0,193.0,1201.0,6.307596711789762,1.2077045291422859,5.0998921826474755,19.461457898199043,0.1379976563739593,0.0399173810014363,0.0224802815327823,0.079922864125507,2.0587045697097963,1.5148951382772964,2.669267726103044,-0.007141764072445295,-0.005279002310554705,-0.003466292938982502,-0.0656419216035043,-0.11824355940300446,-0.01747118732184605
广东省,肇庆市,Medium-sized City,0.0,0.0,0.0,0.0,4106460.0,0.0,0.0,0.0,0.0,0.0,0.0,4.707067584991455,0.5728625088185634,0.6524104254408687,0.4394438849035033,35.55188623038445,,,0.519967572851832,-0.0021482913086582345,-0.008696537684692474,-0.003925668116242731,0.05396511839273899,,
广东省,茂名市,Medium-sized City,0.0,500.0,0.0,0.0,6082349.5,0.0,500.0,500.0,0.0,0.8220507552221391,-0.8220507552221391,12.49553191053624,0.3181809663894664,0.1992579653860182,0.1338252417031438,5.475167584470306,11.978965137835925,3.447355607639305,0.3669388298422138,-0.012672320711692386,-0.021668982366099404,-0.020123565358373396,-1.9863768294061392,-14.662782685889251,-0.38413419391790793
广东省,阳江市,Medium-sized City,0.0,0.0,0.0,0.0,2524376.0,0.0,0.0,0.0,0.0,0.0,0.0,8.062522949710969,0.2495218092745112,0.1397320956191526,0.1026889041154848,5.720320125575432,4.784614183099854,2.2357319863551406,-0.08652160644078322,-0.017003787702546097,-0.010499538381465195,-0.0036394898236573048,0.5142979165673474,-1.2297444298567077,-0.19376774658965834
广东省,韶关市,Medium-sized City,0.0,0.0,0.0,0.0,2961400.0,0.0,0.0,0.0,0.0,0.0,0.0,12.692053488222196,0.4939699104634414,0.4991012404020843,0.3524568371573798,26.06191504679626,,,0.22044876494655874,-0.006566197941287433,-0.01576004385370794,-0.010917948218953477,-1.3170829192435427,,
广西壮族自治区,北海市,Medium-sized City,1000.0,0.0,0.0,0.0,1583258.0,1000.0,0.0,1000.0,6.316089986597257,0.0,6.316089986597257,23.07242168318122,0.3241669642790526,0.2331722946534665,0.1649926045493124,8.477481915331776,41.43047635127826,4.614505536553868,7.993912558631559,0.0017472849974654037,0.012732298508601303,0.012703023542218084,1.0244931869051603,25.493334514404243,0.3909187377919068
广西壮族自治区,南宁市,Type I Large City,756.0,601.0,87.0,0.0,6962722.0,756.0,514.0,1270.0,1.085782255847641,0.7382170363831847,0.3475652194644564,28.304143262946088,0.4755791199816602,0.4713986438469226,0.3148853201020437,13.823989756182986,,100.42330346970252,-0.09213318809127102,0.005548910278924013,0.004052983434813084,-0.0014637781603382138,-1.5424188795754858,,-50.21850161812671
广西壮族自治区,崇左市,Small City,0.0,0.0,0.0,0.0,2093902.5,0.0,0.0,0.0,0.0,0.0,0.0,3.4668963150239325,0.6332263236910498,0.7382358407365193,0.4320853785420462,29.600575715781822,,,-0.03395142432773923,0.012331290339446355,0.030992031580380552,0.009184319021468323,0.3250882190279718,,
广西壮族自治区,来宾市,Small City,0.0,0.0,0.0,0.0,2203051.0,0.0,0.0,0.0,0.0,0.0,0.0,5.1898569754855055,0.5904967595174295,0.6275417510267454,0.384667703650748,22.33209858411797,,,-0.5120994202162619,0.010491581381376958,0.025794657414981104,0.015373333078408769,-0.1487262938585232,,
广西壮族自治区,柳州市,Type II Large City,0.0,0.0,170.0,0.0,3926262.0,0.0,-170.0,-170.0,0.0,-0.4329818030482938,0.4329818030482938,31.876636434829468,0.4028665714473555,0.388287512415115,0.2977175102609695,24.876878926896488,,,-1.1664234994758012,-0.004745050599562206,-0.009496397033955384,-0.007084852007324893,-0.9344490461704034,,
广西壮族自治区,桂林市,Type II Large City,1700.0,1200.0,0.0,0.0,4970982.0,1700.0,1200.0,2900.0,3.419847426524578,2.4140099481349964,1.0058374783895818,6.076426298721977,0.5851008550821151,0.7212165799949726,0.4803552937684873,39.8073523819396,,,2.153667481049247,-0.007902988518607379,-0.01547542523317924,-0.010139582616257525,-2.1863193392519165,,
广西壮族自治区,梧州市,Medium-sized City,0.0,100.0,110.0,0.0,3015205.5,0.0,-10.0,-10.0,0.0,-0.03316523533802257,0.03316523533802257,8.969485157933729,0.5568681820179788,0.5884790948797339,0.3844342686682399,26.31117369909326,,,0.05265354636563657,-0.0025810146985825178,-0.0053832613695785625,-0.00253432867254072,0.003484303782645526,,
广西壮族自治区,河池市,Small City,0.0,0.0,0.0,0.0,3533782.0,0.0,0.0,0.0,0.0,0.0,0.0,1.019753138224284,0.6723973789393844,0.8834006843594698,0.5375800999975597,45.1709897095885,,,0.3518809712844314,-0.008492115028115643,-0.027327529206289336,-0.01307950264750013,-1.514237823969836,,
广西壮族自治区,玉林市,Medium-sized City,0.0,0.0,0.0,0.0,5717352.5,0.0,0.0,0.0,0.0,0.0,0.0,7.466003397277223,0.4075738036610002,0.3219742625460248,0.2219944958336683,12.434900848077088,,8.520355222114175,0.018721925346219415,-0.006265570621850902,-0.004752298886764206,-0.0017387637240538212,0.0294817147180666,,-0.823885236543445
广西壮族自治区,百色市,Small City,0.0,0.0,0.0,0.0,3623195.5,0.0,0.0,0.0,0.0,0.0,0.0,0.0,0.7770839265967715,1.276966342611397,0.6952946047885036,64.37821802754154,,,0.0,0.0022067449742873,0.008955932936232758,0.00287434374989215,0.8798412112368439,,
广西壮族自治区,贵港市,Medium-sized City,0.0,0.0,0.0,0.0,4317733.0,0.0,0.0,0.0,0.0,0.0,0.0,2.1755338054637785,0.6057664838100592,0.735248885769172,0.4816297255048288,40.09871095245199,,,0.8714955814621397,-0.013088511324784502,-0.04866056411620667,-0.029929457776767754,-4.224949312995925,,
广西壮族自治区,贺州市,Small City,0.0,0.0,0.0,0.0,2050861.5,0.0,0.0,0.0,0.0,0.0,0.0,9.262211280661,0.3865531035509045,0.3012267786728799,0.2093976249512733,11.659138018932556,,8.581241252205327,-0.051551169557198406,-0.015034767743578814,-0.032785641378091424,-0.03064020680203411,-4.319576949534424,,-13.344308958849176
广西壮族自治区,钦州市,Medium-sized City,500.0,200.0,0.0,0.0,3217728.0,500.0,200.0,700.0,1.5538914414145635,0.6215565765658253,0.9323348648487382,4.537334230473332,0.637714655857154,0.7684261841207689,0.4691453303199797,31.60317236178331,,,1.6329625575206537,-0.030638684957264406,-0.09197860082743936,-0.048225367161924215,-6.996239884567817,,
广西壮族自治区,防城港市,Small City,0.0,8.0,0.0,0.0,875388.0,0.0,8.0,8.0,0.0,0.09138804735728615,-0.09138804735728615,13.41451051866809,0.4499853808203353,0.3730489109830055,0.2455586293682955,12.946222331221165,,13.278241274372276,1.45360647158145,-0.00881340193769481,-0.011853578580661883,-0.007473324329485581,-1.0050950643956398,,-1.195386033283853
新疆维吾尔自治区,乌鲁木齐市,Type I Large City,1200.0,0.0,0.0,0.0,3259829.5,1200.0,0.0,1200.0,3.681174122757034,0.0,3.681174122757034,66.39068231010894,0.0654649331958823,0.0196793751149478,0.0134411335707904,0.3481844231736553,1.314593876185855,1.121271610426965,3.230068330509752,-0.0013973333566554974,-0.00035071349230229865,-4.8703987468099244e-05,0.008921984139674655,0.0021524946162712055,0.0020203532305338445
新疆维吾尔自治区,伊犁哈萨克自治州,Small City,0.0,0.0,0.0,0.0,2418691.5,0.0,0.0,0.0,0.0,0.0,0.0,20.38518234552857,0.5159579195617536,0.5830635832442699,0.4210837705940986,38.36752742298279,,,0.04453297914978549,-0.0010130884842436405,-0.0021476142907859153,-0.0016475597654697638,-0.363542945542882,,
新疆维吾尔自治区,克孜勒苏柯尔克孜自治州,Small City,0.0,0.0,0.0,0.0,554543.5,0.0,0.0,0.0,0.0,0.0,0.0,8.898845672607422,0.564117787689143,0.6272269644228455,0.4172697933594762,33.14959509759255,,,1.2923392845840063,-0.007275419569308994,-0.014950860136173083,-0.005129698690731155,-0.02007162204455426,,
新疆维吾尔自治区,克拉玛依市,Small City,0.0,0.0,0.0,0.0,356666.0,0.0,0.0,0.0,0.0,0.0,0.0,35.68883973091393,0.1111007534502894,0.0466582969564788,0.0349045111925965,1.3279725389950192,1.379890034026978,1.3398874769144378,0.4167959475431644,0.0025350688730028936,0.0036774238354599018,0.0029560360084065,0.043477170197447235,-0.006530801983281931,-0.0016058931423934553
新疆维吾尔自治区,博尔塔拉蒙古自治州,Small City,0.0,0.0,0.0,0.0,424133.5,0.0,0.0,0.0,0.0,0.0,0.0,9.159826082206632,0.562098976410345,0.7030840662715974,0.4766602169943459,41.59375588623092,,,-2.911900592874149,0.006784248203794863,0.01946868452430839,0.008773292129990617,0.5312527874012716,,
新疆维吾尔自治区,吐鲁番市,Small City,673.0,0.0,0.0,0.0,651872.5,673.0,0.0,673.0,10.324104790430644,0.0,10.324104790430644,5.941549624839839,0.5611123021276087,0.6272165210804203,0.4249341739268553,35.5488832378443,,,5.941549624839839,-0.4388740649191005,-10.419161626059159,-0.575041708803594,-64.44389671192258,,
新疆维吾尔自治区,和田地区,Small City,0.0,0.0,0.0,0.0,2067234.5,0.0,0.0,0.0,0.0,0.0,0.0,6.004638195037842,0.5649428813277476,0.693023056871874,0.4833823826914613,45.41394157124908,,,-0.28808049343092,-0.0007667045254623472,-0.002213583442729372,-0.0021763050177333043,-0.6759808162437793,,
新疆维吾尔自治区,哈密市,Small City,800.0,0.0,0.0,0.0,582312.0,800.0,0.0,800.0,13.738339584277846,0.0,13.738339584277846,38.25088743406365,0.313799287304594,0.3385560662006447,0.2775637437973915,25.5061686897408,,,19.159305272398033,-0.002720784812841104,-0.0038593984403149095,-0.0024630008029821737,-0.23422111762543807,,
新疆维吾尔自治区,喀什地区,Small City,0.0,500.0,0.0,0.0,4164372.0,0.0,500.0,500.0,0.0,1.2006612281515676,-1.2006612281515676,0.0,0.751030869904276,1.2138827296750927,0.6789086506837743,62.97811472235445,,,0.0,-0.004930456555131912,-0.021899622368646288,-0.006335019116453511,-0.46664983600898324,,
新疆维吾尔自治区,塔城地区,Small City,0.0,0.0,0.0,0.0,1342981.0,0.0,0.0,0.0,0.0,0.0,0.0,19.89306528814908,0.524994950361139,0.5474915746773328,0.3801827201516372,29.99629697377989,,,0.4638380605858252,-0.011735235779335884,-0.02352638128545992,-0.014225132228878001,-1.4917323987725197,,
新疆维吾尔自治区,巴音郭楞蒙古自治州,Small City,0.0,0.0,0.0,0.0,1255143.5,0.0,0.0,0.0,0.0,0.0,0.0,15.64660797656422,0.492205655772675,0.5439987110038871,0.3936262653696882,34.63206804095824,,,0.23980232074660357,-0.011181480249304487,-0.03080752927342012,-0.022138261873437814,-2.91668945566893,,
新疆维吾尔自治区,新疆维吾尔自治区,Small City,0.0,0.0,0.0,0.0,1128034.5,0.0,0.0,0.0,0.0,0.0,0.0,32.42758548672428,0.4057093150100904,0.3368611851090284,0.2437938762846058,17.80675545876656,,12.396061036614883,2.8047607056430266,-0.014244681942726933,-0.033373839946791994,-0.022435442507286185,-1.885662585662736,,-83.63578170407183
新疆维吾尔自治区,昌吉回族自治州,Small City,0.0,0.0,0.0,0.0,1497339.0,0.0,0.0,0.0,0.0,0.0,0.0,9.947568121410551,0.5869256990396134,0.7102111977254983,0.4801627518452985,42.124575837121455,,,1.393720161294027,0.0004717893469450285,-0.010088015128208783,-0.008564503328575501,-1.4676165261827023,,
新疆维吾尔自治区,阿克苏地区,Small City,0.0,0.0,0.0,0.0,2483720.0,0.0,0.0,0.0,0.0,0.0,0.0,0.0,0.7599644341348851,1.2901914291844996,0.7116950581998502,68.54787803346288,,,0.0,-0.00280893578335073,-0.016398579632511456,-0.0055469231291631615,-0.8066186213314097,,
新疆维吾尔自治区,阿勒泰地区,Small City,450.0,0.0,0.0,0.0,562780.0,450.0,0.0,450.0,7.9960197590532704,0.0,7.9960197590532704,0.0,0.7608709045222629,1.2495315985809203,0.6902472771766089,64.6033731690222,,,0.0,0.007669895144764793,0.020449052392975453,0.0024644703435178217,-0.6420471638989085,,
江苏省,南京市,Super City,0.0,2650.0,0.0,0.0,8352515.5,0.0,2650.0,2650.0,0.0,3.17269689592315,-3.17269689592315,37.059475752289664,0.1435746275094478,0.070833762688844,0.0513426920989228,1.222004400459247,2.1475255773956947,1.3793536065246217,3.035444639929267,0.00012216992661670534,-7.00561502036956e-05,-0.0002732327787370939,-0.016554393647483012,0.022538208837981077,-0.0014781247558603994
江苏省,南通市,Type II Large City,0.0,0.0,0.0,0.0,7620040.5,0.0,0.0,0.0,0.0,0.0,0.0,6.646972379977511,0.4261264937106421,0.3364854459992786,0.2233412916944871,10.020109728744725,,10.675502789969691,0.13150320442218,-0.0008698758618408964,-0.00014970937102920523,0.0005460650079059104,0.009591223192549236,,0.21157043089152694
江苏省,宿迁市,Medium-sized City,0.0,0.0,0.0,0.0,4891613.5,0.0,0.0,0.0,0.0,0.0,0.0,6.999288088968615,0.3940471574882063,0.2862935000605792,0.1883733311476421,8.572488972961452,59.954105738530544,5.871156403718902,0.5890523001978183,-0.006684594357604212,-0.012773109467718424,-0.010452502393325014,-0.8924588152138586,-153.4961258904737,-1.2438940381906676
江苏省,常州市,Type I Large City,0.0,0.0,0.0,0.0,4801610.0,0.0,0.0,0.0,0.0,0.0,0.0,16.8672014264436,0.2019533263257135,0.0916805738605326,0.0555015239414511,0.0900944744135436,3.704699392717493,1.9186536906458256,0.2774941914315079,-0.006941917463084396,-0.0032237663861984928,-0.001724770754548098,-0.027321114622718398,-0.10291309382094793,-0.05822452471002726
江苏省,徐州市,Type II Large City,860.0,0.0,0.0,0.0,8919013.0,860.0,0.0,860.0,0.9642322530531126,0.0,0.9642322530531126,15.63410317526042,0.45223623718532,0.3648795074943672,0.2280624491630657,9.224544699600097,576.3782250672717,8.162523056437013,2.6998146843127078,-0.03411391580090656,-0.05581061272939519,-0.026513994946648606,-0.26745647031686914,-559.6980061215758,-2.991473482740851
江苏省,扬州市,Type II Large City,0.0,0.0,112.0,0.0,4673600.5,0.0,-112.0,-112.0,0.0,-0.2396439319107399,0.2396439319107399,14.751036774741666,0.3557607533652439,0.2373274171899678,0.1498028578091437,4.014871477105189,11.78609204957707,4.570531799463775,-0.01509078924444296,-0.009137176933479096,-0.018579985399946986,-0.014213737334234283,-0.8789159082545872,-5.991020867968528,-0.8631466779741217
江苏省,无锡市,Type I Large City,0.0,110.0,0.0,0.0,6677987.5,0.0,110.0,110.0,0.0,0.1647202843671091,-0.1647202843671091,20.78481609727285,0.1712565527890895,0.0674985253091281,0.0392039289594084,0.0004934747681864,3.043755548818483,1.6853105630012075,-0.048934636936849074,-0.0030978413902822965,-0.0017670000934384006,-0.0009150353958008034,1.3621339416299927e-05,-0.077226994841197,-0.04992273619263954
江苏省,泰州市,Medium-sized City,0.0,0.0,0.0,0.0,4834289.0,0.0,0.0,0.0,0.0,0.0,0.0,11.364792094511143,0.2152191071904224,0.0776965405445769,0.0428872359803857,0.221048913346595,2.8675580944965406,2.057602825457591,0.059355339894599624,-0.007213467076957997,-0.0052782284135564905,-0.003023224065098404,-0.0009262095310112184,-0.0935463359245392,-0.037820447411882174
江苏省,淮安市,Type II Large City,0.0,1133.0,0.0,0.0,5045552.5,0.0,1133.0,1133.0,0.0,2.2455419897028124,-2.2455419897028124,9.107832091680944,0.3769339788363873,0.312738030153223,0.2349582666347607,16.034991308381937,,31.41259637217101,1.8145288809963498,-0.002114710977880019,-0.0009147430220328157,0.0007914008815566864,0.3207243070148742,,3.822422491108334
江苏省,盐城市,Type II Large City,0.0,0.0,0.0,0.0,7601162.5,0.0,0.0,0.0,0.0,0.0,0.0,4.613013354435839,0.5725133314287982,0.6104238962950056,0.3902782100699159,24.194765735879457,,,0.02329150595341911,-0.0035064204470929283,-0.009435868370480494,-0.006302272677306098,-0.7089967618216484,,
江苏省,苏州市,Type I Large City,0.0,0.0,0.0,0.0,10867909.0,0.0,0.0,0.0,0.0,0.0,0.0,15.079805925891588,0.1972217523856585,0.0667667523911265,0.0359393372580102,0.0,2.793105579230503,1.9968414958104903,-0.09421615339760514,0.0006627827625466931,-0.0007718281315030884,-0.0010407451406753004,-0.0582614732164,0.01939898371616522,0.005044284369988272
江苏省,连云港市,Type II Large City,0.0,0.0,0.0,0.0,4592867.0,0.0,0.0,0.0,0.0,0.0,0.0,14.048597664249186,0.2683880343699715,0.1453429294963659,0.0971149254874624,3.2502683589132237,6.114549636202385,2.571453167218808,0.05442458924702187,-0.0018189326895787783,-0.0020899263034435955,-0.0015645592264350028,-0.19077786321383972,-0.3571228141836418,0.019757803502838733
江苏省,镇江市,Medium-sized City,0.0,0.0,0.0,0.0,3262651.0,0.0,0.0,0.0,0.0,0.0,0.0,21.07427259591909,0.1975263257672329,0.0633766866419957,0.0331267875792875,0.0,2.7439871868974177,1.953871395168176,0.6017247826939496,0.00026960414813390066,0.000542455853899601,0.00036093920909809757,0.0,0.06910870226424937,-0.012581771066667802
江西省,上饶市,Type II Large City,0.0,0.0,0.0,0.0,6882417.0,0.0,0.0,0.0,0.0,0.0,0.0,5.028168999815787,0.4030822330952218,0.2999047608808591,0.1808044394854975,7.608922128129068,22.894954652158567,3.636108432614004,-0.008105469008636845,0.0012005026663967633,0.0021702892785924743,-1.4169265229124761e-05,-0.26177656059464294,-2.938790427987353,-0.04040511737877717
江西省,九江市,Medium-sized City,0.0,0.0,0.0,0.0,4947723.5,0.0,0.0,0.0,0.0,0.0,0.0,18.979787247521536,0.4797895977277552,0.4762005299354523,0.3457474453127351,28.52774623022116,,,-0.4182047646541136,0.004471160398757279,0.007660065394766713,0.004656432107744024,0.36823670492934113,,
江西省,南昌市,Type I Large City,1149.0,1735.0,1250.0,0.0,5279097.5,1149.0,485.0,1634.0,2.176508389928392,0.9187176406573283,1.2577907492710636,54.989545827316526,0.1656555616387962,0.073431204188828,0.0472465878574034,0.3713843558525336,2.698616985050532,1.7215263330889687,3.102388859501808,0.0007037931148256849,0.0008241039271499884,0.0005410223432208983,0.001280113586481224,0.04928907879496025,-0.006293650480724944
江西省,吉安市,Small City,0.0,300.0,0.0,0.0,5035528.0,0.0,300.0,300.0,0.0,0.5957667199944078,-0.5957667199944078,4.010036514865027,0.5850090598907365,0.6499286991013359,0.4248327968142672,32.77457942739061,,,0.22339808467834743,-0.0007085028466131682,-0.010467597013401608,-0.010538098083730352,-1.6566833323127312,,
江西省,宜春市,Medium-sized City,0.0,0.0,0.0,0.0,5679323.5,0.0,0.0,0.0,0.0,0.0,0.0,7.663832491949464,0.5039385941654748,0.4395881283113597,0.2608694650299602,10.743120409774829,,10.781782530706746,-0.23243549940248442,0.009068157224730311,0.0096340339872526,-0.003240699898773458,-2.0017342352474294,,-1.2418600648847509
江西省,抚州市,Medium-sized City,0.0,0.0,0.0,0.0,4097306.5,0.0,0.0,0.0,0.0,0.0,0.0,2.693875079211996,0.5177615658406585,0.5097958177501716,0.3332771201354171,23.034391387383486,,,0.007489896853910771,0.0006940145013177856,0.005188314330443089,0.004731440703717893,0.7075268213900117,,
江西省,新余市,Medium-sized City,0.0,0.0,0.0,0.0,1190587.5,0.0,0.0,0.0,0.0,0.0,0.0,9.041449531050754,0.1315145602588455,0.0408686596513088,0.0239967832708142,0.0874820925917849,2.0223909247016816,1.4292218904448248,-0.2509705364246102,0.0014033261793202079,-0.003766383262046598,-0.005398701917276198,-0.6843877636067667,0.14581374358955124,0.034240967570522196
江西省,景德镇市,Medium-sized City,0.0,0.0,0.0,0.0,1661769.5,0.0,0.0,0.0,0.0,0.0,0.0,11.984353742648317,0.3542419151274623,0.2517229011478878,0.1651335418318741,5.013043250951427,38.16805446832963,5.306926608323166,-0.0329693263310773,-0.0006235845436911025,-0.0029616596920408744,-0.005350085186625719,-1.252669691813086,-7.0391570157879,-0.015746485874800875
江西省,萍乡市,Medium-sized City,0.0,0.0,0.0,0.0,1932760.5,0.0,0.0,0.0,0.0,0.0,0.0,13.51622498536854,0.1867381442268252,0.1055045486832812,0.0752315727410454,1.2182728003120729,3.704585087174092,1.6499266808351214,-0.11168452989937805,-0.004507643906827508,-0.008017627571434302,-0.009136955255583001,-1.7515066280627685,-0.3907469224271396,-0.02482511728417891
江西省,赣州市,Type II Large City,0.0,0.0,0.0,0.0,8757004.0,0.0,0.0,0.0,0.0,0.0,0.0,0.0,0.6994042633775837,0.9955590557912274,0.5985614883879558,52.33679283700169,,,0.0,0.005755608598948081,0.02252002683998422,0.009937443025728632,1.2577268150282492,,
江西省,鹰潭市,Small City,0.0,0.0,0.0,0.0,1177647.0,0.0,0.0,0.0,0.0,0.0,0.0,8.493102587321225,0.1479892500306024,0.0530437451508988,0.0341277259289103,0.6179167885625612,2.025326572645031,1.4693961779131168,-0.059295926447317626,-0.007198312719344513,-0.005177350983742807,-0.0055405972440916995,-0.637175646954514,-0.1495919795543399,-0.0870525427290536
河北省,保定市,Type II Large City,0.0,1100.0,0.0,0.0,11680551.0,0.0,1100.0,1100.0,0.0,0.9417363958258477,-0.9417363958258477,9.40948166763866,0.3555538975753473,0.2475025472612486,0.1714972111420725,8.045266432477078,104.63913993554011,4.542698173488813,1.2638477212431578,-0.028576307331447226,-0.0324631728849919,-0.01901075191860821,-0.8731514663598094,-211.43791813472217,-1.0694780657467176
河北省,唐山市,Type II Large City,0.0,60.0,0.0,0.0,7813290.0,0.0,60.0,60.0,0.0,0.07679223476922013,-0.07679223476922013,10.013684941099044,0.3596784353578167,0.2380420955181071,0.1510793303154383,4.414828182723885,11.959155721992111,5.4577231637058015,0.23001950595010534,-0.008373939041244116,-0.008566872249007706,-0.004035842745655799,0.02280903483076191,-0.10780363452378872,-0.3881536947609643
河北省,廊坊市,Medium-sized City,0.0,0.0,0.0,0.0,4548787.5,0.0,0.0,0.0,0.0,0.0,0.0,14.999540447239902,0.2930475499120805,0.1533400258292304,0.0878734880964704,0.1996439163927984,6.305157863700479,3.2897129884534904,0.04819332890762951,-0.023345645096027323,-0.029904548197004194,-0.022124599519936505,-0.45381186147230346,-2.841041558124517,-0.6036703126956646
河北省,张家口市,Type II Large City,0.0,0.0,0.0,0.0,4542868.0,0.0,0.0,0.0,0.0,0.0,0.0,1.520337925994233,0.6676818047668986,0.8589391278791769,0.5161634226170133,38.98752369697417,,,0.11181199236504002,-0.011340237901870776,-0.03315596038619906,-0.013257498120846867,-1.123488172624242,,
河北省,承德市,Medium-sized City,0.0,100.0,0.0,0.0,3626652.0,0.0,100.0,100.0,0.0,0.27573640922812553,-0.27573640922812553,2.614865553866532,0.6506627788398474,0.835258039468519,0.5249811103290367,43.7478522431393,,,0.04399259681031342,-0.0006089087230219947,-0.0019332733478703013,-0.0006716293364315007,-0.196025724879334,,
河北省,沧州市,Medium-sized City,0.0,749.0,0.0,0.0,7457528.0,0.0,749.0,749.0,0.0,1.0043542578720455,-1.0043542578720455,12.076328900448352,0.4591973649245454,0.3632462602302241,0.2169294276501661,5.9069043349337855,40.089535792131976,8.66968868595739,0.9144107676551041,-0.011252291296416306,-0.01986208447078691,-0.013617882622287109,-1.2112780398964862,-18.306401214512498,-1.6962080171140954
河北省,石家庄市,Type I Large City,0.0,2780.0,0.0,0.0,10653044.0,0.0,2780.0,2780.0,0.0,2.60958276338669,-2.60958276338669,22.54502633643026,0.2857029908878052,0.164342276363423,0.106764053777614,2.256591505380789,7.998820384214472,3.013597436469217,2.4861128982137615,-0.0021458897854361725,-0.0016885340566429041,-0.0009892947971189003,-0.11676405972313963,-0.1461259746039847,-0.028969173963774963
河北省,秦皇岛市,Type II Large City,0.0,0.0,0.0,0.0,3117173.0,0.0,0.0,0.0,0.0,0.0,0.0,9.369398733248582,0.3467745045177898,0.2591658268949685,0.1776032251547007,7.958118906783397,35.75059954725682,6.995358183795992,0.0973787962999424,-0.01863460887068208,-0.029172335120345727,-0.02267486055442361,-1.8378488937024615,-319.15075517193816,-1.926267017673788
河北省,衡水市,Medium-sized City,0.0,0.0,0.0,0.0,4553766.5,0.0,0.0,0.0,0.0,0.0,0.0,2.6393938941234576,0.3993852554565109,0.2971415472886199,0.1912226873439524,9.75978596960593,166.24250148438654,4.632333760243889,0.004833622651969183,0.0012158457260997846,0.0018170993525541967,-0.0006251185196702036,-0.23833824684761673,-4619.5050037423725,-0.06196694660427848
河北省,邢台市,Type II Large City,0.0,0.0,200.0,0.0,7432792.0,0.0,-200.0,-200.0,0.0,-0.2690778915917464,0.2690778915917464,3.3305121163717843,0.5324492524826621,0.5189931980630114,0.330206295835899,18.025802334368965,,110.35779040225428,-0.19908112900827657,0.0022999636551268576,0.0016928273309811948,-0.0014719498299634037,-0.5019928343210864,,-36.234097391327836
河北省,邯郸市,Type II Large City,0.0,0.0,75.0,0.0,9580970.0,0.0,-75.0,-75.0,0.0,-0.0782801741368567,0.0782801741368567,7.569445069734153,0.4460799579762882,0.3782518103665432,0.2549126932792734,13.230540986131968,,18.62022990963264,-0.13805872831011978,-0.0021837512636040946,-0.0022159524310280676,-0.0008073684680490745,-0.09387548997929329,,0.3619400527724963
河南省,三门峡市,Small City,0.0,0.0,0.0,0.0,2345100.0,0.0,0.0,0.0,0.0,0.0,0.0,24.017918343179804,0.4049785771026581,0.3336243685677343,0.244164506013141,17.81701458293057,,21.248614651024656,-0.6382191276704035,0.010268886566560831,0.010041356781719302,0.004553302140934884,0.2233552435569699,,3.321205023705133
河南省,信阳市,Medium-sized City,0.0,0.0,0.0,0.0,6374318.0,0.0,0.0,0.0,0.0,0.0,0.0,0.0,0.7774729548048696,1.3296019855366117,0.7191502837084986,68.74345447210831,,,0.0,0.005269636059460181,0.025527383360619105,0.00710447784676238,0.5767655237352187,,
河南省,南阳市,Medium-sized City,1200.0,0.0,0.0,0.0,10763941.5,1200.0,0.0,1200.0,1.11483326066014,0.0,1.11483326066014,11.044992294311523,0.5527484248115886,0.5713584037625216,0.375628984226913,24.5065315533877,,,0.8834274664190929,-0.0024209895315941976,-0.008072189621422088,-0.0081580022363677,-3.236955105854385,,
河南省,周口市,Medium-sized City,1500.0,400.0,0.0,0.0,9329963.5,1500.0,400.0,1900.0,1.6077233313935257,0.42872622170494024,1.1789971096885856,4.65857383633448,0.4685718597725087,0.4022260279238283,0.2652946847597337,13.92414100102762,,22.89524414361701,1.8063129993435498,-0.03929043343636285,-0.06923635968081243,-0.04654074649533779,-6.099390208844069,,
河南省,商丘市,Medium-sized City,700.0,65.0,0.0,0.0,7692955.5,700.0,65.0,765.0,0.9099233708033277,0.08449288443173758,0.8254304863715902,3.90613055229187,0.4261988384901304,0.3526364956324762,0.2503900954504084,17.48609748119071,,18.3659550875878,0.9922776729108973,0.004199743921673882,0.003362629948548579,0.0011645332222577076,-0.5146082996910089,,2.1037830154242663
河南省,安阳市,Medium-sized City,0.0,0.0,0.0,0.0,5430790.5,0.0,0.0,0.0,0.0,0.0,0.0,12.002638855936317,0.3073202563919185,0.176462208857182,0.1094736206222972,1.6918774985809082,7.407769321851948,3.439980140660842,0.365656520951644,-0.015323386537433592,-0.018013960793098693,-0.010517083437084601,-0.009336756208291774,-1.5445333663521552,-0.49011299355655824
河南省,平顶山市,Medium-sized City,1100.0,0.0,0.0,0.0,5127737.0,1100.0,0.0,1100.0,2.1451958242008122,0.0,2.1451958242008122,11.044728758123307,0.2721651471950519,0.1354016483742234,0.0845945526591263,1.947235654892072,4.604936686390285,2.522105195456233,1.4699869139612591,-0.013114976607889073,-0.010558347467970908,-0.005482741158259502,-0.017043956599148036,-0.599864899901899,-0.2205676642503014
河南省,开封市,Type II Large City,0.0,0.0,0.0,0.0,4766857.0,0.0,0.0,0.0,0.0,0.0,0.0,9.658263579393044,0.467325957182256,0.3755490411783764,0.2272797647319149,9.036649247563892,191.35150914124716,8.01635540215873,0.13504358866275723,0.008836841740412993,0.011357501084297006,0.0018065784098575122,-0.8420769202867877,-2494.3059248235377,0.5425558484966668
河南省,新乡市,Type II Large City,1196.0,0.0,0.0,0.0,5965718.5,1196.0,0.0,1196.0,2.0047878558131766,0.0,2.0047878558131766,19.91368764223214,0.3150888427337337,0.1792258329614695,0.1113059448131849,2.757380603926714,6.11502187914725,2.801543357482741,1.9189900714313595,-0.008738265522110378,-0.009693524293171302,-0.006689856923500201,-0.9220055210391691,-0.4838894784570167,-0.11647812633959109
河南省,洛阳市,Type II Large City,1260.0,45.0,0.0,0.0,6883867.5,1260.0,45.0,1305.0,1.830366432822828,0.06537022974367243,1.7649962030791555,12.206642782988371,0.3328033932429602,0.2501899030127315,0.1829919873092195,10.640513671266405,,5.242234366346676,1.615973799830181,-3.5785840324098483e-05,0.001778387229123879,0.0025311290878507198,0.3322626045030894,,0.13837170584699976
河南省,漯河市,Medium-sized City,0.0,0.0,0.0,0.0,2670079.5,0.0,0.0,0.0,0.0,0.0,0.0,9.716830389123214,0.2697031293730471,0.1131485298662485,0.056774682297087,0.0,3.697366408953979,2.540494634890393,0.719263935536933,0.03269274646368589,0.025231424423667895,0.012733332918011202,0.0,0.6292635173256005,0.3249590120875592
河南省,濮阳市,Medium-sized City,0.0,0.0,0.0,0.0,3753206.0,0.0,0.0,0.0,0.0,0.0,0.0,9.976505786056835,0.2500678630483285,0.1287335587602917,0.0854248840559528,2.899938138981089,4.691271183258715,2.4468734607176,-0.13984665335327406,-0.0021776710849653047,-0.0013465667943858006,-0.00024190501767439032,0.07780988720220083,-0.07476941780563706,-0.023375890933441834
河南省,焦作市,Medium-sized City,0.0,0.0,22.0,0.0,3684531.5,0.0,-22.0,-22.0,0.0,-0.059709083773608666,0.059709083773608666,11.039070918413962,0.3450376969001566,0.1912422702666169,0.0923425574079883,0.007263547804037,5.017526443041597,3.451430027022963,0.35454226256698007,0.005056627260178526,0.005773892952170984,0.0026429114025487976,3.4120010529099624e-05,0.11510257082295716,0.0630564179692068
河南省,许昌市,Medium-sized City,0.0,0.0,0.0,0.0,4470703.0,0.0,0.0,0.0,0.0,0.0,0.0,11.55660058917101,0.3155803386585392,0.1643808814353968,0.0887937793798021,0.1146099420048229,5.685989739327606,3.115696426642521,1.1243403283386098,-0.009451354623834507,-0.009472745924416687,-0.005038825740418501,-0.13840933324368293,-0.2171649128100812,-0.21349427462582105
河南省,郑州市,Super City,3252.0,900.0,216.0,0.0,9177522.5,3252.0,684.0,3936.0,3.5434399643258843,0.7452991806884701,2.798140783637414,47.86106793604798,0.2025956461175668,0.0846351347800239,0.0489305209272159,0.0072032696315484,3.4915018113516703,1.992788957904216,4.323518139823335,-0.0018997150409605923,0.0007884749051585982,0.0008148241853999996,0.0025332144834346003,0.07300608210228132,-0.0018899353568224697
河南省,驻马店市,Small City,682.0,0.0,100.0,0.0,7550809.0,682.0,-100.0,582.0,0.903214476753418,-0.13243614028642495,1.035650617039843,6.741037750972136,0.5122823946370418,0.4936949639073809,0.3237640453326952,18.39649372694264,,112.27302108349112,1.1384454887695332,-0.02211308907043341,-0.045402780994531544,-0.02900137159797589,-3.1417633719337594,,
河南省,鹤壁市,Medium-sized City,0.0,0.0,0.0,0.0,1648589.5,0.0,0.0,0.0,0.0,0.0,0.0,14.40611702793634,0.2245134094891738,0.0792801030335037,0.039672398738098,0.0,3.0416125424692324,2.108766743619724,0.28351376695353636,-0.0030783610021914987,-0.002231228016297798,-0.0013472515788306022,0.0,-0.07032405493398652,-0.05822814550454014
浙江省,丽水市,Small City,0.0,0.0,24.0,0.0,2218837.0,0.0,-24.0,-24.0,0.0,-0.10816477280665501,0.10816477280665501,17.116294623246244,0.4641627195366278,0.4342273225995584,0.3083970933346368,22.3272014049098,,,-0.338290962017453,-0.002491752562775673,-0.0044731115447154135,-0.003437049511042234,-0.7342242420037515,,
浙江省,台州市,Type II Large City,0.0,0.0,0.0,0.0,6209932.0,0.0,0.0,0.0,0.0,0.0,0.0,8.00957256172595,0.2191537773274046,0.0884919720815127,0.0516365378916401,0.5072224769251724,3.2157445319204707,2.135389951906252,-0.05406370078690692,-0.006407052165016414,-0.006118706897242393,-0.004070948557798604,-0.10060257111724324,-0.22103284860613392,-0.04737819925533415
浙江省,嘉兴市,Medium-sized City,0.0,0.0,0.0,0.0,4682227.0,0.0,0.0,0.0,0.0,0.0,0.0,12.16492923677999,0.3559127605630764,0.1988359647006178,0.0997786438886154,0.0,5.742871326272063,3.854767038519288,-0.5702977506996891,0.00020988711647013103,0.00023004776695909057,-0.0007749328765603025,0.0,-0.28454136450773326,-0.16567081943680595
浙江省,宁波市,Type I Large City,1577.0,250.0,0.0,0.0,7894644.0,1577.0,250.0,1827.0,1.9975568246015907,0.31667039071046144,1.6808864338911294,14.959460578245276,0.272465350147313,0.1443652850433936,0.0946525526797255,3.0029929367906067,4.570440665271276,2.7183181750938417,2.2978455684265153,-0.005354712842119302,-0.00621713062742299,-0.005253984956763297,-0.4454495725720955,-0.11172667546383508,0.009893369176550593
浙江省,杭州市,Super City,2480.0,100.0,508.0,0.0,9086817.5,2480.0,-408.0,2072.0,2.7292283574529805,-0.4490020846132323,3.178230442066213,41.012311932515786,0.2483296135724781,0.1677826832422706,0.1245072370315129,5.395733895067041,18.6328635804152,2.4612033312968467,2.6108811095973437,-0.001338811966883291,-0.0011641789932508861,-0.0006859332623440073,-0.03722665555859628,-0.11271116755272459,-0.032491784266750035
浙江省,温州市,Type II Large City,1000.0,0.0,0.0,0.0,9505359.5,1000.0,0.0,1000.0,1.0520380633683555,0.0,1.0520380633683555,16.538678655209747,0.220492501944976,0.1242020821605056,0.0899997942214219,3.688818967124806,4.759460579824699,2.050373769539152,1.2195723111208583,-0.015994643808482506,-0.015733514123065895,-0.013472189853332192,-1.5678016656848102,-1.2902074114109494,-0.19428292762497712
浙江省,湖州市,Medium-sized City,952.0,0.0,0.0,0.0,3025046.0,952.0,0.0,952.0,3.1470595819038785,0.0,3.1470595819038785,15.956116890848994,0.3167437353727412,0.1649134651017424,0.0924975925613025,1.446362701840123,4.995677280261747,2.9355185169964297,2.9792984272752765,-0.027745999483461625,-0.02856671691491361,-0.014140209347423202,0.005802168637084604,-0.8495978955210512,-0.39400081896126604
浙江省,绍兴市,Type II Large City,900.0,0.0,0.0,0.0,5183266.5,900.0,0.0,900.0,1.7363567935393636,0.0,1.7363567935393636,17.4791275482984,0.3284409067345826,0.1778756195444346,0.0966795685545838,0.0464311585826359,6.521153255992813,3.8201112774974257,3.3500637212567117,-0.029832392446878686,-0.031627765610375114,-0.0166614275778504,-0.16372897694920663,-1.3129201202056562,-0.4269006812752707
浙江省,舟山市,Medium-sized City,0.0,0.0,0.0,0.0,1014532.5,0.0,0.0,0.0,0.0,0.0,0.0,17.34450942381749,0.178488235122052,0.07725933310324,0.0511898974384775,1.3732123680654054,2.760598027167582,1.4930949311297586,0.47588159765720306,0.00134933438116841,-0.0024363760446937943,-0.001499443182695695,-6.203215727174083e-05,-0.32833311906352014,0.01413851553687584
浙江省,衢州市,Medium-sized City,2000.0,0.0,0.0,1102.0,2219888.5,898.0,0.0,898.0,4.045248218547914,0.0,4.045248218547914,12.130026038771977,0.2788986152737938,0.1503726370184576,0.0966985198926517,3.027790698406729,6.057059408158965,2.958960518522744,4.097149344826839,-0.03452595487374943,-0.02633156759952371,-0.012935709411197802,0.07881417681234293,-1.2411518161155604,-0.4093482943532023
浙江省,金华市,Medium-sized City,1141.0,0.0,0.0,0.0,5613480.5,1141.0,0.0,1141.0,2.032607042992311,0.0,2.032607042992311,16.38254644700986,0.1959189901787967,0.0842279598403145,0.0543685603052085,1.057712269601086,2.593185621943196,1.7848003760701756,2.660362752365012,-0.0287417402528862,-0.019116440706619997,-0.012069598840392305,-0.5328357426108175,-0.690871479109159,-0.21120001410187528
海南省,三亚市,Medium-sized City,0.0,0.0,0.0,0.0,687695.0,0.0,0.0,0.0,0.0,0.0,0.0,36.32969097561306,0.0782179831936631,0.0146776257433195,0.0080935394771074,0.0448702682922579,1.4615132316476651,1.3121127874727825,-1.374728706024726,-0.009782656620348995,-0.004302795702952101,-0.0025697119674933985,-0.004493535662088495,-0.0503250116557592,-0.024857350768447528
海南省,儋州市,Small City,0.0,0.0,0.0,0.0,960546.5,0.0,0.0,0.0,0.0,0.0,0.0,14.357370536094846,0.2623304318977973,0.1332192202892761,0.0827811425522478,1.3888412391969485,4.992079986757692,2.6840467224538567,-0.6711120278113594,-0.1196597642413213,-0.1589174084832892,-0.11890333664364769,-9.407833531343872,,-4.98052503657366
海南省,文昌市,Small City,0.0,0.0,0.0,0.0,551289.5,0.0,0.0,0.0,0.0,0.0,0.0,10.960512108772804,0.3914629915290332,0.2629686787751389,0.1540386727122901,2.265526929284476,13.88648769700193,6.136181508186152,-0.13673229016169586,-0.000576218194801803,-0.0016928900784677903,-0.0013219622529931918,-0.0008675109013838167,-0.26732730321568887,-0.5111819579330819
海南省,海口市,Type II Large City,0.0,0.0,0.0,0.0,2133238.0,0.0,0.0,0.0,0.0,0.0,0.0,41.54247374020235,0.0928792798485717,0.0228679648238858,0.0128273363814538,0.0,1.5900393295918067,1.2655059222611316,-0.11990990841955096,-0.001067507507148499,-0.0006655603116896974,-0.00039467680670590005,0.0,0.0006754638778214694,-0.006791693101424245
海南省,琼海市,Small City,0.0,0.0,0.0,0.0,501398.0,0.0,0.0,0.0,0.0,0.0,0.0,12.03900783268932,0.2028324366349094,0.0739678325431829,0.0398876656855115,0.2941686101977123,2.5775221653169047,1.6346122828485217,-0.29726619762332085,-0.009711172182052086,-0.009041552469852096,-0.005761750840603701,0.041723547955225315,-0.38207290290151397,0.0006794820405839896
湖北省,仙桃市,Small City,0.0,0.0,0.0,0.0,1233237.5,0.0,0.0,0.0,0.0,0.0,0.0,11.555165390538628,0.3464856549403803,0.2013470976072027,0.1095107776771561,0.0,9.422745465427957,3.852357201979042,2.61410408286576,-0.0227923459094313,-0.028058200369737885,-0.013982429805298499,0.0,-1.1931295674966194,-1.9282887204001824
湖北省,十堰市,Type II Large City,0.0,0.0,0.0,0.0,3491300.0,0.0,0.0,0.0,0.0,0.0,0.0,10.33736515045166,0.5728514912762066,0.6812594205971492,0.4570019173326873,35.848067376875456,,,1.4038420110135466,-0.009717775351822722,-0.029877386061928135,-0.01858155047603749,-3.1871102897735213,,
湖北省,咸宁市,Small City,0.0,500.0,0.0,0.0,2570739.5,0.0,500.0,500.0,0.0,1.9449656412094651,-1.9449656412094651,5.044818341174341,0.5254988508582366,0.5112111982810835,0.3336873534679078,22.728182060082,,,1.4233382910838062,-0.04410908591562257,-0.08104376268414648,-0.03346453301690011,-1.238966123672526,,
湖北省,天门市,Small City,0.0,0.0,0.0,0.0,1475625.5,0.0,0.0,0.0,0.0,0.0,0.0,14.762830766309207,0.2156279298415561,0.0879476998380403,0.0514413236129862,0.096367474082631,3.3528381899451247,2.153754459637266,0.029774562807446614,0.0072167696214539,-0.0009496095661054998,-0.0034083240700504974,-0.5059775727219407,-0.00034385070134623774,0.039954475537986145
湖北省,孝感市,Medium-sized City,1200.0,0.0,0.0,0.0,5039011.5,1200.0,0.0,1200.0,2.3814194510173277,0.0,2.3814194510173277,5.816940974941823,0.5056630884030988,0.4380581563824568,0.2586114243247799,10.280423097975474,,9.53520140442239,1.2978365297075651,-0.029926618550383366,-0.056696622620331094,-0.031161721222888517,-1.4520175494404182,,-3.1063155538488125
湖北省,宜昌市,Type II Large City,0.0,0.0,0.0,0.0,4241686.0,0.0,0.0,0.0,0.0,0.0,0.0,24.854832299595724,0.4310544167815299,0.4091359364937436,0.3068832921171253,25.00776912239993,,,0.08998947044203476,0.005035385517753899,0.00877467574190588,0.0058424143961244845,0.49344026552607545,,
湖北省,恩施土家族苗族自治州,Small City,0.0,400.0,0.0,0.0,3434130.0,0.0,400.0,400.0,0.0,1.164778269896597,-1.164778269896597,5.324214391794924,0.6514618962727015,0.8196241001606727,0.5128782099767866,42.74997840883746,,,0.8588512914824573,-0.012349976430732434,-0.030238711311848854,-0.009537459738186205,-0.3443020574779112,,
湖北省,武汉市,Super City,1000.0,600.0,66.0,0.0,10240004.5,1000.0,534.0,1534.0,0.9765620708467462,0.5214841458321625,0.45507792501458366,46.1747523761959,0.1190114028134629,0.0423253913101182,0.0263831019585868,0.0532072638447377,1.902399991760223,1.341628315857767,2.1897444698803383,-0.018796257254901416,-0.018479527461869302,-0.013735973179726899,-0.043499390030716095,-0.33856741037152926,-0.04197417326226072
湖北省,潜江市,Small City,950.0,0.0,0.0,0.0,985745.5,950.0,0.0,950.0,9.637375975847721,0.0,9.637375975847721,18.79888799680886,0.246446328773599,0.1125366601210635,0.0684805983315801,1.5316273604019774,4.558634911797912,2.1709961609120083,3.4390386977995426,-0.05085985159875067,-0.048886191341589086,-0.029258222218221205,0.024167266595882086,-3.7501885915837603,-0.5470202630575693
湖北省,荆州市,Medium-sized City,0.0,0.0,0.0,0.0,5957303.5,0.0,0.0,0.0,0.0,0.0,0.0,5.898800717772178,0.5671839295220169,0.5709660142496241,0.3415449459291569,14.294481242567784,,43.48988870728155,-0.8711440917245099,-0.001777494557101078,-0.008846805758576326,-0.012792946239558178,-3.3837433404521207,,-58.68583973742865
湖北省,荆门市,Medium-sized City,0.0,0.0,0.0,0.0,3006325.5,0.0,0.0,0.0,0.0,0.0,0.0,20.78094482421875,0.3943421945521049,0.2640266611170738,0.1531617048454995,2.561864246605966,11.467686553675238,5.497725573791545,0.1600415706634557,-0.012008071332855419,-0.018515110837841797,-0.0124837510412672,-0.8168499273787941,-1.5201675720496262,-0.6815339211748608
湖北省,襄阳市,Type II Large City,1800.0,0.0,0.0,0.0,5742921.5,1800.0,0.0,1800.0,3.134293233853188,0.0,3.134293233853188,15.187151556429656,0.3731911312073813,0.2806005889685078,0.2015273061768296,12.913680254721472,,6.051932634943005,3.7219035400419074,-0.07719326441564611,-0.12314682662726006,-0.08029875061592048,-5.300077741447273,,-91.24879852282844
湖北省,鄂州市,Small City,0.0,0.0,0.0,0.0,1082370.0,0.0,0.0,0.0,0.0,0.0,0.0,30.06897538180109,0.1817629004928588,0.0676092229209511,0.040565089778814,0.2119246113023999,2.571678676854932,1.6998844907826316,-1.1435285638857806,-0.02705052856080281,-0.0327596865557022,-0.024145104694440506,5.7068299764984065e-05,-1.1878650151398609,-0.19501381723641686
湖北省,随州市,Small City,0.0,0.0,0.0,0.0,2266419.5,0.0,0.0,0.0,0.0,0.0,0.0,12.681306838989258,0.4097841084521935,0.3422324727331248,0.2417511525282821,14.698655034532898,,17.110617888272873,1.1639248132705706,-0.00872853765510273,-0.008425685028374819,-0.005283511510214389,-0.48605165456744537,,-2.350233210977734
湖北省,黄冈市,Small City,2400.0,0.0,0.0,0.0,6469561.5,2400.0,0.0,2400.0,3.7096795509247418,0.0,3.7096795509247418,3.707280664200823,0.6186436391938636,0.7020667560521786,0.4306742092778546,29.544068153458884,,,3.4489724265317596,-0.1504321417226543,-0.47145541621566267,-0.18139753911077283,-12.11670248787956,,
湖北省,黄石市,Medium-sized City,0.0,0.0,0.0,0.0,2550887.5,0.0,0.0,0.0,0.0,0.0,0.0,12.088282147064584,0.3752871287289558,0.272915757133867,0.1820673395344813,8.017715099761944,31.49823898396526,6.550055199773264,0.6995572615606545,-0.015650679018958502,-0.01979051229641171,-0.010851702877411717,0.06633515264840018,-13.43537450789966,-1.1099972138758387
湖南省,娄底市,Medium-sized City,0.0,0.0,0.0,0.0,3969371.0,0.0,0.0,0.0,0.0,0.0,0.0,4.032111036219948,0.4845899164720165,0.4286220847726566,0.2832519137956024,17.055507420075816,,44.07915404970081,0.1606281288782423,-0.007519792954376103,-0.01786514818383128,-0.017946613902933894,-3.796189793491795,,
湖南省,岳阳市,Type II Large City,0.0,0.0,0.0,0.0,5728894.0,0.0,0.0,0.0,0.0,0.0,0.0,6.878113697884788,0.534403697673649,0.5333356595373268,0.3468485441431055,20.24851926812216,,,0.04586075248675847,-0.005361364703249993,-0.012859657279480019,-0.007033648048429486,-0.327649392597106,,
湖南省,常德市,Medium-sized City,0.0,0.0,0.0,0.0,5967821.5,0.0,0.0,0.0,0.0,0.0,0.0,2.726799188497412,0.539580141719606,0.5572981405168524,0.3769395097247539,28.531244844064428,,,0.07252479967307979,-0.004389802695902056,-0.01224018299425389,-0.008351977423137702,-1.042776289513256,,
湖南省,张家界市,Small City,0.0,0.0,0.0,0.0,1549584.0,0.0,0.0,0.0,0.0,0.0,0.0,12.065763950123294,0.5434632731191928,0.5793395815648121,0.3940595399335901,30.26351063966902,,,-0.3305630686144969,0.0008907516470352261,-0.001538193554612266,-0.0038384116697742776,-1.356700446081014,,
湖南省,怀化市,Medium-sized City,0.0,0.0,0.0,0.0,4912053.0,0.0,0.0,0.0,0.0,0.0,0.0,7.5749311447143555,0.5923033501123921,0.6629403937558457,0.4289746181902339,31.70753575384375,,,0.0009512901306152344,-0.007100770736297668,-0.02274634557165167,-0.014047222163377004,-1.209364835171705,,
湖南省,株洲市,Type II Large City,0.0,0.0,0.0,0.0,4048225.5,0.0,0.0,0.0,0.0,0.0,0.0,6.395429502833974,0.5777627753858505,0.6303907932863128,0.3970733871051011,24.126639951354942,,,-0.07270882568494308,0.0002162685100710604,0.0013836376979475817,0.0005906807415628768,0.16339949893278316,,
湖南省,永州市,Medium-sized City,0.0,0.0,0.0,0.0,5438326.5,0.0,0.0,0.0,0.0,0.0,0.0,5.909791828909713,0.5680719171617556,0.6319181474083796,0.4300554417249668,36.75923737731806,,,0.4430962441922155,-0.011280543689309752,-0.025449067608422804,-0.012664878568124094,-0.8118622215964209,,
湖南省,湘潭市,Medium-sized City,0.0,0.0,0.0,0.0,2857380.5,0.0,0.0,0.0,0.0,0.0,0.0,14.97373644709587,0.3920726160151121,0.2523596781616205,0.1359859139238457,0.1874640248358379,9.690019717631753,5.895208733386865,0.02960650324821401,0.0032273912954328132,0.003994932087688613,0.0018491132300537116,-0.010404351690229796,0.26560035239969615,0.005788086601969056
湖南省,湘西土家族苗族自治州,Small City,0.0,300.0,0.0,0.0,2703651.0,0.0,300.0,300.0,0.0,1.1096106709039,-1.1096106709039,7.417511254421001,0.6068939873143707,0.7076642384149017,0.4586642701481248,36.36972753749522,,,-2.7379958332865186,0.02856143425657054,0.06061033239084479,0.025846637385716298,0.8343097512119613,,
湖南省,益阳市,Medium-sized City,0.0,180.0,0.0,0.0,4531003.5,0.0,180.0,180.0,0.0,0.3972629904170235,-0.3972629904170235,2.221262870052769,0.6461007488759352,0.7726278518843961,0.4618143456038345,32.53885185878207,,,0.23390479296559596,-0.0062483475646583075,-0.013865331584415386,-0.004214962916557707,-0.037040331387999004,,
湖南省,衡阳市,Type II Large City,0.0,100.0,0.0,0.0,7469079.5,0.0,100.0,100.0,0.0,0.13388530675031643,-0.13388530675031643,12.3270015339275,0.4076584025403446,0.3277517363062155,0.229975467727208,13.089547593249998,,11.68863580208892,0.3034802444814879,-0.016159727576753546,-0.02720452362825826,-0.019225873748253103,-1.645697647371854,,-10.762298152572841
湖南省,邵阳市,Medium-sized City,700.0,0.0,0.0,0.0,7400478.0,700.0,0.0,700.0,0.9458848468977274,0.0,0.9458848468977274,6.564488291107447,0.5452055841378313,0.5989686526033762,0.4104935508892283,32.20180853074992,,,1.0234226432914006,0.0018935472454774116,0.001989999420053845,0.00017008223075459794,-0.685158230181365,,
湖南省,郴州市,Medium-sized City,0.0,0.0,0.0,0.0,4798405.0,0.0,0.0,0.0,0.0,0.0,0.0,10.23604209606464,0.5288472680214227,0.5285908517430878,0.3531602263308139,23.6430281822923,,,0.607173996994451,-0.02569789454338922,-0.05282708495167365,-0.03078456373899069,-3.235226379311257,,
湖南省,长沙市,Super City,918.0,296.0,0.0,0.0,7379575.0,918.0,296.0,1214.0,1.2439740770979357,0.40110710982678544,0.8428669672711503,44.016918249395545,0.2330442889043654,0.1229861995735196,0.0804687893292281,1.2742227908108406,4.447479138761811,2.32407366146128,1.3331538971970076,-0.0023739661539038948,-0.0022535700164455913,-0.0011935948788110023,0.11222829254560218,-0.32199514028788645,-0.009637796550784117
甘肃省,临夏回族自治州,Small City,0.0,20.0,0.0,0.0,2032698.5,0.0,20.0,20.0,0.0,0.09839137481530094,-0.09839137481530094,9.919002286849484,0.3773441836978644,0.3015941229495115,0.213338352782211,14.471483618091932,,5.402633323269594,0.10327227917821524,-0.027022369972805715,-0.043884578547478015,-0.0343598117558917,-3.595816976844068,,-16.680646041726916
甘肃省,兰州市,Type II Large City,0.0,29.0,206.0,0.0,3793185.0,0.0,-177.0,-177.0,0.0,-0.4666263311702435,0.4666263311702435,53.80404558933583,0.2265867735514517,0.1737966674315478,0.1376590553739285,7.06445907968544,111.29403149593986,2.1675827516938453,-0.7491897040402975,-0.002624991323842779,-0.003234689052889983,-0.002803942570731688,-0.3231700438102374,-28.678969262893787,-0.13266985108988516
甘肃省,嘉峪关市,Small City,1000.0,0.0,0.0,0.0,242796.0,1000.0,0.0,1000.0,41.18683998088931,0.0,41.18683998088931,52.50312618992955,0.0151858987780804,0.0007049097477211,0.0003636673361312,0.0,1.0637614910746525,1.024637497973061,17.04476937077672,-0.002324420282654201,-0.00024689429627070003,-0.0001328759622885,0.0,-0.00913561742832636,-0.006927658895947264
甘肃省,天水市,Medium-sized City,945.0,0.0,0.0,0.0,3404153.5,945.0,0.0,945.0,2.776020529039011,0.0,2.776020529039011,11.767477006623238,0.4712214268463415,0.4421674130306772,0.3130885062701746,23.25205650762069,,,2.739236495702796,-0.008790505037519492,-0.01792776778744648,-0.013416759853797422,-2.0126447275487607,,
甘肃省,定西市,Small City,0.0,0.0,0.0,0.0,2821398.5,0.0,0.0,0.0,0.0,0.0,0.0,0.0,0.7386752945030286,1.0858716840046714,0.6145672638302069,54.09118977546008,,,0.0,-0.0022507526074934114,-0.00800959401360446,-0.0018480756323027148,-0.06606153222373479,,
甘肃省,平凉市,Small City,0.0,0.0,0.0,0.0,2175615.5,0.0,0.0,0.0,0.0,0.0,0.0,0.8850481167045842,0.6533760130774767,0.8616076399970162,0.545585658482469,49.10038549991811,,,0.8850481167045842,-0.0559031369415236,-0.20376080592432977,-0.08707334349582685,-9.741391292144748,,
甘肃省,庆阳市,Small City,0.0,0.0,0.0,0.0,2300566.0,0.0,0.0,0.0,0.0,0.0,0.0,6.469909191131592,0.5915545686707181,0.7056836052423737,0.4739282664481494,41.174847288597,,,5.0798197225456185,-0.04806463303210473,-0.12160255523362595,-0.05970354028064101,-7.043452371139864,,
甘肃省,张掖市,Small City,682.0,0.0,0.0,0.0,1256207.5,682.0,0.0,682.0,5.429039390387337,0.0,5.429039390387337,15.04390472878766,0.4532111558845758,0.4306952490442671,0.3108153561821652,23.58763663417333,,,4.606233951988106,-0.023911655908822438,-0.052378587396264886,-0.039566536922234274,-5.470467775339149,,
甘肃省,武威市,Small City,0.0,0.0,0.0,0.0,1893588.5,0.0,0.0,0.0,0.0,0.0,0.0,27.519570917607997,0.4525097565073227,0.4742041056309986,0.3588788778107463,32.079465824905526,,,1.1114265064263975,-0.005697187676533655,-0.013520649916153427,-0.009574354255961703,-1.0414047788421428,,
甘肃省,白银市,Small City,0.0,0.0,0.0,0.0,1787969.5,0.0,0.0,0.0,0.0,0.0,0.0,4.548914942861527,0.607562655555759,0.7139572893885713,0.4678599505649994,39.62002611538893,,,0.16868848825796512,-0.004565421253078572,-0.011127212341301762,-0.006068990413205078,-0.905217376641474,,
甘肃省,酒泉市,Small City,0.0,0.0,0.0,0.0,1147869.0,0.0,0.0,0.0,0.0,0.0,0.0,2.1389352819036294,0.6456380774535766,0.860884025293787,0.5391751072486695,45.01528546641328,,,1.0130645027469445,0.00286605190383582,0.002422399782600837,-0.002474114891641177,-0.9482924464679598,,
甘肃省,金昌市,Small City,850.0,0.0,0.0,0.0,486636.0,850.0,0.0,850.0,17.46685407573628,0.0,17.46685407573628,22.598884354227955,0.2111658744859629,0.1218497088337198,0.0943928306961607,6.066506490815194,5.454747550831625,1.482306377218899,17.12033660379985,-0.32486355917200804,-0.40387223690327556,-0.22716383870946552,-14.96784071874415,,
甘肃省,陇南市,Small City,0.0,0.0,0.0,0.0,2685247.5,0.0,0.0,0.0,0.0,0.0,0.0,0.0,0.7612048852008598,1.2036144102476374,0.6676266088305391,60.25402510725376,,,0.0,-0.020031464567026425,-0.08113448166851711,-0.02480068524797896,-3.1014516145898767,,
福建省,三明市,Small City,0.0,0.0,0.0,0.0,2622187.5,0.0,0.0,0.0,0.0,0.0,0.0,3.5293524265289307,0.6365030211230451,0.7869093489625428,0.4993493193460812,40.929655819565,,,0.421858549118042,-0.005018707091362984,-0.015700748597926473,-0.008819666370486146,-1.270987820810582,,
福建省,南平市,Small City,0.0,0.0,0.0,0.0,2767818.0,0.0,0.0,0.0,0.0,0.0,0.0,0.0,0.7772026481289119,1.2653167351828143,0.6885837061069768,63.776466492162655,,,0.0,-0.008554410187380346,-0.03795644969796563,-0.011007024575270141,-1.2361548414186387,,
福建省,厦门市,Type I Large City,0.0,0.0,0.0,0.0,3607657.5,0.0,0.0,0.0,0.0,0.0,0.0,22.965781535374692,0.0502638314467203,0.0061984960397948,0.003496981159525,0.0164697903907769,1.219870502851324,1.1178169249023069,-0.09495686134858872,0.0008268537815135021,1.2342284532900101e-05,-3.646223931459995e-05,-0.0041539744039292,-0.003492959517293226,0.0005084331396552066
福建省,宁德市,Small City,0.0,340.0,0.0,0.0,2856443.0,0.0,340.0,340.0,0.0,1.1902915619180918,-1.1902915619180918,7.477919528555863,0.5308063626782339,0.5518518899574643,0.3728942672831795,26.519462176883117,,,1.1078371854896831,-0.01001784660043259,-0.017462503141765784,-0.009353611657430927,-1.3017633872428043,,
福建省,泉州市,Type II Large City,0.0,0.0,100.0,0.0,8555274.5,0.0,-100.0,-100.0,0.0,-0.11688695669554494,0.11688695669554494,10.978367946249373,0.2884165448468654,0.1857417969416533,0.1367654243983703,6.876685340501084,49.09381510360068,2.4386509910699785,-0.15221065581217985,-0.001363708740182601,-0.0019917730716177973,-0.001795682266395593,-0.22008583250907776,-11.072542996614928,0.02223850467918176
福建省,漳州市,Medium-sized City,0.0,0.0,0.0,0.0,4998235.5,0.0,0.0,0.0,0.0,0.0,0.0,4.442923572523664,0.5569049626891186,0.6108400993231992,0.4047137053699148,28.757566900097835,,,0.1315119490023795,-0.000989695778480404,-0.0017172759032862972,3.486388412399233e-05,0.07258323657558563,,
福建省,福州市,Type I Large City,1429.0,0.0,0.0,0.0,7334240.5,1429.0,0.0,1429.0,1.9483953382766763,0.0,1.9483953382766763,30.80430193738108,0.2453481199870293,0.145173307198925,0.0995445191061095,2.3935379336637435,8.048691094326136,2.3897041366598004,1.7383235997818005,-0.005469234254741301,-0.0083105070310803,-0.008749863040380904,-1.2430957955372306,-1.8141610428806274,-0.009492251121479
福建省,莆田市,Type II Large City,0.0,0.0,0.0,0.0,2882900.5,0.0,0.0,0.0,0.0,0.0,0.0,10.711167508474134,0.2085794724743593,0.0773583764411613,0.0436021216639692,0.5417911078504115,2.5737337357326298,1.839626768829564,-0.03898099966532875,0.00209751193720209,0.0019761337915667893,0.0010830794907656024,0.044794864500098286,0.006187396996308436,-0.018068932978771546
福建省,龙岩市,Medium-sized City,0.0,0.0,0.0,0.0,2681086.0,0.0,0.0,0.0,0.0,0.0,0.0,6.626433642995714,0.5979648203973056,0.7194955729865118,0.477903240868162,40.36110495509001,,,0.2937426618539005,-0.007227863635873577,-0.013364349709182655,-0.0055477988740338935,-0.4674061474637341,,
西藏自治区,山南市,Small City,0.0,225.0,0.0,0.0,1113344.5,0.0,225.0,225.0,0.0,2.0209378139470755,-2.0209378139470755,0.0,0.8807508742049325,1.9557055008317343,0.8517854997307119,84.1620932572962,,,0.0,-0.005734419799267143,-0.055751809876050995,-0.008797104461730876,-0.9940285088431011,,
西藏自治区,拉萨市,Medium-sized City,0.0,0.0,0.0,0.0,585990.5,0.0,0.0,0.0,0.0,0.0,0.0,46.28792163311277,0.3441812605606581,0.3349776644795332,0.266751305834345,23.225130176153264,,,-0.9412987193961868,-0.008715496115833166,-0.01950943276233469,-0.015153515076473112,-1.789905465151012,,
西藏自治区,日喀则市,Small City,0.0,0.0,0.0,0.0,737656.5,0.0,0.0,0.0,0.0,0.0,0.0,0.0,0.7912260208881592,1.4067831837568414,0.7401010226276534,71.07220112581321,,,0.0,-0.019799399305083676,-0.10789055123766,-0.029636905881234243,-4.091835966267638,,
西藏自治区,昌都市,Small City,0.0,0.0,0.0,0.0,686996.0,0.0,0.0,0.0,0.0,0.0,0.0,0.0,0.8661646316752591,1.9475037192648823,0.8544764393290203,84.72072727272727,,,0.0,-0.024798652562497026,-0.1939725546553539,-0.025567865687486924,-2.8387781548669295,,
西藏自治区,林芝市,Small City,0.0,0.0,0.0,0.0,507465.5,0.0,0.0,0.0,0.0,0.0,0.0,0.0,0.8889708150785067,2.0690683667464267,0.8692652707245362,86.13833181403828,,,0.0,-0.004145541259885199,-0.03681417788729835,-0.004329566135729657,-0.3388593790879497,,
贵州省,六盘水市,Medium-sized City,700.0,0.0,0.0,0.0,2971912.5,700.0,0.0,700.0,2.3553856313064396,0.0,2.3553856313064396,7.319012995061316,0.5185534131611613,0.5505673539033196,0.3838959790563563,31.174994851126147,,,1.8291782154867686,-0.02355118565875758,-0.05596159644917642,-0.021824300310384293,-2.3151849196262155,,
贵州省,安顺市,Medium-sized City,0.0,0.0,0.0,0.0,2395259.0,0.0,0.0,0.0,0.0,0.0,0.0,10.832839970329411,0.4430055610453568,0.3524760624085792,0.2266750808651622,11.139382892287989,,7.171754662548835,-0.06451973640796638,0.009848289038108748,0.011576416912342291,0.003585154299686394,-0.14903412227822344,,0.016330585025492006
贵州省,毕节市,Medium-sized City,0.0,290.0,0.0,0.0,6844355.5,0.0,290.0,290.0,0.0,0.4237068048262543,-0.4237068048262543,0.4048286584707407,0.6909337202643147,0.9342330695600676,0.5585793265563255,45.08680531490592,,,0.20708679911070388,-0.006740974099649133,-0.02621835961539387,-0.01304916906421294,-1.8216046760291817,,
贵州省,贵阳市,Type I Large City,1800.0,171.0,0.0,0.0,4526834.5,1800.0,171.0,1971.0,3.9762885080070856,0.3777474082606731,3.5985410997464125,45.75548504308327,0.1821449857488896,0.1077538567144033,0.0765851709923933,1.425586879835513,4.853553021566116,1.7119073113403531,4.35371905140164,-0.006167295528417993,-0.013422139235851602,-0.015601240366520996,-2.9813774642992295,-1.5309884680020787,0.03193027698084383
贵州省,遵义市,Type II Large City,0.0,0.0,0.0,0.0,6413067.0,0.0,0.0,0.0,0.0,0.0,0.0,2.291173882184819,0.635439749825652,0.8102931680458278,0.5198800629360729,44.08602954124335,,,1.33140491190475,-0.015297478870107573,-0.04542582584145993,-0.022168016831937365,-2.893902890650942,,
贵州省,铜仁市,Small City,0.0,0.0,0.0,0.0,3225316.5,0.0,0.0,0.0,0.0,0.0,0.0,0.0,0.7847802720416539,1.339638841771007,0.7180203132031089,67.91298015859022,,,0.0,-0.040611855655836915,-0.20287004839214418,-0.051311159690413,-5.7244770767052415,,
贵州省,黔东南苗族侗族自治州,Small City,0.0,0.0,0.0,0.0,3645420.0,0.0,0.0,0.0,0.0,0.0,0.0,0.0,0.7500823323646715,1.179447437843847,0.6650694360990785,60.703331543079344,,,0.0,-0.0008457376257462457,0.0007562096721849265,-0.00024950337400220235,-0.5420728143906999,,
贵州省,黔南布依族苗族自治州,Small City,0.0,0.0,0.0,0.0,3390296.5,0.0,0.0,0.0,0.0,0.0,0.0,8.142435484919055,0.6173709147328301,0.7213151396820077,0.4613621373868832,35.90442401018852,,,1.9091475420984727,-0.01561541992926574,-0.043085357812187586,-0.022986692924209406,-2.3505556365170364,,
贵州省,黔西南布依族苗族自治州,Small City,0.0,0.0,0.0,0.0,2935822.5,0.0,0.0,0.0,0.0,0.0,0.0,0.0,0.6831555832705452,0.9597858990278568,0.5850085740312647,51.31694854034037,,,0.0,-0.00347765644360698,-0.014640085142352821,-0.007220465435084811,-0.9939131217989399,,
辽宁省,丹东市,Medium-sized City,0.0,0.0,0.0,0.0,2543509.5,0.0,0.0,0.0,0.0,0.0,0.0,15.743200222812366,0.4241081087434066,0.3733296140988292,0.2637148304651031,16.838892457295596,,33.093238123405754,0.3594327132443649,-0.012544110232768302,-0.01800631512641282,-0.010116383332383627,-0.2932052995720902,,-9.450047909126809
辽宁省,大连市,Super City,0.0,0.0,0.0,0.0,6957936.5,0.0,0.0,0.0,0.0,0.0,0.0,28.506240236358217,0.4264844474114951,0.4426582670686578,0.3339586534989249,27.165112378627608,,,1.0306777520337356,-0.014173450542862176,-0.021941881805835006,-0.0123949887025398,-0.4182260279131924,,
辽宁省,抚顺市,Type II Large City,0.0,0.0,0.0,0.0,2239730.5,0.0,0.0,0.0,0.0,0.0,0.0,26.808714753302976,0.3663566707341181,0.3418744325746371,0.2640275323734178,19.100884633784972,,229.1814810846344,0.29839004023085636,-0.001418913162952895,-0.002447809754957675,-0.0029201631188903177,-0.7836550181528708,,-3353.7660426273173
辽宁省,朝阳市,Medium-sized City,0.0,0.0,0.0,0.0,3180005.0,0.0,0.0,0.0,0.0,0.0,0.0,1.0305657522145646,0.6293807865260528,0.813016250273577,0.5290841854473121,47.566313669963,,,0.031006137334400607,-0.0009743352596787158,-0.002035231134788873,-0.0007705421863876127,-0.06073553488615602,,
辽宁省,本溪市,Medium-sized City,0.0,0.0,0.0,0.0,1788146.0,0.0,0.0,0.0,0.0,0.0,0.0,17.569444271876357,0.4140986344865829,0.381498917692602,0.285737315333357,22.88503090254877,,,-0.05740039708161149,-0.001096454260624602,-0.001379242481837184,-0.000529858650918591,-0.0001383595124337944,,
辽宁省,沈阳市,Super City,0.0,350.0,0.0,0.0,8484852.0,0.0,350.0,350.0,0.0,0.41249982910721367,-0.41249982910721367,45.93190014311647,0.216972126429467,0.1447245545354312,0.1038666448687749,3.43677758054907,9.154649711807,2.405520558139179,0.11744474383029058,-0.0014744987025527845,-0.0017025333519636865,-0.001042062627124113,-0.005901246352404854,0.15768594102249622,-0.05075432078879416
辽宁省,盘锦市,Medium-sized City,0.0,0.0,0.0,0.0,1460084.0,0.0,0.0,0.0,0.0,0.0,0.0,16.94589704264765,0.0943800905265637,0.0203010188485311,0.0113491690056741,0.0356332389041103,1.5395784032037276,1.2488114320262256,-0.10313687641381009,-0.0010378385138345991,-0.0005694866144998999,-0.0003054443817682006,3.775178089780035e-05,-0.015383529704402266,-0.0038239080999764585
辽宁省,营口市,Medium-sized City,0.0,0.0,0.0,0.0,2543273.0,0.0,0.0,0.0,0.0,0.0,0.0,5.931059727134757,0.4008628740832003,0.283343760743365,0.175880852143503,6.793837619482898,16.599484077231406,4.920182202315123,-0.031188329855992514,0.001191637570713222,0.0032064343065174583,0.0030304768222203793,0.26651078498264535,2.0174098549736854,0.09537580805655388
辽宁省,葫芦岛市,Medium-sized City,0.0,0.0,0.0,0.0,2745574.5,0.0,0.0,0.0,0.0,0.0,0.0,3.621788570526935,0.585977786906777,0.6682387559963271,0.4344928800964116,32.75576489415872,,,-0.006171331865749696,0.00021338136678905606,0.00030865185982065224,0.0003829863769813091,0.07936016126741663,,
辽宁省,辽阳市,Medium-sized City,0.0,0.0,0.0,0.0,1948670.5,0.0,0.0,0.0,0.0,0.0,0.0,17.702515882132516,0.2493601699860973,0.1038940020054963,0.0561914578365156,0.0718466642546959,3.8342864893911175,2.19889032673171,0.5451689140377276,0.00913461442043692,0.0078342351253156,0.004834509907945102,0.0033972641376330964,0.2680756228675434,0.13016400013011964
辽宁省,铁岭市,Small City,0.0,0.0,0.0,0.0,2849012.5,0.0,0.0,0.0,0.0,0.0,0.0,1.8246150517475792,0.6628613556619385,0.8193023724240561,0.4795504656036558,31.64508555681507,,,-0.002315947324152301,0.00024493180688300864,0.0002861620144452015,-0.00033674114835224866,-0.06573179827709552,,
辽宁省,锦州市,Small City,0.0,0.0,0.0,0.0,3271906.5,0.0,0.0,0.0,0.0,0.0,0.0,16.839117899001526,0.4251278139128708,0.3617932991471113,0.2478992028013305,13.33998889654282,,18.13275387672501,0.10819733281644517,-0.0015271500939397775,-0.000735243470662339,0.000568039100894091,0.14298801876886458,,0.3436412451678059
辽宁省,阜新市,Medium-sized City,0.0,0.0,0.0,0.0,1900238.5,0.0,0.0,0.0,0.0,0.0,0.0,15.558007748921712,0.3960542322042367,0.3798243334230508,0.2855619633834988,21.54006877821967,,,0.037771707826905754,-0.0010912214489284255,-0.001957952529681728,-0.0014924684536901656,-0.19523291886430627,,
辽宁省,鞍山市,Type II Large City,0.0,0.0,0.0,0.0,3812857.0,0.0,0.0,0.0,0.0,0.0,0.0,12.56032622534547,0.28621714383553,0.2123366383075046,0.1611947592276948,9.069692280776374,103.64033948255498,3.72966309505106,-0.21955996927960975,-0.0038466476808914907,-0.0036538408477070905,-0.0017741332617071948,-0.035645050920214416,7.462330177434339,-0.43094887335415866
重庆市,重庆市,Mega City,990.0,1379.0,555.0,0.0,30126655.0,990.0,824.0,1814.0,0.3286126521513922,0.27351194482095675,0.05510070733043543,12.533790593406026,0.486221094397352,0.4360719246845002,0.2865960101518269,16.62592076942046,,27.90518597500072,0.4582880446437816,-0.002898816794752568,-0.007248559116842135,-0.005681712868555122,-0.579727448750404,,-7.132569811373699
陕西省,咸阳市,Type II Large City,0.0,0.0,0.0,0.0,5256257.0,0.0,0.0,0.0,0.0,0.0,0.0,20.436707838526317,0.4444462448864033,0.39147808553695,0.272247433362845,15.332896118719727,,56.72635270291588,1.6959470860647698,-0.00020910043977523385,-0.0006426188469922933,-0.0015773084643849744,-0.9048608165561127,,-3.0121364242048045
陕西省,商洛市,Small City,0.0,0.0,0.0,0.0,2449218.0,0.0,0.0,0.0,0.0,0.0,0.0,3.8692662004470826,0.5736142247638809,0.6574872606629505,0.444033214275511,36.25014015595535,,,0.13278709025912905,-0.003552641482085228,-0.010780674827999603,-0.007867749631975673,-1.6770749886326826,,
陕西省,安康市,Small City,0.0,0.0,0.0,0.0,2750913.5,0.0,0.0,0.0,0.0,0.0,0.0,6.973682403564453,0.5472356613033704,0.607291335581905,0.4216815579153287,35.8516387777268,,,-0.5409784317016602,0.007438051998425954,0.014453762703540818,0.007198834813623101,0.5753410504218053,,
陕西省,宝鸡市,Medium-sized City,799.0,0.0,0.0,0.0,3881133.5,799.0,0.0,799.0,2.0586769303349137,0.0,2.0586769303349137,13.620729456445218,0.3784824158192962,0.2899615417174837,0.205522624962021,11.722734319218326,,7.567334415124096,2.13953051899127,-0.01710317293066721,-0.02720794788155373,-0.021965712161140794,-2.9945765853774926,,-3.9734263563347714
陕西省,延安市,Small City,0.0,0.0,0.0,0.0,2288464.0,0.0,0.0,0.0,0.0,0.0,0.0,0.1529204190952493,0.7127298230512402,1.04268094822008,0.6055718461287718,48.84054910058553,,,-0.11043165183127698,0.004309319209204521,0.017434664067760508,0.007420527168571223,0.7567746193955287,,
陕西省,榆林市,Medium-sized City,0.0,0.0,0.0,0.0,3499646.5,0.0,0.0,0.0,0.0,0.0,0.0,4.606888508796692,0.6414153768361361,0.8001559257159083,0.5087147929827225,43.13812768873926,,,0.4689118623733526,-0.0030334229567171578,-0.008012002884861702,-0.0035712405053272,-0.34109614897745644,,
陕西省,汉中市,Medium-sized City,0.0,0.0,0.0,0.0,3573658.0,0.0,0.0,0.0,0.0,0.0,0.0,10.399594615138856,0.4352232720045544,0.4021195788533155,0.2992999565507119,24.71109504026576,,,-0.03182708075912011,0.0009663629917951999,0.00037004535393653226,-0.00045236814875221354,-0.15733806888803414,,
陕西省,渭南市,Small City,0.0,0.0,0.0,0.0,5531851.5,0.0,0.0,0.0,0.0,0.0,0.0,1.2735662609563816,0.7178846710027758,0.9701995917955362,0.5138237093885609,30.1757652429404,,,0.7060109783165062,-0.042292837434177555,-0.16422274035828077,-0.07319714301141711,-8.022710361020742,,
陕西省,西安市,Super City,4330.0,0.0,0.0,0.0,8938906.5,4330.0,0.0,4330.0,4.843992942537211,0.0,4.843992942537211,43.575678319629695,0.1735450975977253,0.0716563708118359,0.0435017119669762,0.1453526368248576,2.838938779636476,1.679925850048139,3.8289538875972866,-0.002114198270199208,-0.002214747957698396,-0.0015813040954160001,0.0062832456348935195,-0.08976271677583547,-0.0042725996440400316
陕西省,铜川市,Small City,0.0,0.0,0.0,0.0,876462.0,0.0,0.0,0.0,0.0,0.0,0.0,14.911726268602454,0.2761497821713586,0.140998726199253,0.0903034336342881,3.339261848580176,4.286241493888724,2.4709231764200914,-0.23867712009253417,-0.0021356637426679925,-0.0071406857385900024,-0.00561263696365831,-0.05487350780575051,-1.591111808520285,-0.040289167416413196
青海省,西宁市,Type II Large City,0.0,0.0,0.0,0.0,2312625.0,0.0,0.0,0.0,0.0,0.0,0.0,50.85452009321333,0.1300025791401858,0.0476187548584651,0.0322438350914823,0.7692892245968755,1.8504846235661052,1.4563901468251006,-1.6470402482820816,-0.008809662596620721,-0.008410909958954202,-0.006856432842487499,-0.3526066915928615,-0.09465351149243761,-0.026006939623334224
黑龙江省,七台河市,Small City,0.0,0.0,0.0,0.0,959057.0,0.0,0.0,0.0,0.0,0.0,0.0,26.35652852282428,0.2768797052904282,0.1917640300745785,0.1471101042981766,9.792016360463323,97.94606128662168,2.8566662840991417,-0.4779918171415396,0.022648337064459234,0.04048740084908811,0.040602335780192914,5.854976423110152,90.69236829654626,0.2605625474841413
黑龙江省,伊春市,Small City,0.0,0.0,0.0,0.0,1202058.0,0.0,0.0,0.0,0.0,0.0,0.0,7.723758462109143,0.5870686194758008,0.6890401061288838,0.448450413582479,31.734494836042693,,,-0.012548096572296608,0.0013129212136961943,0.005357791345545371,0.00433293562447451,0.49334614078749084,,
黑龙江省,佳木斯市,Medium-sized City,0.0,0.0,0.0,0.0,2681926.5,0.0,0.0,0.0,0.0,0.0,0.0,18.152186572937936,0.4830275175306215,0.4458541109672135,0.3039959513496337,20.29100611844888,,,0.5417909376817498,-0.0022164004344029653,-0.004837810527687003,-0.003530253941621486,-0.33108965091903997,,
黑龙江省,双鸭山市,Small City,1000.0,0.0,0.0,0.0,1527677.0,1000.0,0.0,1000.0,6.545886335920486,0.0,6.545886335920486,22.262380599975582,0.4925212900070203,0.5118407112462733,0.3739428278549331,32.92679020714351,,,7.968473054848463,-0.022562602668629306,-0.022471091871642757,-0.008432785914233687,-0.5188308659811725,,
黑龙江省,哈尔滨市,Super City,0.0,200.0,0.0,0.0,11132858.5,0.0,200.0,200.0,0.0,0.17964838051251616,-0.17964838051251616,38.30161939348493,0.4728761869804301,0.5092793288612767,0.3655352233705718,27.512274040066643,,,1.6622214705667062,-0.007413915065977217,-0.01032867663299275,-0.004420460617899469,0.02694947066003195,,
黑龙江省,大庆市,Type II Large City,0.0,0.0,0.0,0.0,3034370.0,0.0,0.0,0.0,0.0,0.0,0.0,22.099541210737385,0.4795441999312635,0.511243740237424,0.3703735174426911,30.344119908167997,,,-0.02327870290227807,0.0008234777540170324,0.0025532900037629203,0.0025043536301904146,0.8390924309622605,,
黑龙江省,牡丹江市,Medium-sized City,0.0,0.0,0.0,0.0,2930815.0,0.0,0.0,0.0,0.0,0.0,0.0,23.79102888548663,0.5127342222597611,0.5537746734239031,0.3821669091808934,27.832061562889177,,,0.06615095530274573,0.0001237953961460425,0.001080037459259775,0.0010093778944517129,0.33420985390872815,,
黑龙江省,绥化市,Small City,0.0,0.0,0.0,0.0,5680985.5,0.0,0.0,0.0,0.0,0.0,0.0,0.0562859310044182,0.7199950130505739,1.0199210210642145,0.5888509950586107,49.68522802379379,,,-0.0369080204238956,0.00424907478706027,0.014298717861167098,0.004955629735437617,0.1961576034532797,,
黑龙江省,鸡西市,Medium-sized City,0.0,0.0,0.0,0.0,1948166.0,0.0,0.0,0.0,0.0,0.0,0.0,21.79739547741376,0.4450425140523999,0.4469938014763211,0.3341266222573288,28.438447812850963,,,-0.04097364227402167,0.0006301416472209165,-0.0001654187061335688,-0.00030176555671979077,-0.000650620989073758,,
黑龙江省,鹤岗市,Medium-sized City,0.0,0.0,0.0,0.0,1109319.5,0.0,0.0,0.0,0.0,0.0,0.0,52.29474212336786,0.37042057205501,0.3749639076440804,0.2858531055429988,21.12820595916141,,,-0.26844436534796756,-0.0012804013844099904,-0.004159194114697229,-0.0038579088591376154,-0.6212781432490004,,
黑龙江省,黑河市,Small City,0.0,0.0,0.0,0.0,1751767.5,0.0,0.0,0.0,0.0,0.0,0.0,0.0,0.7249292663029419,1.119033543236617,0.6574459257806042,63.07103589645367,,,0.0,-0.004829198042489824,-0.007151742150211193,0.0011678827010555004,0.8536614190297058,,
黑龙江省,齐齐哈尔市,Type II Large City,0.0,0.0,0.0,0.0,5616044.0,0.0,0.0,0.0,0.0,0.0,0.0,0.0,0.7106624791488759,1.0565602643211895,0.6155650864664417,53.63108831287906,,,0.0,0.0015208219728033434,0.005362288883261179,0.0024331347397092973,0.3323622379768949,,
,,,0.0,32.0,0.0,0.0,2732342.5,0.0,32.0,32.0,0.0,0.11711562514582267,-0.11711562514582267,3.89867162989999,0.6341313100429494,0.7372691772368024,0.4458393926478605,31.12083492072795,,,0.619318567588182,-0.013223861746127885,-0.037135815368387504,-0.019029321845909608,-2.003638312672848,,
