省级,地级,city_level,new_hosp_beds,expanded_beds,decreased_beds,closed_beds,city_pop,net_SEE_beds,net_CIE_beds,net_total_beds,SEE_city,CIE_city,Dominance_city,acc_median,acc_gini,acc_theil,acc_atkinson_05,acc_zero_access_pop_pct,acc_p90_p10,acc_p80_p20,acc_delta,gini_delta,theil_delta,atkinson_05_delta,zero_access_pop_pct_delta,p90_p10_delta,p80_p20_delta
上海市,上海市,Mega City,0.0,174.0,108.0,0.0,24211599.5,0.0,66.0,66.0,0.0,0.027259661221473618,-0.027259661221473618,20.029241158511187,0.1160807213552974,0.0386000511244185,0.0271973919183289,1.0278027500287004,1.7508694362490544,1.3603658628131687,-0.16232470700253998,0.0008161063572519056,0.00019158995394930045,5.2868560600799475e-05,-0.0032486960832587286,0.00408283586009861,0.006915730958171995
云南省,临沧市,Small City,0.0,0.0,0.0,0.0,2562098.5,0.0,0.0,0.0,0.0,0.0,0.0,0.0,0.8588883808736338,1.7965228852172883,0.8215748391627892,79.37039106535993,,,0.0,-0.0029594416728526696,-0.03990675885933803,-0.010675647508537778,-2.0694149772258754,,
云南省,丽江市,Small City,0.0,0.0,0.0,0.0,1307764.5,0.0,0.0,0.0,0.0,0.0,0.0,0.0,0.6752861070276404,0.9424181878468678,0.5784560791485781,51.4489438455759,,,0.0,0.00033866922390435317,0.0034594099059745975,0.002066293902739269,0.21308528144244576,,
云南省,保山市,Small City,0.0,0.0,0.0,0.0,2639666.5,0.0,0.0,0.0,0.0,0.0,0.0,6.984358651297433,0.5679356328207583,0.6880855652797204,0.4746720856873313,43.52601485248401,,,-1.041019352677437,0.013414655823866362,0.020040396740733435,0.006563936345687915,0.12045352528511444,,
云南省,大理白族自治州,Small City,0.0,0.0,0.0,0.0,3638092.5,0.0,0.0,0.0,0.0,0.0,0.0,11.892378371694814,0.449406736530176,0.3962855808265854,0.2862090801259489,22.4436843967449,,,0.33538770884823776,-0.011314350081801927,-0.01364329311750162,-0.006119286828466075,-0.2525861210399434,,
云南省,德宏傣族景颇族自治州,Small City,0.0,0.0,0.0,0.0,1271711.0,0.0,0.0,0.0,0.0,0.0,0.0,0.0,0.7062367438438077,1.0621780830574303,0.6305804876702802,58.47628397230547,,,0.0,0.001495057106483788,0.003205868050061955,0.0006116505488438229,0.011031985429667657,,
云南省,怒江傈僳族自治州,Small City,0.0,0.0,0.0,0.0,559681.5,0.0,0.0,0.0,0.0,0.0,0.0,0.0,0.7245775813260457,1.1762963825799615,0.6847133976562925,67.40783824068244,,,0.0,0.0017660454641806878,0.004682189948917115,0.001813456467767649,0.3861472984681029,,
云南省,文山壮族苗族自治州,Small City,0.0,0.0,0.0,0.0,3700968.5,0.0,0.0,0.0,0.0,0.0,0.0,0.0,0.7881869163863036,1.3117831285838233,0.6991489316898273,63.64989760398159,,,0.0,-0.001152518329253116,-0.005130201937298962,-0.0013348125198830996,-0.22083704749550748,,
云南省,昆明市,Super City,0.0,509.0,0.0,0.0,6778074.5,0.0,509.0,509.0,0.0,0.7509507309192308,-0.7509507309192308,47.72865190915149,0.2972494443550912,0.2496599541417122,0.1971335127408496,14.634444028629726,,6.414881880327062,0.34816170643253486,0.001508241963533996,0.0023623721125898833,0.0014782844560000952,-0.04330397542685027,,0.17578308893464278
云南省,昭通市,Small City,0.0,699.0,0.0,0.0,5466852.5,0.0,699.0,699.0,0.0,1.2786150714693691,-1.2786150714693691,0.0,0.7815639685983578,1.346175095215681,0.7232495186040961,69.02415555354838,,,0.0,-0.0013538989660267786,-0.006942962270588993,-0.001900499433666658,-0.1596651750888043,,
云南省,普洱市,Small City,0.0,0.0,23.0,0.0,2671738.0,0.0,-23.0,-23.0,0.0,-0.08608628540672776,0.08608628540672776,0.0,0.8569157622416871,1.827974805410834,0.8343037590881427,82.36313103329553,,,0.0,0.0010647023316739945,0.0062869690172060455,0.0009443308643853898,0.10039164276501822,,
云南省,曲靖市,Medium-sized City,0.0,0.0,20.0,0.0,6156251.5,0.0,-20.0,-20.0,0.0,-0.03248730172898232,0.03248730172898232,7.2038192726208266,0.6165671564872965,0.7239663401425847,0.4661058255917287,38.7919804086575,,,0.1954546628028666,-0.0021853363635153666,-0.004812085526181176,-0.0018471509832965194,0.04137606475674005,,
云南省,楚雄彝族自治州,Small City,0.0,0.0,0.0,0.0,2822998.5,0.0,0.0,0.0,0.0,0.0,0.0,2.840350747979872,0.6303163635136292,0.7942198783355526,0.5043917502131428,37.41452314042097,,,1.9820297887193417,-0.03721205171982278,-0.10935470612193454,-0.05278051230876879,-8.845539885147943,,
云南省,玉溪市,Medium-sized City,0.0,0.0,0.0,0.0,2458168.5,0.0,0.0,0.0,0.0,0.0,0.0,12.530806064605711,0.4955231874251046,0.4783918201068478,0.3378196521174886,27.19909737006977,,,-0.2729746325058233,-0.0019332431397001137,-0.00837218467605455,-0.006976931141147891,-0.6164710478341391,,
云南省,红河哈尼族彝族自治州,Small City,0.0,200.0,0.0,0.0,4712610.5,0.0,200.0,200.0,0.0,0.424393231734301,-0.424393231734301,0.0,0.6765588866337369,0.916485628044448,0.567115169410711,50.39899653591117,,,0.0,-0.0018755603541975585,-0.008817279331728045,-0.005392630832803391,-0.8008192902491871,,
云南省,西双版纳傣族自治州,Small City,0.0,0.0,0.0,0.0,1196981.5,0.0,0.0,0.0,0.0,0.0,0.0,3.440263866382057,0.6646519059030933,0.8830783197707562,0.5345874908263748,46.171308740190895,,,2.3507038078962124,-0.02000666377730642,-0.06188487458617997,-0.02649553680466865,-1.6231141814050716,,
云南省,迪庆藏族自治州,Small City,0.0,0.0,0.0,0.0,417484.0,0.0,0.0,0.0,0.0,0.0,0.0,0.0,0.697188416282028,1.101292739603761,0.6616041870867684,65.18269985143638,,,0.0,0.0012443509465619451,0.0034209008238925698,0.0010707937201723805,0.04612043615459527,,
内蒙古自治区,乌兰察布市,Small City,0.0,0.0,0.0,0.0,2254485.5,0.0,0.0,0.0,0.0,0.0,0.0,1.685500174322549,0.6447148059300543,0.8343080655234985,0.5223672667472172,43.823085503139126,,,-0.01475445473310999,-0.0020579364953809964,-0.0041728450955356156,-0.0013145732984342073,-0.027971984421746754,,
内蒙古自治区,乌海市,Medium-sized City,0.0,0.0,0.0,0.0,553878.0,0.0,0.0,0.0,0.0,0.0,0.0,19.20788955688477,0.130253717569995,0.0573802731190801,0.0454720903589389,3.1117669472942566,1.9018082645843912,1.2951134719001205,-0.022367964518167582,-0.0024572458672165176,-0.0012235417310009974,-0.001105959741978399,-0.1298940367023773,-0.010639602390033476,-0.011433127265703336
内蒙古自治区,兴安盟,Small City,0.0,0.0,0.0,0.0,1698791.5,0.0,0.0,0.0,0.0,0.0,0.0,0.0,0.7264468136307789,1.1515041298760578,0.6668316173948687,63.23577930415327,,,0.0,-0.00048370449452861397,-0.0018830820480091326,-0.0004568455747102629,-0.016729057050753227,,
内蒙古自治区,包头市,Type II Large City,530.0,382.0,0.0,0.0,2793151.5,530.0,382.0,912.0,1.8974982202003723,1.3676307926727211,0.5298674275276511,31.738319456287357,0.2275216369139925,0.196571788072899,0.1647363076866188,13.273672028675634,,2.331294790504162,3.723267104600666,-0.0029381926216469068,-0.0021190377475493183,-0.0014137529917803981,-0.10826754067977973,,-0.10511006256563471
内蒙古自治区,呼伦贝尔市,Small City,0.0,0.0,0.0,0.0,2884901.5,0.0,0.0,0.0,0.0,0.0,0.0,0.0,0.6522361565575663,0.8804046252735801,0.5632942483372521,52.40423702259994,,,0.0,-0.0026811586974649915,-0.009740178784963582,-0.004546713226255106,-0.5048457196361795,,
内蒙古自治区,呼和浩特市,Type II Large City,0.0,1109.0,0.0,400.0,3019295.5,-400.0,1109.0,709.0,-1.3248123610292535,3.6730422709536046,-4.997854631982858,54.58459496549602,0.2531804133946458,0.1964180132496113,0.1565617400293099,8.993815787217711,10355.732513118097,2.693545996696996,2.386792391181139,-0.0011742528205420655,-0.001084027152555983,-0.0012038057280672199,-0.278678171774299,-6490.002678718409,-0.012707525240645445
内蒙古自治区,巴彦淖尔市,Small City,0.0,0.0,0.0,0.0,1757575.5,0.0,0.0,0.0,0.0,0.0,0.0,7.743116571933409,0.5771755941854447,0.6593368210616997,0.4424822731840007,36.337287678619575,,,0.11593674190876868,-0.001045700712623554,-0.0036512418066806385,-0.003005718746478314,-0.558990298846993,,
内蒙古自治区,赤峰市,Type II Large City,0.0,0.0,0.0,0.0,4577980.5,0.0,0.0,0.0,0.0,0.0,0.0,3.4560861587524414,0.6307791005401526,0.7936222469792612,0.5149354926990708,45.9277218053435,,,-0.09162605406311153,0.002026544384747808,0.0053652557623141695,0.0028339853111520874,0.4780017037410005,,
内蒙古自治区,通辽市,Small City,0.0,200.0,0.0,0.0,3313492.5,0.0,200.0,200.0,0.0,0.6035927348560469,-0.6035927348560469,0.0,0.6992984648680016,1.0435544729289157,0.6294367748989379,59.03806090730627,,,0.0,-0.014750780296294064,-0.040206230693938805,-0.010666066229938376,-0.30699725857890314,,
内蒙古自治区,鄂尔多斯市,Medium-sized City,0.0,0.0,0.0,0.0,2092387.5,0.0,0.0,0.0,0.0,0.0,0.0,5.591259002685547,0.582242173371609,0.7162291448213012,0.4817368741694514,42.14106955942525,,,0.046310616742049504,-0.003449399833395317,-0.00443385315489464,-0.0018095195298309386,-0.015173314349041789,,
内蒙古自治区,锡林郭勒盟,Small City,0.0,0.0,0.0,0.0,1082782.5,0.0,0.0,0.0,0.0,0.0,0.0,0.0,0.7830805452426822,1.5030114580963252,0.7764503581559634,77.44936330621064,,,0.0,0.000566182137636484,0.0028575138986188797,0.0006701520900890268,0.07396728704401312,,
内蒙古自治区,阿拉善盟,Small City,0.0,0.0,0.0,0.0,253058.5,0.0,0.0,0.0,0.0,0.0,0.0,0.0,0.59328340327094,0.8020117005012324,0.5413397501979075,52.456559282761006,,,0.0,-0.0003436287174807262,-0.0013114052788908426,-0.0006200700030004613,-0.08829622692461214,,
北京市,北京市,Mega City,800.0,187.0,20.0,0.0,20635587.0,800.0,167.0,967.0,0.38767978831908195,0.08092815581160835,0.3067516325074736,26.349072246690064,0.1368712936002115,0.0547899483869969,0.037038410520259,0.5304492609125412,1.979883330938755,1.425163427868638,0.25393939283071276,-0.0008576305607349011,-0.00012834158205739937,7.532156848720495e-05,0.0544214423782069,-0.00022949876886002585,-0.005007843013691948
吉林省,吉林市,Type II Large City,0.0,0.0,0.0,0.0,4656083.5,0.0,0.0,0.0,0.0,0.0,0.0,14.226577699184418,0.5229703931769136,0.5459330492604162,0.375750536109638,28.679571001530245,,,-0.020967853780204493,-0.006806112908241624,-0.009327557632390127,-0.004991698083175122,-0.5294011662646874,,
吉林省,四平市,Small City,0.0,0.0,0.0,0.0,2397498.0,0.0,0.0,0.0,0.0,0.0,0.0,11.146123886108398,0.4649523681766787,0.4641596169190327,0.3358891384434521,26.10369760132808,,,0.19633708158469254,-0.009860326593469748,-0.02364728373250652,-0.016696497881207528,-1.5131214022773172,,
吉林省,延边朝鲜族自治州,Small City,0.0,0.0,0.0,0.0,2385672.0,0.0,0.0,0.0,0.0,0.0,0.0,4.12006139755249,0.5908759868184967,0.7311522298332288,0.4905388471720926,43.12800065098869,,,1.9032695293426514,-0.019443658846010736,-0.047079492052100935,-0.022620187398625813,-2.5815163194057007,,
吉林省,松原市,Small City,0.0,0.0,0.0,0.0,3031558.5,0.0,0.0,0.0,0.0,0.0,0.0,0.0,0.6460608244780958,0.8730062801695769,0.5561052198458247,50.29533257301383,,,-0.0376731246136702,0.0036880038219567757,0.009996370291610601,0.0045644030884759434,0.5023966764020713,,
吉林省,辽源市,Small City,0.0,150.0,0.0,0.0,1232125.5,0.0,150.0,150.0,0.0,1.2174084539277858,-1.2174084539277858,7.878426106833863,0.2260584450393745,0.097878183545186,0.0552482668410757,0.1851854844313303,3.6033178126239744,2.417492868410018,0.9906113068893028,-0.02261830169112361,-0.020672849580208694,-0.0127510841572913,-0.0560557625225811,-0.7324062657354777,-0.1450781145083404
吉林省,通化市,Small City,0.0,0.0,0.0,0.0,2437557.5,0.0,0.0,0.0,0.0,0.0,0.0,7.219922567531636,0.4061395995847129,0.3375554928103516,0.2439032142852595,16.69563661878184,,18.65310531072776,-0.04934722152491666,-0.0061662244919490905,-0.0085429374157579,-0.0067327387677481865,-0.9052792301772605,,-15.535215650696223
吉林省,长春市,Type I Large City,2200.0,0.0,1560.0,0.0,9235045.5,2200.0,-1560.0,640.0,2.382229735630431,-1.689217448901578,4.071447184532009,21.01659372381141,0.4962401474635449,0.5452951177572336,0.3847324120210377,29.63747571852679,,,0.3447320752518408,0.0027212468526837674,0.006900778074077518,0.003167152099736781,-0.05619493100263995,,
四川省,乐山市,Medium-sized City,0.0,0.0,0.0,0.0,3409456.5,0.0,0.0,0.0,0.0,0.0,0.0,8.001503229141235,0.410612384124424,0.3350720940865483,0.2402566843921237,16.679820707935612,,15.354248916999625,-0.022715384478395606,4.763870492230371e-05,-0.0006610453989734921,-0.0010834313314058985,-0.17605609040032988,,-0.29152441890610703
四川省,内江市,Medium-sized City,1600.0,0.0,0.0,0.0,3856235.0,1600.0,0.0,1600.0,4.1491247291723665,0.0,4.1491247291723665,21.757234170519077,0.2565120461878714,0.1182291535740929,0.0681334407424395,0.2801278091196562,4.35961241224536,2.703149076044318,3.1692832200739467,-0.013639417648648011,-0.012683355264683296,-0.0081666622676905,-0.21905411394594543,-0.612193852309356,-0.17805621405462047
四川省,凉山彝族自治州,Small City,0.0,0.0,270.0,0.0,4745590.0,0.0,-270.0,-270.0,0.0,-0.5689492771183352,0.5689492771183352,0.0,0.7808485257786857,1.3568025063917877,0.7291310129936215,70.36711414478522,,,0.0,-0.007358520114384204,-0.03487906448541156,-0.009588550099172477,-1.1410195392780338,,
四川省,南充市,Type II Large City,0.0,0.0,0.0,1647.0,6595293.0,-1647.0,0.0,-1647.0,-2.497235528429139,0.0,-2.497235528429139,16.272338619173127,0.3340151202093979,0.200218291027676,0.1268235433212817,4.238702147751177,9.088161094504908,3.54436854940519,-1.0092059109413363,-0.014357722959298713,-0.01423489957011792,-0.007539329109778281,-0.13056437889295847,-1.3483846542548417,-0.15123041486866073
四川省,宜宾市,Type II Large City,0.0,0.0,0.0,0.0,4713558.5,0.0,0.0,0.0,0.0,0.0,0.0,1.8587305729096493,0.6000799119183657,0.6421467598825528,0.3774442558288479,20.22407102418288,,,0.19101275495799808,-0.022674462032201248,-0.06697917403703335,-0.05039048612335739,-7.744662292825758,,
四川省,巴中市,Small City,0.0,0.0,0.0,0.0,3426484.0,0.0,0.0,0.0,0.0,0.0,0.0,9.701194708251952,0.4741763367957275,0.4228103402819779,0.2887506479974321,18.82679059789204,,83.38512751854178,0.020806932303244707,-0.004067963832926569,-0.00694163626558103,-0.005040577075705488,-0.7872647438654603,,-129.74947838740064
四川省,广元市,Small City,0.0,70.0,0.0,0.0,2628267.0,0.0,70.0,70.0,0.0,0.2663351934944205,-0.2663351934944205,16.63339038566644,0.5575757411434386,0.5745082589593086,0.3600697578736078,19.61867310178376,,740.2643930816668,-0.22047553153048938,-0.00547992747853665,-0.013975631464638871,-0.00805431451410199,-0.577914853515761,,
四川省,广安市,Small City,0.0,93.0,0.0,0.0,3611077.5,0.0,93.0,93.0,0.0,0.2575408586495305,-0.2575408586495305,8.781094355694844,0.3692713705268322,0.2377821293113362,0.1479259994942409,5.259968665752682,10.542259106239324,4.192601168289508,-0.2822314863604731,-0.02288197429855121,-0.026749703039087303,-0.013331199832807006,0.041757097643734475,-1.9325876733875909,-0.629590956903411
四川省,德阳市,Medium-sized City,0.0,0.0,0.0,0.0,3829109.5,0.0,0.0,0.0,0.0,0.0,0.0,21.124946841678103,0.279795351472624,0.1339410288290022,0.0745611391318953,0.0140133946213523,5.206024938877501,2.9429594123288827,0.6363911058818985,-0.01339802818787078,-0.014648730731505522,-0.009780032591327495,-0.1396370562431643,-0.8343971803806971,-0.22138470427950452
四川省,成都市,Mega City,500.0,814.0,0.0,0.0,15904987.0,500.0,814.0,1314.0,0.3143668083475956,0.5117891639898857,-0.1974223556422901,39.28694751140266,0.1872395411614762,0.0698382100659452,0.0400122937490796,0.0176132439576996,2.735869545878962,1.956162222390318,0.3868827638507497,-0.003242683394651086,-0.002737704067819091,-0.0017127949902662962,-0.003323562885572999,-0.12212091418897852,-0.016338346038977658
四川省,攀枝花市,Medium-sized City,0.0,61.0,0.0,0.0,1279539.5,0.0,61.0,61.0,0.0,0.47673401250996944,-0.47673401250996944,34.25635274251302,0.2507207872637971,0.1840819478502876,0.1427989723017554,9.354710460367588,50.77815312285505,3.000777184569478,0.0185210061712624,-0.026924877036041683,-0.029001514608837597,-0.02045304372088272,-0.871231225009792,,-1.505320047933938
四川省,泸州市,Type II Large City,567.0,1000.0,0.0,0.0,4422520.5,567.0,1000.0,1567.0,1.2820743284287772,2.261154018392905,-0.9790796899641276,14.293641613375756,0.4597228986256209,0.4479611602096692,0.333895658433841,28.75385121344597,,,3.332568746032136,-0.0277970016283286,-0.03628868320967199,-0.016449803841294075,-0.6957707153644392,,
四川省,甘孜藏族自治州,Small City,0.0,0.0,0.0,0.0,1146617.5,0.0,0.0,0.0,0.0,0.0,0.0,0.0,0.902647394891129,2.1859298245973937,0.8821339361712044,87.2347685359232,,,0.0,1.5022562807831541e-05,-0.00237332890039621,-0.0008134688404380919,-0.21268901398227058,,
四川省,眉山市,Medium-sized City,0.0,0.0,0.0,0.0,3109087.5,0.0,0.0,0.0,0.0,0.0,0.0,14.438759578125817,0.2993195072091463,0.1488105888491939,0.0813985014509587,0.292435017020019,5.251102369101973,2.8179146350556765,0.48042942370687314,-0.0013891130288569142,-0.0003020050892041104,9.792386317990232e-05,-0.046262945687341794,0.12045992812993767,-0.06514604830420367
四川省,绵阳市,Type II Large City,0.0,0.0,0.0,0.0,4863692.0,0.0,0.0,0.0,0.0,0.0,0.0,18.81707227889018,0.3532447719387612,0.2343422148855989,0.1545429409384165,6.413573343245504,16.619719117069447,4.486873297005081,-0.9107332665549102,-0.016860003135922397,-0.024044375707622384,-0.013912099964930286,0.16305700719913574,-5.677519252808686,-1.8359501371334028
四川省,自贡市,Medium-sized City,0.0,0.0,0.0,0.0,2839309.5,0.0,0.0,0.0,0.0,0.0,0.0,24.116756439208984,0.2385889874693536,0.1200841899008855,0.0804275495930556,2.4678701095159874,4.578444508576574,2.164283304434204,1.526294347808122,0.0002743514473633746,-0.0034386996994986985,-0.005398136783175592,-1.1806748878022733,0.2443581674910753,0.07577618448645174
四川省,资阳市,Small City,0.0,0.0,0.0,0.0,2756747.0,0.0,0.0,0.0,0.0,0.0,0.0,6.673863688958087,0.4019202401705271,0.267550828393044,0.1470484161051395,0.8697605368861886,11.7639252875942,5.753433914633554,0.3390027357030787,0.004821921593889167,0.004727382666321223,0.0012523059017846838,0.09037488473873312,-0.025982477395039894,0.054239193252863416
四川省,达州市,Medium-sized City,0.0,200.0,0.0,0.0,5778680.0,0.0,200.0,200.0,0.0,0.34609980133871404,-0.34609980133871404,7.05961209098921,0.5075396230310598,0.446557657252609,0.270615083136773,11.48745972010588,,13.1172201963206,0.1838033751688979,0.003667881728508293,0.007068624662481482,0.0047600737691662065,0.5104082144124309,,0.2485593258830221
四川省,遂宁市,Medium-sized City,0.0,0.0,0.0,0.0,3426397.5,0.0,0.0,0.0,0.0,0.0,0.0,14.629465099457772,0.2802486699546875,0.1341042424662559,0.0771124148388038,0.9281119963647204,4.436962973665017,2.729850028833822,-0.8313567004656601,-0.018799980663423088,-0.017480650694920802,-0.010010481955012404,-0.13390293253085161,-0.3892621125187059,-0.3832165628413784
四川省,阿坝藏族羌族自治州,Small City,0.0,0.0,0.0,0.0,946438.0,0.0,0.0,0.0,0.0,0.0,0.0,0.0,0.9380700297533294,2.5070885236011997,0.8929751354121368,80.60408438037435,,,0.0,-0.0005122583152713522,-0.007247252095675449,0.0002353087427525713,0.19458769130929454,,
四川省,雅安市,Small City,0.0,0.0,0.0,0.0,1585904.5,0.0,0.0,0.0,0.0,0.0,0.0,13.623921193493908,0.4408982771552405,0.4256765645364291,0.3107664737930711,23.608757115344535,,,-0.1821747138274361,-0.0033640181223033028,-0.003011009428038003,-0.0013044902312298046,0.007770779753542456,,
天津市,天津市,Mega City,100.0,141.0,28.0,0.0,13589365.5,100.0,113.0,213.0,0.07358695297436808,0.08315325686103593,-0.009566303886667848,27.02748411182617,0.2235060748467873,0.0972482404878824,0.0546276914992704,0.0087249276457354,4.0283173234764655,2.5985515967141146,-0.13313179435115785,-0.0017214529997252037,-0.0018639921307379986,-0.001173428194817,-0.0016534024011267013,-0.0954875853497068,-0.015704144627679106
宁夏回族自治区,吴忠市,Small City,0.0,0.0,0.0,0.0,1371558.5,0.0,0.0,0.0,0.0,0.0,0.0,1.4756450241102892,0.610227773885125,0.7409266284755482,0.4721272672142477,35.00764305135579,,,0.07969077282092152,-0.006407872505589385,-0.016464269908210927,-0.006949863224575414,-0.17221332720133375,,
宁夏回族自治区,银川市,Type II Large City,0.0,390.0,0.0,0.0,2070891.5,0.0,390.0,390.0,0.0,1.8832469011534405,-1.8832469011534405,36.90134085011533,0.1357273570763982,0.063388403456744,0.0488882278806585,2.8424103039416653,1.9952868797819816,1.478278986494917,1.3815410514416868,-0.001641027202593015,-0.0008352640530499972,-0.0003665027389543052,0.030144188549456885,-0.08379609522560738,-0.008061368395672064
安徽省,亳州市,Medium-sized City,0.0,0.0,0.0,0.0,5085278.5,0.0,0.0,0.0,0.0,0.0,0.0,4.521057954856327,0.5537438981359898,0.5694194006536883,0.3626272280087005,20.882268819896595,,,0.12303797058212762,-0.0035088422668635433,-0.008801815692086823,-0.005582178979778085,-0.4738861631489506,,
安徽省,六安市,Medium-sized City,0.0,266.0,0.0,0.0,4850986.0,0.0,266.0,266.0,0.0,0.5483421308575205,-0.5483421308575205,7.804934714291547,0.4972050668327792,0.4572303920356575,0.3071081840577975,19.928390644691472,,1183.91480106985,0.4996407112712218,-0.006598073189248543,-0.011381524699855095,-0.006620788657547394,-0.7058417090688707,,
安徽省,合肥市,Type I Large City,818.0,12.0,0.0,0.0,7848265.0,818.0,12.0,830.0,1.0422685778321705,0.015290003586780008,1.0269785742453905,40.85410863428443,0.265749571099751,0.1606373584175897,0.102174207971258,0.9251615633271923,8.431023242357027,3.194130102803938,0.9515624235297011,-0.0004933159125650177,0.0003266606921815962,0.0007063625321772904,0.11829438641260437,0.11455577865440425,-0.015869564412155146
安徽省,安庆市,Medium-sized City,0.0,0.0,0.0,0.0,4705910.5,0.0,0.0,0.0,0.0,0.0,0.0,4.608756065368652,0.6216934490888151,0.7362709650837813,0.4689997186694851,37.604646744913474,,,0.0179794472317365,0.00037922556747738145,0.000282713330349349,0.0002482442837463683,0.1774498132672946,,
安徽省,宣城市,Small City,0.0,0.0,0.0,0.0,2662673.5,0.0,0.0,0.0,0.0,0.0,0.0,3.1604616505068703,0.6004580208300736,0.6449289774998309,0.3646635780706087,19.37814105579106,,125.13252360266056,-0.06437350688753884,-0.0009667669655299971,-0.002044384799885557,-0.0037126882459386223,-0.3717051162796743,,-352.55693372681066
安徽省,宿州市,Medium-sized City,0.0,0.0,0.0,0.0,5637721.0,0.0,0.0,0.0,0.0,0.0,0.0,3.148954132101038,0.605113636987832,0.6871685017671713,0.4384254357870117,32.301147640795776,,,-0.1378756499638536,0.003374265386712594,0.005831390858477725,0.0027454492070085323,0.5384409224288049,,
安徽省,池州市,Small City,0.0,301.0,0.0,0.0,1485474.5,0.0,301.0,301.0,0.0,2.026288569746569,-2.026288569746569,16.09530258178711,0.3614288951873363,0.2478256751057931,0.1677209539197311,8.674040739462459,36.73959526720471,4.310535208323073,0.8178968931499302,-0.012611123018686332,-0.018221962705254807,-0.014687304297630988,-1.6978594163412293,,-0.5798062357458109
安徽省,淮北市,Medium-sized City,0.0,0.0,128.0,0.0,2176833.5,0.0,-128.0,-128.0,0.0,-0.5880100614034101,0.5880100614034101,20.81188439724336,0.1581543619460882,0.0577918251809287,0.0333669632833878,0.0492995620662278,2.545683011245276,1.7262230982738522,-0.671369932848382,0.0028494875941925957,0.0012092906322392974,0.0006541620245909957,1.563264192230157e-05,0.048079337755117635,0.002006403419762437
安徽省,淮南市,Type II Large City,0.0,0.0,0.0,0.0,3522313.0,0.0,0.0,0.0,0.0,0.0,0.0,6.751963844387503,0.3999511690059524,0.265176475374075,0.1405168376504449,0.60268529025639,10.847388010196273,4.26175748194585,0.32091516273093124,0.011737968734636228,0.011988518454077834,0.006489032613678891,-0.00750258863346509,0.8773234199190352,0.3944153222283857
安徽省,滁州市,Small City,0.0,0.0,0.0,0.0,4131509.0,0.0,0.0,0.0,0.0,0.0,0.0,9.362018055686194,0.4668112336473285,0.4193414398143488,0.2858199377946371,17.150204283840324,,46.47786958183424,0.3130838717428084,-0.004098978508410067,-0.022112531010540115,-0.0224160875920984,-3.544923983007237,,
安徽省,芜湖市,Type II Large City,0.0,232.0,0.0,0.0,3734871.0,0.0,232.0,232.0,0.0,0.6211727259120864,-0.6211727259120864,27.7890878548602,0.3642724383480668,0.2581560588948896,0.1639548400957521,3.183906094361434,22.445528475572274,8.22894693349734,-0.03156954061977402,0.001847542482122877,0.0019150627992597924,0.0009441954348388959,0.00504485459156534,0.02691781838565177,0.23964869430072433
安徽省,蚌埠市,Medium-sized City,1300.0,0.0,0.0,0.0,3325805.5,1300.0,0.0,1300.0,3.9088275005859483,0.0,3.9088275005859483,19.00529657888133,0.3142184712625058,0.2056073749843371,0.1400724644712752,4.958361532827204,20.516884627253457,3.860660857139363,2.3848285714253734,-0.0004860259099730979,-0.003824040031468301,-0.004678244666292797,-0.849457050428355,-5.125738740902495,-0.05385425430044233
安徽省,铜陵市,Medium-sized City,0.0,0.0,0.0,0.0,1639197.0,0.0,0.0,0.0,0.0,0.0,0.0,17.808592406458825,0.2389148084468908,0.1044952636071023,0.0616969279103418,0.757695381677813,3.356717372042063,2.0589571981531853,0.1654537104272471,-0.01947196483453731,-0.024220729204993505,-0.019593480915191294,-1.124311356802242,-0.9431180012899278,-0.11988426592238799
安徽省,阜阳市,Medium-sized City,0.0,0.0,400.0,0.0,8001325.0,0.0,-400.0,-400.0,0.0,-0.499917201213549,0.499917201213549,8.344246572156898,0.3758448831367038,0.2572592925709553,0.1674851449113904,6.657605618977636,28.730420234739828,4.732220408864015,-0.5465797407389648,-0.0027951959367580326,-0.004394599544128963,-0.003283676409713887,-0.11043723079756518,-5.298545890731692,-0.1439842042731705
安徽省,马鞍山市,Medium-sized City,0.0,139.0,292.0,0.0,2323741.0,0.0,-153.0,-153.0,0.0,-0.6584210546700343,0.6584210546700343,29.351334437235696,0.2480709073359025,0.11454623951444,0.0656034978227577,0.0291319867500869,4.302099279131326,2.4701940353565006,-0.5527269697797728,0.011327581339327208,0.008738579904652405,0.004931509458138507,0.0291319867500869,0.2510685261228902,0.16065973205243012
安徽省,黄山市,Small City,0.0,0.0,0.0,0.0,1431336.0,0.0,0.0,0.0,0.0,0.0,0.0,10.587014442702973,0.3042197491981832,0.2145323943367492,0.1609229753735961,10.783166803219968,,3.753608429133781,-0.15533838596888394,-0.008498848264652525,-0.0121840143808373,-0.0101034004923862,-1.069925426798548,,-0.2878216166913967
山东省,东营市,Medium-sized City,0.0,290.0,0.0,0.0,2130703.0,0.0,290.0,290.0,0.0,1.3610531359837577,-1.3610531359837577,22.8328677028732,0.2274315289296939,0.1223961360666493,0.0868374259410501,3.886000921367025,5.171604836833415,1.9319741821344645,2.820345495885551,0.005077154741872203,0.007389570678276003,0.007503963687322701,1.0606850958645047,0.6342005085242546,-0.013914573496448313
山东省,临沂市,Type II Large City,0.0,0.0,0.0,0.0,10554857.0,0.0,0.0,0.0,0.0,0.0,0.0,7.579406060670552,0.2908760217308932,0.1523919838121849,0.0909034951190573,1.2288952807523754,5.643066209202656,3.1993466173573197,-0.0668650894661793,-0.0033876079585967722,-0.005300893096875675,-0.004494149278801388,-0.3219816010025416,-0.27305647367555785,-0.15459319862545007
山东省,威海市,Medium-sized City,0.0,0.0,0.0,0.0,2896901.0,0.0,0.0,0.0,0.0,0.0,0.0,20.318061784136063,0.2927135503643761,0.1410451158109638,0.0753127161175004,0.0199012978120946,4.847961434762186,3.502089837689273,1.4975802782214735,-0.021181176201906904,-0.0187664866174303,-0.010015551975053993,-0.052140315753639296,-0.7412144204988502,-0.20503752542120557
山东省,德州市,Medium-sized City,0.0,0.0,0.0,0.0,5853767.5,0.0,0.0,0.0,0.0,0.0,0.0,8.835499153898162,0.4436360866411307,0.339097833143524,0.180341949887718,3.042065836796417,16.08757274522906,4.15705277171097,-0.19041022397827412,-0.004666301543574003,-0.010460858604896928,-0.015976587958067584,-1.6302942595000731,-8.56644741946943,-0.8772962410404528
山东省,日照市,Medium-sized City,0.0,0.0,0.0,0.0,2942454.5,0.0,0.0,0.0,0.0,0.0,0.0,10.110944822995378,0.1892911329904998,0.0664270754178009,0.0372950599999438,0.0133304732588676,2.5383260216051045,1.828844929382796,0.02594437419223894,-0.010318775128024815,-0.005461036612623801,-0.0032585919245377987,-0.0957408839882327,-0.12111095072512246,-0.08955756709276042
山东省,枣庄市,Type II Large City,0.0,500.0,0.0,0.0,3931255.5,0.0,500.0,500.0,0.0,1.2718583160010841,-1.2718583160010841,15.67900878968446,0.139026070219694,0.0356121706659519,0.0190540381442478,0.0,2.0426108634413267,1.5096322105965698,0.8858560927199903,-0.004320028518757707,-0.0020853669595117946,-0.0012682778829242007,-0.030790364379049,-0.1391809064962235,-0.05616050145134466
山东省,泰安市,Type II Large City,0.0,0.0,0.0,0.0,5797641.5,0.0,0.0,0.0,0.0,0.0,0.0,9.460785988239929,0.3926610481070455,0.2548518323197522,0.1338580932474575,0.6976447086046796,8.462744423267216,4.207009791568286,-0.03889446818578257,0.0024176903787272996,0.001404954779107126,-0.0009037942273476818,-0.32993109648737107,-0.5301708604696937,0.26450832299851523
山东省,济南市,Super City,653.0,1144.0,22.0,0.0,8549162.0,653.0,1122.0,1775.0,0.7638175531122231,1.312409333218858,-0.5485917801066349,33.62778173658583,0.2559225403753551,0.12434355722103,0.0712930142271823,0.0,4.32715438181026,2.7687432272794528,2.2478915852337806,0.009547311183666224,0.0126184375316548,0.008423576703867702,-0.0010927452875359,0.4136246930227081,0.13784416549449974
山东省,济宁市,Type II Large City,0.0,0.0,0.0,0.0,8473372.5,0.0,0.0,0.0,0.0,0.0,0.0,16.162560857090124,0.3035439268044466,0.1804500488282338,0.1157629929313095,2.337788126121497,10.0820988927319,3.4773745457630474,-0.2247599573714183,-0.0018597088055319344,-0.0025385679697297048,-0.0018020693437775098,-0.028167641812970157,-0.836612075125263,0.08056965376528691
山东省,淄博市,Type II Large City,1000.0,0.0,0.0,0.0,4751974.5,1000.0,0.0,1000.0,2.104388396865345,0.0,2.104388396865345,18.28529303621908,0.2189378031917771,0.0959317217329556,0.0576052007991975,0.4755979016877,4.041548555315307,1.7689318729897607,2.33765202279929,0.005772461689185021,0.005027301769012102,0.003226683210620203,0.0650993358642899,0.4669040912020579,-0.019543943565819344
山东省,滨州市,Medium-sized City,2000.0,0.0,0.0,0.0,3947970.5,2000.0,0.0,2000.0,5.065893982743792,0.0,5.065893982743792,17.187471850730166,0.3009813849702725,0.162914805425367,0.0989504946753317,1.4193798594261964,5.930929876455629,3.1306873451070163,3.1241236143225475,-0.010900656559828081,-0.017718946122753404,-0.018308620077437013,-2.8198500006698044,-0.7169608067466235,-0.398646787648572
山东省,潍坊市,Type II Large City,0.0,0.0,0.0,0.0,9603779.0,0.0,0.0,0.0,0.0,0.0,0.0,14.775177915515432,0.3540938261916101,0.214820772119296,0.1226570154458911,0.7808224872232393,8.65445716959109,4.575355246103718,-0.12100904741817686,-0.005313365780703405,-0.006497684499045281,-0.0039141517544347,-0.08921104954676495,-0.8943544319862333,-0.07492883434205844
山东省,烟台市,Type II Large City,1000.0,0.0,72.0,0.0,7250696.0,1000.0,-72.0,928.0,1.3791779437449867,-0.09930081194963904,1.4784787556946257,7.680249289462441,0.486988516744489,0.4041867227608262,0.2097538002109927,0.0161494715991767,16.437515512876377,11.807178455516418,-0.13487145917543764,-0.00019336454363338973,0.004672958020011664,0.001907162560983916,-0.0400877330516124,0.07196880654125337,0.6758048392603442
山东省,聊城市,Type II Large City,0.0,0.0,0.0,0.0,6065061.5,0.0,0.0,0.0,0.0,0.0,0.0,12.46153815224472,0.2697637857717441,0.1346102660508089,0.0848170954178412,2.4911856817390965,4.5062253094223,2.417925900770716,-0.23697004857733184,-0.00012037110561169406,-0.0022104155408180226,-0.002798051790090905,-0.29693303043956965,0.045188382650703574,0.025497314452348707
山东省,菏泽市,Medium-sized City,0.0,0.0,0.0,0.0,8763964.5,0.0,0.0,0.0,0.0,0.0,0.0,6.08305685528869,0.2775656487695886,0.1478488478516825,0.096249379487933,3.8784249619380833,4.19310755306939,2.29437944324258,-0.020886951139486243,-0.01802885972523738,-0.015871711888934686,-0.008619438109652405,0.1633051443208191,-1.0298826801175966,-0.23976542521609634
山东省,青岛市,Super City,0.0,1030.0,0.0,0.0,9024122.5,0.0,1030.0,1030.0,0.0,1.141385215016751,-1.141385215016751,21.59491063281021,0.2784067223228285,0.1372924828235523,0.0762986223480425,0.0154558704010373,5.265524270163135,3.5037167509423504,1.629848342094494,-0.004737287015912028,-0.0035422479010530084,-0.0019593485007144,0.0014639062632095003,-0.015326838509183816,-0.1155369843905385
山西省,临汾市,Medium-sized City,0.0,0.0,0.0,0.0,4546424.0,0.0,0.0,0.0,0.0,0.0,0.0,7.148017548737237,0.4333792382187403,0.375020358433516,0.2666910439073421,18.52580202282078,,41.577392774327336,-0.10051922545548386,-0.010087808057709091,-0.017920434104955973,-0.01251083523881269,-1.0912381706586984,,-309.2212390562697
山西省,吕梁市,Small City,0.0,0.0,0.0,0.0,3934856.0,0.0,0.0,0.0,0.0,0.0,0.0,5.308762871428336,0.5457740109934828,0.5530323660046867,0.3437814444056369,23.52817801696973,,,-0.03872982342639997,-0.005954792461892122,-0.015537060970598371,-0.011158526059635077,-1.4026836182263125,,
山西省,大同市,Type II Large City,0.0,0.0,102.0,0.0,3494612.0,0.0,-102.0,-102.0,0.0,-0.291877896601969,0.291877896601969,15.623924278077626,0.4018115690953058,0.3794542461755281,0.279448773949126,20.136123643934003,,,-0.6550977469383081,-0.007543469954664095,-0.0158142535910904,-0.011095652490805907,-0.9410832550560784,,
山西省,太原市,Type I Large City,0.0,0.0,0.0,0.0,4419091.0,0.0,0.0,0.0,0.0,0.0,0.0,47.267508042289634,0.1120664217836139,0.0485345407095684,0.0370858139335472,1.979326355011337,1.7626194390525327,1.2902668369530628,-0.7926284297611303,-0.005012559298122901,-0.0052706129349511036,-0.004262604876973199,-0.16626976173451458,-0.07830032387859287,-0.00940917405980235
山西省,忻州市,Small City,0.0,0.0,0.0,0.0,3227195.0,0.0,0.0,0.0,0.0,0.0,0.0,0.4455588875995206,0.7440003397384162,1.0821164441184137,0.5906117622679306,46.6733626860004,,,0.2437813645626814,-0.009434975401571899,-0.03791684914732696,-0.015085380719172203,-1.8210794637053098,,
山西省,晋中市,Medium-sized City,0.0,0.0,0.0,0.0,3418549.5,0.0,0.0,0.0,0.0,0.0,0.0,5.093180036157127,0.574646737435971,0.5785447816132876,0.3241028637124628,10.65016316543863,,17.17368107357352,0.0007273083915348977,-0.003223860405593193,-0.007091522643232984,-0.005510749823568806,-0.9830507788913607,,-1.1300838569051592
山西省,晋城市,Medium-sized City,0.0,0.0,0.0,0.0,2398289.0,0.0,0.0,0.0,0.0,0.0,0.0,12.969469340921146,0.2708703623023182,0.1431372470861348,0.0941625519761637,3.564549845501444,5.221543216135765,2.212687063325097,0.4748290388666554,-0.01920261052542238,-0.015518847046567724,-0.009142569576006301,-0.44329268729654414,-0.7241275500825495,-0.22348507747955138
山西省,运城市,Medium-sized City,0.0,0.0,0.0,0.0,5406354.0,0.0,0.0,0.0,0.0,0.0,0.0,3.8756211339555136,0.4421037639324243,0.3759635099893495,0.2627204824924353,17.622035485329228,,24.289195382783063,-0.08687070679384012,-0.0009450663850231189,-0.002092600352961882,-0.002134622153300292,-0.24886151919305632,,-1.9491344613727044
山西省,长治市,Type II Large City,0.0,0.0,0.0,0.0,3513060.5,0.0,0.0,0.0,0.0,0.0,0.0,20.229673542841912,0.3011748378267078,0.209262482175087,0.1514562518833854,7.307033348314505,30.753033073904845,3.803564366230129,-0.443665575705527,-0.013327676199197613,-0.014068965101874498,-0.010350984976280703,-0.9438851598720763,-21.708291171235068,-0.6250561710036044
山西省,阳泉市,Medium-sized City,0.0,0.0,0.0,0.0,1438953.0,0.0,0.0,0.0,0.0,0.0,0.0,13.804985507329304,0.121518998047037,0.0398506447433348,0.0256862042183438,0.9126010340182742,1.6789755932753665,1.2784266849554506,-0.23516522543675222,-0.003622159168714084,-0.002884985558209499,-0.002404308180633502,-0.1546412323497024,-0.026137520777422596,-0.004029891572966182
广东省,东莞市,Super City,0.0,212.0,0.0,0.0,8648677.0,0.0,212.0,212.0,0.0,0.2451241964522435,-0.2451241964522435,24.95454742211119,0.1319774216230024,0.0270773302009463,0.0137280924257277,0.0,1.8793257958853884,1.5474602051955746,1.8091559861699906,-0.01265767111751398,-0.0055432117553923,-0.0028410770714266988,0.0,-0.0846526753385517,-0.07424578962518358
广东省,中山市,Type II Large City,0.0,0.0,0.0,0.0,3288094.5,0.0,0.0,0.0,0.0,0.0,0.0,25.88184923645073,0.1053306492607867,0.0186504256771452,0.0096386104356266,0.0,1.6316863312916985,1.3602367371259,0.4061375122932134,0.012498146272172592,0.0038326963089863,0.0019509875473968999,-0.0001833016476068,0.10480571682521567,0.05101618585856893
广东省,云浮市,Small City,0.0,0.0,0.0,0.0,2495204.5,0.0,0.0,0.0,0.0,0.0,0.0,10.614711310518416,0.2242057337968354,0.1040792966668971,0.0688584941446946,2.3786098270762066,3.927481330805645,2.037618474840851,-0.025269800933935826,-0.004293958169670209,-0.0033510944048902036,-0.0026688063298527104,-0.29185503445487226,-0.041029124425444596,-0.020729685695001887
广东省,佛山市,Super City,0.0,1400.0,0.0,0.0,7566404.5,0.0,1400.0,1400.0,0.0,1.850284372187609,-1.850284372187609,33.56155683255816,0.1065147651934758,0.0245747295695724,0.0136432959303568,0.0002236706431359,1.6732349546167964,1.3069748583449718,1.2771618265902802,-0.0035163174208564935,-0.001823482661026301,-0.0012795040742624997,-0.049349184992317996,-0.025935243448691248,-0.005939598099404364
广东省,广州市,Mega City,173.0,1588.0,8.0,0.0,13374973.0,173.0,1580.0,1753.0,0.12934605550231765,1.1813107959171207,-1.0519647404148031,38.031225961305005,0.1099359791945289,0.0321119447537104,0.0191473547494877,0.0074878105366594,1.6972827903772023,1.3246344176970228,1.2708086172805153,-0.0006408346416622995,-0.0002516877851473989,-0.00019696227939250063,-0.0204435622531364,0.012501341068663185,0.0020343621415954694
广东省,惠州市,Type II Large City,0.0,0.0,0.0,0.0,4841261.0,0.0,0.0,0.0,0.0,0.0,0.0,12.345969514983691,0.2791999165135647,0.1526027413483478,0.0988626176653461,2.6343496092111347,6.480420228522952,2.7175665601377577,1.2013256440728952,0.002352745062778161,0.0018613578876578163,0.0001547037315101918,-0.44524017719577813,0.376828915912931,0.012937326128351412
广东省,揭阳市,Medium-sized City,0.0,1379.0,0.0,0.0,6190746.0,0.0,1379.0,1379.0,0.0,2.227518299087057,-2.227518299087057,9.71209309718648,0.1906781181684896,0.0688215662615512,0.0388453349611777,0.1151864386501558,2.756311384704309,1.8776422395841064,1.2518915605834948,0.0035753716882817865,0.002784431782038896,0.0017422158385567987,-0.004725070226054298,0.09075342641115203,0.05956723017582566
广东省,梅州市,Medium-sized City,0.0,0.0,0.0,0.0,4464186.0,0.0,0.0,0.0,0.0,0.0,0.0,10.929068565368652,0.4065981179445371,0.3195629428429069,0.2185311283383614,10.310600725467957,,11.143501770773351,0.0380945866315443,-0.006647557603110588,-0.01439774548373679,-0.013286976406885781,-1.7680141733168124,,-5.26843035247402
广东省,汕头市,Type II Large City,132.0,368.0,0.0,0.0,5655808.0,132.0,368.0,500.0,0.2333884035667406,0.6506585796406101,-0.4172701760738695,10.436315003946016,0.0837731832608277,0.0132735002487089,0.0070951750754438,0.0,1.4691951242541617,1.289501922186888,1.2649019182431775,-0.0015595736810709027,-0.0006341523337808005,-0.00036544436014719975,0.0,-0.01260878580724012,-0.007067550218383678
广东省,汕尾市,Small City,0.0,0.0,0.0,0.0,3054588.5,0.0,0.0,0.0,0.0,0.0,0.0,2.603348290532382,0.2732913701279477,0.1368105666511055,0.0816704583404815,1.0770953070792235,4.667319736578906,2.1482082856967977,0.020826346211876956,0.0038384461707504647,0.0038994512217334076,0.002791217934328599,0.2902054032634258,0.19138341028220296,0.04920593472666557
广东省,江门市,Type II Large City,0.0,350.0,0.0,0.0,4678008.5,0.0,350.0,350.0,0.0,0.7481816247234266,-0.7481816247234266,9.165540796202665,0.3847552001550652,0.241950842555284,0.1311603579047477,1.1243037475798483,8.284843853146084,4.600368417559505,1.6094439553580155,-0.02503786308910022,-0.03385408818510119,-0.017918937340261315,-0.2555320283850522,-1.6542522209876704,-0.6454747901666025
广东省,河源市,Medium-sized City,413.0,0.0,0.0,0.0,3096404.0,413.0,0.0,413.0,1.3338052786393506,0.0,1.3338052786393506,3.348048780581741,0.549765155170689,0.5516619927870491,0.3479045217283258,19.991627943763188,,6579.595515988306,0.11739214747703208,0.015815132104280982,0.020069163347487096,-0.0009907692997291884,-2.8981993727868023,,
广东省,深圳市,Mega City,6100.0,461.0,0.0,0.0,10717221.0,6100.0,461.0,6561.0,5.691774014924205,0.4301488230950915,5.261625191829113,22.793229065241807,0.0611960613389797,0.0080012277867477,0.0042893512636764,0.0,1.2814548551450602,1.1465457851773952,3.5082030767013173,-0.0006274326637479011,-0.0002350821091123001,-8.504282411849959e-05,0.0,-0.00013596716135921838,0.009566802437256827
广东省,清远市,Medium-sized City,0.0,0.0,0.0,0.0,3900808.0,0.0,0.0,0.0,0.0,0.0,0.0,3.127816880114861,0.6174550359505284,0.715266053018163,0.4531266453670506,34.145619410136625,,,0.019466285570123087,-0.00029241830963666615,-0.0028676743242939118,-0.003966597386131587,-1.2787968843547688,,
广东省,湛江市,Type II Large City,0.0,0.0,42.0,0.0,7289826.0,0.0,-42.0,-42.0,0.0,-0.05761454388623268,0.05761454388623268,12.10775819231697,0.456237881993647,0.4248029095290644,0.3075663508068631,23.708791126253203,,,0.5270114087321254,-0.0018128941641477048,-0.000967304710804584,4.7260282711347745e-05,0.03780119622960143,,
广东省,潮州市,Medium-sized City,0.0,0.0,0.0,0.0,2796042.0,0.0,0.0,0.0,0.0,0.0,0.0,8.278903136956707,0.2472598820371824,0.1331215756644379,0.0842537381023595,0.3288807267064181,5.951076943270162,2.351021308111103,1.4237590690293862,0.004048290021540307,0.006893706745030814,0.004969150952658,0.0785095169884657,0.5815754556749981,0.09074450451011673
广东省,珠海市,Type II Large City,0.0,0.0,0.0,0.0,1607518.5,0.0,0.0,0.0,0.0,0.0,0.0,18.65600407486034,0.1328772265072424,0.037874966321816,0.0213566686508916,0.0380865326020719,2.0348712585142628,1.4843686261708806,-0.8054538233387021,-0.005120429866716902,-0.002042414679620297,-0.0011236128818906989,-0.041836331523435105,-0.023833311195533557,-0.03052651210641577
广东省,肇庆市,Medium-sized City,0.0,0.0,0.0,0.0,4130774.5,0.0,0.0,0.0,0.0,0.0,0.0,4.640096337526057,0.5731821994025532,0.6484371846319273,0.4349862214861424,34.57112498038863,,,-0.06697124746539806,0.00031969058398984007,-0.003973240808941347,-0.004457663417360869,-0.9807612499958154,,
广东省,茂名市,Medium-sized City,1200.0,0.0,0.0,0.0,6118350.5,1200.0,0.0,1200.0,1.9613129388386623,0.0,1.9613129388386623,14.277973911978982,0.3179198577192499,0.2005241813536913,0.1344548588244819,5.417993026886903,10.866677811822058,3.714551829657355,1.7824420014427425,-0.0002611086702165033,0.0012662159676730955,0.0006296171213381052,-0.0571745575834024,-1.1122873260138668,0.26719622201804993
广东省,阳江市,Medium-sized City,0.0,550.0,0.0,0.0,2539307.5,0.0,550.0,550.0,0.0,2.1659448491370186,-2.1659448491370186,10.004906376538626,0.2572361983794804,0.1453851268790546,0.1055164783651462,5.718946561222425,5.429731141471803,2.344778155704184,1.9423834268276572,0.007714389104969216,0.005653031259902019,0.002827574249661402,-0.0013735643530070618,0.6451169583719487,0.10904616934904343
广东省,韶关市,Medium-sized City,0.0,0.0,0.0,0.0,2978920.5,0.0,0.0,0.0,0.0,0.0,0.0,12.251607379876075,0.4990089701489618,0.5083790441388347,0.3571668110773719,26.12322320495829,,,-0.4404461083461211,0.005039059685520375,0.009277803736750412,0.0047099739199921165,0.06130815816203139,,
广西壮族自治区,北海市,Medium-sized City,0.0,18.0,0.0,0.0,1592621.0,0.0,18.0,18.0,0.0,0.11302123983044303,-0.11302123983044303,23.4541989116804,0.3289470136891727,0.2379680201850587,0.167636535089641,8.43664421987232,44.81935304459774,4.656939183271504,0.38177722849918183,0.0047800494101200575,0.004795725531592188,0.002643930540328604,-0.04083769545945515,3.3888766933194816,0.04243364671763583
广西壮族自治区,南宁市,Type I Large City,1388.0,475.0,80.0,0.0,7003933.5,1388.0,395.0,1783.0,1.9817435445382228,0.5639688041012954,1.4177747404369274,32.67648061116537,0.4533068383575541,0.421259989033899,0.2743359076662591,9.246580112816975,826.4467723948663,29.145439548021088,4.372337348219279,-0.022272281624106105,-0.0501386548130236,-0.04054941243578458,-4.5774096433660105,,-71.27786392168143
广西壮族自治区,崇左市,Small City,0.0,0.0,0.0,0.0,2105744.0,0.0,0.0,0.0,0.0,0.0,0.0,2.9815719697179506,0.6621332508674604,0.8114928817378478,0.4717970412701797,33.19485297594839,,,-0.4853243453059819,0.028906927176410635,0.07325704100132857,0.03971166272813348,3.594277260166571,,
广西壮族自治区,来宾市,Small City,0.0,0.0,0.0,0.0,2216087.0,0.0,0.0,0.0,0.0,0.0,0.0,5.317126121935637,0.5727114218575183,0.5781179469670141,0.3445361285812445,16.52257039124767,,84.93593773566236,0.1272691464501312,-0.017785337659911193,-0.049423804059731236,-0.04013157506950349,-5.8095281928702995,,
广西壮族自治区,柳州市,Type II Large City,0.0,0.0,0.0,0.0,3949482.0,0.0,0.0,0.0,0.0,0.0,0.0,32.789598204720185,0.3969424113706767,0.3796084430088045,0.2921277049589693,24.439708464143436,,,0.9129617698907175,-0.005924160076678786,-0.008679069406310524,-0.005589805302000206,-0.43717046275305194,,
广西壮族自治区,桂林市,Type II Large City,0.0,280.0,0.0,0.0,5000407.0,0.0,280.0,280.0,0.0,0.5599544197102355,-0.5599544197102355,6.13475652382924,0.5856445245511009,0.719830383474366,0.4780195360767781,38.96668011834558,,,0.05833022510726327,0.0005436694689858745,-0.001386196520606564,-0.002335757691709184,-0.8406722635940227,,
广西壮族自治区,梧州市,Medium-sized City,0.0,0.0,0.0,0.0,3033050.0,0.0,0.0,0.0,0.0,0.0,0.0,9.068290504356897,0.545019576394766,0.5635822708615211,0.3704887317494646,24.901976101402628,,,0.09880534642316796,-0.011848605623212882,-0.024896824018212804,-0.013945536918775259,-1.409197597690632,,
广西壮族自治区,河池市,Small City,1050.0,239.0,0.0,0.0,3554631.5,1050.0,239.0,1289.0,2.9538926890171315,0.6723622406429471,2.2815304483741845,4.184110156996257,0.6138985796106456,0.7093308608474107,0.4428772293158607,31.37013114496073,,,3.164357018771973,-0.058498799328738804,-0.17406982351205913,-0.09470287068169903,-13.800858564627767,,
广西壮族自治区,玉林市,Medium-sized City,0.0,0.0,0.0,0.0,5751192.5,0.0,0.0,0.0,0.0,0.0,0.0,7.166371475779116,0.3770559886010218,0.2733435209198384,0.1857198817907388,9.677587985625957,119.34074539478918,5.3329858240578005,-0.2996319214981069,-0.030517815059978415,-0.04863074162618641,-0.036274614042929476,-2.7573128624511316,,-3.187369398056374
广西壮族自治区,百色市,Small City,1200.0,34.0,0.0,0.0,3644595.0,1200.0,34.0,1234.0,3.292546908504237,0.09328882907428672,3.19925807942995,0.0,0.7660931928836562,1.2257955649006096,0.6749932903773666,60.31731246979989,,,0.0,-0.01099073371311532,-0.051170777710787485,-0.020301314411137028,-4.060905557741648,,
广西壮族自治区,贵港市,Medium-sized City,0.0,0.0,221.0,0.0,4343289.0,0.0,-221.0,-221.0,0.0,-0.5088309803929695,0.5088309803929695,2.4669592157428792,0.5936801152566312,0.7101578316334473,0.4709810459914401,39.61609436782392,,,0.29142541027910074,-0.012086368553427929,-0.025091054135724766,-0.010648679513388715,-0.4826165846280688,,
广西壮族自治区,贺州市,Small City,0.0,0.0,0.0,0.0,2062991.5,0.0,0.0,0.0,0.0,0.0,0.0,9.701034936093793,0.3729157362738488,0.2865247598083063,0.2016341906549834,11.339824115753144,,8.199165086371336,0.4388236554327918,-0.013637367277055723,-0.014702018864573618,-0.007763434296289895,-0.31931390317941144,,-0.3820761658339915
广西壮族自治区,钦州市,Medium-sized City,0.0,1001.0,0.0,0.0,3236408.0,0.0,1001.0,1001.0,0.0,3.092935130552143,-3.092935130552143,5.694099837876821,0.6241629321190316,0.7200592354113069,0.4280277736187481,22.37650091013659,,,1.1567656074034884,-0.013551723738122412,-0.04836694870946201,-0.04111755670123157,-9.226671451646723,,
广西壮族自治区,防城港市,Small City,0.0,0.0,0.0,0.0,880472.0,0.0,0.0,0.0,0.0,0.0,0.0,11.39310647459591,0.5067410338794662,0.4814758117189639,0.3109048786594556,16.626087467869304,,45.75776757582799,-2.021404044072179,0.05675565305913094,0.1084269007359584,0.06534624929116009,3.6798651366481394,,32.479526301455714
新疆维吾尔自治区,乌鲁木齐市,Type I Large City,0.0,224.0,0.0,0.0,3279128.0,0.0,224.0,224.0,0.0,0.6831084361452191,-0.6831084361452191,66.39712412997689,0.0653519993030794,0.0196827860754133,0.0135301528475532,0.356052744866714,1.315046994468508,1.121283659389548,0.006441819867944787,-0.00011293389280289667,3.4109604655011005e-06,8.901927676279939e-05,0.007868321693058733,0.00045311828265282017,1.2048962583000034e-05
新疆维吾尔自治区,伊犁哈萨克自治州,Small City,0.0,0.0,0.0,0.0,2433019.0,0.0,0.0,0.0,0.0,0.0,0.0,20.22284549620093,0.5146966093695877,0.580538517344368,0.4199257541025397,38.3148075558658,,,-0.16233684932764092,-0.0012613101921659098,-0.0025250658999018682,-0.0011580164915589441,-0.05271986711699128,,
新疆维吾尔自治区,克孜勒苏柯尔克孜自治州,Small City,0.0,0.0,0.0,0.0,557925.5,0.0,0.0,0.0,0.0,0.0,0.0,12.155531154738531,0.5485346310153747,0.5970527254298635,0.4058362947400916,32.88857728015528,,,3.2566854821311093,-0.015583156673768306,-0.030174238992981994,-0.011433498619384641,-0.2610178174372706,,
新疆维吾尔自治区,克拉玛依市,Small City,0.0,0.0,0.0,0.0,358741.5,0.0,0.0,0.0,0.0,0.0,0.0,35.35588252707163,0.1110858018728078,0.047561731860768,0.0360428580050914,1.5080955367698892,1.3736764803051016,1.3352842731039816,-0.3329572038422981,-1.4951577481603362e-05,0.0009034349042892006,0.0011383468124948962,0.18012299777486995,-0.006213553721876375,-0.004603203810456202
新疆维吾尔自治区,博尔塔拉蒙古自治州,Small City,0.0,0.0,0.0,0.0,426676.5,0.0,0.0,0.0,0.0,0.0,0.0,7.0486584561211725,0.5686110997746081,0.7220130235696524,0.4868290800415624,42.87000767556394,,,-2.111167626085459,0.0065121233642631005,0.018928957298054994,0.010168863047216481,1.276251789333017,,
新疆维吾尔自治区,吐鲁番市,Small City,0.0,0.0,0.0,0.0,655719.0,0.0,0.0,0.0,0.0,0.0,0.0,6.214283543963765,0.556123419514355,0.6142664078965161,0.4174664246137582,34.811389218684056,,,0.27273391912392597,-0.004988882613253698,-0.012950113183904155,-0.007467749313097072,-0.7374940191602448,,
新疆维吾尔自治区,和田地区,Small City,0.0,0.0,0.0,0.0,2079239.0,0.0,0.0,0.0,0.0,0.0,0.0,6.065611839294434,0.5628967961755715,0.6894932533981203,0.481433497360142,45.156143532243135,,,0.0609736442565918,-0.0020460851521760803,-0.0035298034737537565,-0.0019488853313192611,-0.257798039005948,,
新疆维吾尔自治区,哈密市,Small City,0.0,0.0,0.0,0.0,585756.0,0.0,0.0,0.0,0.0,0.0,0.0,37.86130177833346,0.3131899036692956,0.3376906191239443,0.2770263840896864,25.588284279901973,,,-0.3895856557301869,-0.0006093836352983883,-0.0008654470767003875,-0.0005373597077051318,0.0821155901611732,,
新疆维吾尔自治区,喀什地区,Small City,1200.0,0.0,0.0,0.0,4188854.5,1200.0,0.0,1200.0,2.864745003675826,0.0,2.864745003675826,0.0,0.7454063206816037,1.1935632336972388,0.6724937128811009,61.92868825925941,,,0.0,-0.005624549222672304,-0.020319495977853874,-0.006414937802673326,-1.0494264630950383,,
新疆维吾尔自治区,塔城地区,Small City,0.0,0.0,0.0,0.0,1350961.0,0.0,0.0,0.0,0.0,0.0,0.0,19.95767551625269,0.525748082201752,0.5501620184997558,0.3824969751239516,30.314146002139896,,,0.06461022810360717,0.0007531318406129861,0.0026704438224229854,0.0023142549723144112,0.31784902836000484,,
新疆维吾尔自治区,巴音郭楞蒙古自治州,Small City,0.0,0.0,0.0,0.0,1262605.0,0.0,0.0,0.0,0.0,0.0,0.0,15.363066435234511,0.4929763657866446,0.5458170582460105,0.395040366980138,34.85673962406964,,,-0.28354154132970777,0.000770710013969611,0.0018183472421233748,0.0014141016104498028,0.22467158311140167,,
新疆维吾尔自治区,新疆维吾尔自治区,Small City,0.0,0.0,40.0,0.0,1134748.5,0.0,-40.0,-40.0,0.0,-0.3525010167451202,0.3525010167451202,32.58287291093306,0.4010449046076284,0.3324838241863788,0.2415730444008943,17.650531804767468,,12.155714677823044,0.1552874242087796,-0.00466441040246196,-0.00437736092264962,-0.0022208318837114993,-0.156223653999092,,-0.24034635879183952
新疆维吾尔自治区,昌吉回族自治州,Small City,0.0,0.0,0.0,0.0,1506198.0,0.0,0.0,0.0,0.0,0.0,0.0,10.369914740921397,0.5866262708254133,0.7081693466208658,0.4790003347334287,42.15524147175229,,,0.4223466195108454,-0.0002994282142001481,-0.0020418511046325083,-0.0011624171118698179,0.030665634630835825,,
新疆维吾尔自治区,阿克苏地区,Small City,0.0,0.0,0.0,0.0,2498463.5,0.0,0.0,0.0,0.0,0.0,0.0,0.0,0.7588939321445181,1.281512878944896,0.708464531298612,68.20886358139626,,,0.0,-0.0010705019903670676,-0.008678550239603622,-0.003230526901238262,-0.3390144520666212,,
新疆维吾尔自治区,阿勒泰地区,Small City,0.0,0.0,0.0,0.0,566159.5,0.0,0.0,0.0,0.0,0.0,0.0,0.0,0.7624558414277351,1.255999178005936,0.6917716338021049,64.6177433477391,,,0.0,0.001584936905472234,0.006467579425015746,0.0015243566254959928,0.014370178716887949,,
江苏省,南京市,Super City,4080.0,900.0,100.0,0.0,8401944.5,4080.0,800.0,4880.0,4.856018746612763,0.9521605385515222,3.903858208061241,42.39753947261574,0.1322874995919197,0.0492357515794539,0.0293715397882812,0.0,2.048228614138673,1.3729575867666692,5.338063720326076,-0.01128712791752809,-0.0215980111093901,-0.021971152310641603,-1.222004400459247,-0.09929696325702153,-0.006396019757952454
江苏省,南通市,Type II Large City,1717.0,0.0,0.0,1717.0,7665132.5,0.0,0.0,0.0,0.0,0.0,0.0,6.615130164786104,0.4206638914219297,0.3170313640035086,0.1996293245959228,5.9850148643506245,57.813695592652486,8.339190284440287,-0.031842215191407064,-0.00546260228871237,-0.01945408199576998,-0.023711967098564296,-4.0350948643941,,-2.3363125055294045
江苏省,宿迁市,Medium-sized City,0.0,0.0,0.0,0.0,4920595.0,0.0,0.0,0.0,0.0,0.0,0.0,8.532953079710616,0.3405336753251835,0.2183623078009514,0.1452892788961196,6.228564677015507,16.185803646195385,3.7228122467630738,1.5336649907420012,-0.05351348216302276,-0.06793119225962779,-0.04308405225152251,-2.3439242959459445,-43.76830209233516,-2.148344156955828
江苏省,常州市,Type I Large City,2388.0,0.0,0.0,0.0,4830024.5,2388.0,0.0,2388.0,4.944074300244233,0.0,4.944074300244233,20.61100127922245,0.1845184411505689,0.0694406604976273,0.0391415505077314,0.0020404953828123,3.065289327637269,1.8782390722550868,3.7437998527788494,-0.017434885175144604,-0.022239913362905303,-0.0163599734337197,-0.0880539790307313,-0.6394100650802241,-0.04041461839073879
江苏省,徐州市,Type II Large City,501.0,0.0,0.0,0.0,8971780.5,501.0,0.0,501.0,0.558417585004448,0.0,0.558417585004448,16.34700715114396,0.4444523886423899,0.3515367475494069,0.2207568526587179,9.55601049694024,780.1705565947462,7.493365441301014,0.71290397588354,-0.007783848542930127,-0.013342759944960314,-0.007305596504347811,0.3314657973401438,203.79233152747452,-0.6691576151359993
江苏省,扬州市,Type II Large City,0.0,56.0,0.0,0.0,4701259.0,0.0,56.0,56.0,0.0,0.11911702801313437,-0.11911702801313437,15.369103293105391,0.3659294024571343,0.2469809916634789,0.1540755666979647,3.952022036168759,11.857557920210684,4.873120302975841,0.618066518363726,0.010168649091890414,0.00965357447351109,0.004272708888821003,-0.06284944093643041,0.07146587063361487,0.3025885035120659
江苏省,无锡市,Type I Large City,1468.0,0.0,0.0,0.0,6717515.5,1468.0,0.0,1468.0,2.185331764400097,0.0,2.185331764400097,24.740386193391075,0.1727507363993995,0.0704387590863742,0.0414461607841789,1.4819734966823802e-05,3.149855151114952,1.6072614920340629,3.955570096118226,0.001494183610310007,0.0029402337772461012,0.002242231824770499,-0.00047865503321957616,0.10609960229646909,-0.07804907096714464
江苏省,泰州市,Medium-sized City,1600.0,0.0,0.0,0.0,4862902.5,1600.0,0.0,1600.0,3.2902160798000786,0.0,3.2902160798000786,12.622653652076146,0.2322791214833282,0.0889604809263664,0.0485154322622882,0.1679087863462028,3.1003403288847164,2.197970889520625,1.2578615575650023,0.017060014292905795,0.011263940381789489,0.005628196281902503,-0.053140127000392195,0.2327822343881758,0.14036806406303404
江苏省,淮安市,Type II Large City,840.0,0.0,0.0,0.0,5075417.0,840.0,0.0,840.0,1.6550364236081487,0.0,1.6550364236081487,10.297780528104395,0.3616335731405482,0.2992576944920948,0.2276649067285525,15.377035128617283,,23.51481745526693,1.1899484364234514,-0.01530040569583907,-0.013480335661128218,-0.007293359906208191,-0.6579561797646534,,-7.89777891690408
江苏省,盐城市,Type II Large City,0.0,0.0,0.0,0.0,7646122.5,0.0,0.0,0.0,0.0,0.0,0.0,5.195155809164189,0.5472901725203771,0.5610044574965082,0.3650859254666095,22.802712734404825,,,0.5821424547283494,-0.025223158908421084,-0.04941943879849742,-0.025192284603306414,-1.3920530014746326,,
江苏省,苏州市,Type I Large City,2770.0,451.0,0.0,0.0,10932246.5,2770.0,451.0,3221.0,2.5337884578435,0.41254100884022327,2.1212474490032767,17.96108697247098,0.1930663428499931,0.0653992756812645,0.035547647259795,0.0,2.815291720601741,1.9133338775815705,2.8812810465793923,-0.0041554095356654,-0.0013674767098620089,-0.0003916899982151986,0.0,0.02218614137123831,-0.08350761822891983
江苏省,连云港市,Type II Large City,0.0,0.0,0.0,0.0,4619946.0,0.0,0.0,0.0,0.0,0.0,0.0,13.738148378825688,0.2668581079365781,0.1433395565614088,0.0940167945114129,2.4847213994790804,6.357038714397868,2.554921896258247,-0.31044928542349837,-0.0015299264333933915,-0.002003372934957115,-0.0030981309760494957,-0.7655469594341433,0.24248907819548293,-0.016531270960561173
江苏省,镇江市,Medium-sized City,868.0,10.0,0.0,0.0,3281965.5,868.0,10.0,878.0,2.6447566252600767,0.030469546373964016,2.614287078886113,24.18096065131189,0.1792669490367445,0.0521519229799543,0.0270834454244033,0.0,2.4720328262482765,1.7893753999242592,3.106688055392798,-0.018259376730488386,-0.011224763662041393,-0.006043342154884199,0.0,-0.27195436064914125,-0.1644959952439169
江西省,上饶市,Type II Large City,0.0,0.0,0.0,0.0,6923144.0,0.0,0.0,0.0,0.0,0.0,0.0,5.069272847749173,0.4146913976511588,0.3154032700054597,0.1861124576707939,7.503602087916829,22.518726493974928,3.7434749472416753,0.041103847933386284,0.011609164555937024,0.015498509124600601,0.005308018185296415,-0.10532004021223873,-0.37622815818363975,0.10736651462767144
江西省,九江市,Medium-sized City,0.0,0.0,0.0,0.0,4977006.0,0.0,0.0,0.0,0.0,0.0,0.0,18.866992380766742,0.4792980053600453,0.4757584772484486,0.3456137113978901,28.53174103909441,,,-0.11279486675479333,-0.0004915923677099032,-0.00044205268700370226,-0.0001337339148450023,0.00399480887324799,,
江西省,南昌市,Type I Large City,0.0,0.0,0.0,0.0,5310341.5,0.0,0.0,0.0,0.0,0.0,0.0,54.85131561616979,0.1636817588966586,0.0720600556459179,0.0463841628145618,0.4033184821247463,2.6065757633043782,1.708345979303151,-0.13823021114673395,-0.001973802742137598,-0.0013711485429100945,-0.0008624250428415983,0.031934126272212704,-0.09204122174615392,-0.013180353785817722
江西省,吉安市,Small City,0.0,0.0,0.0,0.0,5065333.0,0.0,0.0,0.0,0.0,0.0,0.0,4.138321444165939,0.5797810506643906,0.6368975137810867,0.4167701673957583,31.68836288967119,,,0.12828492930091162,-0.00522800922634592,-0.013031185320249161,-0.008062629418508938,-1.086216537719423,,
江西省,宜春市,Medium-sized City,0.0,51.0,0.0,0.0,5712931.5,0.0,51.0,51.0,0.0,0.08927115614811766,-0.08927115614811766,7.234030598499736,0.5063157907496247,0.4428524209216135,0.2618394838272982,10.672768923379431,,10.800814046077296,-0.42980189344972786,0.002377196584149921,0.003264292610253794,0.0009700187973379903,-0.07035148639539734,,0.019031515370549812
江西省,抚州市,Medium-sized City,0.0,0.0,0.0,0.0,4121554.5,0.0,0.0,0.0,0.0,0.0,0.0,2.645455153676218,0.5226752986888057,0.5185645453655723,0.3359741986272002,23.034705641523583,,,-0.048419925535777786,0.004913732848147223,0.008768727615400707,0.002697078491783078,0.00031425414009689234,,
江西省,新余市,Medium-sized City,0.0,0.0,0.0,0.0,1197638.5,0.0,0.0,0.0,0.0,0.0,0.0,8.995447855026196,0.1320017658106922,0.0410558123499161,0.0240789211359403,0.0871131548344891,2.0213630191690157,1.440463329200235,-0.046001676024557625,0.0004872055518466978,0.00018715269860729994,8.213786512609872e-05,-0.00036893775729579525,-0.0010279055326658515,0.01124143875541006
江西省,景德镇市,Medium-sized City,0.0,470.0,0.0,0.0,1671602.5,0.0,470.0,470.0,0.0,2.8116732297301543,-2.8116732297301543,13.611854843179874,0.3551700276530218,0.2533121458378772,0.1661742841491742,4.67350276274681,41.52947217091755,5.348070542905504,1.627501100531557,0.0009281125255595213,0.0015892446899893886,0.001040742317300114,-0.3395404882046176,3.3614177025879215,0.04114393458233856
江西省,萍乡市,Medium-sized City,0.0,0.0,70.0,0.0,1944200.0,0.0,-70.0,-70.0,0.0,-0.36004526283304183,0.36004526283304183,13.04173322083363,0.1862590603361523,0.1057012243472112,0.075606965449654,1.217744392471921,3.720133110847744,1.645144390186401,-0.4744917645349105,-0.0004790838906728878,0.00019667566393000158,0.0003753927086086045,-0.0005284078401519565,0.015548023673651823,-0.004782290648720489
江西省,赣州市,Type II Large City,0.0,0.0,0.0,0.0,8808831.0,0.0,0.0,0.0,0.0,0.0,0.0,0.0,0.6952530720674508,0.9812218794582452,0.5930365170318382,51.823899797535965,,,0.0,-0.004151191310132862,-0.014337176332982149,-0.005524971356117514,-0.5128930394657232,,
江西省,鹰潭市,Small City,0.0,0.0,0.0,0.0,1184618.5,0.0,0.0,0.0,0.0,0.0,0.0,8.432630136609077,0.1531943870480584,0.0554055636281419,0.0353089151470241,0.618848491367719,2.08691682322364,1.502555923080695,-0.06047245071214746,0.005205137017456007,0.002361818477243101,0.001181189218113797,0.0009317028051578635,0.061590250578608785,0.03315974516757825
河北省,保定市,Type II Large City,0.0,0.0,450.0,0.0,11749682.0,0.0,-450.0,-450.0,0.0,-0.3829890885557584,0.3829890885557584,9.033879207659371,0.3487155987669179,0.2359170414321376,0.1622293072252617,7.503668903382339,53.54747020846495,4.062942837123977,-0.3756024599792891,-0.006838298808429399,-0.011585505829110998,-0.009267903916810816,-0.541597529094739,-51.091669727075164,-0.47975533636483636
河北省,唐山市,Type II Large City,0.0,0.0,91.0,0.0,7859500.0,0.0,-91.0,-91.0,0.0,-0.11578344678414657,0.11578344678414657,9.905919286939833,0.3567727663960868,0.2342296210631574,0.1477358411125847,3.852817883061669,11.950775434544546,5.266685109896369,-0.10776565415921091,-0.0029056689617298903,-0.003812474454949699,-0.0033434892028536,-0.5620102996622158,-0.008380287447565138,-0.19103805380943228
河北省,廊坊市,Medium-sized City,0.0,0.0,102.0,0.0,4575704.5,0.0,-102.0,-102.0,0.0,-0.22291649296845983,0.22291649296845983,14.688597483427628,0.2941927133010451,0.154324207885901,0.0881185069225921,0.1798838587306874,6.221796692992409,3.3654177834310914,-0.3109429638122734,0.0011451633889645874,0.0009841820566706128,0.00024501882612169845,-0.019760057662111002,-0.08336117070806992,0.07570479497760108
河北省,张家口市,Type II Large City,0.0,0.0,0.0,0.0,4569676.0,0.0,0.0,0.0,0.0,0.0,0.0,1.5243847643308035,0.6660768402383845,0.8531386673397073,0.5123620125179167,38.315228283962,,,0.004046838336570602,-0.0016049645285141079,-0.005800460539469587,-0.003801410099096625,-0.6722954130121721,,
河北省,承德市,Medium-sized City,0.0,0.0,0.0,0.0,3648112.0,0.0,0.0,0.0,0.0,0.0,0.0,2.4403985787469606,0.6516414823980258,0.8375513283613873,0.5259192374855093,43.918752974462194,,,-0.17446697511957154,0.0009787035581784176,0.0022932888928683948,0.000938127156472568,0.17090073132289518,,
河北省,沧州市,Medium-sized City,0.0,0.0,0.0,0.0,7501661.5,0.0,0.0,0.0,0.0,0.0,0.0,12.627077452974966,0.4481999847996258,0.3458328973178152,0.2062748630506531,5.263173260734119,31.95432695632379,7.759462254015292,0.5507485525266134,-0.010997380124919576,-0.017413362912408914,-0.010654564599513,-0.6437310741996667,-8.135208835808186,-0.910226431942097
河北省,石家庄市,Type I Large City,0.0,299.0,11.0,0.0,10716092.5,0.0,288.0,288.0,0.0,0.26875467900263084,-0.26875467900263084,22.486991691666542,0.2747169254470839,0.1510526991570391,0.0974053670812677,2.0262206848807813,6.432306546513662,2.8035074702292877,-0.058034644763719,-0.010986065440721282,-0.013289577206383907,-0.009358686696346305,-0.23037082050000768,-1.5665138377008097,-0.21008996623992937
河北省,秦皇岛市,Type II Large City,0.0,0.0,0.0,0.0,3135613.5,0.0,0.0,0.0,0.0,0.0,0.0,9.154719352722168,0.3498413843372006,0.262481378798073,0.1788515300423051,7.666832924673058,34.679595163497666,7.193966773545542,-0.21467938052641422,0.003066879819410784,0.0033155519031045078,0.0012483048876044123,-0.2912859821103382,-1.0710043837591527,0.19860858974954976
河北省,衡水市,Medium-sized City,0.0,0.0,0.0,0.0,4580721.0,0.0,0.0,0.0,0.0,0.0,0.0,2.6244341898859345,0.376340046981069,0.2625180074471636,0.1654342427171291,7.509635232503909,17.937069824265038,3.7993798476526353,-0.01495970423752313,-0.023045208475441892,-0.03462353984145633,-0.02578844462682331,-2.2501507371020217,-148.30543166012149,-0.832953912591254
河北省,邢台市,Type II Large City,0.0,0.0,0.0,0.0,7476783.5,0.0,0.0,0.0,0.0,0.0,0.0,3.412592694426165,0.5229524549757332,0.49911969505504,0.3175977109234648,16.87980547616239,,59.52912967436782,0.08208057805438074,-0.009496797506928889,-0.01987350300797136,-0.012608584912434218,-1.1459968582065763,,-50.82866072788646
河北省,邯郸市,Type II Large City,0.0,0.0,200.0,0.0,9637673.0,0.0,-200.0,-200.0,0.0,-0.20751897268147612,0.20751897268147612,7.383379771200459,0.4276980873770534,0.3496462299206491,0.2375398764797842,12.096918805931422,,14.0214481230571,-0.1860652985336939,-0.018381870599234795,-0.02860558044589412,-0.01737281679948921,-1.1336221802005468,,-4.598781786575541
河南省,三门峡市,Small City,0.0,0.0,0.0,0.0,2358985.0,0.0,0.0,0.0,0.0,0.0,0.0,24.278964911545668,0.3960022563447215,0.3221585622453556,0.2372085406928183,17.101309583694857,,14.89086520613077,0.26104656836586315,-0.008976320757936584,-0.011465806322378702,-0.0069559653203226934,-0.7157049992357152,,-6.357749444893887
河南省,信阳市,Medium-sized City,0.0,0.0,0.0,0.0,6412042.0,0.0,0.0,0.0,0.0,0.0,0.0,0.0,0.7749102812632194,1.308643911972878,0.7116351351417514,67.6020263599439,,,0.0,-0.0025626735416501845,-0.02095807356373358,-0.007515148566747287,-1.1414281121644052,,
河南省,南阳市,Medium-sized City,0.0,0.0,0.0,0.0,10827645.0,0.0,0.0,0.0,0.0,0.0,0.0,10.983777137903068,0.5507477831299465,0.5666113442026924,0.3725779565453115,23.850766946073254,,,-0.061215156408454874,-0.002000641681642046,-0.004747059559829125,-0.0030510276816014814,-0.6557646073144454,,
河南省,周口市,Medium-sized City,0.0,0.0,0.0,0.0,9385195.5,0.0,0.0,0.0,0.0,0.0,0.0,4.80419779769958,0.4249816632689338,0.3279085553067645,0.2141491163061526,9.535694268186145,520.1298701848425,7.999733803328806,0.14562396136510003,-0.04359019650357493,-0.07431747261706378,-0.05114556845358112,-4.388446732841475,,-14.895510340288205
河南省,商丘市,Medium-sized City,0.0,0.0,0.0,0.0,7738482.5,0.0,0.0,0.0,0.0,0.0,0.0,4.140555467967042,0.4042628284995307,0.3273324757925388,0.2361505702820235,16.429880392238843,,12.774541936723978,0.23442491567517187,-0.021936009990599692,-0.025304019839937353,-0.01423952516838492,-1.0562170889518683,,-5.591413150863822
河南省,安阳市,Medium-sized City,0.0,0.0,0.0,0.0,5462926.5,0.0,0.0,0.0,0.0,0.0,0.0,13.054247880964631,0.2241306514421791,0.0899139334453581,0.0512582537094381,0.1647922302185542,3.143520929262738,2.1062078776268027,1.0516090250283145,-0.0831896049497394,-0.0865482754118239,-0.05821536691285909,-1.527085268362354,-4.264248392589209,-1.3337722630340392
河南省,平顶山市,Medium-sized City,0.0,0.0,0.0,0.0,5158087.0,0.0,0.0,0.0,0.0,0.0,0.0,10.803414763414372,0.2777941082558353,0.137522628041766,0.0831152938449524,1.1138699613321354,4.440509625715913,2.5725849899065807,-0.24131399470893555,0.005628961060783366,0.0021209796675425996,-0.0014792588141738922,-0.8333656935599365,-0.16442706067437207,0.05047979445034789
河南省,开封市,Type II Large City,0.0,0.0,0.0,0.0,4795074.0,0.0,0.0,0.0,0.0,0.0,0.0,9.908433016652388,0.4574630261035773,0.3594560673702681,0.2175527813119693,8.222660008931513,110.71878964588916,7.164731043067476,0.2501694372593448,-0.009862931078678694,-0.016092973808108313,-0.0097269834199456,-0.813989238632379,-80.632719495358,-0.8516243590912538
河南省,新乡市,Type II Large City,0.0,0.0,41.0,0.0,6001015.0,0.0,-41.0,-41.0,0.0,-0.06832177556630004,0.06832177556630004,18.616391421696328,0.3075823481355707,0.1695819516494208,0.102937375680447,2.1227343540432053,5.255010370988122,2.6357598360833445,-1.297296220535813,-0.007506494598162994,-0.009643881312048685,-0.008368569132737896,-0.6346462498835086,-0.8600115081591273,-0.16578352139939634
河南省,洛阳市,Type II Large City,0.0,0.0,0.0,0.0,6924601.5,0.0,0.0,0.0,0.0,0.0,0.0,12.319324048964871,0.3198883329220795,0.2340177491581703,0.1728536822277271,10.319494600667332,,4.4634962583471145,0.11268126597649974,-0.012915060320880689,-0.016172153854561166,-0.01013830508149241,-0.321019070599073,,-0.7787381079995619
河南省,漯河市,Medium-sized City,0.0,0.0,0.0,0.0,2685878.5,0.0,0.0,0.0,0.0,0.0,0.0,11.571433549370273,0.209547109198953,0.0680314426055204,0.0339888312146701,0.0,2.784829780916216,2.015628675987428,1.8546031602470592,-0.06015602017409408,-0.045117087260728106,-0.022785851082416902,0.0,-0.9125366280377629,-0.5248659589029652
河南省,濮阳市,Medium-sized City,0.0,900.0,195.0,0.0,3775423.0,0.0,705.0,705.0,0.0,1.8673404278143138,-1.8673404278143138,10.663441887969022,0.236963505115918,0.1164426722783755,0.0775685458737732,2.750775823675694,3.907414062221744,2.3411376873081244,0.6869361019121865,-0.01310435793241052,-0.012290886481916188,-0.007856338182179609,-0.14916231530539514,-0.7838571210369714,-0.10573577340947571
河南省,焦作市,Medium-sized City,0.0,0.0,0.0,0.0,3706342.0,0.0,0.0,0.0,0.0,0.0,0.0,11.539202082707332,0.3434560403612934,0.1888807157611667,0.0914934985644396,0.0075744817322033,5.076959831862376,3.447870457913578,0.5001311642933697,-0.0015816565388632187,-0.0023615545054501974,-0.0008490588435487029,0.0003109339281663001,0.05943338882077853,-0.0035595691093850412
河南省,许昌市,Medium-sized City,2200.0,0.0,0.0,0.0,4497159.0,2200.0,0.0,2200.0,4.891977357260439,0.0,4.891977357260439,14.064412755868611,0.2901991067696708,0.1406379104061308,0.076989385499929,0.0892771363312564,4.962316475373148,2.6700627869328235,2.507812166697601,-0.025381231888868372,-0.023742971029266008,-0.011804393879873101,-0.025332805673566494,-0.7236732639544581,-0.4456336397096976
河南省,郑州市,Super City,0.0,1864.0,0.0,0.0,9231836.0,0.0,1864.0,1864.0,0.0,2.019099992677513,-2.019099992677513,49.360750857130576,0.1982706230022869,0.08093836535708,0.0466643337432499,0.0072249652527697,3.3362664334453007,1.953092465849969,1.499682921082595,-0.004325023115279908,-0.0036967694229438908,-0.002266187183965998,2.1695621221299623e-05,-0.15523537790636954,-0.03969649205424686
河南省,驻马店市,Small City,0.0,0.0,0.0,0.0,7595502.5,0.0,0.0,0.0,0.0,0.0,0.0,6.968930456225433,0.5012670589502108,0.4735544575395055,0.3127589180053293,17.676304441852235,,95.44463974869085,0.2278927052532964,-0.011015335686830996,-0.0201405063678754,-0.011005127327365916,-0.7201892850904059,,-16.82838133480027
河南省,鹤壁市,Medium-sized City,0.0,0.0,0.0,0.0,1658351.0,0.0,0.0,0.0,0.0,0.0,0.0,15.52785442352295,0.2011497127181101,0.0626872209424984,0.0313717247535531,0.0,2.540521921076912,2.0566369519044185,1.1217373955866101,-0.023363696771063702,-0.016592882091005304,-0.008300673984544898,0.0,-0.5010906213923203,-0.05212979171530563
浙江省,丽水市,Small City,1079.0,0.0,557.0,0.0,2231971.0,1079.0,-557.0,522.0,4.834292201825203,-2.4955521375501744,7.329844339375377,18.3160000238186,0.480989635557365,0.4618415994743372,0.3222321871248078,21.68664864720208,,,1.1997054005723555,0.016826916020737215,0.027614276874778854,0.013835093790171005,-0.6405527577077201,,
浙江省,台州市,Type II Large City,2500.0,0.0,0.0,0.0,6246688.5,2500.0,0.0,2500.0,4.002120483516987,0.0,4.002120483516987,11.927370684683035,0.2147641600623271,0.086423901064591,0.0501984287219796,0.3907213675518789,3.4371776211261422,2.167457790572875,3.9177981229570857,-0.0043896172650775,-0.002068071016921705,-0.0014381091696605008,-0.1165011093732935,0.2214330892056715,0.03206783866662288
浙江省,嘉兴市,Medium-sized City,0.0,350.0,0.0,0.0,4709938.0,0.0,350.0,350.0,0.0,0.7431095695951837,-0.7431095695951837,12.809752398095782,0.3493462611363349,0.191277681650299,0.0957637785525845,0.0,5.476035018158895,3.6978039881952576,0.6448231613157915,-0.006566499426741534,-0.007558283050318804,-0.004014865336030904,0.0,-0.2668363081131675,-0.15696305032403046
浙江省,宁波市,Type I Large City,1200.0,50.0,0.0,0.0,7941356.0,1200.0,50.0,1250.0,1.511076949578888,0.062961539565787,1.448115410013101,16.535464570029983,0.2682546807368595,0.1395113168510825,0.0897156467746312,2.318562174043471,4.482910643146866,2.742623697261413,1.5760039917847077,-0.004210669410453505,-0.004853968192311098,-0.0049369059050942965,-0.6844307627471355,-0.08753002212440997,0.024305522167571425
浙江省,杭州市,Super City,0.0,740.0,42.0,0.0,9140596.0,0.0,698.0,698.0,0.0,0.7636263543427584,-0.7636263543427584,42.41364299229213,0.2412128166223012,0.1638160157993044,0.1225171936054425,5.425995322892906,17.925800691533176,2.362547808667859,1.4013310597763464,-0.00711679695017689,-0.0039666674429661986,-0.001990043426070398,0.03026142782586483,-0.7070628888820245,-0.09865552262898758
浙江省,温州市,Type II Large City,0.0,370.0,0.0,0.0,9561401.5,0.0,370.0,370.0,0.0,0.3869725583639595,-0.3869725583639595,17.30726602349348,0.2147744706272467,0.120983570625092,0.0884407353508929,3.872169631957925,4.345927711152528,1.9919848469167956,0.7685873682837325,-0.0057180313177293,-0.0032185115354135957,-0.0015590588705289982,0.18335066483311913,-0.41353286867217154,-0.0583889226223564
浙江省,湖州市,Medium-sized City,0.0,0.0,0.0,0.0,3042953.5,0.0,0.0,0.0,0.0,0.0,0.0,16.28134814485881,0.3143008897318782,0.1612487487175214,0.0889856708201666,0.8897967809888789,5.031149672385052,2.9572707460764387,0.32523125400981634,-0.0024428456408630006,-0.0036647163842210007,-0.00351192174113589,-0.5565659208512441,0.035472392123304886,0.021752229080008956
浙江省,绍兴市,Type II Large City,1718.0,150.0,0.0,0.0,5213940.0,1718.0,150.0,1868.0,3.295012984422529,0.2876903071381719,3.0073226772843573,19.01046627768843,0.3140163885552267,0.1643284681710233,0.0896474289246024,0.0126207660289456,5.963615875992039,3.5452932516232973,1.5313387293900291,-0.014424518179355916,-0.013547151373411281,-0.007032139629981407,-0.0338103925536903,-0.5575373800007739,-0.2748180258741284
浙江省,舟山市,Medium-sized City,0.0,0.0,0.0,0.0,1020576.0,0.0,0.0,0.0,0.0,0.0,0.0,15.357833114413708,0.3001266947187492,0.1930251275884346,0.1288457439065261,2.613408140552256,13.01163988698369,3.714963553351157,-1.9866763094037836,0.1216384595966972,0.1157657944851946,0.07765584646804859,1.2401957724868504,10.251041859816109,2.2218686222213986
浙江省,衢州市,Medium-sized City,0.0,0.0,0.0,0.0,2233019.0,0.0,0.0,0.0,0.0,0.0,0.0,12.039179391950093,0.2779564598263319,0.1500778148039718,0.096808953403306,3.0691054735843477,6.067210074662642,2.9283984367565563,-0.09084664682188404,-0.0009421554474619009,-0.0002948222144857904,0.00011043351065430362,0.041314775177618834,0.010150666503676575,-0.0305620817661878
浙江省,金华市,Medium-sized City,0.0,23.0,73.0,0.0,5646700.5,0.0,-50.0,-50.0,0.0,-0.08854728526862723,0.08854728526862723,17.10753942068398,0.1974970976049149,0.0844256230255145,0.053584335328445,0.8345383505773329,2.661784888257998,1.789596722324878,0.7249929736741194,0.0015781074261182193,0.00019766318519999493,-0.0007842249767635034,-0.22317391902375316,0.06859926631480207,0.004796346254702488
海南省,三亚市,Medium-sized City,0.0,0.0,0.0,0.0,691695.5,0.0,0.0,0.0,0.0,0.0,0.0,36.12644185127972,0.0809204891907892,0.015547929281496,0.0085591928373957,0.044908951419166,1.478842738522563,1.3098637204734669,-0.20324912433333964,0.002702505997126098,0.000870303538176501,0.0004656533602882991,3.8683126908099774e-05,0.017329506874897982,-0.0022490669993155965
海南省,儋州市,Small City,0.0,0.0,0.0,0.0,966230.0,0.0,0.0,0.0,0.0,0.0,0.0,14.139349937438965,0.2536178407597359,0.1213496699092576,0.0741292230133685,1.3386854650677584,4.343315442442204,2.5589894174432617,-0.21802059865588141,-0.008712591138061387,-0.01186955038001851,-0.00865191953887931,-0.050155774129190034,-0.6487645443154877,-0.12505730501059498
海南省,文昌市,Small City,0.0,0.0,0.0,0.0,554513.0,0.0,0.0,0.0,0.0,0.0,0.0,12.262896329164503,0.3897973132017627,0.2617771577578517,0.1529155909741041,1.9178805283597475,14.212790840830358,6.853337445579228,1.3023842203916995,-0.0016656783272704923,-0.0011915210172872004,-0.0011230817381860103,-0.3476464009247284,0.3263031438284276,0.717155937393076
海南省,海口市,Type II Large City,1000.0,0.0,0.0,0.0,2145864.5,1000.0,0.0,1000.0,4.6601264898133135,0.0,4.6601264898133135,44.77927708969336,0.0890652646056858,0.0212666425264349,0.011907351810878,0.0,1.5513214599052356,1.2499467555275954,3.2368033494910122,-0.003814015242885896,-0.0016013222974508995,-0.0009199845705758006,0.0,-0.038717869686571094,-0.01555916673353619
海南省,琼海市,Small City,0.0,0.0,0.0,0.0,504365.5,0.0,0.0,0.0,0.0,0.0,0.0,12.106109046936036,0.2081599232588622,0.0763153936537699,0.0410828268135999,0.2937008278099945,2.6270798749792053,1.697028827097796,0.06710121424671556,0.0053274866239527985,0.002347561110586996,0.0011951611280884011,-0.00046778238771777447,0.04955770966230055,0.06241654424927434
湖北省,仙桃市,Small City,1360.0,0.0,0.0,0.0,1240538.5,1360.0,0.0,1360.0,10.962980995753053,0.0,10.962980995753053,15.026410301549944,0.2725903589531976,0.1200905617406468,0.0618690995167291,0.0,4.153327081413969,2.4740718636393155,3.4712449110113166,-0.0738952959871827,-0.0812565358665559,-0.047641678160427,0.0,-5.269418384013988,-1.3782853383397264
湖北省,十堰市,Type II Large City,0.0,1414.0,100.0,0.0,3511966.0,0.0,1314.0,1314.0,0.0,3.7414940805235584,-3.7414940805235584,8.94121319647221,0.5905014298762903,0.7212128503547268,0.4746822707579128,36.21804892996354,,,-1.3961519539794498,0.01764993860008368,0.03995342975757765,0.017680353425225503,0.3699815530880812,,
湖北省,咸宁市,Small City,0.0,0.0,0.0,0.0,2585958.5,0.0,0.0,0.0,0.0,0.0,0.0,5.117574037616615,0.5357672276989072,0.5254853045982398,0.3364851415377456,22.24174450127464,,,0.07275569644227442,0.010268376840670612,0.01427410631715631,0.0027977880698378255,-0.48643755880735995,,
湖北省,天门市,Small City,0.0,0.0,0.0,0.0,1484358.0,0.0,0.0,0.0,0.0,0.0,0.0,15.953755983606085,0.1241560316179249,0.0248066060861512,0.0127072026928145,0.0,1.774612826133508,1.4920142161184058,1.1909252172968774,-0.09147189822363119,-0.06314109375188909,-0.0387341209201717,-0.096367474082631,-1.5782253638116168,-0.6617402435188604
湖北省,孝感市,Medium-sized City,0.0,0.0,0.0,0.0,5068836.5,0.0,0.0,0.0,0.0,0.0,0.0,7.228838059712837,0.4815926884163494,0.4006323657873025,0.2430343969070681,9.819773727795775,2416.7181295369587,8.802454892798291,1.411897084771014,-0.024070399986749424,-0.03742579059515433,-0.015577027417711803,-0.46064937017969854,,-0.7327465116240983
湖北省,宜昌市,Type II Large City,0.0,0.0,0.0,0.0,4266795.0,0.0,0.0,0.0,0.0,0.0,0.0,24.709511010148265,0.4292302177150947,0.4061876002464279,0.3054246348347624,25.000221651579587,,,-0.14532128944745892,-0.001824199066435217,-0.002948336247315664,-0.0014586572823628852,-0.007547470820345126,,
湖北省,恩施土家族苗族自治州,Small City,0.0,400.0,0.0,0.0,3454458.5,0.0,400.0,400.0,0.0,1.1579238830051077,-1.1579238830051077,5.810079036614834,0.6514883901685761,0.8177571389723145,0.5104982447202551,42.14284685058545,,,0.48586464481990976,2.6493895874613038e-05,-0.0018669611883581627,-0.002379965256531502,-0.6071315582520072,,
湖北省,武汉市,Super City,660.0,1380.0,99.0,0.0,10300606.5,660.0,1281.0,1941.0,0.6407389700790919,1.2436160919262376,-0.6028771218471457,47.977427181166334,0.1153742905400411,0.0411183881544751,0.0255905716629457,0.0532329548716368,1.8753514299615717,1.314773985072445,1.8026748049704366,-0.003637112273421797,-0.0012070031556431007,-0.000792530295641098,2.56910268991023e-05,-0.027048561798651338,-0.026854330785322178
湖北省,潜江市,Small City,0.0,0.0,0.0,0.0,991583.5,0.0,0.0,0.0,0.0,0.0,0.0,20.987693229214894,0.2397141233688848,0.0975756227757914,0.0528577111405558,0.0,4.2556885886728,2.128454456712905,2.188805232406036,-0.006732205404714198,-0.014961037345272099,-0.015622887191024303,-1.5316273604019774,-0.30294632312511194,-0.042541704199103414
湖北省,荆州市,Medium-sized City,2088.0,0.0,0.0,0.0,5992557.0,2088.0,0.0,2088.0,3.484322301815402,0.0,3.484322301815402,10.013080575492944,0.4803610862039162,0.3918990999033491,0.2295355262042034,6.831328415564532,51.18992646407296,8.07870404278808,4.114279857720766,-0.0868228433181007,-0.17906691434627503,-0.11200941972495351,-7.463152827003252,,-35.41118466449347
湖北省,荆门市,Medium-sized City,1230.0,0.0,0.0,0.0,3024117.0,1230.0,0.0,1230.0,4.0673029515723105,0.0,4.0673029515723105,25.785010356287803,0.3510488465330447,0.2086701807247285,0.121339990182641,2.2741644997532697,7.218593758678746,4.107749382998063,5.004065532069053,-0.04329334801906021,-0.05535648039234528,-0.03182171466285852,-0.28769974685269606,-4.249092794996492,-1.3899761907934822
湖北省,襄阳市,Type II Large City,0.0,0.0,0.0,0.0,5776914.5,0.0,0.0,0.0,0.0,0.0,0.0,15.095588423989035,0.3675192625212958,0.273094230625523,0.1962388858827433,12.419695601524747,,5.585739795440872,-0.09156313244062098,-0.0056718686860854906,-0.007506358342984798,-0.005288420294086299,-0.49398465319672447,,-0.4661928395021331
湖北省,鄂州市,Small City,0.0,300.0,0.0,0.0,1088775.0,0.0,300.0,300.0,0.0,2.7553902321416266,-2.7553902321416266,34.63935364446333,0.1559010508042378,0.0534265793952711,0.0327103715372925,0.2117632859517552,2.039696981508138,1.5505725022365058,4.5703782626622385,-0.025861849688620986,-0.014182643525680001,-0.0078547182415215,-0.00016132535064469766,-0.531981695346794,-0.14931198854612582
湖北省,随州市,Small City,0.0,0.0,0.0,0.0,2279834.0,0.0,0.0,0.0,0.0,0.0,0.0,12.3272066116333,0.4081467786443773,0.3395597335099708,0.2397528630317398,14.462251096352857,,16.64180189432715,-0.35410022735595703,-0.001637329807816168,-0.002672739223153975,-0.0019982894965423215,-0.23640393818004135,,-0.46881599394572504
湖北省,黄冈市,Small City,0.0,0.0,0.0,0.0,6507852.5,0.0,0.0,0.0,0.0,0.0,0.0,4.117415558963105,0.6158026566840926,0.6992448571041656,0.4328614422361744,29.98375897505166,,,0.41013489476228226,-0.0028409825097709396,-0.002821898948012991,0.002187232958319796,0.4396908215927766,,
湖北省,黄石市,Medium-sized City,1800.0,0.0,0.0,0.0,2565981.5,1800.0,0.0,1800.0,7.014859616096219,0.0,7.014859616096219,17.63296970020641,0.3175699510291102,0.2041142764979689,0.1372635418671872,5.446450325349986,13.02171656708301,3.800210257043824,5.544687553141825,-0.057717177699845634,-0.06880148063589811,-0.04480379766729409,-2.571264774411958,-18.476522416882247,-2.7498449427294402
湖南省,娄底市,Medium-sized City,0.0,0.0,0.0,0.0,3992872.0,0.0,0.0,0.0,0.0,0.0,0.0,3.9148800571759534,0.483253880211083,0.4218098984196957,0.2739340093449348,14.99227595533318,,25.517377051031108,-0.11723097904399493,-0.001336036260933482,-0.006812186352960936,-0.009317904450667602,-2.0632314647426355,,-18.561776998669703
湖南省,岳阳市,Type II Large City,0.0,0.0,0.0,0.0,5762803.5,0.0,0.0,0.0,0.0,0.0,0.0,8.693734486897787,0.4762147708759353,0.4229698376071552,0.2810897095324102,14.94564973289561,,38.48754498123339,1.815620789012999,-0.05818892679771376,-0.11036582193017158,-0.06575883461069532,-5.302869535226549,,
湖南省,常德市,Medium-sized City,0.0,600.0,0.0,0.0,6003147.0,0.0,600.0,600.0,0.0,0.9994757749560356,-0.9994757749560356,3.408119236981427,0.5323049231775953,0.5413609722622391,0.3673342414944888,27.605862652010583,,,0.681320048484015,-0.007275218542010742,-0.015937168254613332,-0.009605268230265085,-0.9253821920538456,,
湖南省,张家界市,Small City,0.0,0.0,0.0,0.0,1558757.5,0.0,0.0,0.0,0.0,0.0,0.0,12.065595526027,0.5463270856845464,0.5863510344019165,0.3976747607209884,30.41337356899938,,,-0.00016842409629447275,0.0028638125653535074,0.007011452837104359,0.0036152207873982878,0.14986292933036083,,
湖南省,怀化市,Medium-sized City,0.0,422.0,0.0,0.0,4940870.5,0.0,422.0,422.0,0.0,0.8541005071879539,-0.8541005071879539,7.77504726172668,0.6004674986116036,0.6807237554966921,0.43518815931373,31.17964969135274,,,0.20011611701232468,0.008164148499211543,0.017783361740846382,0.006213541123496091,-0.5278860624910102,,
湖南省,株洲市,Type II Large City,0.0,0.0,0.0,0.0,4072184.5,0.0,0.0,0.0,0.0,0.0,0.0,6.325671300470116,0.5788475640133104,0.6309390024116694,0.3965568306876568,23.894845488855434,,,-0.06975820236385744,0.001084788627459865,0.0005482091253566912,-0.0005165564174443027,-0.23179446249950786,,
湖南省,永州市,Medium-sized City,0.0,0.0,0.0,0.0,5470518.5,0.0,0.0,0.0,0.0,0.0,0.0,5.882014495752562,0.5665759203414633,0.628980930431711,0.428952254916161,36.74917827479016,,,-0.027777333157150252,-0.0014959968202923335,-0.0029372169766685996,-0.0011031868088057784,-0.010059102527897323,,
湖南省,湘潭市,Medium-sized City,0.0,200.0,0.0,0.0,2874289.0,0.0,200.0,200.0,0.0,0.6958242542764489,-0.6958242542764489,16.437664855590985,0.3818705293084574,0.2397918710411541,0.1298584554086034,0.1510444789796722,9.534416584306204,5.439620248063921,1.4639284084951143,-0.010202086706654734,-0.012567807120466429,-0.006127458515242296,-0.03641954585616572,-0.15560313332554898,-0.45558848532294416
湖南省,湘西土家族苗族自治州,Small City,0.0,0.0,0.0,0.0,2719590.5,0.0,0.0,0.0,0.0,0.0,0.0,4.211978808130239,0.6459676928951981,0.8005252991301357,0.4964987473721706,38.17436332195637,,,-3.2055324462907615,0.039073705580827345,0.09286106071523403,0.037834477224045815,1.8046357844611478,,
湖南省,益阳市,Medium-sized City,0.0,0.0,0.0,0.0,4557816.0,0.0,0.0,0.0,0.0,0.0,0.0,2.265795270973277,0.6495131080798574,0.7788523554225752,0.4630101799531132,32.75275083747731,,,0.04453240092050814,0.003412359203922244,0.00622450353817916,0.0011958343492787238,0.21389897869524077,,
湖南省,衡阳市,Type II Large City,0.0,300.0,0.0,0.0,7513282.5,0.0,300.0,300.0,0.0,0.39929285235847317,-0.39929285235847317,12.559821602781904,0.3961013692682419,0.3107027868097083,0.2192353646666027,12.478778275260924,,8.943573806021305,0.23282006885440332,-0.011557033272102668,-0.017048949496507204,-0.0107401030606053,-0.6107693179890745,,-2.745061996067614
湖南省,邵阳市,Medium-sized City,0.0,20.0,0.0,0.0,7444270.0,0.0,20.0,20.0,0.0,0.02686630119541607,-0.02686630119541607,6.525205204361363,0.5452077715676613,0.5992987957639477,0.4107988681250487,32.240842293554515,,,-0.03928308674608427,2.1874298300472717e-06,0.000330143160571561,0.0003053172358203904,0.0390337628045927,,
湖南省,郴州市,Medium-sized City,0.0,0.0,0.0,0.0,4826810.5,0.0,0.0,0.0,0.0,0.0,0.0,10.438074500928028,0.5231326456179217,0.5196293803829917,0.3500863751688315,23.92139335763889,,,0.20203240486338814,-0.005714622403500957,-0.008961471360096174,-0.0030738511619823883,0.27836517534658967,,
湖南省,长沙市,Super City,900.0,13.0,0.0,0.0,7423240.0,900.0,13.0,913.0,1.2124085978629278,0.017512568635797844,1.19489602922713,44.60721282958984,0.2262465904015813,0.1179449730243883,0.0774819679986881,1.0946750561445755,4.042187289015171,2.2284922532216798,0.5902945801942963,-0.006797698502784111,-0.005041226549131292,-0.0029868213305399988,-0.17954773466626506,-0.40529184974664023,-0.09558140823960004
甘肃省,临夏回族自治州,Small City,0.0,0.0,20.0,0.0,2045140.0,0.0,-20.0,-20.0,0.0,-0.09779281613972637,0.09779281613972637,9.694147706216048,0.3830530934102608,0.3069131366110677,0.2150922555556196,14.449861147957137,,5.448175417843181,-0.22485458063343522,0.005708909712396404,0.005319013661556238,0.0017539027734085888,-0.02162247013479579,,0.04554209457358738
甘肃省,兰州市,Type II Large City,930.0,145.0,0.0,0.0,3816376.0,930.0,145.0,1075.0,2.4368668076730384,0.37994159904579633,2.0569252086272423,56.372009802667705,0.2259070221513542,0.1714149599718509,0.1331982536622402,5.615837639827929,59.31371109091593,2.1594818088666727,2.5679642133318765,-0.0006797514000975169,-0.0023817074596969023,-0.004460801711688306,-1.4486214398575106,-51.98032040502393,-0.008100942827172553
甘肃省,嘉峪关市,Small City,0.0,0.0,0.0,0.0,244234.0,0.0,0.0,0.0,0.0,0.0,0.0,51.98524269563627,0.0151373802990332,0.0007127566268579,0.0003681920766039,0.0,1.063848197869478,1.0245058572483845,-0.5178834942932795,-4.8518479047200344e-05,7.84687913680008e-06,4.524740472700028e-06,0.0,8.670679482558619e-05,-0.00013164072467652943
甘肃省,天水市,Medium-sized City,0.0,0.0,0.0,0.0,3425076.0,0.0,0.0,0.0,0.0,0.0,0.0,11.589545208804086,0.4707867034430224,0.4418065399492792,0.3130112542198057,23.261612887474104,,,-0.17793179781915214,-0.00043472340331907056,-0.00036087308139798324,-7.725205036890337e-05,0.009556379853414398,,
甘肃省,定西市,Small City,0.0,0.0,0.0,0.0,2837037.5,0.0,0.0,0.0,0.0,0.0,0.0,0.0,0.7355896623759317,1.0747599525928508,0.6094652079330182,53.47347596033561,,,0.0,-0.0030856321270968934,-0.011111731411820536,-0.0051020558971887064,-0.6177138151244677,,
甘肃省,平凉市,Small City,0.0,0.0,0.0,0.0,2189621.0,0.0,0.0,0.0,0.0,0.0,0.0,0.9669304551943292,0.6526141699231442,0.8579702242839479,0.5436358634540008,48.99719251184942,,,0.08188233848974502,-0.0007618431543324755,-0.003637415713068304,-0.0019497950284681487,-0.1031929880686917,,
甘肃省,庆阳市,Small City,0.0,0.0,0.0,0.0,2315093.5,0.0,0.0,0.0,0.0,0.0,0.0,6.773886142238494,0.5881122657459458,0.6981664686299147,0.4705292681779351,40.86986398269973,,,0.30397695110690215,-0.0034423029247723225,-0.007517136612459008,-0.003398998270214282,-0.30498330589727374,,
甘肃省,张掖市,Small City,0.0,0.0,0.0,0.0,1263794.0,0.0,0.0,0.0,0.0,0.0,0.0,14.91039296418633,0.4530778219801152,0.4304561562705513,0.3107238224922185,23.630939814916925,,,-0.13351176460133019,-0.00013333390446057525,-0.00023909277371580995,-9.153368994668787e-05,0.04330318074359596,,
甘肃省,武威市,Small City,0.0,0.0,0.0,0.0,1904277.0,0.0,0.0,0.0,0.0,0.0,0.0,27.275091362259367,0.4525409248270056,0.4742594586562945,0.3589064877423108,32.08266635160384,,,-0.24447955534862942,3.11683196828616e-05,5.535302529591224e-05,2.760993156453173e-05,0.0032005266983148317,,
甘肃省,白银市,Small City,0.0,0.0,0.0,0.0,1799381.0,0.0,0.0,0.0,0.0,0.0,0.0,4.625681968613472,0.612359499447954,0.7202847195708554,0.4677919626804764,38.986301930698026,,,0.07676702575194483,0.004796843892195035,0.0063274301822840995,-6.798788452300197e-05,-0.6337241846909052,,
甘肃省,酒泉市,Small City,0.0,0.0,0.0,0.0,1154979.5,0.0,0.0,0.0,0.0,0.0,0.0,2.379378652014928,0.6449765012838302,0.858719366398732,0.5383596250226581,45.084789005787066,,,0.24044337011129846,-0.0006615761697463807,-0.002164658895055016,-0.0008154822260113548,0.06950353937378395,,
甘肃省,金昌市,Small City,0.0,0.0,0.0,0.0,489588.0,0.0,0.0,0.0,0.0,0.0,0.0,22.50347549540542,0.2117391697907518,0.1228623939672921,0.0952103686758909,6.083022397543692,5.269219963229726,1.4859417710082414,-0.09540885882253392,0.00057329530478889,0.0010126851335722914,0.0008175379797302068,0.016515906728497676,-0.18552758760189914,0.0036353937893425226
甘肃省,陇南市,Small City,0.0,0.0,0.0,0.0,2701331.0,0.0,0.0,0.0,0.0,0.0,0.0,0.0,0.7741621103340404,1.2505692188738111,0.6805506736798153,61.48873825815494,,,0.0,0.012957225133180539,0.04695480862617374,0.012924064849276107,1.2347131509011788,,
福建省,三明市,Small City,0.0,0.0,0.0,0.0,2637707.0,0.0,0.0,0.0,0.0,0.0,0.0,4.298686053850673,0.6264345047430315,0.7579261157764107,0.4844628076939617,39.25098374007674,,,0.7693336273217426,-0.010068516380013603,-0.028983233186132162,-0.01488651165211946,-1.6786720794882584,,
福建省,南平市,Small City,0.0,0.0,0.0,0.0,2784200.5,0.0,0.0,0.0,0.0,0.0,0.0,0.0,0.7764283596041605,1.261301077465672,0.687197461045568,63.65935147257375,,,0.0,-0.0007742885247514764,-0.004015657717142185,-0.0013862450614088306,-0.11711501958890125,,
福建省,厦门市,Type I Large City,0.0,150.0,0.0,0.0,3628997.0,0.0,150.0,150.0,0.0,0.41333734913531206,-0.41333734913531206,22.889858012200893,0.0499582549038361,0.0060043060001519,0.0033608693608778,0.0085863541709244,1.2250256127486618,1.122764137278968,-0.07592352317379891,-0.0003055765428842047,-0.00019419003964289954,-0.00013611179864719998,-0.007883436219852498,0.005155109897337917,0.004947212376661181
福建省,宁德市,Small City,0.0,110.0,100.0,0.0,2873342.5,0.0,10.0,10.0,0.0,0.03480267319332798,-0.03480267319332798,6.784990675269112,0.5466495694313664,0.5875091682274367,0.3948760502858907,29.21485033425552,,,-0.6929288532867508,0.015843206753132555,0.03565727826997245,0.021981783002711197,2.6953881573724026,,
福建省,泉州市,Type II Large City,0.0,100.0,0.0,0.0,8605054.5,0.0,100.0,100.0,0.0,0.11621076891494413,-0.11621076891494413,11.053618462180252,0.2890789419728833,0.1869100002845917,0.1380157402652023,7.253743396558226,54.01299578970993,2.4592166500829955,0.07525051593087895,0.0006623971260178996,0.0011682033429384064,0.001250315866831997,0.37705805605714193,4.91918068610925,0.02056565901301699
福建省,漳州市,Medium-sized City,0.0,0.0,0.0,0.0,5027785.0,0.0,0.0,0.0,0.0,0.0,0.0,4.457276264153772,0.5548845555577676,0.6080421278959048,0.4033497179991145,28.73530581740038,,,0.01435269163010755,-0.0020204071313509875,-0.0027979714272943212,-0.0013639873708002903,-0.022261082697454526,,
福建省,福州市,Type I Large City,0.0,299.0,0.0,0.0,7377584.0,0.0,299.0,299.0,0.0,0.40528172908637844,-0.40528172908637844,31.403868151906472,0.2464809547308225,0.1459087452010421,0.0997554145767207,2.4440516826326237,8.316096588277619,2.4031355848411224,0.5995662145253924,0.001132834743793193,0.000735438002117117,0.0002108954706112054,0.05051374896888028,0.2674054939514825,0.013431448181322025
福建省,莆田市,Type II Large City,0.0,0.0,0.0,0.0,2899953.0,0.0,0.0,0.0,0.0,0.0,0.0,10.58322553609506,0.2035962132575187,0.0739228988128394,0.0416703488372161,0.515001716443529,2.543304938481779,1.8068798671075568,-0.12794197237907312,-0.004983259216840591,-0.0034354776283219007,-0.0019317728267531017,-0.026789391406882523,-0.030428797250850792,-0.03274690172200723
福建省,龙岩市,Medium-sized City,0.0,0.0,0.0,0.0,2696953.5,0.0,0.0,0.0,0.0,0.0,0.0,6.359143961043585,0.5962150793392338,0.7117048234151967,0.4720070791292894,39.3225110110694,,,-0.2672896819521293,-0.0017497410580717965,-0.007790749571315092,-0.005896161738872585,-1.0385939440206116,,
西藏自治区,山南市,Small City,0.0,0.0,0.0,0.0,1133695.5,0.0,0.0,0.0,0.0,0.0,0.0,0.0,0.8818668670553121,1.96709505596384,0.8535515402997655,84.36385400464196,,,0.0,0.0011159928503796657,0.011389555132105711,0.0017660405690536063,0.20176074734575877,,
西藏自治区,拉萨市,Medium-sized City,0.0,0.0,0.0,0.0,589357.5,0.0,0.0,0.0,0.0,0.0,0.0,45.39253452495392,0.3378131084881196,0.3347565166876506,0.2680468065093121,23.46615766625564,,,-0.8953871081588431,-0.0063681520725385465,-0.00022114779188259215,0.0012955006749671427,0.24102749010237545,,
西藏自治区,日喀则市,Small City,0.0,0.0,0.0,0.0,742083.5,0.0,0.0,0.0,0.0,0.0,0.0,0.0,0.7857258261709099,1.3727033337617864,0.7300887312814426,69.90743226554697,,,0.0,-0.005500194717249274,-0.03407984999505498,-0.010012291346210844,-1.1647688602662356,,
西藏自治区,昌都市,Small City,360.0,0.0,0.0,0.0,690610.5,360.0,0.0,360.0,5.212779128032372,0.0,5.212779128032372,0.0,0.8646259374873217,1.928316198496991,0.8508318791685734,84.12589499236725,,,0.0,-0.001538694187937395,-0.01918752076789132,-0.003644560160446897,-0.5948322803600234,,
西藏自治区,林芝市,Small City,0.0,0.0,0.0,0.0,519768.0,0.0,0.0,0.0,0.0,0.0,0.0,0.0,0.8933562521865429,2.1085813805899782,0.874192052419685,86.61220519934857,,,0.0,0.004385437108036183,0.03951301384355155,0.004926781695148819,0.47387338531028433,,
贵州省,六盘水市,Medium-sized City,0.0,0.0,0.0,0.0,2989831.5,0.0,0.0,0.0,0.0,0.0,0.0,7.137970212843934,0.5065381667058958,0.5319995278994022,0.3775026041101946,31.10328560335952,,,-0.18104278221738213,-0.012015246455265527,-0.018567826003917376,-0.006393374946161712,-0.07170924776662702,,
贵州省,安顺市,Medium-sized City,0.0,0.0,0.0,0.0,2409390.0,0.0,0.0,0.0,0.0,0.0,0.0,10.762051979700724,0.4309888710299718,0.3352837242621733,0.2156047714752396,10.475961848348671,,5.813149918444067,-0.07078799062868768,-0.012016690015385023,-0.017192338146405917,-0.011070309389922595,-0.6634210439393176,,-1.3586047441047686
贵州省,毕节市,Medium-sized City,0.0,0.0,0.0,0.0,6884556.0,0.0,0.0,0.0,0.0,0.0,0.0,0.7471269708316963,0.6777418258959624,0.8902656029677269,0.537788265214548,42.67297630545161,,,0.34229831236095565,-0.01319189436835222,-0.04396746659234063,-0.02079106134177744,-2.413829009454304,,
贵州省,贵阳市,Type I Large City,0.0,24.0,0.0,0.0,4553368.0,0.0,24.0,24.0,0.0,0.0527082370675948,-0.0527082370675948,45.06107450365187,0.1798319372402952,0.1035545848283217,0.0729186211949632,1.3281543447053326,4.356058168454408,1.6911835082057178,-0.6944105394314022,-0.002313048508594401,-0.004199271886081601,-0.0036665497974300992,-0.09743253513018035,-0.49749485311170805,-0.020723803134635288
贵州省,遵义市,Type II Large City,0.0,0.0,0.0,0.0,6451858.0,0.0,0.0,0.0,0.0,0.0,0.0,3.437789251039793,0.6197066158835837,0.7679193463836131,0.5010023522527758,42.72297716721091,,,1.1466153688549738,-0.015733133942068322,-0.042373821662214706,-0.018877710683297133,-1.363052374032442,,
贵州省,铜仁市,Small City,0.0,0.0,200.0,0.0,3247352.5,0.0,-200.0,-200.0,0.0,-0.6158863258608359,0.6158863258608359,0.0,0.7808997076539713,1.3164378704928184,0.7105896162360694,67.0685913516705,,,0.0,-0.0038805643876825835,-0.023200971278188653,-0.007430696967039463,-0.8443888069197101,,
贵州省,黔东南苗族侗族自治州,Small City,700.0,0.0,700.0,0.0,3667756.5,700.0,-700.0,0.0,1.908523643813323,-1.908523643813323,3.817047287626646,0.0,0.752471530271607,1.1884986184189688,0.6676434842266408,60.939450017398336,,,0.0,0.0023891979069354807,0.009051180575121665,0.002574048127562234,0.23611847431899236,,
贵州省,黔南布依族苗族自治州,Small City,0.0,80.0,0.0,0.0,3409761.0,0.0,80.0,80.0,0.0,0.23462054965142717,-0.23462054965142717,9.4795111605802,0.5996376368121741,0.6780075683330664,0.4400562772414399,34.42289349285703,,,1.3370756756611453,-0.017733277920656043,-0.043307571348941254,-0.02130586014544328,-1.4815305173314925,,
贵州省,黔西南布依族苗族自治州,Small City,0.0,0.0,1.0,1000.0,2953503.0,-1000.0,-1.0,-1001.0,-3.3858100025630584,-0.003385810002563058,-3.3824241925604954,0.2861930990219116,0.6638259886604699,0.8960943872172095,0.5588588066452882,48.993157610893896,,,0.2861930990219116,-0.019329594610075218,-0.06369151181064736,-0.02614976738597652,-2.3237909294464743,,
辽宁省,丹东市,Medium-sized City,0.0,0.0,0.0,0.0,2558554.0,0.0,0.0,0.0,0.0,0.0,0.0,15.60824925120349,0.4198829187628351,0.3656461101605707,0.2577157508104344,15.98571086167504,,25.014090404112856,-0.13495097160887504,-0.0042251899805714754,-0.007683503938258507,-0.005999079654668671,-0.8531815956205566,,-8.079147719292898
辽宁省,大连市,Super City,0.0,0.0,0.0,0.0,6998995.5,0.0,0.0,0.0,0.0,0.0,0.0,27.163475830212004,0.4390389848552674,0.4614490057500445,0.3443692125853471,27.34909965812683,,,-1.3427644061462125,0.012554537443772273,0.0187907386813867,0.010410559086422189,0.18398727949922034,,
辽宁省,抚顺市,Type II Large City,0.0,0.0,0.0,0.0,2252970.5,0.0,0.0,0.0,0.0,0.0,0.0,26.67184512776408,0.3655033097459078,0.3412505456931805,0.2634406007638319,19.146636548580435,,229.6823468219493,-0.13686962553889614,-0.0008533609882103166,-0.0006238868814566478,-0.0005869316095858945,0.04575191479546348,,0.5008657373148822
辽宁省,朝阳市,Medium-sized City,0.0,0.0,0.0,0.0,3198858.5,0.0,0.0,0.0,0.0,0.0,0.0,0.9617023901505904,0.6257868447083904,0.8065878827814326,0.5272686782868593,47.45635907120104,,,-0.06886336206397414,-0.0035939418176623716,-0.006428367492144482,-0.0018155071604527562,-0.10995459876195923,,
辽宁省,本溪市,Medium-sized City,0.0,0.0,0.0,0.0,1798725.5,0.0,0.0,0.0,0.0,0.0,0.0,17.201425067962163,0.4182612872707376,0.3857090872701175,0.2877861864639873,22.88421327612792,,,-0.3680192039141943,0.0041626527841546745,0.004210169577515466,0.002048871130630292,-0.0008176264208508144,,
辽宁省,沈阳市,Super City,0.0,0.0,0.0,0.0,8535058.5,0.0,0.0,0.0,0.0,0.0,0.0,45.53145082826656,0.2149758421537445,0.143046687890134,0.1025743894746611,3.2616919937551723,9.217864252653175,2.302734179665148,-0.4004493148499151,-0.001996284275722515,-0.0016778666452972046,-0.0012922553941137893,-0.17508558679389763,0.06321454084617528,-0.10278637847403083
辽宁省,盘锦市,Medium-sized City,0.0,0.0,0.0,0.0,1468727.0,0.0,0.0,0.0,0.0,0.0,0.0,16.915305965375584,0.0910350760772288,0.0187076330623177,0.0104600688901996,0.0355851141706024,1.5259745769324953,1.247523086269183,-0.030591077272067224,-0.003345014449334896,-0.0015933857862133992,-0.0008891001154745001,-4.8124733507896866e-05,-0.013603826271232355,-0.0012883457570425083
辽宁省,营口市,Medium-sized City,0.0,0.0,0.0,0.0,2558317.0,0.0,0.0,0.0,0.0,0.0,0.0,5.7357739313539255,0.3969065134237253,0.278714891156,0.1730139263628459,6.696095377663703,15.130063059489723,4.902223755919788,-0.1952857957808316,-0.003956360659475022,-0.00462886958736497,-0.002866925780657087,-0.09774224181919511,-1.4694210177416824,-0.01795844639533506
辽宁省,葫芦岛市,Medium-sized City,0.0,0.0,0.0,0.0,2761833.0,0.0,0.0,0.0,0.0,0.0,0.0,3.62456631083566,0.5855497147729474,0.667566502859889,0.433831466336515,32.53336197754649,,,0.0027777403087250185,-0.00042807213382967113,-0.0006722531364380391,-0.0006614137598966452,-0.2224029166122321,,
辽宁省,辽阳市,Medium-sized City,0.0,0.0,0.0,0.0,1960201.5,0.0,0.0,0.0,0.0,0.0,0.0,17.343025127089167,0.245241549734533,0.1003493681850472,0.0541944754872709,0.0715582585289673,3.686045335860673,2.12746548173641,-0.3594907550433497,-0.0041186202515643144,-0.003544633820449103,-0.001996982349244697,-0.0002884057257285938,-0.14824115353044443,-0.07142484499530033
辽宁省,铁岭市,Small City,0.0,0.0,0.0,0.0,2865862.5,0.0,0.0,0.0,0.0,0.0,0.0,1.8055051403995483,0.6656727574403374,0.8228807225572954,0.4778893330336474,31.08956021796832,,,-0.01910991134803086,0.002811401778398892,0.003578350133239261,-0.0016611325700083834,-0.5555253388467492,,
辽宁省,锦州市,Small City,0.0,0.0,0.0,0.0,3291269.0,0.0,0.0,0.0,0.0,0.0,0.0,16.736808550031714,0.4227860340612724,0.35523275167014,0.2420458157252717,12.565300124225631,,15.6834272211815,-0.10230934896981125,-0.002341779851598391,-0.006560547476971268,-0.005853387076058786,-0.7746887723171891,,-2.4493266555435085
辽宁省,阜新市,Medium-sized City,0.0,0.0,0.0,0.0,1911544.5,0.0,0.0,0.0,0.0,0.0,0.0,15.111045192471511,0.3965526424682631,0.380414043616705,0.2864572077327654,21.92894241680776,,,-0.44696255645020067,0.0004984102640264165,0.0005897101936542248,0.0008952443492665774,0.3888736385880911,,
辽宁省,鞍山市,Type II Large City,0.0,0.0,0.0,0.0,3835421.5,0.0,0.0,0.0,0.0,0.0,0.0,12.36570182477319,0.2815205476904298,0.2078761085625724,0.1583202038315776,8.962056870957854,98.11018890198856,3.50220129483967,-0.19462440057228036,-0.004696596145100207,-0.00446052974493219,-0.0028745553961171955,-0.1076354098185206,-5.5301505805664135,-0.22746180021138995
重庆市,重庆市,Mega City,1600.0,320.0,0.0,0.0,30298946.0,1600.0,320.0,1920.0,0.52807117448904,0.105614234897808,0.422456939591232,12.76695042257556,0.4875973782202115,0.4375518477212958,0.2868054404841345,16.55510011287534,,26.617167963965635,0.2331598291695336,0.001376283822859481,0.0014799230367956162,0.0002094303323075808,-0.07082065654511993,,-1.288018011035085
陕西省,咸阳市,Type II Large City,578.0,665.0,40.0,0.0,5287423.5,578.0,625.0,1203.0,1.0931600239700867,1.1820501989295922,-0.08889017495950546,22.51962629076905,0.4387649479143564,0.383253325346312,0.2675996383265501,14.92812484054991,,52.74856238611077,2.0829184522427333,-0.00568129697204689,-0.008224760190638003,-0.004647795036294922,-0.40477127816981806,,-3.9777903168051125
陕西省,商洛市,Small City,1800.0,0.0,17.0,0.0,2463718.5,1800.0,-17.0,1783.0,7.30602948348198,-0.06900138956621871,7.375030873048199,8.155410348323354,0.5739705824836718,0.6612748826747682,0.4469841981287428,36.00148213278423,,,4.286144147876271,0.0003563577197909229,0.003787622011817704,0.002950983853231781,-0.2486580231711173,,
陕西省,安康市,Small City,0.0,0.0,0.0,0.0,2767182.0,0.0,0.0,0.0,0.0,0.0,0.0,6.381312779017857,0.5596608551930788,0.6318626177299572,0.4345573717825666,37.16849880631509,,,-0.5923696245465964,0.012425193889708419,0.024571282148052265,0.012875813867237906,1.3168600285882945,,
陕西省,宝鸡市,Medium-sized City,0.0,0.0,0.0,0.0,3904114.0,0.0,0.0,0.0,0.0,0.0,0.0,13.456094963107036,0.3691337133423252,0.2746152148767573,0.1943644744365755,10.907047270025291,,6.099022774688012,-0.16463449333818225,-0.009348702476971005,-0.015346326840726399,-0.011158150525445498,-0.8156870491930341,,-1.4683116404360836
陕西省,延安市,Small City,0.0,0.0,0.0,0.0,2301962.5,0.0,0.0,0.0,0.0,0.0,0.0,0.1269253736162779,0.7174380169967612,1.054414023006078,0.6083971825853242,48.90588382332399,,,-0.025995045478971412,0.004708193945521022,0.011733074785997832,0.002825336456552363,0.06533472273846286,,
陕西省,榆林市,Medium-sized City,0.0,0.0,0.0,0.0,3520513.5,0.0,0.0,0.0,0.0,0.0,0.0,4.836733729044596,0.6388456851916529,0.7939448303186359,0.5058745345300673,42.58209844914155,,,0.22984522024790355,-0.002569691644483285,-0.0062110953972723815,-0.002840258452655231,-0.5560292395977129,,
陕西省,汉中市,Medium-sized City,0.0,0.0,0.0,0.0,3594781.5,0.0,0.0,0.0,0.0,0.0,0.0,10.245503653827896,0.4355554367657823,0.4029506165068903,0.2993362854074876,24.45050684526348,,,-0.15409096131095978,0.0003321647612278822,0.0008310376535747843,3.632885677568032e-05,-0.26058819500228125,,
陕西省,渭南市,Small City,0.0,450.0,0.0,0.0,5564596.5,0.0,450.0,450.0,0.0,0.8086839719645441,-0.8086839719645441,1.6121870575404322,0.6979701371470947,0.9031915726958976,0.4846641541409777,27.698038068607215,,,0.33862079658405064,-0.019914533855681094,-0.0670080190996386,-0.029159555247583235,-2.477727174333186,,
陕西省,西安市,Super City,1500.0,1235.0,30.0,0.0,8991810.0,1500.0,1205.0,2705.0,1.6681847147570954,1.3401083875215334,0.328076327235562,47.10817289162873,0.1649285192843587,0.0649972474414099,0.0392985906675197,0.1621627127396099,2.639529354868222,1.619782694582761,3.532494571999038,-0.008616578313366596,-0.006659123370425998,-0.004203121299456498,0.01681007591475228,-0.19940942476825407,-0.060143155465378184
陕西省,铜川市,Small City,0.0,0.0,0.0,0.0,881647.5,0.0,0.0,0.0,0.0,0.0,0.0,14.367230667574653,0.2831910329695981,0.145143974900438,0.0903130418021241,2.9841375946234034,4.521483502592331,2.477858765512097,-0.5444956010278013,0.007041250798239473,0.004145248701185017,9.608167836003267e-06,-0.3551242539567725,0.23524200870360712,0.006935589092005756
青海省,西宁市,Type II Large City,0.0,0.0,34.0,0.0,2326511.5,0.0,-34.0,-34.0,0.0,-0.14614155141721843,0.14614155141721843,49.49183291368524,0.1283859771555706,0.0469204839989707,0.0317748733235773,0.7587113161422668,1.836438610208118,1.4466954073434397,-1.3626871795280877,-0.0016166019846151902,-0.0006982708594944001,-0.0004689617679050004,-0.010577908454608709,-0.014046013357987164,-0.009694739481660886
黑龙江省,七台河市,Small City,0.0,0.0,0.0,0.0,964712.0,0.0,0.0,0.0,0.0,0.0,0.0,26.19095802307129,0.270705514673116,0.1875515021068041,0.1462618209587242,10.266959734175389,,2.684447965950174,-0.16557049975299165,-0.006174190617312225,-0.00421252796777441,-0.0008482833394524159,0.4749433737120654,,-0.1722183181489676
黑龙江省,伊春市,Small City,0.0,0.0,0.0,0.0,1209173.0,0.0,0.0,0.0,0.0,0.0,0.0,10.43388609920975,0.5770749709111891,0.6673788383045444,0.4393822595384641,31.347139594506256,,,2.710127637100608,-0.009993648564611712,-0.021661267824339414,-0.009068154044014898,-0.3873552415364365,,
黑龙江省,佳木斯市,Medium-sized City,0.0,60.0,0.0,0.0,2697791.5,0.0,60.0,60.0,0.0,0.22240414057201974,-0.22240414057201974,18.03710792468012,0.4817246016044604,0.4435345951760522,0.301931546200487,19.893724388223333,,2743.602314190052,-0.11507864825781411,-0.0013029159261611079,-0.0023195157911612974,-0.0020644051491466864,-0.39728173022554714,,
黑龙江省,双鸭山市,Small City,0.0,0.0,0.0,0.0,1536711.5,0.0,0.0,0.0,0.0,0.0,0.0,22.604346284292927,0.4893704131571933,0.5051638307278985,0.369846590449541,32.548098164437484,,,0.3419656843173442,-0.0031508768498269557,-0.006676880518374784,-0.004096237405392111,-0.3786920427060281,,
黑龙江省,哈尔滨市,Super City,1515.0,1508.0,0.0,0.0,11198713.5,1515.0,1508.0,3023.0,1.3528339661515585,1.3465832481561386,0.006250717995419874,40.90491393258099,0.4702695271609577,0.5045861099767848,0.3635063450840647,27.62330074198818,,,2.603294539096062,-0.00260665981947239,-0.004693218884491923,-0.0020288782865071076,0.11102670192153852,,
黑龙江省,大庆市,Type II Large City,0.0,0.0,0.0,0.0,3052323.5,0.0,0.0,0.0,0.0,0.0,0.0,21.04767330487569,0.4805343779470491,0.5096121243475781,0.3671737530735894,28.94553424514564,,,-1.0518679058616947,0.0009901780157856033,-0.0016316158898459499,-0.0031997643691016875,-1.3985856630223559,,
黑龙江省,牡丹江市,Medium-sized City,0.0,0.0,0.0,0.0,2948143.0,0.0,0.0,0.0,0.0,0.0,0.0,23.744891468070733,0.5108465054964425,0.5483152234416269,0.3788159591104125,27.63793218142359,,,-0.0461374174158955,-0.0018877167633185588,-0.00545944998227621,-0.003350950070480918,-0.19412938146558645,,
黑龙江省,绥化市,Small City,0.0,0.0,0.0,0.0,5714625.0,0.0,0.0,0.0,0.0,0.0,0.0,0.3386789312362671,0.7189752211794325,1.0107384297645,0.5796035524621692,47.29277032665141,,,0.2823930002318489,-0.0010197918711414289,-0.009182591299714549,-0.009247442596441502,-2.392457697142383,,
黑龙江省,鸡西市,Medium-sized City,0.0,46.0,0.0,0.0,1959700.5,0.0,46.0,46.0,0.0,0.23472974569328323,-0.23472974569328323,21.80991268157959,0.4440766738933787,0.444593014881066,0.3325328330513155,28.335080831971908,,,0.012517204165828133,-0.0009658401590212362,-0.002400786595255111,-0.0015937892060133296,-0.1033669808790556,,
黑龙江省,鹤岗市,Medium-sized City,0.0,0.0,0.0,0.0,1115882.0,0.0,0.0,0.0,0.0,0.0,0.0,50.688577817900125,0.3539543366808912,0.3401148603710955,0.2599794888267143,18.865503973135944,,53.473607794379326,-1.6061643054677361,-0.016466235374118787,-0.03484904727298488,-0.02587361671628452,-2.2627019860254656,,
黑龙江省,黑河市,Small City,0.0,0.0,0.0,0.0,1762191.5,0.0,0.0,0.0,0.0,0.0,0.0,0.0,0.7226287369207611,1.110671128909845,0.6545222916189648,62.73095250873531,,,0.0,-0.002300529382180727,-0.008362414326771983,-0.0029236341616394323,-0.34008338771836577,,
黑龙江省,齐齐哈尔市,Type II Large City,0.0,0.0,0.0,0.0,5648868.5,0.0,0.0,0.0,0.0,0.0,0.0,0.0,0.7087130569232656,1.0477287617992272,0.6110747281449744,52.78921678254882,,,0.0,-0.0019494222256103422,-0.008831502521962298,-0.004490358321467269,-0.8418715303302378,,
,,,0.0,29.0,0.0,0.0,2742593.5,0.0,29.0,29.0,0.0,0.10573933030906695,-0.10573933030906695,4.206482285226116,0.6277899259335571,0.7206790939023313,0.4365826029566493,30.178195341639363,,,0.3078106553261257,-0.006341384109392334,-0.016590083334471095,-0.009256789691211187,-0.9426395790885884,,
