省级,地级,city_level,new_hosp_beds,expanded_beds,decreased_beds,closed_beds,city_pop,net_SEE_beds,net_CIE_beds,net_total_beds,SEE_city,CIE_city,Dominance_city,acc_median,acc_gini,acc_theil,acc_atkinson_05,acc_zero_access_pop_pct,acc_p90_p10,acc_p80_p20,acc_delta,gini_delta,theil_delta,atkinson_05_delta,zero_access_pop_pct_delta,p90_p10_delta,p80_p20_delta
上海市,上海市,Mega City,0.0,74.0,40.0,0.0,24380286.5,0.0,34.0,34.0,0.0,0.013945693378131547,-0.013945693378131547,20.348272492930622,0.1133041328957906,0.0364813054146846,0.0255902004283483,0.9743219649461432,1.707886389184699,1.3461593446927935,-0.05511563003076958,0.00042339510352629173,0.00012008534341889643,2.7379018552702028e-05,-0.004926922159057434,0.006250244774588021,-0.004794318033676026
云南省,临沧市,Small City,0.0,0.0,0.0,0.0,2580979.5,0.0,0.0,0.0,0.0,0.0,0.0,0.0,0.8273965376990626,1.5581175544533192,0.7694073386719094,72.52697154370074,,,0.0,-0.02804480747499216,-0.18808737598736247,-0.035638300665633005,-2.7331493547210073,,
云南省,丽江市,Small City,0.0,0.0,0.0,0.0,1317494.5,0.0,0.0,0.0,0.0,0.0,0.0,0.0,0.6821436942081922,0.9730770254422848,0.5928945508244946,53.16070212891771,,,0.0,-0.004047274550684543,-0.018415018220223955,-0.009477278438303371,-1.4349974413432989,,
云南省,保山市,Small City,0.0,35.0,0.0,0.0,2658995.0,0.0,35.0,35.0,0.0,0.13162867925663643,-0.13162867925663643,7.399977518587696,0.5434581419071187,0.6084368935897503,0.4226967517592385,36.58671576317198,,,0.5806244348182155,-0.020670115450164617,-0.06281686960544197,-0.037567553135754495,-2.558834976222691,,
云南省,大理白族自治州,Small City,0.0,0.0,186.0,0.0,3665159.0,0.0,-186.0,-186.0,0.0,-0.5074813943951682,0.5074813943951682,12.112819589157198,0.437650202952724,0.3822165405926934,0.275272710074393,20.104399998473603,,,-0.29275252418361397,-0.01836736799436539,-0.03144860833721769,-0.02370631112898225,-3.3498586421435768,,
云南省,德宏傣族景颇族自治州,Small City,0.0,0.0,0.0,0.0,1278310.0,0.0,0.0,0.0,0.0,0.0,0.0,0.138488520737801,0.6908585495462609,0.9700762306389116,0.5784500885449446,49.17116060961313,,,0.138488520737801,-0.02762246152222747,-0.13746913966915952,-0.06741491590483162,-10.56465121699675,,
云南省,怒江傈僳族自治州,Small City,0.0,0.0,0.0,0.0,564555.0,0.0,0.0,0.0,0.0,0.0,0.0,0.0,0.7156025155045684,1.155048855992432,0.6789498755523043,66.97284380367165,,,0.0,-0.0064094615202630045,-0.013123184068694504,-0.00324318607191898,-0.18552930786164268,,
云南省,文山壮族苗族自治州,Small City,0.0,0.0,0.0,0.0,3723854.0,0.0,0.0,0.0,0.0,0.0,0.0,0.0,0.7801233767623734,1.282506723645155,0.6918962709881367,62.91226939909456,,,0.0,-0.006697959633928496,-0.02976101849984425,-0.00818461150282812,-0.6406192634704908,,
云南省,昆明市,Super City,0.0,895.0,51.0,0.0,6823242.0,0.0,844.0,844.0,0.0,1.2369486528544642,-1.2369486528544642,51.840972547586254,0.310013131647666,0.2583496017035893,0.2006073363764829,13.83200881169626,,6.586535828482836,1.1802808124565658,-0.0004344262615323391,-0.0018273515369580107,-0.0017246898132068922,-0.20667777554220912,,-0.4889145935932522
云南省,昭通市,Small City,0.0,0.0,0.0,0.0,5499853.0,0.0,0.0,0.0,0.0,0.0,0.0,0.0,0.781517949744423,1.358875916370315,0.7278361892778713,69.69792411948042,,,0.0,-0.006245281152768123,-0.016930907101329273,-0.0029227926273761584,-0.06844007862905244,,
云南省,普洱市,Small City,0.0,0.0,0.0,0.0,2694343.0,0.0,0.0,0.0,0.0,0.0,0.0,0.0,0.8635484811000714,1.858705876337174,0.8381639778145074,82.66159594352031,,,0.0,-0.003431537917115035,-0.02714884910063442,-0.0042077661952499845,-0.3991384772353399,,
云南省,曲靖市,Medium-sized City,0.0,220.0,0.0,0.0,6201189.0,0.0,220.0,220.0,0.0,0.3547706738175534,-0.3547706738175534,6.003901481628418,0.6384001531077023,0.7737965255531667,0.4858694250225079,39.96731994032925,,,-0.051581210143340606,0.007789260893393379,0.015780247975998973,0.00413292110401553,-0.08220292024394382,,
云南省,楚雄彝族自治州,Small City,0.0,0.0,0.0,0.0,2846779.5,0.0,0.0,0.0,0.0,0.0,0.0,4.272894361744756,0.617164615844694,0.7558456979015367,0.4856439800688638,37.15919076053238,,,0.7252397993468018,0.0008111415645879472,-0.004288752456310885,-0.004000495669944537,-0.4589712447062553,,
云南省,玉溪市,Medium-sized City,0.0,0.0,52.0,0.0,2467032.5,0.0,-52.0,-52.0,0.0,-0.21077954992485912,0.21077954992485912,14.122968616770274,0.4828679242761792,0.459095097875311,0.3276177471704063,26.39534186989171,,,-0.1635620656445944,-0.003177615468083206,-0.005556092195239504,-0.0031882561451977987,-0.06979028389831399,,
云南省,红河哈尼族彝族自治州,Small City,0.0,1210.0,0.0,0.0,4755222.0,0.0,1210.0,1210.0,0.0,2.54457100005005,-2.54457100005005,0.0,0.695803025425505,0.9583530438433346,0.5768235019054493,50.53273275506562,,,0.0,0.003890664799547139,0.006006461853064637,-0.0003992465204420981,-0.24351285974503867,,
云南省,西双版纳傣族自治州,Small City,0.0,0.0,0.0,0.0,1203340.5,0.0,0.0,0.0,0.0,0.0,0.0,5.638601716166209,0.6474700325929914,0.8298477240824216,0.5004821142650002,41.149331958478726,,,1.342202252859436,-0.012769716346066495,-0.04388457109497812,-0.026396478949358815,-3.780254878876434,,
云南省,迪庆藏族自治州,Small City,0.0,0.0,0.0,0.0,419856.0,0.0,0.0,0.0,0.0,0.0,0.0,0.0,0.7304355452131814,1.2019469114545012,0.6909207100105939,67.56880065546046,,,0.0,-0.005257519015190226,-0.011280332708578866,-0.0023086722887366573,-0.12555308199723925,,
内蒙古自治区,乌兰察布市,Small City,0.0,0.0,0.0,0.0,2270607.0,0.0,0.0,0.0,0.0,0.0,0.0,3.0330185890197754,0.6323665594858526,0.7836509671635139,0.4871537915899581,37.87477781536143,,,0.4849241654078167,-0.005564431047161311,-0.023040228757318815,-0.017929120739762605,-4.004392311022805,,
内蒙古自治区,乌海市,Medium-sized City,400.0,162.0,0.0,0.0,559794.0,400.0,162.0,562.0,7.14548566079665,2.8939216926226434,4.251563968174007,27.123596062494464,0.1100534710369423,0.0316702857755521,0.0205238140679224,0.5535940797724965,1.745298185045764,1.3002292222843737,8.611868986471293,-0.008519436566867697,-0.009937390860856099,-0.009816535127645198,-1.0412001227320244,-0.020447159684852556,-0.005816750475893473
内蒙古自治区,兴安盟,Small City,0.0,740.0,0.0,0.0,1714257.5,0.0,740.0,740.0,0.0,4.316737712974859,-4.316737712974859,7.826209472074723,0.6040043694047452,0.7309481635499505,0.4845850425780884,42.7529802562936,,,2.1309039148237465,0.04093209236264528,0.05365211839313577,0.01585329113403977,0.27257174398495465,,
内蒙古自治区,包头市,Type II Large City,0.0,0.0,0.0,0.0,2811798.0,0.0,0.0,0.0,0.0,0.0,0.0,34.35192255866937,0.2173282642802062,0.1784134671994987,0.1486600616709581,11.961835524139843,,2.273259207633744,-0.32115925066476336,-0.0025132737415120843,-0.005241001410178414,-0.005129033418991291,-0.6026821381320691,,-0.04631975269403377
内蒙古自治区,呼伦贝尔市,Small City,0.0,250.0,0.0,0.0,2907490.0,0.0,250.0,250.0,0.0,0.8598481852044203,-0.8598481852044203,0.0885679867802834,0.6318640795078337,0.8143730364173989,0.5340529297567111,49.87859441603021,,,0.0885679867802834,0.002630957447599891,-0.0072858120792334,-0.007065381292845618,-1.3345969742777584,,
内蒙古自治区,呼和浩特市,Type II Large City,0.0,0.0,0.0,0.0,3043877.5,0.0,0.0,0.0,0.0,0.0,0.0,64.7707424986915,0.2329189366146035,0.1816545593731968,0.14501390448936,8.523804132186651,174.1606045332512,2.362013533133705,-0.3067887956976989,-0.002795016620279589,-0.002942665450639592,-0.0027131631240235043,-0.19093260606440943,-268.31334473731727,-0.05608769216384779
内蒙古自治区,巴彦淖尔市,Small City,0.0,0.0,0.0,0.0,1772375.5,0.0,0.0,0.0,0.0,0.0,0.0,7.140808117389679,0.579063259682276,0.6670757736200952,0.4470776582177448,36.53286617583565,,,0.43551826941148075,-0.006688978095962916,-0.014699162286572198,-0.007298911589417867,-0.6435531175519102,,
内蒙古自治区,赤峰市,Type II Large City,499.0,0.0,89.0,0.0,4608284.5,499.0,-89.0,410.0,1.0828324509912528,-0.19313043715074452,1.2759628881419973,16.53507394601803,0.5545404251684247,0.611486144740533,0.4199016608079156,35.44780220435325,,,-0.04456370065707915,2.018350088939247e-05,-0.002300428051232317,-0.003150015722206412,-0.7948519237367648,,
内蒙古自治区,通辽市,Small City,0.0,0.0,0.0,0.0,3337676.5,0.0,0.0,0.0,0.0,0.0,0.0,0.0,0.6861259764244848,1.00489801746508,0.6138161906123466,56.96809243018348,,,0.0,-0.001702212785952395,-0.003825695389688022,-0.0014842405141991533,-0.22131764697159895,,
内蒙古自治区,鄂尔多斯市,Medium-sized City,0.0,0.0,0.0,0.0,2105274.5,0.0,0.0,0.0,0.0,0.0,0.0,9.524985184103755,0.5277589450527571,0.6168981350678798,0.4351453858401942,38.08284721207163,,,2.336942304999141,-0.022608202126367716,-0.03952484474257678,-0.018551704998765406,-1.3602811048905394,,
内蒙古自治区,锡林郭勒盟,Small City,0.0,249.0,0.0,0.0,1089824.0,0.0,249.0,249.0,0.0,2.2847725871333355,-2.2847725871333355,0.0,0.7789020819173256,1.4759288150517482,0.7698459731451265,76.702126684809,,,0.0,-0.003419512578259676,-0.011690010736762568,-0.0023328276446993312,-0.15930026676035425,,
内蒙古自治区,阿拉善盟,Small City,0.0,0.0,0.0,0.0,252114.0,0.0,0.0,0.0,0.0,0.0,0.0,16.15725736095481,0.4821662824338656,0.5924798131685557,0.4404895183270667,43.09231916007168,,,4.173630041618871,-0.03303033647450937,-0.0527539001542634,-0.027677488299083508,-2.6631090667075696,,
北京市,北京市,Mega City,2094.0,1820.0,437.0,0.0,20783354.5,2094.0,1383.0,3477.0,1.0075370652990594,0.665436371207545,0.34210069409151445,28.654725888111265,0.1323730409229622,0.0512060183934076,0.0338541356541132,0.3426210447437648,1.9293849912389167,1.4012175671729592,1.798817961786984,-0.0013062709434807918,-0.001460469812811102,-0.001524454075712299,-0.11724276570926967,-0.020834609415308014,-0.007519247861979217
吉林省,吉林市,Type II Large City,0.0,485.0,0.0,0.0,4685852.5,0.0,485.0,485.0,0.0,1.0350304453671983,-1.0350304453671983,16.20276165008545,0.493694066176226,0.5038421737809429,0.3563357840033102,28.00864413793015,,,1.1477024909293299,-0.006209449221026786,-0.008925177052482747,-0.004950740777978524,-0.3370614705687274,,
吉林省,四平市,Small City,0.0,0.0,0.0,0.0,2416537.0,0.0,0.0,0.0,0.0,0.0,0.0,12.379369240540724,0.4410499857214622,0.4091470280649631,0.2961521149104338,22.116235341589945,,,0.3613757774884405,-0.02030934495310699,-0.04416922901486148,-0.0318325542809908,-3.402770790970443,,
吉林省,延边朝鲜族自治州,Small City,0.0,0.0,0.0,0.0,2402777.0,0.0,0.0,0.0,0.0,0.0,0.0,4.397667142597878,0.5794969195026655,0.7088604784378455,0.4789075322413649,41.78087487757468,,,-0.2595290569738866,-0.000381921251871864,-0.0003844232993946983,-0.0003309637683500122,-0.01285397143653455,,
吉林省,松原市,Small City,0.0,0.0,0.0,0.0,3051676.0,0.0,0.0,0.0,0.0,0.0,0.0,1.7200987339019775,0.6044572387400158,0.7510875651476999,0.49878056632683,44.21586971949939,,,1.2993408952440535,-0.025059454088434352,-0.07095852117051304,-0.034848575810017324,-3.8572987080171046,,
吉林省,白城市,Small City,880.0,0.0,0.0,0.0,2149262.0,880.0,0.0,880.0,4.0944286922673925,0.0,4.0944286922673925,2.9748754501342773,0.5721497658688746,0.6650533536212043,0.4560413154229104,40.66039766490764,,,2.9748754501342773,-0.36375851363096445,-1.9479804333414403,-0.4680782326231816,-51.302040816370955,,
吉林省,白山市,Small City,0.0,0.0,0.0,0.0,1350652.0,0.0,0.0,0.0,0.0,0.0,0.0,1.915510186618062,0.6047011467901136,0.7146039390022753,0.4668449434632954,39.02719862656371,,,0.06625608221791301,0.0034733248373922665,0.0024988835138380905,-0.0020238634674392686,-0.8176399562271968,,
吉林省,辽源市,Small City,0.0,0.0,0.0,0.0,1243578.0,0.0,0.0,0.0,0.0,0.0,0.0,10.207807102718869,0.2575491346621015,0.1174344592296021,0.0642687361507193,0.2063938733946251,5.413297073131509,2.13196315635382,-0.17607437506663715,-0.002967554776627024,-0.002654614676517189,-0.0019479180389316009,-0.0064947449550211145,-0.17628881411524855,-0.15454540272073158
吉林省,通化市,Small City,0.0,200.0,0.0,0.0,2453761.5,0.0,200.0,200.0,0.0,0.8150751407583826,-0.8150751407583826,13.649986267089844,0.3484840739082987,0.2666050220676837,0.1912274841163733,10.621257987878984,,9.097073027723734,0.8728008270263672,-0.007907276151959075,-0.006660295705799957,-0.004918667018257106,-0.5898661676235779,,-0.16381786605380633
吉林省,长春市,Type I Large City,0.0,535.0,167.0,0.0,9307945.5,0.0,368.0,368.0,0.0,0.39536114602304023,-0.39536114602304023,26.8813764890035,0.4664420628796842,0.484354346660663,0.3489621806255577,26.52852025374996,,,1.1200474739074728,-0.0099008224533364,-0.022156095184541424,-0.015374161685479948,-1.7781260656145008,,
四川省,乐山市,Medium-sized City,0.0,0.0,0.0,0.0,3438707.0,0.0,0.0,0.0,0.0,0.0,0.0,8.497165942192078,0.3706042376663639,0.2730170118007921,0.1933228492178722,11.55088749729076,,5.554355526375472,0.48283412456512487,-0.02910211771859411,-0.04356998073555002,-0.03299102198641948,-3.6100736238076117,,-3.901730577307424
四川省,内江市,Medium-sized City,1000.0,0.0,0.0,0.0,3880716.0,1000.0,0.0,1000.0,2.5768440669196098,0.0,2.5768440669196098,26.113745426076704,0.2294826280054116,0.0926388052951303,0.0514023492918372,0.0,3.579064717479316,2.2819141662940283,3.2968029354922415,-0.017655573954373782,-0.016767351822727303,-0.0116067217448741,-0.3657533111963346,-0.42709539876676894,-0.2779862586561186
四川省,凉山彝族自治州,Small City,0.0,466.0,0.0,0.0,4781755.0,0.0,466.0,466.0,0.0,0.9745375913236876,-0.9745375913236876,0.0,0.7906122532728955,1.391497125166522,0.7363457389991455,70.65120858793915,,,0.0,0.006834667247913817,0.028374966789891598,0.006650417448867296,0.6369055562154671,,
四川省,南充市,Type II Large City,1790.0,0.0,0.0,0.0,6644966.0,1790.0,0.0,1790.0,2.6937684857981217,0.0,2.6937684857981217,17.472302770379727,0.3372507211148746,0.2041072257408381,0.1304617692939478,4.825451656568891,9.288921250648167,3.617077590441851,1.8745660114723837,-0.015900695033745027,-0.02117301013094841,-0.014762041640388107,-0.7847674070903876,-3.143423886483001,-0.3699648073779107
四川省,宜宾市,Type II Large City,2610.0,0.0,0.0,0.0,4747606.0,2610.0,0.0,2610.0,5.497507585928571,0.0,5.497507585928571,11.180590669699855,0.4367089724202473,0.3536584094718066,0.2384350305250119,13.3491959753105,,12.467862098869492,5.921159784384914,-0.07942811978146991,-0.12711699004938648,-0.07127080655251392,-4.6280054181438395,,-69.03313257230201
四川省,巴中市,Small City,820.0,0.0,0.0,0.0,3460911.5,820.0,0.0,820.0,2.3693180250347345,0.0,2.3693180250347345,12.323423444919095,0.4750050742192097,0.4185404422569824,0.2842106686471455,18.54320808752148,,66.3878986299346,2.7105089481419906,-0.0180934251237978,-0.0388811393757319,-0.027991480368451394,-2.9724752347155956,,
四川省,广元市,Small City,0.0,100.0,140.0,0.0,2650406.0,0.0,-40.0,-40.0,0.0,-0.15092027410140182,0.15092027410140182,16.132092619741428,0.5520079957957453,0.5486708465298233,0.3327138997894578,14.276053713213896,,50.518395922283766,0.06101296704057546,-0.007939160373510834,-0.020706951938075147,-0.014256347270400371,-1.3155000718873993,,-22.169791587376814
四川省,广安市,Small City,0.0,1.0,0.0,0.0,3635658.0,0.0,1.0,1.0,0.0,0.002750533741072455,-0.002750533741072455,9.223122338302264,0.3716380750598499,0.2367183058742125,0.1401176276186462,2.4979315116713305,11.50797863969552,4.408141789910419,0.14804750598407246,0.004071865618743009,0.0029573776237185045,-0.00010766300721667954,-0.33540434539542163,-0.6083655115837523,-0.015942000674521672
四川省,德阳市,Medium-sized City,935.0,220.0,0.0,0.0,3860622.5,935.0,220.0,1155.0,2.4218892160525924,0.5698562861300218,1.8520329299225706,25.1750015126232,0.2885744397327817,0.147426704261304,0.0842764563337663,0.0276045272459529,6.391460317605951,3.146413723704491,2.6072038363722605,-0.008050470096472195,-0.004431027423300593,-0.0016153835656848997,-0.0338850665933655,0.4411972916641611,-0.07933921776384123
四川省,成都市,Mega City,900.0,2422.0,19.0,0.0,16019578.5,900.0,2403.0,3303.0,0.561812534580732,1.5000394673305544,-0.9382269327498224,45.63298330835428,0.1802995926141515,0.0659813042931267,0.0381528072682908,0.0285313643885541,2.620090067631067,1.8847312555576892,2.7057860164210297,-0.003095099886221503,-0.0018858700478260049,-0.0011311694167473949,-0.001829469024133501,-0.04503353068872018,-0.03133519546471453
四川省,攀枝花市,Medium-sized City,0.0,0.0,0.0,0.0,1288093.0,0.0,0.0,0.0,0.0,0.0,0.0,42.781605916016986,0.2781152340025291,0.2162231244575497,0.1683022453606107,11.594968278377882,,4.331832265961396,0.2649371874322668,0.005273422125064264,0.008384969953939614,0.00734480463147949,0.8905778555322321,,0.03703684422596165
四川省,泸州市,Type II Large City,1670.0,206.0,0.0,0.0,4445409.5,1670.0,206.0,1876.0,3.7566842829665075,0.4633993786174254,3.293284904349082,16.461836472953237,0.3675928160005599,0.249692214648491,0.1654229981206617,7.49255394387585,27.139723189553656,4.601984569053881,1.806466232968818,-0.08709989648657385,-0.18887057955329328,-0.1615103892219431,-20.075363180255117,,
四川省,甘孜藏族自治州,Small City,0.0,0.0,80.0,0.0,1154341.5,0.0,-80.0,-80.0,0.0,-0.6930358130587871,0.6930358130587871,0.0,0.907013842867925,2.2167894570944298,0.8851299886934993,87.40643685044522,,,0.0,-0.010166837273805851,-0.10115487090178998,-0.010144336914468477,-0.9993627645324921,,
四川省,眉山市,Medium-sized City,0.0,0.0,0.0,0.0,3137196.5,0.0,0.0,0.0,0.0,0.0,0.0,15.764223466813563,0.2974932750426233,0.1440081773010387,0.0775902925344181,0.3819856886729063,4.711030011911314,2.746952677488133,0.4697721137869628,-0.00469716685268462,-0.005932335059699201,-0.0043945329696123,-0.1427695696478961,-0.2071539359088952,-0.08357216028808079
四川省,绵阳市,Type II Large City,800.0,291.0,0.0,0.0,4896875.5,800.0,291.0,1091.0,1.63369479170953,0.5942564804843415,1.0394383112251884,22.9010965217428,0.3517560609869355,0.2320205851174859,0.1513915093124228,5.7963243726732,14.63207013012022,4.685269510797974,1.4762909915129718,0.005126201867791336,0.0028762177633464003,-0.0006980223817790177,-0.4504589284130889,-2.0368720428004323,0.23388001520013102
四川省,自贡市,Medium-sized City,760.0,0.0,0.0,0.0,2863588.5,760.0,0.0,760.0,2.6540126138933715,0.0,2.6540126138933715,29.566144496427675,0.2391196233541387,0.1082895890998376,0.0640644465883216,0.0,3.950392373264573,2.208341763551382,3.5148444475995504,-0.0055365700561463005,-0.010776617968417002,-0.011854643156144803,-1.710772717020127,-0.41684196196820356,-0.09396851992409205
四川省,资阳市,Small City,0.0,719.0,0.0,0.0,2764558.0,0.0,719.0,719.0,0.0,2.6007774117960265,-2.6007774117960265,8.719661334571715,0.3714064363134149,0.2296369472815206,0.1292285378829695,1.1985159268895524,9.492308777413356,3.985694997999247,1.2482716701251082,-0.019761565793690095,-0.026068007438914215,-0.014516252385411793,-0.05460348011999705,-2.3459176078020274,-1.0873940632937047
四川省,达州市,Medium-sized City,0.0,240.0,0.0,0.0,5802421.0,0.0,240.0,240.0,0.0,0.413620452566265,-0.413620452566265,8.803406715393066,0.5116339339910363,0.4557826020000534,0.2775759818652978,12.102929068646748,,16.24149522500309,0.17887794197379847,-0.0017897613908800514,-0.004780300914539515,-0.004588756700100394,-0.6394456031040736,,-0.18583357274710366
四川省,遂宁市,Medium-sized City,0.0,0.0,0.0,0.0,3443866.5,0.0,0.0,0.0,0.0,0.0,0.0,14.842108901037554,0.2795577400261303,0.1288293831086056,0.0697154051095237,0.0,4.498743126596702,2.847071233074709,0.026104754498042837,-0.0011861042531733923,-0.006112168447492211,-0.007294145518962694,-0.6379601090340279,-0.08799328895423031,0.09478148979239931
四川省,阿坝藏族羌族自治州,Small City,0.0,0.0,0.0,0.0,953028.0,0.0,0.0,0.0,0.0,0.0,0.0,0.0,0.9343357922949068,2.453818956333433,0.8859854128575172,77.88026064654345,,,0.0,-0.004424490731217423,-0.06047447080056756,-0.008035090291817926,-3.396926482842332,,
四川省,雅安市,Small City,0.0,1.0,0.0,0.0,1600130.5,0.0,1.0,1.0,0.0,0.006249490275949368,-0.006249490275949368,13.947184562683104,0.4276265542631459,0.3945707131541192,0.28744149898876,20.50918380336003,,,0.1116561034451351,-0.016330606905644418,-0.028182100920972397,-0.01876173405922904,-1.848869270610166,,
天津市,天津市,Mega City,0.0,1392.0,20.0,0.0,13677473.5,0.0,1372.0,1372.0,0.0,1.0031092365121381,-1.0031092365121381,30.70770519162402,0.2049135084728722,0.0848296880988378,0.0479760321160706,0.0024836444706769,3.5975708007342817,2.230851386799845,1.1931559727322707,-0.016070624332619382,-0.010866971129783298,-0.005836317630746199,0.0002590459283890998,-0.5595048197863219,-0.25617784185049475
宁夏回族自治区,中卫市,Small City,0.0,0.0,0.0,0.0,1210307.5,0.0,0.0,0.0,0.0,0.0,0.0,6.212915750580702,0.4377087494356254,0.4371210826628754,0.3352926019757491,30.63401535350466,,,0.5927447196554159,-0.024155377304849623,-0.029424566029139898,-0.015401202511851009,-1.0419053975808623,,
宁夏回族自治区,吴忠市,Small City,900.0,0.0,79.0,0.0,1379157.0,900.0,-79.0,821.0,6.5257254975321874,-0.5728136825611587,7.098539180093346,5.55656733421179,0.5628520901969667,0.6183981520302004,0.4070289451469892,28.78621237934637,,,2.649849162078821,-0.034273524482841156,-0.07510285949738194,-0.03551509496228311,-2.539870930811773,,
宁夏回族自治区,固原市,Small City,0.0,0.0,0.0,0.0,1223577.0,0.0,0.0,0.0,0.0,0.0,0.0,5.671208373524926,0.5245224194397116,0.5274490916418405,0.360399450981445,27.453009420966385,,,0.1441967958681989,-0.004233438160964109,-0.010789375348694064,-0.0073741356966183225,-0.845929359621632,,
宁夏回族自治区,石嘴山市,Small City,0.0,0.0,0.0,0.0,773063.5,0.0,0.0,0.0,0.0,0.0,0.0,16.355355170682085,0.2029796697442673,0.0731754444673556,0.0414156911652822,0.8341560744137,2.5734272490338816,1.6637770768878326,-0.1043993680649784,0.002982130900771901,0.0010416639882050022,0.00031321237811780117,0.12160083293089097,0.0013402197527621063,0.050015994156431764
宁夏回族自治区,银川市,Type II Large City,0.0,500.0,184.0,0.0,2089001.0,0.0,316.0,316.0,0.0,1.5126847713332832,-1.5126847713332832,44.930477255707856,0.1132201170127727,0.0396017776764249,0.0281529112762776,1.3514605866644729,1.7150747854442452,1.4256842478603435,2.8950688469904406,-0.007116030829933603,-0.007445592959951099,-0.005559157606163996,-0.10846301802886082,-0.11745927791808919,-0.010923843816287748
安徽省,亳州市,Medium-sized City,0.0,0.0,0.0,0.0,5127283.0,0.0,0.0,0.0,0.0,0.0,0.0,6.927968497768111,0.3827627771400208,0.2398899257539136,0.1301215605046706,0.8904157364712337,8.449600197503601,5.037448627553929,-0.008139783385217925,-0.004194384181445188,-0.006281514653409592,-0.004127308395746293,-0.041227571432584265,-0.7541249688864475,-0.16626187604486553
安徽省,六安市,Medium-sized City,1317.0,0.0,0.0,0.0,4884622.5,1317.0,0.0,1317.0,2.696216544881411,0.0,2.696216544881411,12.149676223133886,0.4714542213677735,0.4131269574859662,0.2714794529410289,12.12283224285016,,44.76711829021511,2.5423787720455824,-0.015687364698781292,-0.028053861763620125,-0.023835610615987823,-4.468174883210937,,-40.401962627259735
安徽省,合肥市,Type I Large City,55.0,1818.0,0.0,0.0,7904987.0,55.0,1818.0,1873.0,0.06957633200408805,2.2998140287896742,-2.2302376967855864,46.56119565058021,0.243881191869953,0.1384868288262854,0.0887490593894008,1.0151597834656068,5.823077939263588,2.6504955123825136,2.864197796416562,-0.002959031359157205,-0.002994482220901401,-0.001925042600543006,0.0070719846556801524,-0.28796889305974105,-0.049814452006150756
安徽省,安庆市,Medium-sized City,0.0,0.0,0.0,0.0,4740528.0,0.0,0.0,0.0,0.0,0.0,0.0,5.544880390167236,0.6030095913733939,0.6883719758776345,0.4444289862185716,34.973547894683826,,,0.22137170013032215,0.00020470317235865565,0.001118206634059371,0.0016951562818819932,0.45567881312155123,,
安徽省,宣城市,Small City,0.0,0.0,0.0,0.0,2679667.0,0.0,0.0,0.0,0.0,0.0,0.0,3.3381499814754294,0.5992302471552131,0.6408616662530752,0.3515695439221971,16.104495813404487,,20.43649657931731,-0.023830747363970062,0.00844476893989432,0.019992530285858456,0.006746457321981758,-0.2313443529258059,,-0.1712439393679297
安徽省,宿州市,Medium-sized City,0.0,0.0,0.0,0.0,5669091.0,0.0,0.0,0.0,0.0,0.0,0.0,3.175607126242095,0.6033080289415154,0.6845153605743374,0.4379588289548924,32.51877930549609,,,0.08228344656157471,-0.0028955228596290183,-0.006915801711538272,-0.0027251074978226764,0.09806340883825015,,
安徽省,池州市,Small City,0.0,0.0,0.0,0.0,1494905.0,0.0,0.0,0.0,0.0,0.0,0.0,15.519060147688691,0.3680818583657071,0.2567538089424762,0.174418181485274,9.181951660719225,55.514049259097554,4.771431134197809,-0.5863989258019231,0.016563445029636914,0.020816610442718486,0.014031401589518794,0.8761280048974456,28.64872533322604,0.813533600496565
安徽省,淮北市,Medium-sized City,0.0,0.0,0.0,0.0,2195026.5,0.0,0.0,0.0,0.0,0.0,0.0,20.520085327913065,0.1343210718442491,0.0390092899503369,0.0214956506469771,0.0062776809336822,2.083814863957413,1.531123106172272,-0.07150078795731574,-0.009095789441085994,-0.006434336148997896,-0.003933012741043903,-0.00010979523304729955,-0.15495045468598567,-0.07751194816679519
安徽省,淮南市,Type II Large City,900.0,0.0,0.0,0.0,3549729.5,900.0,0.0,900.0,2.5354044582833706,0.0,2.5354044582833706,9.2163708959307,0.3797312830527484,0.2365978730711769,0.1245150140886447,0.0991104262367416,7.88123030721635,4.120266503473278,2.1993710081380122,-0.02238331552043593,-0.02953362829040218,-0.013883744168069298,-0.6331264694894417,-0.3525937669065806,-0.1238606721933575
安徽省,滁州市,Small City,0.0,0.0,0.0,0.0,4158823.5,0.0,0.0,0.0,0.0,0.0,0.0,10.266560923258464,0.4797772367312651,0.4326720529492678,0.2875827324078537,16.435927394597545,,35.79467777430324,0.09075728264407878,0.009426911696068796,0.010797260858192603,0.0027270117913070213,-0.3132050836780067,,-6.34449975478266
安徽省,芜湖市,Type II Large City,0.0,1073.0,0.0,0.0,3763850.0,0.0,1073.0,1073.0,0.0,2.8508043625542996,-2.8508043625542996,30.223535839276824,0.361801153943369,0.2563236968881107,0.164762281510054,3.799810929064428,23.045627497723096,7.560521868328736,1.4713159272448166,0.0004464278815973777,0.0027861781216643733,0.0037640474119778056,0.48891849377129315,2.0480008803709495,0.030676453726178998
安徽省,蚌埠市,Medium-sized City,0.0,595.0,8.0,0.0,3351380.5,0.0,587.0,587.0,0.0,1.7515170241039475,-1.7515170241039475,22.633773310903155,0.2995177203838599,0.1723477588974293,0.1072268413088719,1.3715291541218595,7.842863866218116,3.2441953667022214,1.0210444915411685,-0.019201079180963032,-0.036907290323191205,-0.0354812627725085,-3.9531428728359335,-11.921778597054683,-0.6444177758563754
安徽省,铜陵市,Medium-sized City,0.0,0.0,0.0,0.0,1649488.5,0.0,0.0,0.0,0.0,0.0,0.0,18.02501626916834,0.2381448450632215,0.1011710074401281,0.0580645682477491,0.4057013889940775,3.366057816478428,2.0915961417115194,-0.21422140257546118,0.008968340728541413,0.008047949655411599,0.006180647195471602,0.3284797659690524,0.1581951196770519,0.09299357287099497
安徽省,阜阳市,Medium-sized City,0.0,0.0,0.0,0.0,8050276.0,0.0,0.0,0.0,0.0,0.0,0.0,10.090193602244058,0.3648890195922947,0.2417924582024286,0.1577287050692111,6.572385747597913,21.191171505445585,4.2088128637186655,0.05525407106448199,-0.004973729511949909,-0.00697354158256791,-0.004775930831189296,-0.23535507626481866,-4.007780008775761,-0.19325204582329558
安徽省,马鞍山市,Medium-sized City,0.0,0.0,121.0,0.0,2344013.0,0.0,-121.0,-121.0,0.0,-0.5162087411631249,0.5162087411631249,30.990920338129,0.2462187336498248,0.1092784190310794,0.0615140408381369,0.0225448104744297,4.025420646810456,2.506717766974897,1.0135306525873915,-0.001479277488068892,-0.0013575726792849907,-0.0007795696573949032,0.0009355436008379979,0.021872247101666353,-0.011482077344244779
安徽省,黄山市,Small City,0.0,0.0,0.0,0.0,1442072.5,0.0,0.0,0.0,0.0,0.0,0.0,10.29402316390694,0.2978915397239947,0.2046398799139134,0.1529052091481045,10.01828786766234,,3.4805151031007435,-0.14946155540354766,-0.004387933410205935,-0.004854486096376509,-0.0021848440068495123,0.20776213643882713,,-0.29212711161486027
山东省,东营市,Medium-sized City,0.0,0.0,0.0,0.0,2148851.5,0.0,0.0,0.0,0.0,0.0,0.0,22.845316712873696,0.2382485194255942,0.1304002277185461,0.0928630721518489,4.310867342195779,5.499777940951877,2.0250785057835485,0.34476163435119744,0.006882111418324177,0.005574242136570193,0.003898042052787598,0.18973439871109932,0.34501155526440375,0.06670217182300897
山东省,临沂市,Type II Large City,648.0,500.0,0.0,0.0,10634557.5,648.0,500.0,1148.0,0.6093342388717161,0.4701653077713859,0.13916893110033024,9.356990253802428,0.2723410386317578,0.1342091356153908,0.0808680893536374,1.1964683818276125,4.278951921056472,2.7447295290209106,1.466295024710269,-0.02596834300811468,-0.024947542097767894,-0.013811300479871294,-0.14508702041449784,-1.4369174197964556,-0.5903315004596372
山东省,威海市,Medium-sized City,0.0,335.0,0.0,0.0,2902536.0,0.0,335.0,335.0,0.0,1.1541631180457366,-1.1541631180457366,23.951425552368164,0.303487267888069,0.1499703079352472,0.0797004872372497,0.0188276727550839,5.30657292536099,3.736124028729515,1.0636253525725508,-0.008541477363486871,-0.008333684449956191,-0.0043900640159760945,-0.004587945151690902,-0.20601277802257023,0.0192948808323421
山东省,德州市,Medium-sized City,1840.0,0.0,88.0,0.0,5893313.0,1840.0,-88.0,1752.0,3.1221827179381103,-0.14932178216225747,3.271504500100368,13.075367933730584,0.4105691760592348,0.2900900279181803,0.1630911615273674,2.8960798369603262,15.894344315843531,4.0212557344962,4.212020979889088,-0.04750266673433329,-0.073270200398937,-0.0303921385250826,-0.7281539460432498,-2.4071697357497133,-0.4627350129338863
山东省,日照市,Medium-sized City,0.0,0.0,0.0,0.0,2958491.5,0.0,0.0,0.0,0.0,0.0,0.0,11.48336356851868,0.1720844595800601,0.0525859553401332,0.0282985181267357,0.0,2.2229859283440896,1.6776788920382808,0.011621255035013434,-0.001639631001979197,-0.001898582243145798,-0.0013280702688098986,0.0,-0.005465297804880365,0.0015178121871215478
山东省,枣庄市,Type II Large City,0.0,1400.0,0.0,0.0,3956835.0,0.0,1400.0,1400.0,0.0,3.5381814000331073,-3.5381814000331073,18.36370734015553,0.1234742216333101,0.0275966115164595,0.0145827821311272,0.0,1.857894421280541,1.4837608774279143,2.701088830294996,-0.013843196449909695,-0.007574708588731098,-0.004275361434234201,0.0,-0.19180476076214115,-0.03264918330767741
山东省,泰安市,Type II Large City,0.0,596.0,0.0,0.0,5833548.0,0.0,596.0,596.0,0.0,1.0216766880121668,-1.0216766880121668,11.290056717701448,0.3765360513522927,0.2314055136867032,0.1190682729629307,0.0819273757654575,7.696280159754767,3.979384476565514,1.585154450898596,-0.020017745813391108,-0.02861258007787898,-0.017236009494385904,-0.5330583014514851,-1.2446586060724307,-0.303748973817044
山东省,济南市,Super City,0.0,1729.0,0.0,0.0,8617013.0,0.0,1729.0,1729.0,0.0,2.00649575438728,-2.00649575438728,38.45647581673224,0.2551550097736527,0.1263803125193194,0.0732886890098664,0.0228618861519805,4.593147169653543,2.7965001059360355,1.8121849182619627,-0.00016791663746162921,-0.00011348860444701514,-5.130197391089997e-05,0.0228618861519805,0.042136924879673465,-0.005186574030398461
山东省,济宁市,Type II Large City,1300.0,150.0,0.0,0.0,8544317.0,1300.0,150.0,1450.0,1.5214791305144695,0.1755552842901311,1.3459238462243384,18.12560855572439,0.2956223428480977,0.171913508425763,0.1101381051877996,2.099262788963112,7.97299777211228,3.332086363884085,2.0336154952991414,-0.007501430843419921,-0.0087555060303951,-0.0059510216288374,-0.2567925676286382,-2.477677869990667,-0.13239914273870035
山东省,淄博市,Type II Large City,0.0,0.0,0.0,0.0,4781437.0,0.0,0.0,0.0,0.0,0.0,0.0,20.444303563549152,0.2055462977494109,0.0834657704195693,0.0486502249440018,0.1958118735440486,3.785326232991673,1.7402413192061603,0.6637805000657409,-0.01929472207029448,-0.0179567023903751,-0.012612546517183902,-0.24905127109918768,-0.6670082169956735,-0.1395860755696272
山东省,滨州市,Medium-sized City,0.0,782.0,0.0,0.0,3976279.5,0.0,782.0,782.0,0.0,1.9666625547826806,-1.9666625547826806,18.593283563597588,0.302674837482784,0.1673059165567068,0.1034932002197731,1.9622633544667665,6.835555201858497,3.1159429291405654,1.456815799108977,-0.006886348227423789,-0.005067465059244797,-0.0024272724362802978,-0.06768202113668553,0.17612283359340086,-0.10822532674117724
山东省,潍坊市,Type II Large City,805.0,500.0,40.0,0.0,9678630.5,805.0,460.0,1265.0,0.8317292410326027,0.4752738520186301,0.3564553890139726,16.863809978260715,0.3190644537780193,0.1714804317924084,0.096149619292094,0.5251054122820146,6.811443447691158,3.7900340318478047,0.9696066830902943,-0.023083888878023928,-0.026743022353042906,-0.01576815255060421,-0.16058327202412281,-1.5417743354509703,-0.5428856007317009
山东省,烟台市,Type II Large City,60.0,190.0,0.0,0.0,7287211.5,60.0,190.0,250.0,0.08233602112412959,0.2607307335597437,-0.1783947124356141,7.247883392299893,0.5031728888251739,0.4271866652498057,0.2158955986456521,0.0039617744966181,14.721589044575932,10.383591512914569,-0.3191854000324712,0.001378150934406408,0.0027951263295191153,-0.0026268776893079993,-0.0110388189334516,-2.8251230507769414,-1.506466981005385
山东省,聊城市,Type II Large City,820.0,0.0,0.0,0.0,6111748.0,820.0,0.0,820.0,1.341678354539487,0.0,1.341678354539487,13.941237483166754,0.2658776716534845,0.1308546204377583,0.0807662686621938,1.7475434593583905,4.634529159312319,2.3684878802806137,0.9169025756350155,-0.0031388643318418508,-0.003355269261112598,-0.0030010643640663998,-0.2995853842906293,-0.07121641605165241,-0.07979483422388745
山东省,菏泽市,Medium-sized City,0.0,0.0,0.0,0.0,8814755.0,0.0,0.0,0.0,0.0,0.0,0.0,6.1576564003821135,0.2779602286100417,0.1483152476519615,0.0954163279600806,3.898685808990397,3.980061227866795,2.257241237153465,0.011269002339402867,0.00284182270762251,0.0027281208787746924,0.0007972221303619992,0.1242912890596517,-0.1373064014220553,-0.008065273232424008
山东省,青岛市,Super City,3352.0,56.0,0.0,2442.0,9092129.0,910.0,56.0,966.0,1.0008656938325446,0.06159173500507967,0.939273958827465,24.61900245341849,0.2602551758664385,0.1237948543880521,0.0691496164984738,0.0,4.88109472388289,3.251302913191855,1.7650722940697818,-0.014241966634744141,-0.01163102761914761,-0.0066561004212049996,0.0,-0.4404062831227771,-0.19951004224565416
山西省,临汾市,Medium-sized City,0.0,0.0,0.0,0.0,4582321.0,0.0,0.0,0.0,0.0,0.0,0.0,8.36022437003351,0.4299473432883354,0.3699857570850202,0.2626227949857787,17.893580039297564,,32.521025984555486,0.3734297780331959,-0.006223614907055419,-0.008171717259593703,-0.005021404636950333,-0.4620215667007024,,-9.133730881429805
山西省,吕梁市,Small City,832.0,0.0,0.0,0.0,3962920.0,832.0,0.0,832.0,2.0994620128592048,0.0,2.0994620128592048,7.293891494338577,0.5247701686234154,0.5060843297726524,0.3278665318790769,22.600378582104398,,,5.371403718261789,-0.14093159974746516,-0.35149042823424514,-0.19818772352847513,-21.983073575332973,,
山西省,大同市,Type II Large City,0.0,0.0,0.0,0.0,3517064.5,0.0,0.0,0.0,0.0,0.0,0.0,15.92586679458618,0.3976887436660629,0.3726277491675391,0.2743608483534687,19.73859012505237,,955.0231943834292,-0.1480341668685039,-0.0003350925168846275,-0.0021099306805397178,-0.0015476315974873867,0.19324580053543983,,606.1431251802105
山西省,太原市,Type I Large City,0.0,1060.0,76.0,0.0,4452464.0,0.0,984.0,984.0,0.0,2.2100122538890825,-2.2100122538890825,52.09829448494375,0.1028539971729398,0.0448732124189386,0.0346645822131932,1.7458791597161356,1.6502771674485055,1.2339750028081122,2.270113313569688,0.00034285555825520897,-0.0004079292436985002,-0.00046357602762490263,-0.1245093860057973,0.008059487051077285,0.0026026311188647178
山西省,忻州市,Small City,0.0,350.0,0.0,0.0,3250571.0,0.0,350.0,350.0,0.0,1.076733903058878,-1.076733903058878,0.5886426628499791,0.7309356866443456,1.0371360194733388,0.579306367234188,46.60820830616019,,,0.07633305481859753,-0.013821474610600792,-0.046939925477475386,-0.010791339722187376,0.27868570965279105,,
山西省,晋中市,Medium-sized City,0.0,0.0,0.0,0.0,3438538.5,0.0,0.0,0.0,0.0,0.0,0.0,8.553039458983722,0.5254690528056631,0.476433631261862,0.2758086886739818,10.393767307064362,,12.786884980910424,-0.07376752805181397,0.0033492691221277404,0.005979037571522128,0.001795714650185909,-0.29013334510556277,,-0.06283794723049319
山西省,晋城市,Medium-sized City,0.0,0.0,80.0,0.0,2416499.0,0.0,-80.0,-80.0,0.0,-0.3310574512962761,0.3310574512962761,12.738801822327732,0.2714565550769128,0.1418061826324366,0.0919732359573828,3.2606040011260995,5.059593680208657,2.2657265631583603,-0.15292457474125243,0.007848459971410593,0.006988307854471798,0.004356666712414192,0.18731863462884535,0.09485134566759701,0.15304760607416634
山西省,运城市,Medium-sized City,1500.0,0.0,0.0,0.0,5441849.0,1500.0,0.0,1500.0,2.7564160637312796,0.0,2.7564160637312796,7.294945974686911,0.4582628214459607,0.3987185486104735,0.2716680659302486,15.824114984344364,,31.950208429489905,2.7079244638386397,0.00704750981363339,0.008804958523643602,0.0027749737028753274,-0.057726889088231204,,-8.64596682858756
山西省,长治市,Type II Large City,0.0,39.0,0.0,0.0,3538464.0,0.0,39.0,39.0,0.0,0.11021731463143329,-0.11021731463143329,19.99647491318839,0.2930140163944758,0.1996277091561804,0.1426322849580844,5.943193964570479,24.290989115621866,3.661894453213476,-0.017088481358118912,0.0004989189025925711,0.0012896470731512955,0.0008255591387809902,-0.07311196683937293,0.3627768848713231,0.08801547733070958
山西省,阳泉市,Medium-sized City,0.0,0.0,0.0,0.0,1449967.5,0.0,0.0,0.0,0.0,0.0,0.0,14.135183972666464,0.1247962582412641,0.0435807977778593,0.027431198548914,0.6773553445686175,1.73277195787972,1.2924775219793303,-0.06645924317547625,0.0014381970011412004,0.0012187719642421033,0.0005228122604663023,-0.05744588838422171,0.004378343921458416,-0.0036398992350121784
广东省,东莞市,Super City,1428.0,200.0,0.0,0.0,8709533.0,1428.0,200.0,1628.0,1.639582742266434,0.22963343729221763,1.4099493049742162,28.99215270319785,0.1056715104957084,0.0176257871403007,0.0089419199735679,0.0,1.658812989125363,1.3933950925402676,3.1054211333599078,-0.019270696043414803,-0.006947850037062303,-0.003560771375996901,0.0,-0.1712224712232291,-0.11264704077794407
广东省,中山市,Type II Large City,0.0,0.0,0.0,0.0,3312812.5,0.0,0.0,0.0,0.0,0.0,0.0,30.80561494091133,0.0859616835842455,0.0128703925510172,0.0066121708684085,0.0,1.5626980423807542,1.273600262682799,3.260056647250849,-0.019744053088030206,-0.005756830894674299,-0.0030152987638302,0.0,-0.09312925145745288,-0.1000281109235166
广东省,云浮市,Small City,0.0,0.0,0.0,0.0,2511159.5,0.0,0.0,0.0,0.0,0.0,0.0,11.04048182333217,0.226353218648971,0.101352751688483,0.0638414097625588,1.5161718500462802,3.9219652151728255,2.0382924138759546,0.26131484764545476,-0.00596176728925038,-0.005337414004882107,-0.0043233273464283045,-0.24371237386722266,0.0030338672498606556,-0.05686768434264833
广东省,佛山市,Super City,50.0,267.0,808.0,0.0,7624798.5,50.0,-541.0,-491.0,0.06557550340510637,-0.709526946843251,0.7751024502483574,35.42123453165116,0.1015146015453498,0.0233101916990035,0.0130265009181782,0.0,1.6073959664520483,1.2773512402547167,0.1435916835387161,0.0005956344593981977,9.170060950109901e-05,3.358885383489968e-05,-0.0003807332686436,0.0004209110151234263,-0.00021397171539772053
广东省,广州市,Mega City,3054.0,921.0,122.0,0.0,13476460.0,3054.0,799.0,3853.0,2.2661737577969285,0.592885668788391,1.6732880890085375,40.39066868575018,0.0982653375367231,0.026259931854017,0.0156553360425272,0.0103111193079526,1.5634341524272848,1.2779879907345577,1.264547489481032,-0.008550317223314799,-0.004140208409351601,-0.0024474277751687992,0.002118068752968199,-0.0881448882259781,-0.037878385691624494
广东省,惠州市,Type II Large City,0.0,0.0,62.0,0.0,4864889.0,0.0,-62.0,-62.0,0.0,-0.12744381218153178,0.12744381218153178,14.987333196648803,0.2786825685740642,0.1515680300249398,0.0973794430671667,2.0867794989379616,6.302326681906038,2.721335840243662,1.1586787452717378,0.009537963664068283,0.007734661025476902,0.004143390362169097,0.03629028308226534,0.2616787816562871,0.1612518449424334
广东省,揭阳市,Medium-sized City,0.0,0.0,0.0,0.0,6239211.0,0.0,0.0,0.0,0.0,0.0,0.0,10.930470633490478,0.2145666903761915,0.0829852459440013,0.0466452471289821,0.1152153787873693,3.169489160833725,2.1365002569492,0.5209692193377649,0.0157328189043911,0.009004606887585406,0.0048375198724291,0.005167258606286501,0.291904581917124,0.1688493952754928
广东省,梅州市,Medium-sized City,0.0,0.0,0.0,0.0,4495804.0,0.0,0.0,0.0,0.0,0.0,0.0,11.444114108876043,0.4046711647899783,0.3197650715027899,0.22024083674364,11.137398002196278,,10.890647639327833,0.23819929705696374,-0.0003110300023694279,0.00046071369281958097,0.0011977766108368093,0.6383761228419935,,-0.1277467151398266
广东省,汕头市,Type II Large City,0.0,0.0,43.0,0.0,5687318.0,0.0,-43.0,-43.0,0.0,-0.07560681502247632,0.07560681502247632,12.9551643728618,0.0686583056868612,0.0102058904894416,0.0056419369723719,0.0,1.318832996312857,1.2248055778044356,0.9610849079458657,-0.00583731378877661,-0.0005044476553610986,-7.040591187779978e-05,0.0,-0.07271333146827841,-0.032001760899357024
广东省,汕尾市,Small City,0.0,0.0,0.0,0.0,3073419.5,0.0,0.0,0.0,0.0,0.0,0.0,2.601741138928712,0.2767761522358373,0.1420338400838984,0.0856205639085154,1.2047710977179025,5.044091071318918,2.3485068829046214,0.0020307340558178844,-0.005257590833235792,-0.00484530005759129,-0.0032263176095860963,-0.16579893111649424,-0.43331092110353886,0.04312413960686223
广东省,江门市,Type II Large City,0.0,0.0,0.0,0.0,4709398.5,0.0,0.0,0.0,0.0,0.0,0.0,10.630842800798089,0.3650168905745492,0.2171452945287809,0.1183900604167581,1.0501962145086323,7.577931862677135,3.965567056507678,1.0721109357225007,-0.02083777962400296,-0.027325646135797493,-0.01550681571826,-0.25603740203401726,-0.9427497997790901,-0.6215476244474272
广东省,河源市,Medium-sized City,0.0,120.0,0.0,0.0,3120895.0,0.0,120.0,120.0,0.0,0.38450508588081306,-0.38450508588081306,3.791592323860409,0.5358600368642661,0.5269178879148403,0.3374691466565364,19.75786072430531,,821.7569701174192,0.29334671230439335,-0.00990459455597903,-0.019761636448403563,-0.009975008379568828,-0.4455358476878075,,
广东省,深圳市,Mega City,2000.0,1999.0,173.0,0.0,10807131.5,2000.0,1826.0,3826.0,1.850629836418665,1.689625040650241,0.16100479576842397,26.602779012969243,0.0498136336467537,0.0056599154800904,0.0030354361656771,0.0,1.2127904915563583,1.1156378764981256,2.6239063717360622,-0.0016445441606896954,-0.00027963810581899985,-0.00012792997730400003,0.0,-0.010780609447957223,-0.00745869485776951
广东省,清远市,Medium-sized City,460.0,0.0,69.0,0.0,3926698.0,460.0,-69.0,391.0,1.1714677319213243,-0.17572015978819863,1.3471878917095228,7.800720977556387,0.5090718021561674,0.5021689017856306,0.3489498381310314,26.752768513427803,,,1.0714882168184632,-0.009422063988394958,-0.01060511680679288,-0.0034271601816895925,-0.13758206524483185,,
广东省,湛江市,Type II Large City,2477.0,0.0,0.0,0.0,7309679.5,2477.0,0.0,2477.0,3.3886574643936163,0.0,3.3886574643936163,15.350932548159644,0.4616625908172411,0.4243143870792056,0.3036944325468016,22.7483261750948,,,2.7181569071109877,0.002959741003966676,-0.000801847831287894,-0.0030601046836034596,-0.7505502284765555,,
广东省,潮州市,Medium-sized City,1200.0,417.0,0.0,0.0,2814287.5,1200.0,417.0,1617.0,4.263956685306672,1.4817249481440684,2.7822317371626037,11.480633929852967,0.2189953685992166,0.1118118955528891,0.0704814318527967,0.4401656768704912,5.003608665579342,2.0208631044566023,2.044955151353964,-0.024390607903498618,-0.021613157026923194,-0.0156125821352385,0.03398388534369601,-1.5495160538727646,-0.21776140729310667
广东省,珠海市,Type II Large City,860.0,100.0,0.0,0.0,1616960.0,860.0,100.0,960.0,5.3186226004353845,0.6184444884227192,4.700178112012665,20.60762047172468,0.122479969279458,0.0296560697763477,0.016078133130819,0.0020386591553402,1.8565038383353372,1.4175370219175814,1.840760179067118,-0.005434678963240985,-0.004888632136207598,-0.0030118922941941018,-0.0021094108467462,-0.1398603175286992,-0.05142028647494645
广东省,肇庆市,Medium-sized City,0.0,0.0,0.0,0.0,4161926.5,0.0,0.0,0.0,0.0,0.0,0.0,5.026300356260289,0.5727079486732343,0.6550889363580628,0.4401313268177419,34.618443240259,,,0.12688260211777358,7.597848749019143e-05,0.00378619307327821,0.003049287523658406,0.32284467293009556,,
广东省,茂名市,Medium-sized City,1230.0,0.0,0.0,0.0,6158990.5,1230.0,0.0,1230.0,1.9970805280508226,0.0,1.9970805280508226,16.16815232558989,0.2758447450551415,0.1448671941122269,0.0915236128318126,2.3151491556766755,5.922116064796954,2.725111023258416,1.898456248175572,-0.05040191073515782,-0.06285493030709019,-0.04731824523027542,-3.424357946306803,-5.285073681570841,-1.173427796102391
广东省,阳江市,Medium-sized City,600.0,629.0,0.0,0.0,2548442.5,600.0,629.0,1229.0,2.3543791943510595,2.4681741887446944,-0.11379499439363494,14.46356556912978,0.2326137500069385,0.1213946806852658,0.0831085302393662,2.5056224306070343,4.301119447809855,2.2364478250393653,4.251544205946509,-0.020276027131926777,-0.020183555456689095,-0.0192457966461982,-2.928908285332292,-0.7443888075047527,-0.12467381095499164
广东省,韶关市,Medium-sized City,0.0,0.0,0.0,0.0,3000450.0,0.0,0.0,0.0,0.0,0.0,0.0,14.23454041719106,0.503109246723406,0.510787416107324,0.3518722403244708,22.858767531417303,,,0.24291939973500298,0.003908806750132665,0.005986430387267427,0.00380804251192568,0.6106917305337518,,
广西壮族自治区,北海市,Medium-sized City,0.0,0.0,0.0,0.0,1601754.0,0.0,0.0,0.0,0.0,0.0,0.0,22.511395692259004,0.3233651760545843,0.2213516678784821,0.1527159467820015,6.966293957317365,17.950807514530997,3.987398449884858,-0.36900413652566044,-0.0036045908257836823,-0.007128940171058806,-0.00652239373328839,-0.7804898266183926,-7.443532848718494,-0.25212205786375197
广西壮族自治区,南宁市,Type I Large City,0.0,749.0,89.0,0.0,7057438.0,0.0,660.0,660.0,0.0,0.9351835609466213,-0.9351835609466213,36.62224960327149,0.4412235235665124,0.389561446647009,0.2454559697660419,5.516112458121197,81.32231457575044,18.804982712385897,0.9857865136100372,-0.004504637691496782,-0.010461412298260309,-0.008667021790692786,-1.0583006567184752,-21.532453318854138,-2.7699319880550277
广西壮族自治区,崇左市,Small City,0.0,0.0,0.0,0.0,2118183.5,0.0,0.0,0.0,0.0,0.0,0.0,3.225169897079468,0.664674768347479,0.8243748790624599,0.4730100313748607,33.275477756574546,,,-0.00881662604155764,0.0031014725744177296,0.010091029320422384,0.005000580901665885,0.6191144166332805,,
广西壮族自治区,来宾市,Small City,0.0,0.0,0.0,0.0,2231383.5,0.0,0.0,0.0,0.0,0.0,0.0,6.855013882850018,0.4851143958347447,0.4002982691621728,0.2330028169667121,8.60276148746728,78.01319554358405,6.932314250825459,0.7684835053825445,-0.054833695774416324,-0.10581589832686378,-0.06725568544325028,-3.8419024546176406,,-15.445064213260963
广西壮族自治区,柳州市,Type II Large City,0.0,148.0,0.0,0.0,3977688.0,0.0,148.0,148.0,0.0,0.37207543678639454,-0.37207543678639454,33.05607826340366,0.4038816474546144,0.3954295281826829,0.303334766410763,25.331988126211368,,,0.0646012737891084,0.008061183235127611,0.014355541043260478,0.009233008907454932,0.5533675852877806,,
广西壮族自治区,桂林市,Type II Large City,883.0,362.0,0.0,0.0,5036567.0,883.0,362.0,1245.0,1.7531783057785193,0.7187435409873432,1.0344347647911762,8.943261656742148,0.5517966659176259,0.6025795450798093,0.3903151298902972,24.879639824990523,,,2.885192427616172,-0.03374873783131982,-0.12094008500206432,-0.09075754182132051,-14.6995411730088,,
广西壮族自治区,梧州市,Medium-sized City,0.0,110.0,10.0,0.0,3055712.5,0.0,100.0,100.0,0.0,0.32725591821874606,-0.32725591821874606,11.18406325439643,0.5103397957546355,0.4926678185771419,0.329996607215624,21.895920198620832,,,0.5172721513392116,-0.013710240297187148,-0.025401428490933742,-0.01329648368867381,-0.4907155845349891,,
广西壮族自治区,河池市,Small City,0.0,0.0,0.0,0.0,3580902.0,0.0,0.0,0.0,0.0,0.0,0.0,4.70664423987979,0.6036540868125146,0.6805436989593514,0.4271888740579216,29.989868966009716,,,-0.01428585960751505,-0.002214101957741965,-0.005698092413262912,-0.004166320408247992,-0.6998855058895863,,
广西壮族自治区,玉林市,Medium-sized City,2810.0,595.0,0.0,0.0,5800428.0,2810.0,595.0,3405.0,4.844470097723823,1.0257863730055783,3.8186837247182446,19.41829985135222,0.3537541399210949,0.2431633026691454,0.1605053782470279,5.859820306467944,21.178766541172205,5.392870291933611,6.188954529696948,-0.0025696890985710263,-0.0007654565524727874,-0.002452750605169002,-1.243627243395836,0.17092119066424516,0.3386947356961745
广西壮族自治区,百色市,Small City,0.0,0.0,0.0,0.0,3667611.5,0.0,0.0,0.0,0.0,0.0,0.0,0.0,0.7786482269347024,1.2729075739970006,0.685479997473694,60.3407926039108,,,0.0,0.007863695588030573,0.03341961282914663,0.009497755408850672,0.7655383268436324,,
广西壮族自治区,贵港市,Medium-sized City,460.0,0.0,63.0,0.0,4373606.5,460.0,-63.0,397.0,1.0517635731518142,-0.14404588067079194,1.1958094538226063,8.829732976401576,0.4155703055413702,0.3137193193921616,0.2022141515547768,8.891478203425859,77.58618110882713,6.800077559557669,0.7119499078922207,0.011921604554002985,0.013552249757350476,0.004968836710631502,-0.5134000954312814,-38.49345441422494,0.25762248941192123
广西壮族自治区,贺州市,Small City,0.0,0.0,0.0,0.0,2076025.0,0.0,0.0,0.0,0.0,0.0,0.0,10.147309524753082,0.3675652936726084,0.2801212744539544,0.1998637781887524,11.838626916785415,,7.671504395552374,-0.06785067375660958,0.0021983934856517617,0.005019281010456789,0.0054740019547843966,0.6996919181329506,,0.31810092041807625
广西壮族自治区,钦州市,Medium-sized City,0.0,200.0,0.0,0.0,3258458.0,0.0,200.0,200.0,0.0,0.6137872576537737,-0.6137872576537737,13.71551453577329,0.4704347749835231,0.3648876181733493,0.1885456781866421,1.129117096394893,13.340240596150966,6.802433007670198,1.2787026885249944,-0.01719840596970401,-0.0325735002385632,-0.022495549784991187,-1.541241638960966,-5.843469712376944,-0.32331718500207796
广西壮族自治区,防城港市,Small City,0.0,0.0,0.0,0.0,881627.5,0.0,0.0,0.0,0.0,0.0,0.0,15.95518988654727,0.4902021317961245,0.4500944639409164,0.2974696134429451,17.27730235194106,,51.84374970741269,-0.3254932953846996,0.0015202241149661067,-0.0030187953696528824,-0.0040547869790217295,-0.2250954778101928,,-17.21673086050317
新疆维吾尔自治区,乌鲁木齐市,Type I Large City,2488.0,536.0,60.0,0.0,3303120.5,2488.0,476.0,2964.0,7.532271377928841,1.4410615658738457,6.091209812054995,74.76700331495492,0.0572759268963335,0.0165790010543478,0.0115822862744394,0.3757450861137935,1.2707212003633803,1.0913230915647292,7.984297040768311,-0.00038849349203070455,-0.00031513940699010035,-0.0002880392646000991,-0.009921195876566924,-0.002090436624585079,0.00030805075414042093
新疆维吾尔自治区,伊犁哈萨克自治州,Small City,0.0,0.0,50.0,0.0,2448040.0,0.0,-50.0,-50.0,0.0,-0.204245028676002,0.204245028676002,19.275646359943973,0.5127553973654068,0.5803303119340518,0.4198520311327557,38.258606846310514,,,0.050848039042168836,-0.0033911831462053454,-0.00565753155372184,-0.0029597556086899957,-0.21537769688934105,,
新疆维吾尔自治区,克孜勒苏柯尔克孜自治州,Small City,0.0,0.0,0.0,0.0,559850.5,0.0,0.0,0.0,0.0,0.0,0.0,16.88127419529389,0.4640833932555047,0.4227703787518711,0.2952231644819326,21.234365001131906,,,0.630744503869888,-0.027702177032919995,-0.05363663287637688,-0.03695026514340144,-4.168355600264196,,
新疆维吾尔自治区,克拉玛依市,Small City,0.0,0.0,0.0,0.0,372179.0,0.0,0.0,0.0,0.0,0.0,0.0,51.41330642491823,0.1664972188997867,0.074784868873307,0.050263171814723,1.36981896524004,1.9916656991413224,1.938820941814412,-0.38699978781593813,-0.0025693227857121193,-0.0013740508215751013,-0.0006596237326493976,0.053171606886724954,-0.02790911104056981,-0.013683651890322723
新疆维吾尔自治区,博尔塔拉蒙古自治州,Small City,0.0,0.0,0.0,0.0,425011.5,0.0,0.0,0.0,0.0,0.0,0.0,11.211772062561728,0.5585878529383979,0.6830713882562331,0.4650564861052216,39.65456799824955,,,1.4663144133307728,-0.008848147219899016,-0.018565930350519677,-0.0111043372512028,-2.172769115564904,,
新疆维吾尔自治区,吐鲁番市,Small City,0.0,0.0,0.0,0.0,661007.0,0.0,0.0,0.0,0.0,0.0,0.0,6.335112635905926,0.520008853463876,0.5315092608898203,0.3553539527420337,24.099677363294976,,,0.4773081189546824,-0.014623737286246996,-0.03480236264278436,-0.0244224648029695,-3.1539532988947947,,
新疆维吾尔自治区,和田地区,Small City,0.0,0.0,0.0,0.0,2093721.5,0.0,0.0,0.0,0.0,0.0,0.0,10.581474254231251,0.523180085203238,0.6124884247434766,0.4428703124364563,41.6055594854738,,,1.2094311397252575,-0.014120383373558587,-0.027091371698112043,-0.013537539671820975,-1.144525402545753,,
新疆维吾尔自治区,哈密市,Small City,0.0,0.0,0.0,0.0,577126.0,0.0,0.0,0.0,0.0,0.0,0.0,35.89780475853342,0.2792395889546382,0.2826863115113546,0.23480843392277,20.93270924137501,,,-0.5237914381593427,-0.00953660489203173,-0.01442802288775602,-0.01177749757990329,-1.4187184433467088,,
新疆维吾尔自治区,喀什地区,Small City,0.0,0.0,0.0,0.0,4220415.0,0.0,0.0,0.0,0.0,0.0,0.0,0.0,0.740652511335081,1.1658251657488978,0.6617292440643688,60.630277307052914,,,0.0,-0.0017080995030543944,-0.01067053003809626,-0.004401520164938222,-0.5568226310999407,,
新疆维吾尔自治区,塔城地区,Small City,0.0,0.0,0.0,0.0,1322507.0,0.0,0.0,0.0,0.0,0.0,0.0,19.79113006591797,0.5172890932726162,0.5264311783438903,0.3640827657012914,27.616665405282674,,,0.7796795519092399,-0.01017249834102496,-0.02251875201078557,-0.015466718450962202,-2.1671096397799303,,
新疆维吾尔自治区,巴音郭楞蒙古自治州,Small City,1260.0,0.0,0.0,0.0,1269924.0,1260.0,0.0,1260.0,9.92185359123853,0.0,9.92185359123853,25.566338005444862,0.4844733660986803,0.5253724669243941,0.3781358762178087,31.745196974623465,,,9.584761232998535,0.006463929997553075,0.014129162810882168,0.006262046394423404,-0.41477668759607766,,
新疆维吾尔自治区,新疆维吾尔自治区,Small City,0.0,155.0,0.0,0.0,1195719.0,0.0,155.0,155.0,0.0,1.2962911854708339,-1.2962911854708339,37.18976516723633,0.3675709069557114,0.3022559989679868,0.2283716306591379,17.05035947271786,,12.901788328201745,3.4619731337935846,-0.020874580795173736,-0.021606965195343997,-0.011301791854098492,-0.48205349045052515,,-1.6450856262272762
新疆维吾尔自治区,昌吉回族自治州,Small City,0.0,0.0,0.0,0.0,1517852.0,0.0,0.0,0.0,0.0,0.0,0.0,17.706383956106084,0.5652165431240355,0.653940898681825,0.4491415494376541,38.714609338698615,,,1.8783817893580377,0.0024103192496393033,-0.0006794489576010809,-0.001769269564285414,-0.32803772594401437,,
新疆维吾尔自治区,阿克苏地区,Small City,0.0,0.0,0.0,0.0,2517175.5,0.0,0.0,0.0,0.0,0.0,0.0,0.0,0.7409350567819704,1.2166038030006514,0.690637972043902,66.67584735504897,,,0.0,-0.006817253531904766,-0.03029305502447399,-0.009333901515588883,-0.9557030219738891,,
新疆维吾尔自治区,阿勒泰地区,Small City,0.0,0.0,68.0,0.0,570008.5,0.0,-68.0,-68.0,0.0,-1.1929646663163795,1.1929646663163795,0.0,0.7424868661718627,1.2012216999093808,0.6808651838240513,64.64129499970981,,,0.0,-0.006564468178832938,-0.011726657317131739,-0.0012843978356068542,0.30585583830772123,,
江苏省,南京市,Super City,0.0,1479.0,369.0,0.0,8468609.5,0.0,1110.0,1110.0,0.0,1.31072285243522,-1.31072285243522,43.560484188764526,0.1342495567751582,0.0505332822255658,0.0301854147373323,0.0,2.0773170348841887,1.3889360608751682,1.3025113539223483,0.002633383431133507,0.0019626761106742996,0.0013066046488853997,0.0,0.02400288784384985,0.018878371240166114
江苏省,南通市,Type II Large City,991.0,583.0,28.0,0.0,7722688.0,991.0,555.0,1546.0,1.2832319523979214,0.7186616887798652,0.5645702636180562,10.043364438143644,0.3737394044967573,0.2527443612252487,0.1566462226837577,2.630181590190562,23.358413283414464,5.752593910819096,1.870419268667673,-0.018048635719852324,-0.025135960997098306,-0.017582034449168504,-1.4576687852720176,-9.138181379696903,-1.126876411752372
江苏省,宿迁市,Medium-sized City,0.0,0.0,0.0,0.0,4953525.5,0.0,0.0,0.0,0.0,0.0,0.0,9.603990671803071,0.313562047285982,0.1945670592749391,0.1328300167094014,6.0443720215467085,11.888802751108196,3.424024431081003,0.9055957003793917,-0.016329409686868357,-0.01241506817669119,-0.005609199126130893,0.006426542483367825,-0.9204082138870593,-0.10884333529990098
江苏省,常州市,Type I Large City,0.0,0.0,0.0,0.0,4868929.5,0.0,0.0,0.0,0.0,0.0,0.0,23.40136933402608,0.1804576151557491,0.0641880556699018,0.0355050213603465,0.0001641225281352,2.776624610692336,1.9081026197047264,1.4878775830603637,0.008134979630121802,0.0053759563055217965,0.002920041671985202,-0.0010078845154215,0.1622802451554799,0.1216170827566061
江苏省,徐州市,Type II Large City,1600.0,0.0,0.0,0.0,9022755.5,1600.0,0.0,1600.0,1.7732942004246928,0.0,1.7732942004246928,17.634201365815112,0.4383970463102924,0.3394068840161952,0.2088959136795131,7.764438165677295,46.81334820832492,7.582490424284773,1.0554105508663092,0.00611168239392762,0.008226386296143695,0.0028422343272778983,-0.44392494536291505,-5.192047354076898,0.5514312851964425
江苏省,扬州市,Type II Large City,0.0,0.0,172.0,0.0,4730895.5,0.0,-172.0,-172.0,0.0,-0.3635675317706764,0.3635675317706764,14.81891628992216,0.3480660529109551,0.2157507656013551,0.1265893839633907,1.068394342356245,8.530107518309446,4.134724945584926,-0.49334679440957174,-0.014013770179959306,-0.02605715979450801,-0.023918156311495492,-2.794450492161273,-2.946590866557644,-0.4643185957579963
江苏省,无锡市,Type I Large City,1326.0,658.0,195.0,0.0,6765864.5,1326.0,463.0,1789.0,1.959838243878517,0.6843175768595424,1.2755206670189745,29.103881266306196,0.1644317440466592,0.0628036197353036,0.0359457790661141,0.0,3.0332774727755014,1.5759781699054565,3.1067879344178344,0.004060599502434203,0.005067000137777798,0.0029471250003687,-0.000162736433847,0.322400995839204,0.0053861958432464
江苏省,泰州市,Medium-sized City,1521.0,0.0,0.0,0.0,4905514.0,1521.0,0.0,1521.0,3.1005925169105626,0.0,3.1005925169105626,16.225428680931557,0.1815762530623762,0.0546399184581613,0.0288191829059524,0.0028710524810067,2.3448010241660984,1.7677710369452615,2.4277353203942837,-0.04165751760054759,-0.0289759698680293,-0.017318309006183103,-0.1715189447781417,-0.64759303484793,-0.3126837351010623
江苏省,淮安市,Type II Large City,0.0,510.0,0.0,0.0,5110160.0,0.0,510.0,510.0,0.0,0.9980118039356889,-0.9980118039356889,11.02547550201416,0.34755351044099,0.28251285205132,0.2167508684691811,14.354677657464924,,13.544548595485043,0.8847687665153945,-0.007174244709107602,-0.008200794094459118,-0.005475510612207413,-0.7082595808189698,,-3.716546909043714
江苏省,盐城市,Type II Large City,2000.0,450.0,0.0,0.0,7695692.0,2000.0,450.0,2450.0,2.5988566070471637,0.5847427365856118,2.0141138704615518,7.969060049218647,0.4731856215955037,0.4106445231841398,0.267543060155054,13.198769778830224,,21.718486935269244,2.2213532970948515,-0.04944002137928294,-0.09401714802013406,-0.05958059082349759,-4.948241733122897,,-94.86502126753844
江苏省,苏州市,Type I Large City,3096.0,145.0,0.0,0.0,11035060.0,3096.0,145.0,3241.0,2.8056032318809323,0.1313993761701341,2.674203855710798,22.23558750722615,0.1783488218397121,0.0573621081489778,0.031346206570066,0.0,2.5218500360465,1.7253849831022476,3.3207865088325192,-0.008128731938811196,-0.0049041027623295055,-0.0027212510640046983,0.0,-0.19866512078763243,-0.06584594025212542
江苏省,连云港市,Type II Large City,0.0,500.0,0.0,0.0,4658685.5,0.0,500.0,500.0,0.0,1.0732641213921825,-1.0732641213921825,14.881542423697471,0.2672580302931909,0.1406103278222198,0.0904329345642077,1.995143557170652,5.986436068637398,2.543018801141919,1.1604175478612149,0.00018082040757660955,-0.0031184559375634913,-0.0038377943239031043,-0.466605312090282,-0.4448731328512796,-0.026181176806993278
江苏省,镇江市,Medium-sized City,0.0,0.0,0.0,0.0,3306721.5,0.0,0.0,0.0,0.0,0.0,0.0,25.29332583972386,0.1620539739151987,0.044107827742611,0.0230691862001916,0.0,2.288317496656463,1.6276300222670397,0.260184872013447,-0.004073505635325797,-0.0015584270794642974,-0.0007356105629565991,0.0,-0.06029313965108418,-0.019626846388510533
江西省,上饶市,Type II Large City,0.0,200.0,0.0,0.0,6974989.5,0.0,200.0,200.0,0.0,0.286738782904261,-0.286738782904261,6.632217005070761,0.3794994016273388,0.2693032225970821,0.1675789625830752,7.05322367549491,17.412120914806437,3.8063822301643926,0.11994118628483097,-0.00812388317311219,-0.010280389296441983,-0.008233271360872096,-0.3417474295570919,-6.126361211854853,-0.7807979095461786
江西省,九江市,Medium-sized City,620.0,600.0,0.0,0.0,5012684.0,620.0,600.0,1220.0,1.2368623276472246,1.196963542884411,0.03989878476281361,21.05013509037429,0.4666017188455549,0.4477626318976592,0.3240911937559692,25.81288928587229,,,2.209437488610419,-0.018790426499369794,-0.040863778792322614,-0.02935144703981074,-3.297873194442335,,
江西省,南昌市,Type I Large City,0.0,272.0,128.0,0.0,5350104.0,0.0,144.0,144.0,0.0,0.26915364635902406,-0.26915364635902406,55.62563057799188,0.1582216370313542,0.069124468168889,0.0444803786500908,0.4839751729082951,2.492762859167213,1.6848865699170883,0.914722563283064,-0.0013938344800208113,-0.001426113765487999,-0.0010824148022497981,-0.03977066601305751,-0.051473180247178174,-0.017985302368190625
江西省,吉安市,Small City,0.0,250.0,0.0,0.0,5102066.5,0.0,250.0,250.0,0.0,0.48999753335241714,-0.48999753335241714,4.139857240320661,0.5849364952964655,0.6487917250747327,0.4233071301964981,32.34735966973697,,,0.3096819125158081,0.0024234143083446957,0.004780383299481605,0.0026514510596830076,0.3785141036502395,,
江西省,宜春市,Medium-sized City,800.0,0.0,0.0,0.0,5752297.5,800.0,0.0,800.0,1.3907486530381992,0.0,1.3907486530381992,8.624595165252686,0.443136964149847,0.3315151222542231,0.1914952719601327,5.288856187602272,18.15865458107554,5.800840118936048,0.5869746252547863,-0.01426209238230719,-0.02263511022457071,-0.012642556615996309,-0.5511506901396013,-5.182813017550213,-0.2959097550558658
江西省,抚州市,Medium-sized City,0.0,0.0,0.0,0.0,4152782.0,0.0,0.0,0.0,0.0,0.0,0.0,2.6563620100308274,0.5353057722497976,0.5342264457132652,0.337815861790633,22.04815367298832,,,-0.017275387690636634,0.0038107079872350402,0.002052168107721908,-0.0036288898063094877,-1.2718682815064781,,
江西省,新余市,Medium-sized City,0.0,0.0,0.0,0.0,1207832.0,0.0,0.0,0.0,0.0,0.0,0.0,10.346806525133008,0.139925996626921,0.0413758620150948,0.0239739144518397,0.1358079830612211,1.913142709242612,1.4637517214059752,0.07592372521246382,0.0045029790294261185,0.0020285004358540984,0.0012268433710046003,0.03759846278779261,-0.012631672083960988,0.034389517407394266
江西省,景德镇市,Medium-sized City,0.0,0.0,16.0,0.0,1682833.0,0.0,-16.0,-16.0,0.0,-0.0950777646979825,0.0950777646979825,13.763436596481888,0.3576651313809306,0.2554770150905896,0.1673956351170886,5.024943644520858,36.47267758289566,5.498640334072851,0.051179159415456255,-0.004130340218773898,-0.0071761655927257695,-0.0054027733500708885,-0.10392032668184648,-10.50638538217499,-0.22109661706384465
江西省,萍乡市,Medium-sized City,0.0,420.0,0.0,0.0,1959216.5,0.0,420.0,420.0,0.0,2.1437140816239553,-2.1437140816239553,15.768318335172047,0.1957698354270858,0.1085458404552759,0.075865555737848,1.293168062899303,4.322074901432681,1.7235536142042234,1.8294480465143081,-0.00557962855944702,-0.0074848333748666895,-0.0071177961747627,-0.20299763887000766,-0.4595233391204845,-0.03783201119997881
江西省,赣州市,Type II Large City,700.0,552.0,55.0,0.0,8873919.5,700.0,497.0,1197.0,0.7888284314501613,0.5600681863296145,0.22876024512054682,0.0753871245682239,0.6977141432133318,0.9825175863714208,0.5881759497175361,48.92900893306829,,,0.0753871245682239,0.0009012656081192061,-0.00045858522472075336,-0.00394214380807556,-2.3853272544808135,,
江西省,鹰潭市,Small City,0.0,0.0,0.0,0.0,1193259.0,0.0,0.0,0.0,0.0,0.0,0.0,8.820234551458416,0.1601579328024661,0.0611313272353203,0.0401015707473279,1.0395772709464188,2.369130476464385,1.5299412259094147,0.1184929179082399,-0.001913507378380308,-0.003134342228064406,-0.0015978047700622028,0.15123387324475246,-0.08342348523577758,0.03156087872798441
河北省,保定市,Type II Large City,0.0,0.0,60.0,0.0,11837348.5,0.0,-60.0,-60.0,0.0,-0.050687026744207116,0.050687026744207116,9.64260523709384,0.3466424045044169,0.2341103731319652,0.161613418760807,7.777912988412318,44.64065350670263,3.994098514674011,-0.026811559810260732,-0.002539036552259011,-0.0034670894645200956,-0.0025435073392532925,0.02194808291185435,-18.05088861205646,-0.1381142721252191
河北省,唐山市,Type II Large City,0.0,416.0,0.0,0.0,7943649.0,0.0,416.0,416.0,0.0,0.5236887984350769,-0.5236887984350769,10.423612514524969,0.3510869802473135,0.224963019653214,0.1398226690625272,3.208183178756004,10.8330979328248,4.833390016965062,0.5364805496802241,0.0005234516138079015,0.0010363640081647862,0.0005855524046592953,-0.050104933135633356,0.29416344141961837,0.02971937646158551
河北省,廊坊市,Medium-sized City,0.0,0.0,90.0,0.0,4611226.5,0.0,-90.0,-90.0,0.0,-0.1951758387925642,0.1951758387925642,15.942664109294752,0.2915878666425279,0.1526869748234717,0.0878778072783017,0.1731764159457481,5.894199889896487,3.3330761223750907,-0.26876349196242266,0.0030130552789253695,0.002508112337445606,0.001246456543201907,-0.009875201267095596,0.015346607752510621,0.07957579897657974
河北省,张家口市,Type II Large City,0.0,0.0,0.0,0.0,4602586.5,0.0,0.0,0.0,0.0,0.0,0.0,1.624327294988044,0.6646624312019176,0.8459401400645845,0.5080732309379381,37.953416937058016,,,0.028371082657260516,-0.002327187649421525,-0.007499699547981797,-0.0038077941915992675,-0.4114934297523263,,
河北省,承德市,Medium-sized City,0.0,0.0,57.0,0.0,3675192.0,0.0,-57.0,-57.0,0.0,-0.15509393794936427,0.15509393794936427,3.0618145187541206,0.6428483068864379,0.8125419503169646,0.5131526575454635,42.07638925319648,,,0.002041557084622614,-0.0002379885456114117,-0.001727597325114849,-0.001704175087327231,-0.4549154686121071,,
河北省,沧州市,Medium-sized City,0.0,0.0,14.0,0.0,7561230.0,0.0,-14.0,-14.0,0.0,-0.0185155060750698,0.0185155060750698,12.551350421416451,0.4424399717907441,0.3353547502083885,0.199424290223836,5.1120262135408,27.201543175603323,7.168095504302839,0.000808794506083288,-0.0017900607309760952,-0.0032971019955979064,-0.00231190218857219,-0.08923522952432794,-2.1217985497617207,-0.18729041140133873
河北省,石家庄市,Type I Large City,0.0,201.0,0.0,0.0,10799355.5,0.0,201.0,201.0,0.0,0.1861222181268132,-0.1861222181268132,24.90316996304494,0.2548856437043904,0.1255915612180691,0.078298615374964,1.499654830189681,4.518594706329329,2.59331345258615,-0.14354318130633814,-0.019265111403789836,-0.024199515182103504,-0.017749108251890897,-0.48956661679491065,-1.7781709292866141,-0.26209723491609616
河北省,秦皇岛市,Type II Large City,0.0,530.0,0.0,0.0,3160112.0,0.0,530.0,530.0,0.0,1.6771557463786093,-1.6771557463786093,10.752422833562497,0.3557790889228724,0.2729660453455451,0.1886476721696312,8.5741857156539,68.37719484562682,7.833064057681138,1.7583567755231133,0.007018645063601225,0.009406253631677575,0.0066757866829291745,0.3532317778209553,20.3703990407153,0.5684688092982126
河北省,衡水市,Medium-sized City,0.0,591.0,0.0,0.0,4607504.5,0.0,591.0,591.0,0.0,1.2826900114801842,-1.2826900114801842,4.832507997621095,0.395645092256955,0.2829241573008064,0.1830680415164719,7.632414222887572,41.38636822862252,5.501255784117447,0.7871031882042203,0.009818000187721276,0.013876454270267014,0.009405139642631899,0.24288717112762281,12.72713968246142,0.7347081124507984
河北省,邢台市,Type II Large City,300.0,166.0,0.0,0.0,7530258.0,300.0,166.0,466.0,0.39839272439271,0.22044397416396624,0.17794875022874376,5.412399723416283,0.4904784290364473,0.4451059336640954,0.2905370075927593,15.473153448022888,,36.635046590942686,0.648045359434783,-0.014624616274725055,-0.026117646488301893,-0.015177548475181601,-1.0416242844691403,,-23.526993990095093
河北省,邯郸市,Type II Large City,0.0,0.0,0.0,0.0,9713963.0,0.0,0.0,0.0,0.0,0.0,0.0,8.614122369481604,0.4273956214393497,0.34382230250648,0.2305867663381609,10.436782133999529,,11.949264871634314,0.054645450529195116,0.0006274427403302196,-0.0006214472800266102,-0.0010431267219388196,-0.19252638779953557,,-0.43871545377452215
河南省,三门峡市,Small City,0.0,0.0,0.0,0.0,2375314.5,0.0,0.0,0.0,0.0,0.0,0.0,24.510248209703416,0.4095535529449142,0.342919340309374,0.2508731412936045,17.768741895990253,,59.267179467597046,0.05381424691094949,0.0024448350655306705,0.0034222363002472944,0.0017185840927168017,-0.37459710680289504,,27.08691532557014
河南省,信阳市,Medium-sized City,0.0,0.0,0.0,0.0,6453242.5,0.0,0.0,0.0,0.0,0.0,0.0,0.0,0.7541751802787208,1.2273537142184654,0.6845703129386018,63.32605841001311,,,0.0,-0.003703881701462408,-0.01341227309177051,-0.0031083925521889766,-0.09107060816356238,,
河南省,南阳市,Medium-sized City,0.0,406.0,0.0,0.0,10900781.0,0.0,406.0,406.0,0.0,0.3724503776380793,-0.3724503776380793,11.143841690487331,0.5504689387765814,0.5673746890333725,0.3738158770757087,23.789652728041705,,,0.6381691164440575,-0.0075357849784148945,-0.014616143707358975,-0.007326864735323624,-0.7401158250360034,,
河南省,周口市,Medium-sized City,0.0,0.0,0.0,0.0,9483830.0,0.0,0.0,0.0,0.0,0.0,0.0,4.937959909439087,0.4294444069507183,0.3304954802188267,0.2120337170735906,8.367326304081999,131.99348999666438,7.875357597456539,-0.007843644679093487,0.012212830781140882,0.012297759257276608,0.003681715320145579,-0.48383567648392223,-26.211080554892447,0.15840172978463052
河南省,商丘市,Medium-sized City,0.0,10.0,0.0,0.0,7779954.0,0.0,10.0,10.0,0.0,0.012853546434850385,-0.012853546434850385,4.178062239000874,0.3953092737372764,0.3148794002429386,0.2276045227200948,15.729916950504924,,9.7981240718141,0.04250727916001029,-0.0027844973455442568,-0.004890259278553688,-0.00397774521880212,-0.3917435388760868,,-1.753791439596636
河南省,安阳市,Medium-sized City,0.0,0.0,0.0,0.0,5497804.0,0.0,0.0,0.0,0.0,0.0,0.0,13.084424590041442,0.215918075736089,0.0827934892666261,0.0469195290465254,0.1936661466742136,2.974939088724484,2.0692850219577967,-0.02411764624762469,-0.0038487516876359873,-0.004275718387390201,-0.0029451817163066996,-0.0018431123405966976,-0.07943741008114591,-0.001994616571164176
河南省,平顶山市,Medium-sized City,0.0,0.0,0.0,0.0,5195939.5,0.0,0.0,0.0,0.0,0.0,0.0,10.815809392054147,0.2709184340695917,0.1314898342043512,0.0792559194065147,0.857881446943891,4.272726182334615,2.4741230407710013,-0.10072262083802919,0.0030225044277391033,0.0030194359337027965,0.0018070270904047003,-0.06974328619638304,0.09032594013799056,0.023411806661248313
河南省,开封市,Type II Large City,0.0,0.0,0.0,0.0,4846373.0,0.0,0.0,0.0,0.0,0.0,0.0,10.603607326832092,0.4613243204130541,0.3630302370404022,0.2157998904147247,6.887397176796744,60.70082345175374,7.136113615031655,0.4454284173339218,-0.0029735319987596043,-0.008548118858263176,-0.0102421300910569,-1.8711303898169955,-183.8193849668955,-0.5871743830677438
河南省,新乡市,Type II Large City,0.0,120.0,291.0,0.0,6041821.0,0.0,-171.0,-171.0,0.0,-0.28302725287624375,0.28302725287624375,18.634378724580973,0.3109089987126848,0.1736307301825421,0.104818146998586,2.157640024691248,5.390279136128468,2.590844124078341,-0.41391076413966843,0.004111246466414309,0.0023812813275201072,-0.0004116260890230927,-0.25689373065466414,-0.010035888164710016,-0.0024672198538651102
河南省,洛阳市,Type II Large City,0.0,152.0,0.0,0.0,6968616.5,0.0,152.0,152.0,0.0,0.21812077045709144,-0.21812077045709144,14.280415781100409,0.3152243837433631,0.2287735570027021,0.1690038352574765,10.130037294629004,,4.387901605771416,0.1441633778411333,-0.002640956377973125,-0.005091925086201099,-0.0041200443235291095,-0.33844164474591487,,-0.23192174292197265
河南省,漯河市,Medium-sized City,1200.0,174.0,0.0,0.0,2707155.0,1200.0,174.0,1374.0,4.432697795286934,0.6427411803166053,3.789956614970329,14.13434394170425,0.1630400191678472,0.0407392020348212,0.0203872048694158,0.0,2.1994650092198422,1.745169804490431,2.179633806925546,-0.024509621064635,-0.013190541008729503,-0.0066027724832762,0.0,-0.2887998212087668,-0.1630151334273755
河南省,濮阳市,Medium-sized City,0.0,0.0,0.0,0.0,3803252.5,0.0,0.0,0.0,0.0,0.0,0.0,11.133462116578537,0.2337648496711535,0.112404484522607,0.0741002258704807,2.536017121083236,3.78106113845252,2.327782423644449,-0.0010849154436591846,-0.0012762094423149073,-0.0019557303836457984,-0.0016889063899793028,-0.08967908524707546,-0.1073147223487938,0.004880049396472685
河南省,焦作市,Medium-sized City,0.0,0.0,0.0,0.0,3743333.5,0.0,0.0,0.0,0.0,0.0,0.0,14.627065304005423,0.2940950271852006,0.1378472305043694,0.0671748700363393,0.0599006902587336,4.0624032398097,2.758849306256548,0.06518927815734266,-0.00022370088707068803,0.0002525120821293969,-4.833314328349381e-05,0.009108951632646196,-0.0480174043401842,0.01732358189415839
河南省,许昌市,Medium-sized City,0.0,0.0,0.0,0.0,4532755.5,0.0,0.0,0.0,0.0,0.0,0.0,14.662209126146994,0.2857594270437239,0.13628441025173,0.074543339304877,0.0937505648620325,4.588336272021623,2.6228267746425407,0.5983355714426182,-0.012226932178371674,-0.011293306219483101,-0.006066025423387494,0.0031125549680270925,-0.6649961853364275,-0.15099303021936228
河南省,郑州市,Super City,1600.0,704.0,0.0,0.0,9285568.0,1600.0,704.0,2304.0,1.7231040685933265,0.7581657901810638,0.9649382784122628,52.71205943485476,0.1966710501578746,0.0788395795181511,0.0451920106268665,0.007132175016475,3.22373028209785,1.9707504102041296,1.9508700510303782,0.0015272530335458945,0.001421493928474099,0.0009249318354649996,-0.00013448801326629983,0.0648005449257325,0.015763791651622006
河南省,驻马店市,Small City,0.0,0.0,0.0,0.0,7653655.0,0.0,0.0,0.0,0.0,0.0,0.0,8.014887809753418,0.4841270717324888,0.4465461553902496,0.2999809069600332,17.232225337757708,,85.08021740063785,0.6467828908294599,-0.00410598198232659,-0.0033669047851986877,-0.0013575971646612728,-0.4210709307308491,,-11.756541533250385
河南省,鹤壁市,Medium-sized City,0.0,0.0,0.0,0.0,1671645.0,0.0,0.0,0.0,0.0,0.0,0.0,15.69869776356519,0.202556909643416,0.063509119203099,0.0320029789873759,0.004719785160159,2.5531697746151742,2.0517991320024422,0.16868052542071155,-0.00029625196938271037,-0.00024243331024820236,4.9469598391201075e-05,0.004719785160159,-0.003947025671490856,0.009884039461963035
浙江省,丽水市,Small City,0.0,277.0,0.0,0.0,2248873.0,0.0,277.0,277.0,0.0,1.2317280700155144,-1.2317280700155144,21.635265298054136,0.4712522134994943,0.4455104304233658,0.3104442959360535,19.77924887938689,,1707.4954992024354,0.9245161053827928,-0.004614783863955196,-0.007303324609334194,-0.004830497499713204,-0.7105480200884315,,
浙江省,台州市,Type II Large City,0.0,100.0,0.0,0.0,6279589.0,0.0,100.0,100.0,0.0,0.15924609078715182,-0.15924609078715182,14.32741617772182,0.1986746055776396,0.0745075333897648,0.043258611666871,0.3419320641090008,3.029794144121104,1.9509071234437203,-0.009672755476527684,-0.004486814342849282,-0.0025619721998133976,-0.0012169881994368026,0.011841873145440995,-0.06848478213946096,-0.035984267990072594
浙江省,嘉兴市,Medium-sized City,0.0,0.0,0.0,0.0,4751306.0,0.0,0.0,0.0,0.0,0.0,0.0,15.612869149760195,0.3489697845162967,0.1912399777563381,0.0972234400125334,0.0,5.836660522489543,3.927331029061977,-0.004215271397642439,0.008067878433779763,0.008958174220811715,0.0044377936574614,-0.0732612618383203,0.408453106991872,0.17770347609779602
浙江省,宁波市,Type I Large City,0.0,68.0,0.0,0.0,7988580.5,0.0,68.0,68.0,0.0,0.08512150562919156,-0.08512150562919156,19.69557099718276,0.2555011020148323,0.1274515147883123,0.0802563740730905,1.2736480671232822,4.124940822755431,2.5401303220505254,0.23279544183054668,-0.0067442190221636,-0.006112745816712811,-0.003931210390707096,-0.3023847204313963,-0.44052164132260074,-0.11801436684615085
浙江省,杭州市,Super City,0.0,898.0,13.0,0.0,9218514.5,0.0,885.0,885.0,0.0,0.9600245245587019,-0.9600245245587019,45.93431610300128,0.2436080672413731,0.1650521385126943,0.1234774876120032,5.397865656911885,19.542666144672065,2.243505300283538,0.9555260221323465,0.0021136818548408987,0.0023042618656141933,0.0017200023800230946,0.0667818185931992,0.662766290117176,0.0021363703283343582
浙江省,温州市,Type II Large City,0.0,200.0,0.0,0.0,9631221.0,0.0,200.0,200.0,0.0,0.20765799061198992,-0.20765799061198992,18.6870200262477,0.2097289741203469,0.1151881415525321,0.0836924367654681,3.5134696224175137,3.86877864671632,1.9743601340950616,0.12172830117738087,-0.002574157136080696,-0.003010790952527001,-0.002625692799665194,-0.22298614773886838,-0.23977729160085248,-0.01039080615434762
浙江省,湖州市,Medium-sized City,0.0,50.0,0.0,0.0,3065506.0,0.0,50.0,50.0,0.0,0.16310521003710315,-0.16310521003710315,21.74493464767762,0.2794315174169994,0.1304942796103599,0.0738866317580171,0.8094868904447045,4.250994032877357,2.6878201705998053,3.2476936989804734,-0.004587643978228806,-0.0018451906419399144,0.0007030306378452977,0.06337053221089406,0.14999411919624084,0.17262094587454557
浙江省,绍兴市,Type II Large City,911.0,0.0,0.0,0.0,5243623.5,911.0,0.0,911.0,1.7373482287582243,0.0,1.7373482287582243,22.52775245287284,0.2842401204356498,0.1342186808283362,0.0731146236800337,0.0073152805924462,4.80039091985288,2.992302125597744,0.899258885890756,-0.003833552949561503,-0.0038718823858862883,-0.002236829506958707,-0.0057623272782500005,-0.1662774221764911,-0.047757168889908996
浙江省,舟山市,Medium-sized City,0.0,120.0,90.0,0.0,994636.0,0.0,30.0,30.0,0.0,0.3016178782991969,-0.3016178782991969,15.76485976712666,0.2785076774939408,0.1617865177481144,0.1051114661356391,2.3956888919433537,8.388214904679376,2.8683893049795204,0.30330062672167024,-0.0020591889969724386,0.001564912209666286,0.0017147196071344017,0.028581749514855925,1.0026062054405216,0.07657202843663535
浙江省,衢州市,Medium-sized City,0.0,0.0,0.0,0.0,2248994.5,0.0,0.0,0.0,0.0,0.0,0.0,11.61764736600968,0.2772196536801131,0.1482484362148263,0.0953064588114886,2.9096969613513672,5.823585209322853,2.878624330208382,-0.38467851805147113,-0.005862307864524907,-0.007293608540992702,-0.005602508837689604,-0.43040464282674185,-0.5381115122637992,-0.13109934607784757
浙江省,金华市,Medium-sized City,0.0,104.0,175.0,0.0,5686271.5,0.0,-71.0,-71.0,0.0,-0.124862135056337,0.124862135056337,20.31685361121985,0.1937514410430588,0.0809939177383009,0.0506082213175173,0.5556369482584831,2.7010638844276915,1.794473830556053,-0.024809228653449367,0.0005297449418130984,4.2614830748008425e-05,-0.0004485846448697012,-0.1462320909999505,0.030469877681894353,-0.011895598205016622
海南省,三亚市,Medium-sized City,0.0,0.0,0.0,0.0,697024.0,0.0,0.0,0.0,0.0,0.0,0.0,35.755305563506056,0.0855515037236903,0.0174953915655885,0.0096870698558901,0.0375454450353314,1.516805313065925,1.3181724473066767,-0.17558136469939,-0.00019845977980090246,-0.000100884266415701,-6.936066330020044e-05,-0.0022404293992997967,-6.335038677507399e-05,-0.0025230554693755902
海南省,儋州市,Small City,500.0,30.0,0.0,0.0,971160.0,500.0,30.0,530.0,5.148482227439351,0.308908933646361,4.8395732937929905,17.6929509224148,0.2003345587799763,0.0741846311215627,0.0421342551386956,0.2252877819954942,2.963157555926256,1.9707136062200048,3.866023895589162,-0.0586724625411022,-0.05319090827042619,-0.036922834067709,-1.557382306540214,-1.410318204299692,-0.6789018598733789
海南省,文昌市,Small City,0.0,0.0,0.0,0.0,557258.0,0.0,0.0,0.0,0.0,0.0,0.0,15.62148652757917,0.3738372887741253,0.2374190397583418,0.1345999053367249,0.5059052153772239,11.093232821099347,5.404313560450268,3.2521206931010482,-0.023332121320098098,-0.03164000910018447,-0.02001098383356431,-0.6298868752131077,-3.184942663862751,-1.2773169568805525
海南省,海口市,Type II Large City,600.0,350.0,0.0,0.0,2158222.0,600.0,350.0,950.0,2.7800661841089567,1.6217052740635578,1.1583609100453989,52.448464359329165,0.0710751896455919,0.0145696260948713,0.0080109601364319,0.0,1.427164999445054,1.1655001520171016,2.4240572907202846,-0.009071932760967502,-0.002902643885274201,-0.0016502875215225997,0.0,-0.07074518026204091,-0.04296604780466695
海南省,琼海市,Small City,0.0,0.0,0.0,0.0,507252.0,0.0,0.0,0.0,0.0,0.0,0.0,11.398916744342571,0.2145913521065657,0.0758725457747584,0.0369997093279438,0.000393916355801,2.3154277779377512,1.8933020955378088,0.04513340550031586,-0.009927394935196898,-0.012080705662158409,-0.0096137236417599,-0.2580998738735284,-0.4822440840904325,0.09027183879815448
湖北省,仙桃市,Small City,0.0,458.0,0.0,0.0,1250131.5,0.0,458.0,458.0,0.0,3.663614587745369,-3.663614587745369,15.959868029625184,0.2556362987532563,0.1055694702552209,0.0545792366769104,0.0,3.7235133924372663,2.314358232817969,0.9123778983677919,-0.01763694064363791,-0.015678818834266597,-0.008156880986394797,0.0,-0.5714794702555617,-0.22355633533593222
湖北省,十堰市,Type II Large City,0.0,400.0,100.0,0.0,3536782.5,0.0,300.0,300.0,0.0,0.8482285806379104,-0.8482285806379104,8.419701637424584,0.5954874162352448,0.7318437815732994,0.4798059362447876,37.15306572064489,,,1.0390553887349654,-0.004364016201382048,-0.014394649480123256,-0.008774831912013392,-1.0647159881822787,,
湖北省,咸宁市,Small City,0.0,0.0,0.0,0.0,2606675.0,0.0,0.0,0.0,0.0,0.0,0.0,5.141706898915682,0.5480665796375892,0.5442120441658588,0.3380777409993927,21.12895073553165,,,-0.0345439542629542,-0.0017390609892548037,-0.00448327684501737,-0.002989806475275303,-0.0034890885522358417,,
湖北省,天门市,Small City,1200.0,0.0,1437.0,0.0,1497211.0,1200.0,-1437.0,-237.0,8.014902375149529,-9.59784559424156,17.612747969391087,16.16744367636849,0.1274818233141859,0.0264717900305932,0.0135599299300621,0.0,1.8035857859749915,1.504820441884703,-0.15711541850909327,0.0012954517186447023,0.0006371263215357997,0.0003239868739299996,0.0,0.02198634219354645,0.015954416394831306
湖北省,孝感市,Medium-sized City,0.0,0.0,0.0,0.0,5113720.0,0.0,0.0,0.0,0.0,0.0,0.0,8.042055130004883,0.5005068146447146,0.4296022675998387,0.2510070984574766,5.704314358985976,93.91992399035436,12.278113125384992,0.831095703104709,0.003841406473367781,0.006880596269379424,0.0015979723401390866,-2.2246670014507135,-35.579566452014745,2.4068946973926533
湖北省,宜昌市,Type II Large City,500.0,140.0,0.0,0.0,4300703.5,500.0,140.0,640.0,1.1626004908266752,0.325528137431469,0.8370723533952061,26.127878212067017,0.444033438625744,0.4301334185743584,0.3200180705790347,25.96662596662597,,,1.572077043794252,0.002441071011726692,0.0016780143645612755,-0.0003733077556912767,-0.5071705811312519,,
湖北省,恩施土家族苗族自治州,Small City,0.0,0.0,0.0,0.0,3479370.0,0.0,0.0,0.0,0.0,0.0,0.0,5.604189078156039,0.6511639294530477,0.8154545581820734,0.5095551288687158,42.18798315571148,,,1.1243988674321619,-0.011944388785497417,-0.034293768202557806,-0.015510515510703926,-1.5008704796893895,,
湖北省,武汉市,Super City,504.0,1112.0,46.0,0.0,10368861.5,504.0,1066.0,1570.0,0.486070722422129,1.0280781549642648,-0.5420074325421358,55.68187832812707,0.1185818786999532,0.0408072417891149,0.0243995378856231,0.0009346643596195,1.946913931781754,1.3395999566974532,0.9762009462575563,8.83521687665978e-05,0.000348746768495202,0.0003106937696922031,-5.9576188290000115e-05,0.006238776284188896,-0.0036186496019858794
湖北省,潜江市,Small City,0.0,0.0,0.0,0.0,997793.0,0.0,0.0,0.0,0.0,0.0,0.0,22.06430439748789,0.2531859209072474,0.1132251234665133,0.0631499887947224,0.0,4.791528195429963,2.475897527766139,0.617155120754493,0.014027497885172102,0.016893625387102,0.0111373542442725,0.0,1.1658993292337616,0.3063169170524054
湖北省,荆州市,Medium-sized City,0.0,663.0,0.0,0.0,6033053.0,0.0,663.0,663.0,0.0,1.0989460891525402,-1.0989460891525402,9.525868122292096,0.4919982310592283,0.4097794533545291,0.2343948410296412,6.130489416861458,40.08187414832062,8.203397486110694,-0.36228466600595155,0.005319759343118791,0.007604266356858402,-9.315697192241457e-05,-0.957593931751016,-11.34273221883904,-0.28862373742246383
湖北省,荆门市,Medium-sized City,0.0,0.0,0.0,0.0,3046503.5,0.0,0.0,0.0,0.0,0.0,0.0,26.77804382488518,0.3511602969190126,0.2138147646121208,0.1298848046400502,3.758840013183159,7.297892191418789,4.04441785507451,-0.7502678126255553,0.0057233907262376205,0.005467747975577197,0.0032405717251721977,0.2578599437799203,-0.15889687698334232,0.09590669196039103
湖北省,襄阳市,Type II Large City,1460.0,0.0,0.0,0.0,5823210.0,1460.0,0.0,1460.0,2.5072082236429734,0.0,2.5072082236429734,17.174351889936876,0.3803605825406181,0.2861202041372681,0.2007714923140875,10.831234472964626,,6.440003647210216,2.1109987217195805,0.006629201599873513,0.004164885650839001,-0.0021350985123549937,-2.1958262038591716,,0.25693254561177703
湖北省,鄂州市,Small City,0.0,0.0,0.0,0.0,1095286.5,0.0,0.0,0.0,0.0,0.0,0.0,40.19759382684547,0.1519394077027657,0.0479300999023112,0.0280916927610226,0.0918555924275234,2.0714462185637585,1.5575456418017406,0.5601286192794106,-0.00015478650908840041,-0.00010803096426429543,-6.703840066740047e-05,0.0029392478122624993,0.0017960323855708005,0.005401610483307451
湖北省,随州市,Small City,0.0,0.0,0.0,0.0,2297439.5,0.0,0.0,0.0,0.0,0.0,0.0,12.65499057321467,0.4041441464580356,0.3354485297113095,0.2371398930784708,14.164670865713004,,15.82055223488682,-0.009854949866657137,-0.0008247460597973211,-0.001975272851188703,-0.0017636725180902035,-0.23574769817026464,,-0.7738121252499415
湖北省,黄冈市,Small City,0.0,0.0,0.0,0.0,6552903.0,0.0,0.0,0.0,0.0,0.0,0.0,4.491556167602539,0.6222398396398685,0.7142445432992711,0.4385412115313438,30.27475495176784,,,-0.2939958669701399,0.003838281231266505,0.009748723778691182,0.00547438704150921,0.5499185242885432,,
湖北省,黄石市,Medium-sized City,0.0,122.0,0.0,0.0,2589874.5,0.0,122.0,122.0,0.0,0.4710652967933388,-0.4710652967933388,20.456046267499868,0.3114021337950629,0.1945904519847899,0.1265586989311696,2.293373797904462,11.82799052586142,3.9208101823113486,0.6739287448534519,-0.00376562562004773,-0.0051642951298287165,-0.005759221762686978,-1.1607944840907352,-0.12559682105031555,-0.049831816970804965
湖南省,娄底市,Medium-sized City,3000.0,212.0,0.0,0.0,4018871.0,3000.0,212.0,3212.0,7.464783019907829,0.52751133340682,6.937271686501009,11.553777771364071,0.4102591460227303,0.3469865306708948,0.2471928788455654,14.346065093920746,,29.13065063995775,7.698058940630595,-0.07444159149379753,-0.0739300348206881,-0.022598646440203207,0.6307037816627563,,5.3797041431644
湖南省,岳阳市,Type II Large City,1200.0,0.0,0.0,0.0,5802898.5,1200.0,0.0,1200.0,2.067932086008397,0.0,2.067932086008397,11.717575917231398,0.3902776534830042,0.2735285151196342,0.175913803215938,7.161859100154652,35.97446629396713,5.316153077504251,2.5880885967872,-0.09630500280741722,-0.16338713480396616,-0.11138936170722732,-8.17424791805475,,-35.71821597441155
湖南省,常德市,Medium-sized City,1200.0,0.0,0.0,0.0,6042979.5,1200.0,0.0,1200.0,1.985775394406021,0.0,1.985775394406021,8.847362273778671,0.3478260171386138,0.2439342552643989,0.172984341150201,10.225852090967734,,4.798900735016645,2.3100395888785865,-0.04732654133255543,-0.04541595036990417,-0.0242123585741591,-1.2249806138939938,,-0.2381586012806256
湖南省,张家界市,Small City,0.0,0.0,0.0,0.0,1568007.5,0.0,0.0,0.0,0.0,0.0,0.0,18.056873580555852,0.4367050274402491,0.3795481904266161,0.2652584687537784,16.91680408613716,,22.812087302842844,4.522276989073896,-0.08836102576175342,-0.1654994165616412,-0.10925909543291551,-11.386010077685253,,
湖南省,怀化市,Medium-sized City,0.0,158.0,0.0,0.0,4992623.0,0.0,158.0,158.0,0.0,0.3164669152868142,-0.3164669152868142,9.601196096561573,0.5723320111084401,0.6165578132245404,0.4020191254160074,27.993714674058783,,,0.7158349953520702,-0.013630370029933725,-0.030188089085830594,-0.017741686771507836,-2.7483751738024758,,
湖南省,株洲市,Type II Large City,1000.0,1159.0,0.0,0.0,4093964.5,1000.0,1159.0,2159.0,2.442620105767893,2.830996702584988,-0.3883765968170949,11.899976199409265,0.5426645746856473,0.5609931590089604,0.3684570114017897,24.014684930811384,,,4.063105236205769,-0.027946389358807888,-0.05455981438045365,-0.02279818956609131,0.13156760325341565,,
湖南省,永州市,Medium-sized City,0.0,0.0,0.0,0.0,5512159.5,0.0,0.0,0.0,0.0,0.0,0.0,6.297437729860651,0.5505954872686223,0.6039602543242091,0.4185255693001755,35.99826952744397,,,0.4153297248194292,-0.015321507469635787,-0.02641537203921762,-0.012146970040590732,-0.9490520420259401,,
湖南省,湘潭市,Medium-sized City,0.0,0.0,0.0,0.0,2906888.5,0.0,0.0,0.0,0.0,0.0,0.0,21.6468623407164,0.3448615313010432,0.1926310852044626,0.1033556423081453,0.1454851009171917,6.857354850255677,4.177708916566889,3.9907375608234616,-0.03632764119257209,-0.048979133067529296,-0.02843085424658469,-0.014462481197616422,-2.653200846631507,-1.3684037514853156
湖南省,湘西土家族苗族自治州,Small City,0.0,0.0,0.0,0.0,2716180.0,0.0,0.0,0.0,0.0,0.0,0.0,7.595762948169287,0.6002628729407729,0.6975013365611566,0.4555453787278626,35.48744907675237,,,0.9575138423595622,-0.015583757521529407,-0.03703407604053088,-0.018390425856703807,-2.54570370266854,,
湖南省,益阳市,Medium-sized City,0.0,0.0,0.0,0.0,4585904.0,0.0,0.0,0.0,0.0,0.0,0.0,2.7187645924967674,0.6450901193623885,0.7658195788589703,0.4554377642354832,31.65178357516542,,,0.20351535950866717,-0.0031228773918933195,-0.012367659833796396,-0.007461415563206064,-1.8049068765526108,,
湖南省,衡阳市,Type II Large City,900.0,500.0,0.0,0.0,7571139.0,900.0,500.0,1400.0,1.188724708395923,0.6604026157755128,0.5283220926204101,14.246843182614873,0.3629379898220874,0.2538631639377781,0.173385263688871,8.439652396197832,58.289787520438935,5.631254041924244,1.9562403403188142,-0.042204953818908986,-0.06828898999650473,-0.052451239663830196,-4.165770758238288,,-5.047710509087093
湖南省,邵阳市,Medium-sized City,1010.0,0.0,0.0,0.0,7498942.5,1010.0,0.0,1010.0,1.346856573443522,0.0,1.346856573443522,7.923612766628024,0.5064555367357961,0.480453565614319,0.3107835714124761,16.435989915843248,,39.52244052523845,1.8273071422160996,-0.04387139924113581,-0.12478803510598174,-0.10303685400193541,-16.537114024053114,,
湖南省,郴州市,Medium-sized City,0.0,0.0,0.0,0.0,4862339.5,0.0,0.0,0.0,0.0,0.0,0.0,10.465252453172711,0.5215016649291393,0.5180531949801839,0.3507342025334057,24.1303439878397,,,-0.05795807233998396,0.000845985825254969,-0.0032878720324852617,-0.004552847259038484,-0.85787928248401,,
湖南省,长沙市,Super City,6165.0,1459.0,201.0,0.0,7480729.5,6165.0,1258.0,7423.0,8.241174874723114,1.681654175572048,6.559520699151067,56.2236190464834,0.2223707137389252,0.1059215696711643,0.0650012806602153,0.6743105266356398,4.251674625343177,2.2250557533233395,10.651000734154081,-0.011181211155619208,-0.0195271181081096,-0.01769037545455361,-0.5017832461922672,-0.32932488434561424,-0.1022860955622873
甘肃省,临夏回族自治州,Small City,0.0,0.0,0.0,0.0,2060795.5,0.0,0.0,0.0,0.0,0.0,0.0,9.156342047016794,0.3442193721277417,0.2291781113936667,0.1351205525534923,5.039840000155114,6.642677278732154,2.80508838107434,-0.24661239944248514,-0.0171251940721312,-0.035293874026320476,-0.036782281772106296,-3.9094937425200866,-34.46583580064168,-0.5146213321483182
甘肃省,兰州市,Type II Large City,0.0,961.0,0.0,0.0,3838922.5,0.0,961.0,961.0,0.0,2.5033065918887396,-2.5033065918887396,62.755348609897865,0.2186139006381038,0.1500704178452568,0.1135223961126928,4.465437150080613,16.831709123175035,1.848355830617553,3.7278123938948156,0.002864752898925599,-0.0029627530473149977,-0.003131175777394496,-0.2539797086638851,-2.962030905976743,-0.03928992031256073
甘肃省,嘉峪关市,Small City,0.0,0.0,0.0,0.0,246013.0,0.0,0.0,0.0,0.0,0.0,0.0,70.91429675599194,0.0232379684130984,0.0015690507132204,0.0008201260003132,0.0,1.094148458538461,1.0523538709813292,19.469656387884413,0.001246654536604299,-3.668740227889995e-05,-3.195994489530005e-05,0.0,0.009184918454085533,0.00930382328148971
甘肃省,天水市,Medium-sized City,1100.0,638.0,0.0,0.0,3451204.5,1100.0,638.0,1738.0,3.1872930161049573,1.848629949340875,1.3386630667640822,16.52373034378578,0.4455829783943418,0.3862464901985896,0.2655703993261467,15.420918747592308,,34.38443544078373,4.943050191650544,-0.009512817184391509,-0.013512099063736793,-0.0082325090347381,-1.276960426355343,,-3.180793045598712
甘肃省,定西市,Small City,0.0,0.0,0.0,0.0,2862193.0,0.0,0.0,0.0,0.0,0.0,0.0,0.0,0.7315250572124272,1.0586452529946206,0.5986550020722177,51.81877123441821,,,0.0,-0.004654731801348011,-0.016408671267725383,-0.008040945343168793,-0.9758845743689974,,
甘肃省,平凉市,Small City,0.0,0.0,14.0,0.0,2195714.5,0.0,-14.0,-14.0,0.0,-0.06376056632135008,0.06376056632135008,0.3750602159730709,0.6496192541173869,0.858679898248113,0.5473490188420005,49.423142093591856,,,0.17607356271050187,-0.009147997522220397,-0.016306526170633218,-0.0045234395158337826,-0.2464966841126639,,
甘肃省,庆阳市,Small City,1000.0,0.0,0.0,0.0,2338227.5,1000.0,0.0,1000.0,4.276743815561146,0.0,4.276743815561146,7.416330870460062,0.6026369852122608,0.7255883597451277,0.4798885436451117,40.60942171350474,,,1.94844516890738,0.00018702667887837698,-0.002263286860172853,-0.0029328338831884904,-0.8985941576417673,,
甘肃省,张掖市,Small City,0.0,0.0,0.0,0.0,1273369.5,0.0,0.0,0.0,0.0,0.0,0.0,15.83510209646716,0.4359578250841149,0.4000932237856979,0.2888604272077507,21.280392069167632,,,0.1700047692614408,-0.0066183188941167925,-0.01100657994580978,-0.00762073853477202,-0.782141826939327,,
甘肃省,武威市,Small City,1110.0,300.0,0.0,0.0,1924563.0,1110.0,300.0,1410.0,5.767543073414588,1.558795425247186,4.208747648167402,34.91500797978154,0.4435254332153717,0.4559016685045358,0.3451494874261774,30.25190326217164,,,8.254650875691382,-0.008656765621510909,-0.012246953303457042,-0.0070756457269550155,-0.5914963031710414,,
甘肃省,白银市,Small City,824.0,0.0,0.0,0.0,1808304.5,824.0,0.0,824.0,4.5567546837382755,0.0,4.5567546837382755,7.740121846670632,0.6091796140353306,0.6994130388003115,0.4505617724455674,36.41215231427813,,,2.668342629480419,0.00176847185671003,-0.0017964600718209933,-0.003407543423168735,-0.4214285331169876,,
甘肃省,酒泉市,Small City,1500.0,0.0,0.0,0.0,1162590.5,1500.0,0.0,1500.0,12.902221375454213,0.0,12.902221375454213,2.129347231867283,0.6276702419277673,0.8413754503594417,0.540663702345044,47.24346131773648,,,0.417906799795597,-0.01383187645187478,-0.022422946093152873,-0.005661793578501606,-0.07458016574806692,,
甘肃省,金昌市,Small City,0.0,0.0,0.0,0.0,491760.5,0.0,0.0,0.0,0.0,0.0,0.0,24.34676948965412,0.2271229497180495,0.11164917386783,0.076997760850255,3.66012274925822,3.267936646185455,1.7495857321917954,1.3575615905369887,0.01834802894435489,0.004440108205652202,-0.0017022386217685898,-0.6767422308724522,-0.06259316268194093,0.07683993902604258
甘肃省,陇南市,Small City,0.0,0.0,0.0,0.0,2724062.5,0.0,0.0,0.0,0.0,0.0,0.0,0.0,0.7458877005363487,1.1478627292314836,0.6490755997311004,58.16262134409267,,,0.0,-0.02709609652585543,-0.10120265281803587,-0.030028869336340858,-2.7583191990621074,,
福建省,三明市,Small City,0.0,0.0,0.0,0.0,2656987.5,0.0,0.0,0.0,0.0,0.0,0.0,4.688616692662581,0.6183698903655018,0.7366641113485541,0.4740345895482774,38.50596709319734,,,0.021960369591948137,-0.0019310817390486568,-0.0038823667615212054,-0.0014020869326021312,0.03577188337871462,,
福建省,南平市,Small City,0.0,0.0,0.0,0.0,2805033.0,0.0,0.0,0.0,0.0,0.0,0.0,0.0,0.7722568692538471,1.243725273279858,0.6827623520668636,63.5372180547523,,,0.0,-0.004568193795619235,-0.01769289585828826,-0.004355132830724973,-0.17044990833505125,,
福建省,厦门市,Type I Large City,1985.0,0.0,0.0,0.0,3663973.0,1985.0,0.0,1985.0,5.417616341605137,0.0,5.417616341605137,25.60978316845149,0.0454541266601965,0.0061067414213451,0.0035499532677227,0.0124878257332098,1.1873281011033,1.101104216860548,3.230726078963773,-0.0040106000409251,-0.0004722598095035996,-0.00023663966543820006,0.003991426184966999,-0.028063731217578214,-0.01361654982326832
福建省,宁德市,Small City,0.0,425.0,0.0,0.0,2886622.5,0.0,425.0,425.0,0.0,1.4723089008001566,-1.4723089008001566,7.4348355572847264,0.5437585749159526,0.5763103939781165,0.3862708457599333,27.89949563760084,,,0.2614986758497375,0.007291243834667727,0.010612343349771014,0.003841398673674723,-0.03474889639192824,,
福建省,泉州市,Type II Large City,0.0,0.0,0.0,0.0,8663464.0,0.0,0.0,0.0,0.0,0.0,0.0,11.830311223954382,0.306866145310718,0.2017796435654407,0.1452499965625229,6.963695090975593,55.43383561147757,2.987738706684137,0.698671837871828,0.016935371366025964,0.014508325469304612,0.007410863396255518,-0.08465621606819518,4.974422487941922,0.4755036575509042
福建省,漳州市,Medium-sized City,0.0,0.0,0.0,0.0,5054540.0,0.0,0.0,0.0,0.0,0.0,0.0,3.88304949325064,0.5673843118636506,0.6346927129171127,0.4178525973074116,29.94599170097577,,,-0.01788601042690008,0.005639830392226375,0.010437686598477214,0.0047635040754024915,0.31015795826997206,,
福建省,福州市,Type I Large City,0.0,1641.0,56.0,0.0,7422864.0,0.0,1585.0,1585.0,0.0,2.135294409273833,-2.135294409273833,36.76273157774444,0.2523380931035019,0.1513230397743706,0.1029306538032017,2.6996022909141253,8.748201411870939,2.684904749160639,2.8859201782846,0.0013702485435608258,0.0009702720723760994,0.00028886631537979046,0.11763293834484267,-0.2629931008630404,0.1318610919319938
福建省,莆田市,Type II Large City,0.0,0.0,0.0,0.0,2917537.5,0.0,0.0,0.0,0.0,0.0,0.0,10.803747996582846,0.2294639286921523,0.0943859504511139,0.054026216261517,0.8335756518367743,2.890071817644019,1.8945906651429665,0.22444284245993984,0.015513929134390897,0.012083828807370009,0.007201196999468397,0.1929009367754646,0.2163604622078692,0.07360051805503653
福建省,龙岩市,Medium-sized City,0.0,0.0,228.0,0.0,2715703.5,0.0,-228.0,-228.0,0.0,-0.8395614616985986,0.8395614616985986,6.430504419122424,0.5832274714064458,0.6850800389306837,0.4597555299204451,38.35347962774578,,,-0.3966860298701995,-0.006164255280890929,-0.011348987407720279,-0.004343070334975496,-0.10283966794976607,,
西藏自治区,山南市,Small City,0.0,0.0,232.0,0.0,1169005.0,0.0,-232.0,-232.0,0.0,-1.9845937356983077,1.9845937356983077,0.0,0.8811879382114118,1.969687925960544,0.8547798363392202,84.57226490287383,,,0.0,-0.0053614320189102616,-0.03247141875095427,-0.0032578944299183066,-0.11613272772498817,,
西藏自治区,拉萨市,Medium-sized City,0.0,227.0,138.0,0.0,593924.0,0.0,89.0,89.0,0.0,1.4985082266417924,-1.4985082266417924,47.31579577624552,0.3355458376075969,0.3176329086443698,0.2515066135789963,20.96765783812604,,,2.484747459909393,0.0054496907442024844,0.0015144908992032469,1.8382798146365786e-05,-0.28351568483624234,,
西藏自治区,日喀则市,Small City,0.0,3.0,0.0,0.0,747396.0,0.0,3.0,3.0,0.0,0.04013936387136137,-0.04013936387136137,0.0,0.7663306398244,1.271407173189781,0.698780542950979,66.02263037324346,,,0.0,-0.011003345718404445,-0.05398696210973197,-0.017275076965292735,-2.2239668402353487,,
西藏自治区,昌都市,Small City,0.0,0.0,0.0,0.0,694993.5,0.0,0.0,0.0,0.0,0.0,0.0,0.0,0.8605083529879975,1.8858479084401267,0.8426141905495492,82.61640906697208,,,0.0,-0.013014174673232848,-0.09624888190555891,-0.014586010238769265,-1.7195655855723686,,
西藏自治区,林芝市,Small City,0.0,0.0,0.0,0.0,521281.5,0.0,0.0,0.0,0.0,0.0,0.0,0.0,0.8887805289691864,2.063041663837176,0.8683710020606022,86.06711585158027,,,0.0,-0.0022128775498472253,-0.0192833093133582,-0.002479872486791379,-0.24808217919650133,,
贵州省,六盘水市,Medium-sized City,0.0,0.0,0.0,0.0,3010999.0,0.0,0.0,0.0,0.0,0.0,0.0,6.88992178440094,0.510149436304766,0.5352253809958237,0.375522473737837,29.33777993944529,,,0.10567500958075904,-0.0053216082810115806,-0.013318475300404531,-0.009406049728273302,-1.442102395660278,,
贵州省,安顺市,Medium-sized City,0.0,0.0,0.0,0.0,2430248.0,0.0,0.0,0.0,0.0,0.0,0.0,10.794985645419947,0.4654867930331243,0.388827167303286,0.244832410402182,12.278930018824962,,8.813822845571138,0.15464222457382526,-0.0015989981600750824,-0.0018329409560787213,-0.0025096675312148986,-0.6184037604987687,,-0.16786866633016118
贵州省,毕节市,Medium-sized City,500.0,0.0,0.0,0.0,6935401.5,500.0,0.0,500.0,0.7209387949637811,0.0,0.7209387949637811,1.910562641258481,0.6543074539417622,0.8074955218401141,0.4931266190777735,37.06453816305794,,,0.24079323493981653,0.003018383491930954,0.0009361006305673714,-0.006269974505710985,-2.4106930607304307,,
贵州省,贵阳市,Type I Large City,1000.0,404.0,192.0,0.0,4586802.0,1000.0,212.0,1212.0,2.1801682305013386,0.4621956648662838,1.7179725656350548,54.89210401256208,0.1724422053238228,0.0851363785742151,0.0557961960648508,0.8539193692418269,3.5689230454633663,1.6876009391303923,2.841626519599423,-0.0003514913191620117,-0.0029809996999167893,-0.0031023411514766036,-0.17543180431627825,-0.03677886185332113,0.03692050146374237
贵州省,遵义市,Type II Large City,959.0,0.0,0.0,0.0,6487486.0,959.0,0.0,959.0,1.4782305503241162,0.0,1.4782305503241162,6.195634000706223,0.6075258140381673,0.7235968466139433,0.4698675933098267,37.07805329635864,,,1.949684891310878,-0.01018663382807461,-0.039650557744981274,-0.028022291477336814,-4.903050034263032,,
贵州省,铜仁市,Small City,1900.0,0.0,0.0,0.0,3267669.5,1900.0,0.0,1900.0,5.814541525695913,0.0,5.814541525695913,8.510132876309482,0.4492357305992207,0.3762773998076962,0.2580232476708013,17.038426019190847,,15.142557349889865,8.510132876309482,-0.3251214264773468,-0.9018155847061506,-0.43966061158126735,-48.30565741963379,,
贵州省,黔东南苗族侗族自治州,Small City,0.0,0.0,0.0,0.0,3692498.0,0.0,0.0,0.0,0.0,0.0,0.0,0.0,0.7354685538137805,1.1181328262241823,0.6415994481444307,57.64793343222119,,,0.0,-0.0025702412761120508,-0.009718245492182476,-0.003613122079161979,-0.4484799851812511,,
贵州省,黔南布依族苗族自治州,Small City,0.0,0.0,0.0,0.0,3434689.0,0.0,0.0,0.0,0.0,0.0,0.0,9.896093851403345,0.5943009894510536,0.6665708600349837,0.435129158510114,34.41655633202579,,,0.3851415062427943,-0.0037528419819118364,-0.00915621867775629,-0.004994251231641766,-0.5256709246295372,,
贵州省,黔西南布依族苗族自治州,Small City,0.0,0.0,0.0,0.0,2969794.0,0.0,0.0,0.0,0.0,0.0,0.0,0.5032771747231982,0.6595725729514226,0.8830712994872619,0.5534511479420352,48.52537654845302,,,0.03872307925981444,-0.004446446661953041,-0.01038179056936328,-0.0033856973381511946,-0.05017277755226246,,
辽宁省,丹东市,Medium-sized City,0.0,0.0,0.0,0.0,2564252.5,0.0,0.0,0.0,0.0,0.0,0.0,16.109520161405523,0.4109710591475145,0.3528460973415121,0.24820816667641,14.893515114888103,,17.531699889669692,-0.021846775100900828,-0.006274076254236038,-0.011837068470246459,-0.009599086358351827,-1.140480591320319,,-10.136633593296747
辽宁省,大连市,Super City,500.0,0.0,0.0,0.0,7031614.0,500.0,0.0,500.0,0.7110742995847043,0.0,0.7110742995847043,29.19836616308793,0.4313748813728232,0.4529774660898111,0.3411462506761944,27.148208053724648,,,0.8413490273983619,-0.0024996657625105945,-0.002961689903232312,-0.0019248180254914926,-0.2992666176801926,,
辽宁省,抚顺市,Type II Large City,0.0,0.0,0.0,0.0,2269319.5,0.0,0.0,0.0,0.0,0.0,0.0,25.997571905454,0.3761881290456551,0.3463686004315801,0.262418262535712,17.852095841598803,,79.83228741898098,-0.08922640759816147,-0.00016672613552504156,-0.0006249410541708245,-0.0011084268738053016,-0.4641888535304375,,-8.387575797692293
辽宁省,朝阳市,Medium-sized City,0.0,205.0,0.0,0.0,3224713.0,0.0,205.0,205.0,0.0,0.6357154884791297,-0.6357154884791297,2.942508446133655,0.6148858317880446,0.7713797777154611,0.5058675757667861,43.870045567013314,,,0.5805429081237712,-0.0036242742309795517,-0.011367325897866931,-0.00752344351519052,-1.5033332988516577,,
辽宁省,本溪市,Medium-sized City,0.0,235.0,0.0,0.0,1811641.5,0.0,235.0,235.0,0.0,1.2971661335865843,-1.2971661335865843,17.620209105471346,0.4190851855220758,0.3799114034631142,0.2819427389209574,22.21039710697637,,,0.7396157328060582,-0.006450748420533781,-0.007445967009604482,-0.0035723856190538195,-0.04798592291007964,,
辽宁省,沈阳市,Super City,0.0,58.0,0.0,0.0,8592909.0,0.0,58.0,58.0,0.0,0.06749751452040281,-0.06749751452040281,46.31620127309688,0.2080966897738865,0.1337259284681502,0.0945304942879884,2.652145255955557,8.417391338718971,2.162279989978373,0.08252125172222691,-0.00040783873712280094,-0.0013070928548192806,-0.0015450350642624011,-0.16775672168766542,-0.03694471148866718,0.0021018598648208098
辽宁省,盘锦市,Medium-sized City,0.0,300.0,6.0,0.0,1477865.5,0.0,294.0,294.0,0.0,1.9893555942675432,-1.9893555942675432,18.50367630217686,0.0904112001946948,0.0187041298862643,0.0103242746818301,0.0148797144176992,1.5385273910317878,1.2599173278462563,1.3166920365917782,0.00023549157604020599,0.0004936806801967009,0.00035989222004680077,0.0017468313030667999,0.016280602475043926,0.009391407960831266
辽宁省,营口市,Medium-sized City,0.0,0.0,0.0,0.0,2577621.0,0.0,0.0,0.0,0.0,0.0,0.0,5.180338548739592,0.3965146140850231,0.2711402055763624,0.1619569666665292,5.040496201519082,10.622212643907528,4.598154866282458,-0.12111616909243228,0.0024589067928794117,0.0006287929480218168,-0.0026360473742073065,-0.7119698178983933,-0.7272324352393422,0.0432406358572619
辽宁省,葫芦岛市,Medium-sized City,0.0,0.0,0.0,0.0,2776637.0,0.0,0.0,0.0,0.0,0.0,0.0,5.3717166149063615,0.5747245806665794,0.6484097923190975,0.4293126659756339,33.63268139845248,,,-0.0838377350910342,0.0035291097029698237,0.006825101910537534,0.003447416417113991,0.31892731673741537,,
辽宁省,辽阳市,Medium-sized City,0.0,0.0,0.0,0.0,1974464.0,0.0,0.0,0.0,0.0,0.0,0.0,17.712258338928223,0.261987860547796,0.1180053307476381,0.066450654249435,0.3132455517310459,4.378228156720212,2.3583836053593585,0.11719883336556691,-0.001641264663229114,-0.0009196806130198076,-7.533498590769905e-05,0.04253319134642042,-0.04146645645274383,-0.002364892492160209
辽宁省,铁岭市,Small City,0.0,0.0,0.0,0.0,2887585.0,0.0,0.0,0.0,0.0,0.0,0.0,2.5681051626438047,0.6474049656329399,0.7702207016842951,0.4572448108636439,30.16944600476853,,,0.6415111372378595,-0.018916168685431223,-0.05582988936566824,-0.02300949035716232,-1.178946978421994,,
辽宁省,锦州市,Small City,0.0,50.0,0.0,0.0,3316025.5,0.0,50.0,50.0,0.0,0.1507829176826294,-0.1507829176826294,16.387484176486147,0.4376541586641423,0.3737460711572385,0.2508553293083653,13.068557805692391,,16.578817865232935,-0.18334902969061062,0.0016074891287924387,0.00162030159898513,0.001121454200759986,0.2633273803851921,,-0.18688987858732276
辽宁省,阜新市,Medium-sized City,0.0,0.0,0.0,0.0,1926601.0,0.0,0.0,0.0,0.0,0.0,0.0,15.748317361711624,0.3821767291790771,0.3561891101110354,0.2697196222830182,20.24670500820086,,,-0.08602929532584014,-0.002964530349683636,-0.004968549097631836,-0.0037759017656813776,-0.5381262291838347,,
辽宁省,鞍山市,Type II Large City,0.0,0.0,0.0,0.0,3869876.5,0.0,0.0,0.0,0.0,0.0,0.0,12.508050241863714,0.286997684567048,0.2114028075150626,0.1586172650018179,8.160361348604614,75.79046420564029,3.745028644708223,0.1306949907840611,-0.0020650182916421844,-0.0016464657752109924,-0.0012333077871867215,-0.24688886081862904,-9.735402209023732,-0.11061813930285469
重庆市,重庆市,Mega City,1620.0,1347.0,994.0,1450.0,30525416.5,170.0,353.0,523.0,0.05569129580918249,0.11564133776847894,-0.05995004195929646,14.844596219209077,0.4502535591566026,0.3669008193184953,0.2374377982709559,11.693264190646731,,11.049955954766292,-0.37127207183350386,-0.002616744769901924,-0.009186660689819937,-0.009383501224244084,-1.2379861659861806,,-1.8221710031920804
陕西省,咸阳市,Type II Large City,0.0,570.0,194.0,0.0,5345211.5,0.0,376.0,376.0,0.0,0.7034333440313821,-0.7034333440313821,23.58912317152809,0.4575353437092267,0.4116882341381306,0.2847061887210615,16.371558708955007,,82.72830659601567,1.7411145727418536,-0.004324626326300374,-0.00459720501042421,-0.0009129417455084887,0.26284799579239504,,5.5276206331405575
陕西省,商洛市,Small City,0.0,0.0,0.0,0.0,2481942.5,0.0,0.0,0.0,0.0,0.0,0.0,6.326961326599121,0.5784821982697423,0.6688856055398107,0.4525386768046617,38.13602337538235,,,0.9546673774719237,-0.012893369836577406,-0.031027787560270914,-0.014106787708879187,-0.06342475295645045,,
陕西省,安康市,Small City,0.0,0.0,0.0,0.0,2787676.0,0.0,0.0,0.0,0.0,0.0,0.0,5.9768618486059,0.5680844325863699,0.6487457920422359,0.442506860033024,37.56590059427879,,,-0.2664300062524987,0.004087533618535311,0.008112642798416392,0.003848955041999058,0.2820059323652586,,
陕西省,宝鸡市,Medium-sized City,0.0,0.0,0.0,0.0,3929143.5,0.0,0.0,0.0,0.0,0.0,0.0,12.726609784343182,0.4036708048888477,0.3188651882219958,0.2171209557542878,9.867685971722626,1396.4457643324677,11.123021684092782,0.0028386368111785742,-0.0003461223538598901,8.606554803208821e-05,0.00041293065282860253,0.08610202420585544,458.53810003845524,0.36764504317436675
陕西省,延安市,Small City,0.0,0.0,0.0,0.0,2319584.0,0.0,0.0,0.0,0.0,0.0,0.0,0.067035517558388,0.7229335008924487,1.0804221722073153,0.618512495942452,49.54877859702315,,,0.009562742602051102,-0.0015467589179902763,-0.0021987623459631678,-0.00022862046890115284,0.002463312685868857,,
陕西省,榆林市,Medium-sized City,0.0,166.0,0.0,0.0,3539229.0,0.0,166.0,166.0,0.0,0.4690287065346718,-0.4690287065346718,3.297383451461792,0.6551042229817248,0.8359904452416173,0.5249302757564404,44.868302108171314,,,0.05947630072152732,0.0048367719536508424,0.010049346420945127,0.0028893174187362147,0.24816420272341588,,
陕西省,汉中市,Medium-sized City,0.0,0.0,0.0,0.0,3618601.0,0.0,0.0,0.0,0.0,0.0,0.0,10.158200568047125,0.4495680366621488,0.4281624673932522,0.3164504630617576,26.24228978322771,,,-0.008173931934095435,-0.00040424439302733095,-0.00025546262047321244,-0.00017056427842898625,-0.06490843754870568,,
陕西省,渭南市,Small City,0.0,0.0,0.0,0.0,5603470.0,0.0,0.0,0.0,0.0,0.0,0.0,1.5622685569174148,0.71157289825,0.9482416811071456,0.4958451460408608,26.89080993693987,,,-0.04027534219352136,0.004377846330737456,0.014458940308273216,0.002939823374681849,-0.6971260720521535,,
陕西省,西安市,Super City,1000.0,1027.0,144.0,0.0,9039781.0,1000.0,883.0,1883.0,1.1062214892152809,0.9767935749770928,0.129427914238188,53.775013669915154,0.1748149331258774,0.0772477029590518,0.0490125765318667,0.3093635781886023,2.9161716123976267,1.6899881514534287,1.888021912789604,0.0002757678718529055,0.0001750564040154945,9.544316568289857e-05,0.03296834862211867,0.01981826729270164,0.012656462864140128
陕西省,铜川市,Small City,0.0,0.0,0.0,0.0,889762.0,0.0,0.0,0.0,0.0,0.0,0.0,14.4060505417962,0.309150011297699,0.1681567740128305,0.1019828466666663,2.9054782638942656,5.372173039374544,2.811978729230662,0.20264784457590146,0.004973881146278281,0.004188739384158396,0.001829807133762587,-0.06386468018725555,0.14911759513081613,0.06122204943743714
青海省,西宁市,Type II Large City,0.0,201.0,14.0,0.0,2344995.0,0.0,187.0,187.0,0.0,0.7974430649105863,-0.7974430649105863,59.203752110513406,0.118030936335013,0.0356651775144558,0.021998597472507,0.1749580390386041,1.7608192501640825,1.4334003918698304,0.2949498390016245,-0.00318797880756419,-0.002972626872412204,-0.002421657884318501,-0.11190638763808,-0.025731208029514674,-0.01044124471031993
黑龙江省,七台河市,Small City,0.0,0.0,0.0,0.0,972278.0,0.0,0.0,0.0,0.0,0.0,0.0,25.70583085929398,0.2298399179417157,0.1277608766580447,0.0906472405521005,3.541718678243288,5.496371715358114,2.047823238143633,0.08052719528248176,0.002721216986963898,0.0029000576532327016,0.0020315506515522913,0.024474813599517198,0.12329205870517246,0.06894614222276108
黑龙江省,伊春市,Small City,0.0,0.0,0.0,0.0,1218651.0,0.0,0.0,0.0,0.0,0.0,0.0,13.540293657327,0.5489139675837178,0.6433933854734551,0.4448274271755931,36.85358148197332,,,0.23195999362548747,-0.0035534442345439565,-0.006388633993805626,-0.0025433556472995167,0.3513324044401145,,
黑龙江省,佳木斯市,Medium-sized City,0.0,217.0,0.0,0.0,2708936.5,0.0,217.0,217.0,0.0,0.801052368706317,-0.801052368706317,18.783859347728328,0.4651644451873401,0.4120600060061548,0.278429861293914,16.963411056933968,,43.44533043193764,1.1493213827320545,-0.008176000287862861,-0.013438958492693498,-0.007719860893199704,-0.27093575880290643,,-21.45307381715981
黑龙江省,双鸭山市,Small City,0.0,0.0,0.0,0.0,1555963.0,0.0,0.0,0.0,0.0,0.0,0.0,20.72425649135928,0.4848171590331512,0.4929502048651354,0.3608667558999989,31.15176261267675,,,-0.71470049279894,-0.0003898076267134787,-0.004658445248386378,-0.003908728443448084,-0.5570639093927774,,
黑龙江省,哈尔滨市,Super City,0.0,0.0,520.0,0.0,11279367.5,0.0,-520.0,-520.0,0.0,-0.4610187583656619,0.4610187583656619,44.79718333973605,0.4512287699304965,0.4706565363909954,0.3426274940472228,25.475704554286803,,,-0.07343952892139072,-0.005093922120476602,-0.010658366551216159,-0.006775184922369171,-0.6328149793126734,,
黑龙江省,大庆市,Type II Large City,0.0,350.0,0.0,0.0,3076008.0,0.0,350.0,350.0,0.0,1.1378383931381193,-1.1378383931381193,23.55678087472916,0.4735816386801215,0.4977763803284522,0.3544606101724451,25.732361105383827,,,0.97352892160416,0.0024945532591177932,0.005838784519621054,0.0033162050716498137,0.3023865951197422,,
黑龙江省,牡丹江市,Medium-sized City,0.0,0.0,240.0,0.0,2970071.0,0.0,-240.0,-240.0,0.0,-0.8080614907859105,0.8080614907859105,21.416318893432617,0.5062795088201802,0.5425687290788913,0.3723616302911295,25.512590378728788,,,-0.9683095038329306,-0.0002441761741888149,-0.0007904381370892333,-0.0015859252708033678,-0.5582114085557706,,
黑龙江省,绥化市,Small City,0.0,0.0,0.0,0.0,5755134.0,0.0,0.0,0.0,0.0,0.0,0.0,1.97815534376329,0.6914770328132821,0.9090860094974724,0.5249960030845611,39.78797490988404,,,0.2629417900475477,-0.0015217074008760934,-0.006456676766136149,-0.003877130973805265,-0.5355465631402367,,
黑龙江省,鸡西市,Medium-sized City,0.0,0.0,240.0,0.0,1973613.5,0.0,-240.0,-240.0,0.0,-1.2160435667875196,1.2160435667875196,20.37304182613597,0.4424304468957946,0.4358417270682305,0.325323411636149,27.356195927780703,,,-1.7028653512593195,0.0022876940476577734,2.9696884972008064e-05,-0.0010608792941023126,-0.25174911985225634,,
黑龙江省,鹤岗市,Medium-sized City,0.0,10.0,0.0,0.0,1125338.5,0.0,10.0,10.0,0.0,0.08886215125493352,-0.08886215125493352,49.733704110214994,0.3522186451402611,0.3372057056206857,0.2598366917218866,19.169685025389725,,96.1118776947914,0.1795042590227922,-0.0010996497318548348,-0.0022979807876332137,-0.0012029291823993926,0.0016626244191115802,,-24.627535804617295
黑龙江省,黑河市,Small City,386.0,0.0,0.0,0.0,1772803.0,386.0,0.0,386.0,2.1773428858141597,0.0,2.1773428858141597,0.0,0.6822355649519698,0.9252101257200844,0.5691013484624041,51.44018842923224,,,0.0,-0.05938990181992265,-0.2447445726668276,-0.10337052152371229,-12.999939179005274,,
黑龙江省,齐齐哈尔市,Type II Large City,0.0,300.0,0.0,0.0,5687239.5,0.0,300.0,300.0,0.0,0.5274966879801704,-0.5274966879801704,0.0,0.7016593775666198,1.020462006103397,0.5975694923937103,50.01043421072047,,,-0.2812497596209379,0.0031677109622678667,0.013338756344649427,0.005750835691675782,0.6360164562128574,,
,,,0.0,18.0,0.0,0.0,3099779.0,0.0,18.0,18.0,0.0,0.0580686558622405,-0.0580686558622405,4.73881296173157,0.6296012862738398,0.7241743982165487,0.4362263952739647,29.56213653533729,,,0.40311380202397373,-0.006016153631472898,-0.01669906876402938,-0.00889213190338134,-1.2837889124600323,,
