省级,地级,city_level,new_hosp_beds,expanded_beds,decreased_beds,closed_beds,city_pop,net_SEE_beds,net_CIE_beds,net_total_beds,SEE_city,CIE_city,Dominance_city,acc_median,acc_gini,acc_theil,acc_atkinson_05,acc_zero_access_pop_pct,acc_p90_p10,acc_p80_p20,acc_delta,gini_delta,theil_delta,atkinson_05_delta,zero_access_pop_pct_delta,p90_p10_delta,p80_p20_delta
上海市,上海市,Mega City,800.0,248.0,0.0,0.0,23947187.0,800.0,248.0,1048.0,0.3340684649098869,0.10356122412206493,0.23050724078782198,19.20516897501876,0.1082007307042143,0.0378883549890971,0.027860077581673,1.2563194995931335,1.6413425853629855,1.3012752315030427,0.43860104336678063,-0.001501142654274687,-0.0010170284875200969,-0.0008227803161761013,-0.046198160463252425,-0.03152263635371644,-0.0036723703322929513
云南省,临沧市,Small City,0.0,0.0,0.0,0.0,2531441.0,0.0,0.0,0.0,0.0,0.0,0.0,0.0,0.8674167763001481,1.8832598874319049,0.8402331941248131,82.38373454874406,,,0.0,0.0009309836967311691,0.02465653689790437,0.005227194706487248,0.6463886640521395,,
云南省,丽江市,Small City,0.0,0.0,0.0,0.0,1291746.5,0.0,0.0,0.0,0.0,0.0,0.0,0.0,0.7479848858297555,1.2727403283590808,0.7116335206705869,69.45282905138798,,,0.0,-0.010841063191333933,-0.0683842323327506,-0.022778387844383463,-3.3427318638824346,,
云南省,保山市,Small City,0.0,0.0,0.0,0.0,2607403.0,0.0,0.0,0.0,0.0,0.0,0.0,1.2750188293405798,0.6088018314521552,0.782204405844668,0.5224337707713382,48.70354106640102,,,1.0686793909522028,-0.0053688407582789255,-0.015140967373657999,-0.007301106759548315,-0.8070568816296841,,
云南省,大理白族自治州,Small City,0.0,0.0,0.0,0.0,3594495.5,0.0,0.0,0.0,0.0,0.0,0.0,11.485252716040224,0.4930982176035926,0.4660238752732533,0.3249671757335768,24.731503505388257,,,1.8911352306311962,-0.05874976475867144,-0.11438384976587379,-0.06608200988628388,-5.709514680808027,,
云南省,德宏傣族景颇族自治州,Small City,0.0,0.0,0.0,0.0,1256549.5,0.0,0.0,0.0,0.0,0.0,0.0,0.0,0.715488293536971,1.1054059837282595,0.6471785877883716,59.65126821310716,,,0.0,0.005495453775460901,0.029814848760040702,0.015497859862672936,3.0885978395367033,,
云南省,文山壮族苗族自治州,Small City,0.0,0.0,0.0,0.0,3653324.0,0.0,0.0,0.0,0.0,0.0,0.0,0.0,0.8347656972464661,1.56778593916987,0.7665528745775957,71.36113649180945,,,0.0,0.0021720487689003143,0.006494782581707437,0.0002832100656272596,-0.06783841896222498,,
云南省,昆明市,Super City,1549.0,0.0,0.0,0.0,6695529.0,1549.0,0.0,1549.0,2.313484117535747,0.0,2.313484117535747,45.47694470719933,0.2993361909364666,0.2573416629083807,0.2049725852876941,15.333156911929692,,7.610022819155478,3.2706047049325093,-0.0005738801453186171,-0.0023682078312495247,-0.0017254808284155876,-0.20996162854073575,,-0.6243596238641445
云南省,昭通市,Small City,0.0,0.0,0.0,0.0,5400274.0,0.0,0.0,0.0,0.0,0.0,0.0,0.0,0.7968515217447861,1.4396913779785343,0.7513079306935944,72.39695733964821,,,0.0,0.00038109649149753455,0.0005282199539715648,-0.0002528217688347878,-0.1421133559249057,,
云南省,普洱市,Small City,0.0,0.0,0.0,0.0,2639776.5,0.0,0.0,0.0,0.0,0.0,0.0,0.0,0.8591844840821645,1.84164627129652,0.836911379541471,82.85594897984265,,,0.0,0.0017267355427998954,0.01784485637407407,0.003240703849927473,0.3554973854487997,,
云南省,曲靖市,Medium-sized City,1076.0,0.0,0.0,0.0,6080420.5,1076.0,0.0,1076.0,1.7696144534740648,0.0,1.7696144534740648,6.399535762213673,0.6223658280714105,0.7436879156948746,0.4793434117894207,40.49076803560793,,,6.399535762213673,-0.08840928445141005,-0.2990990920522414,-0.14337079407160752,-17.159596163888814,,
云南省,楚雄彝族自治州,Small City,0.0,0.0,0.0,0.0,2789423.5,0.0,0.0,0.0,0.0,0.0,0.0,0.2185846175813295,0.6856533689784633,0.9571157786970084,0.5783096612035392,48.12636903907727,,,0.1388285194252067,-0.0022745006610783713,-0.009764480869749015,-0.005358599174262846,-1.2550190936306933,,
云南省,玉溪市,Medium-sized City,0.0,552.0,0.0,0.0,2425216.0,0.0,552.0,552.0,0.0,2.2760859238929645,-2.2760859238929645,12.036211011335318,0.5120466624524503,0.5204260546304047,0.3701036324799216,31.348082767068515,,,3.964797503779348,-0.03987994133830186,-0.05842083820072663,-0.023226296087769993,-0.9753982308186444,,
云南省,红河哈尼族彝族自治州,Small City,3800.0,0.0,0.0,0.0,4654510.5,3800.0,0.0,3800.0,8.164123810656353,0.0,8.164123810656353,0.0,0.6955460958574474,0.9712898751220932,0.589094000033191,53.092997195875846,,,0.0,-0.012443389444397934,-0.0636075515915887,-0.02989517057155533,-3.9240010431326056,,
云南省,西双版纳傣族自治州,Small City,0.0,0.0,0.0,0.0,1178761.5,0.0,0.0,0.0,0.0,0.0,0.0,0.0,0.7043984893928071,1.0024429606255558,0.5939971891983735,52.30232378939489,,,0.0,-0.0030440712197420394,-0.0126070764051045,-0.005659827616713242,-0.703377557918138,,
内蒙古自治区,乌兰察布市,Small City,0.0,0.0,0.0,0.0,2219486.5,0.0,0.0,0.0,0.0,0.0,0.0,0.0,0.6866802700888961,0.966103228486316,0.5800125546054996,50.625035981059575,,,0.0,-0.00035748683875658216,-0.0007345446991947613,-0.00017120949159366017,0.06488945515960864,,
内蒙古自治区,乌海市,Medium-sized City,0.0,0.0,0.0,0.0,546837.0,0.0,0.0,0.0,0.0,0.0,0.0,11.324652334085457,0.1716956577985241,0.1052121056610394,0.08890943714047,6.874778665751514,2.6815423471840334,1.4423150236824709,-0.04911684974449315,-0.00031954152469840236,-0.000269266045590591,-0.00018174167576899547,-0.00977048604565045,-0.05071704093435514,-1.0523463345180062e-07
内蒙古自治区,兴安盟,Small City,0.0,0.0,0.0,0.0,1676602.5,0.0,0.0,0.0,0.0,0.0,0.0,0.0,0.7404073940051825,1.2064912298909896,0.684062417726359,64.9978030300324,,,0.0,-0.005646627661677006,-0.026126251307357462,-0.008432955027319,-0.4951795424646832,,
内蒙古自治区,包头市,Type II Large City,0.0,0.0,0.0,0.0,2759191.0,0.0,0.0,0.0,0.0,0.0,0.0,28.404459976352623,0.2329588109248532,0.2021623892668801,0.1694653203878714,13.910620810814036,,2.49190071125472,-0.1290881794746852,-0.0005303478781651938,-0.00013186434005099668,-4.81568655162079e-05,0.008575587232186876,,-0.015725195726280283
内蒙古自治区,呼伦贝尔市,Small City,500.0,0.0,0.0,0.0,2847867.5,500.0,0.0,500.0,1.755699659482051,0.0,1.755699659482051,0.0,0.6741284127594864,0.9419768216753523,0.5887492127160867,55.10056144190705,,,0.0,-0.031477083696829444,-0.0699076490940107,-0.019277734455301343,-0.7031912023979601,,
内蒙古自治区,呼和浩特市,Type II Large City,0.0,0.0,0.0,0.0,2981891.0,0.0,0.0,0.0,0.0,0.0,0.0,48.6467614457414,0.2642635510980174,0.2080760682667244,0.1664227389882208,10.400536691314118,,2.8806254937577678,-0.2316391113336138,0.0005975843615388388,0.0012910727092962093,0.0011630197867371073,0.13247827547585977,,0.008792199756066932
内蒙古自治区,巴彦淖尔市,Small City,0.0,0.0,0.0,0.0,1735564.5,0.0,0.0,0.0,0.0,0.0,0.0,6.499528907169806,0.5954338964487143,0.7057046899978214,0.4695684755999771,39.77547955613557,,,0.20129039999046938,-0.0032748087463698727,-0.0070707415387396555,-0.002893351060060889,0.012248599535531923,,
内蒙古自治区,赤峰市,Type II Large City,0.0,0.0,0.0,0.0,4523890.0,0.0,0.0,0.0,0.0,0.0,0.0,0.0,0.7083820996935604,1.037216059955938,0.6196272548652728,57.27461672911729,,,0.0,0.0003417247426951153,0.001132042604959027,0.00040995232359342104,0.036433611697262336,,
内蒙古自治区,通辽市,Small City,0.0,0.0,0.0,0.0,3271945.0,0.0,0.0,0.0,0.0,0.0,0.0,0.0,0.7204242232926963,1.100657688002607,0.6455557357285049,60.01986696576945,,,0.0,-0.0008046877939842378,-0.002759415746343752,-0.000990107383199157,-0.15360667409378692,,
内蒙古自治区,鄂尔多斯市,Medium-sized City,0.0,0.0,0.0,0.0,2073941.0,0.0,0.0,0.0,0.0,0.0,0.0,2.356714778476291,0.6130219380218365,0.7763529715735693,0.511079631441209,45.816338809123856,,,-0.19350573022590734,0.0003287619064585856,0.001216615287222944,5.608769645804035e-05,-0.13898450417327268,,
内蒙古自治区,锡林郭勒盟,Small City,0.0,0.0,0.0,0.0,1069107.0,0.0,0.0,0.0,0.0,0.0,0.0,0.0,0.8007594126619418,1.569449212884811,0.789507017004704,78.54495136330277,,,0.0,-0.0012137531588914952,-0.007067808315010193,-0.0014850437372084802,-0.11233509899338401,,
内蒙古自治区,阿拉善盟,Small City,0.0,0.0,0.0,0.0,252442.0,0.0,0.0,0.0,0.0,0.0,0.0,0.0,0.6748728939263726,0.9816023079281871,0.603430902381848,56.670541899971525,,,0.0,-0.001024450741190508,-0.0025278796553486194,-0.0005990605335339794,0.025198323089355767,,
北京市,北京市,Mega City,400.0,857.0,776.0,1150.0,20382710.5,-750.0,81.0,-669.0,-0.36795891302091543,0.03973956260625887,-0.4076984756271743,24.435162095794254,0.1335071661772526,0.0534687175957628,0.0360912970701035,0.4451466700831113,1.972677340673616,1.4022399682917095,-0.5226809653283766,-0.0018492834385877843,-0.002009663061977904,-0.0020644339042213966,-0.36475543952937145,-0.004717974447817186,-0.007191487648893213
吉林省,吉林市,Type II Large City,0.0,0.0,0.0,0.0,4599503.5,0.0,0.0,0.0,0.0,0.0,0.0,12.894215597432678,0.5401574505825445,0.5752670806523341,0.391186680915355,30.069689972834563,,,0.08796898634008166,-0.00014103907117279935,-0.0015592196359478505,-0.0012939013507467512,-0.12981282745311162,,
吉林省,四平市,Small City,0.0,0.0,0.0,0.0,2368420.0,0.0,0.0,0.0,0.0,0.0,0.0,7.524268065312112,0.5200359083861479,0.5734790040579582,0.4039982270358716,33.285860959754,,,-0.3448320881340843,0.007377828223910976,0.015935443721566855,0.009978609901497237,0.9872540548478739,,
吉林省,延边朝鲜族自治州,Small City,0.0,0.0,0.0,0.0,2356765.0,0.0,0.0,0.0,0.0,0.0,0.0,0.3780562286474672,0.6190994877598794,0.8121341253383589,0.5319552537363654,47.33551946082675,,,0.02505192599544287,0.0009314383328533626,0.0026016200194318717,0.0013106071151298693,0.4706280351506251,,
吉林省,松原市,Small City,0.0,0.0,0.0,0.0,2994836.5,0.0,0.0,0.0,0.0,0.0,0.0,0.0,0.6508360130459572,0.9027615240766604,0.5740655051740668,53.394883958439166,,,0.0,-0.007580016302071613,-0.034110923521468384,-0.018056870141517356,-2.6949973979295905,,
吉林省,辽源市,Small City,0.0,0.0,0.0,0.0,1217152.0,0.0,0.0,0.0,0.0,0.0,0.0,4.818633601881306,0.2823209224291216,0.1398268403684877,0.0790743473608022,1.5684894769733442,4.593533128675121,2.219581472252361,-0.1919716639119855,-0.004341845612358175,-0.0163825409961455,-0.024324206709412502,-3.856958555830542,-0.31385988716749225,-0.04057959368226216
吉林省,通化市,Small City,0.0,0.0,0.0,0.0,2407784.0,0.0,0.0,0.0,0.0,0.0,0.0,7.001932111051348,0.408730932255604,0.3591473140935273,0.268655352030467,21.179431501281183,,,0.47538849380281256,-0.023600697702042206,-0.0257114466672142,-0.0136410102078518,-0.7147539186838223,,
吉林省,长春市,Type I Large City,300.0,126.0,0.0,0.0,9122768.5,300.0,126.0,426.0,0.3288475422784213,0.13811596775693694,0.19073157452148434,20.523242950439453,0.4973273649202266,0.543854335268068,0.3833248277384281,29.252608355161957,,,0.8674790700276702,-0.0014102527101612639,-0.0011270188776640877,0.0003698438834716655,0.047981790077962216,,
四川省,乐山市,Medium-sized City,0.0,600.0,0.0,0.0,3366060.5,0.0,600.0,600.0,0.0,1.782499155912379,-1.782499155912379,8.226562107779039,0.4309492041869873,0.3899836548662614,0.2876899851626963,22.433617374872554,,,1.6159913461213078,-0.01754537294590003,-0.018428445370559265,-0.007490991470639419,-0.12528674613174218,,
四川省,内江市,Medium-sized City,0.0,0.0,0.0,0.0,3807617.5,0.0,0.0,0.0,0.0,0.0,0.0,18.405391693115234,0.2913070805687509,0.1671799489191401,0.1106252639225758,3.841199922084344,7.542119619013817,2.981769838975453,1.169888323003594,-0.0007937310048371504,-0.00408927482123661,-0.003536976121389007,-0.12225144963369594,-0.6201395630969389,-0.19877330485388578
四川省,凉山彝族自治州,Small City,1008.0,0.0,0.0,0.0,4699554.5,1008.0,0.0,1008.0,2.1448841587005747,0.0,2.1448841587005747,0.0,0.7991002163722412,1.4463147751772625,0.7523500177011377,72.84261808353885,,,0.0,0.005028596864653845,0.02679520818201908,0.007044382206266131,0.8308138342137283,,
四川省,南充市,Type II Large City,1670.0,0.0,0.0,0.0,6515166.0,1670.0,0.0,1670.0,2.563250115192767,0.0,2.563250115192767,10.278296514097692,0.4618149467679086,0.3856234526307602,0.2500429774562477,11.867737278214213,,13.59061140052885,2.771583491746549,-0.04215985463503713,-0.08857762276873371,-0.06999637612617748,-9.212219268895504,,
四川省,巴中市,Small City,800.0,0.0,0.0,0.0,3384009.0,800.0,0.0,800.0,2.3640599064600596,0.0,2.3640599064600596,7.713646675411024,0.5365199753748862,0.5768421994503868,0.402655894994442,33.36909513593271,,,2.643462839700226,-0.036511010775836295,-0.09739964446815019,-0.060974586866299085,-7.614565289852408,,
四川省,广元市,Small City,500.0,400.0,0.0,0.0,2595670.5,500.0,400.0,900.0,1.9262845573041725,1.5410276458433378,0.38525691146083463,13.949357850211006,0.5814664624007486,0.6363112735920164,0.3955674905637187,22.28809974310459,,,0.3481434413364948,-0.010563782050090231,-0.041558277099058905,-0.04264637245585162,-9.90832481038914,,
四川省,广安市,Small City,0.0,600.0,0.0,0.0,3560178.0,0.0,600.0,600.0,0.0,1.6853089929773175,-1.6853089929773175,5.573489510783292,0.444299846023416,0.3287312637577257,0.1837785748602225,2.8405103368646127,14.452371813166945,6.011000318099883,1.7351210631616283,-0.047131531632706614,-0.0833503876844014,-0.05487886619081961,-4.240741567760486,-24.345011714800687,-2.876050434592548
四川省,德阳市,Medium-sized City,0.0,59.0,0.0,0.0,3782612.5,0.0,59.0,59.0,0.0,0.15597685462097954,-0.15597685462097954,12.890530501037349,0.3796882251615614,0.260869753129583,0.1627677819051985,3.794651987566149,20.80732010659638,6.115646830728934,0.6789372111188108,-0.013787540728356085,-0.02199031024112752,-0.01750150190370159,-1.9042927915747798,-12.042874595249451,-0.13535647365354286
四川省,成都市,Mega City,2027.0,1000.0,0.0,0.0,15712674.0,2027.0,1000.0,3027.0,1.2900414022463649,0.6364289108270178,0.6536124914193471,27.82186809056242,0.2075187441728785,0.0922219578596723,0.0584823673052691,0.8821584646477173,3.179653881551672,2.04050108799219,1.8794004471056027,-0.004389607629390696,-0.0039019501251576078,-0.003289512342680198,-0.4556440074602256,-0.11405484496789686,-0.0436154045561743
四川省,攀枝花市,Medium-sized City,0.0,0.0,0.0,0.0,1263308.5,0.0,0.0,0.0,0.0,0.0,0.0,34.51423394758243,0.2943406707022699,0.2346649981032183,0.1811016518003469,11.96425594186889,,5.683715858982805,-0.08877403859268185,0.0006704087731270736,0.001381986370758398,0.0011448955486952073,0.09451737189940168,,-0.0010610272132893783
四川省,泸州市,Type II Large City,1000.0,0.0,0.0,0.0,4365604.5,1000.0,0.0,1000.0,2.2906335193671348,0.0,2.2906335193671348,10.195509975396314,0.5093681028778552,0.5248133702042008,0.3726328071265207,30.85199597379951,,,1.1661295467980377,-0.006748197399963685,-0.008600607910186464,-0.0031017899826580875,0.19620315829739,,
四川省,甘孜藏族自治州,Small City,592.0,0.0,0.0,0.0,1135557.5,592.0,0.0,592.0,5.213298313823827,0.0,5.213298313823827,0.0,0.9223702046044836,2.3735193276967297,0.9000344681744836,88.78242432127374,,,0.0,-0.0713614441034548,-2.589568354267985,-0.09055161341076234,-10.013739564877923,,
四川省,眉山市,Medium-sized City,0.0,0.0,0.0,0.0,3070539.0,0.0,0.0,0.0,0.0,0.0,0.0,10.960186911721266,0.3669905866534783,0.2300960936864066,0.1352651784531103,2.509138503431084,9.181168204306024,4.087362598010841,1.585744599532985,-0.025801963051537036,-0.03198048595390801,-0.01698908089978829,0.060558008684123976,-3.996795769830804,-0.5374185755273855
四川省,绵阳市,Type II Large City,0.0,0.0,0.0,0.0,4805049.0,0.0,0.0,0.0,0.0,0.0,0.0,10.485477676391602,0.4113084427650035,0.3260045033356715,0.2232704004156394,12.626787026049612,,10.480141419560397,0.5346910806881482,-0.03851554746470909,-0.06228401302987929,-0.0421064688250844,-3.770934319077284,,-14.151847862947765
四川省,自贡市,Medium-sized City,0.0,0.0,0.0,0.0,2803748.0,0.0,0.0,0.0,0.0,0.0,0.0,20.074025293986004,0.248093238979172,0.133810391928644,0.0936465846349184,3.7970158776273424,4.804236286504215,2.281227349438622,0.8749458222499129,-0.007869776257769828,-0.006578574788287911,-0.004402070522673801,-0.27338805782416475,-0.37509280404220213,-0.19638045098215917
四川省,资阳市,Small City,1900.0,0.0,0.0,0.0,2720794.5,1900.0,0.0,1900.0,6.98325433986286,0.0,6.98325433986286,6.172600412480185,0.434254569026936,0.3276752445705134,0.1996564555155869,6.703132773415085,26.9545686293052,6.866261562590758,3.331391239277671,-0.12442443362685424,-0.23807377092177778,-0.15292844459829033,-12.350731560761538,,-211.96864568094966
四川省,达州市,Medium-sized City,0.0,0.0,0.0,0.0,5701968.0,0.0,0.0,0.0,0.0,0.0,0.0,2.7131074885002264,0.5856730087534092,0.6551213860987235,0.4271510866079564,31.927424303299745,,,0.11523246395827247,-0.005053392340190643,-0.013268273709140299,-0.006713630903806278,-0.19614015249664618,,
四川省,遂宁市,Medium-sized City,500.0,0.0,0.0,0.0,3368258.5,500.0,0.0,500.0,1.4844466361474333,0.0,1.4844466361474333,13.18838403571526,0.3256485139609253,0.184153053776806,0.1092346749502858,1.403632516311056,7.497634818381837,3.294158355664834,2.1257781994180984,-0.0071433595762629976,-0.01426876603576882,-0.01609236915271009,-2.501940857883536,-2.3252000047849712,-0.13528256126742333
四川省,阿坝藏族羌族自治州,Small City,0.0,0.0,0.0,0.0,933964.5,0.0,0.0,0.0,0.0,0.0,0.0,0.0,0.9508373773498068,2.7436045026659373,0.918303191829193,83.0896828874662,,,0.0,-0.00656590276817659,-0.14870684241632715,-0.01479288900732223,-5.3693844289204975,,
四川省,雅安市,Small City,0.0,0.0,0.0,0.0,1565255.5,0.0,0.0,0.0,0.0,0.0,0.0,12.550457443397129,0.5021244964208225,0.5221974272090981,0.3611080006586884,25.896169409483843,,,-0.06015787508387582,0.017552547808581676,0.024627782066879822,0.009433030546428522,-0.26416841330511787,,
天津市,天津市,Mega City,1021.0,0.0,0.0,0.0,13437555.5,1021.0,0.0,1021.0,0.7598108152930048,0.0,0.7598108152930048,27.79016010849564,0.2347695157415356,0.1080271642812381,0.0607513908005267,0.0143671810201664,4.025137068441045,2.9226061645647623,0.9077755148658326,-0.005468041301337295,-0.0056444158082187,-0.0038156715125845925,-0.1108240761526299,-0.18095936899982146,-0.20458820975252046
宁夏回族自治区,吴忠市,Small City,0.0,0.0,0.0,0.0,1357381.0,0.0,0.0,0.0,0.0,0.0,0.0,1.0475147596537118,0.6286165600741047,0.7901385418443959,0.4974140574429619,37.53191608276414,,,-0.01926325444610688,0.010879881501369648,0.023431761025187625,0.008633974170312586,0.08068186383586351,,
宁夏回族自治区,银川市,Type II Large City,1800.0,84.0,0.0,0.0,2044230.5,1800.0,84.0,1884.0,8.805269268803102,0.4109125658774781,8.394356702925624,36.10795313214499,0.152293568048353,0.0803246456329812,0.0625713173081359,3.2113217001695205,2.276895989063136,1.5326440241929902,8.889687623798764,0.004913793541928307,0.004023645506210302,0.002674573039547795,-0.006779512810483279,0.15553557218276692,0.04335410017994201
安徽省,亳州市,Medium-sized City,1113.0,0.0,0.0,0.0,5013783.5,1113.0,0.0,1113.0,2.21988045554819,0.0,2.21988045554819,3.975611174828441,0.5703988211888675,0.6088873721230537,0.3889453495317444,24.92354703529738,,,1.5668430985300192,-0.030849543617442077,-0.08351877179263456,-0.05616913274428498,-8.146516109187264,,
安徽省,六安市,Medium-sized City,0.0,0.0,0.0,0.0,4792019.5,0.0,0.0,0.0,0.0,0.0,0.0,7.832002687454223,0.4989122722141604,0.4632887883442315,0.3142190652698434,22.13854169943213,,,0.11035622090313346,-0.0016131980268092039,-0.008957920251436324,-0.010376884085111726,-1.8151650587490025,,
安徽省,合肥市,Type I Large City,1280.0,0.0,0.0,0.0,7754571.5,1280.0,0.0,1280.0,1.650639239060469,0.0,1.650639239060469,39.56030382753069,0.2843393353179586,0.1821100711346072,0.1176020054741946,1.4814089173142089,10.096124849819944,3.746638658577153,1.3564040155233954,-0.013195599780626122,-0.025576778936577893,-0.024565378756320408,-2.4914646699594494,-9.780537571420165,-0.5885216564086018
安徽省,安庆市,Medium-sized City,0.0,700.0,0.0,0.0,4648946.5,0.0,700.0,700.0,0.0,1.5057174781426286,-1.5057174781426286,5.034454854082041,0.6221835747163952,0.7362507808566401,0.4677632271677989,37.22438422333724,,,0.7730444897379645,-0.0164344023088816,-0.04725229638080686,-0.026348455931080483,-3.475878776629372,,
安徽省,宣城市,Small City,0.0,0.0,0.0,0.0,2629503.0,0.0,0.0,0.0,0.0,0.0,0.0,3.001771652004094,0.6230866937810624,0.7034787915164703,0.4013407437649838,23.728227322377816,,,0.10159060885605342,-0.005081595439785258,-0.017913748912440686,-0.024877154584510675,-5.308628955546855,,
安徽省,宿州市,Medium-sized City,0.0,0.0,0.0,0.0,5563677.0,0.0,0.0,0.0,0.0,0.0,0.0,1.6257602411531225,0.6471086707742042,0.8088237538311468,0.5075084643110019,41.54353163402323,,,0.4640576082490697,-0.001253436962326382,-0.014305260634498995,-0.011230814403852873,-1.809017378382336,,
安徽省,池州市,Small City,0.0,0.0,0.0,0.0,1471304.0,0.0,0.0,0.0,0.0,0.0,0.0,16.283986250281124,0.3913052589820721,0.2956654371520658,0.208439386390029,13.62870933118396,,5.872392891360903,0.7464908074819636,0.0002596213659943891,-0.0018151717081689167,-0.00245213424788579,-0.24807882697058758,,-0.15021960559532843
安徽省,淮北市,Medium-sized City,0.0,0.0,0.0,0.0,2141359.5,0.0,0.0,0.0,0.0,0.0,0.0,22.49619678223114,0.1772881694862043,0.0720647486807291,0.0417455681425384,0.118732180849576,3.2829908306418862,1.9322327929429264,0.14930649827567422,0.007648461978181087,0.004596855832687902,0.002268328384230703,-0.1077883063425664,0.16515464882696929,0.10436170824557478
安徽省,淮南市,Type II Large City,0.0,0.0,0.0,0.0,3483068.0,0.0,0.0,0.0,0.0,0.0,0.0,4.535672083513847,0.4683093774233368,0.3773751603607214,0.2177525383243964,6.476448574453365,38.567436665046905,6.701709075098429,0.41748084129582974,-0.012877984682150734,-0.0328303787797562,-0.022921060447019498,-3.751405264536671,,-0.5985171402524045
安徽省,滁州市,Small City,0.0,0.0,0.0,0.0,4081469.5,0.0,0.0,0.0,0.0,0.0,0.0,8.477494898840579,0.4762268422463545,0.4449555065835799,0.3100882233748201,21.391618814498926,,,2.5681859740607917,-0.07801194002802836,-0.1647620370767527,-0.10498479649842768,-11.679690279935585,,
安徽省,芜湖市,Type II Large City,1688.0,0.0,0.0,0.0,3686932.0,1688.0,0.0,1688.0,4.578332337021675,0.0,4.578332337021675,26.24638620648649,0.3804578921811382,0.2810358559820947,0.1778680030301007,2.75729784973164,31.835400641832447,8.306419350548204,3.5772272451646394,0.001307933746380996,0.0015461573787693972,-0.0026244474332008105,-1.8506530999471629,-5.65279603751323,1.156722122099775
安徽省,蚌埠市,Medium-sized City,1930.0,0.0,0.0,0.0,3284305.0,1930.0,0.0,1930.0,5.876433522465178,0.0,5.876433522465178,16.618351664659453,0.3568617627086995,0.2620497686271442,0.1766241931149985,7.332966175927968,38.70430218836528,6.059650804580418,4.101440158006621,-0.022947938182452388,-0.035762255714645697,-0.030241846411604406,-3.9205217336688314,,-1.3713339257248265
安徽省,铜陵市,Medium-sized City,0.0,0.0,0.0,0.0,1617550.0,0.0,0.0,0.0,0.0,0.0,0.0,15.957840344831013,0.3167116693019783,0.1908268195327075,0.1219249779620951,3.328398395723575,9.539669861630983,3.100204972618795,0.47222198478844035,0.02042685094299923,0.017831882566762602,0.008611007059129205,-0.04477562440795557,1.480146158722393,0.2842292769130692
安徽省,阜阳市,Medium-sized City,0.0,0.0,0.0,0.0,7908747.5,0.0,0.0,0.0,0.0,0.0,0.0,8.661817525485457,0.4230443138353449,0.3290639343627823,0.2185854733943294,10.831311005113218,,8.847342365391025,0.46692718411432743,-0.023698515308442303,-0.03548946606234188,-0.022012705531213705,-1.6187187363739781,,-3.762035761822913
安徽省,马鞍山市,Medium-sized City,800.0,0.0,0.0,0.0,2290769.5,800.0,0.0,800.0,3.49227628532683,0.0,3.49227628532683,29.432055545303054,0.2464718964117104,0.1151794143836889,0.0664560263552381,0.0,4.680272792610932,2.4128742276531727,4.465101123305985,-0.0217610933477842,-0.0264212257790766,-0.01893225368445349,-0.0200282144190899,-0.6989247774352139,-0.2642245206495657
安徽省,黄山市,Small City,0.0,0.0,0.0,0.0,1413453.0,0.0,0.0,0.0,0.0,0.0,0.0,10.405722773550082,0.2917896726545986,0.2036165992567371,0.1557830997771967,11.21393218940862,,3.38733048367928,0.022769568257450246,0.0009114107716340913,0.0014120014560113081,0.0012573536010904995,0.1289419487075918,,-0.009095168962918176
山东省,东营市,Medium-sized City,0.0,0.0,0.0,0.0,2112945.0,0.0,0.0,0.0,0.0,0.0,0.0,18.500153310107688,0.2254819300598103,0.118007391974576,0.0819716484317366,3.381957476080059,4.434255465845728,2.181347750450849,0.35075399932631157,-0.0025102724325248016,-0.003282608995766087,-0.003032079816430097,-0.39142884301216707,-0.11822244271554538,-0.07945878091634917
山东省,临沂市,Type II Large City,0.0,220.0,0.0,0.0,10430270.0,0.0,220.0,220.0,0.0,0.21092454941243133,-0.21092454941243133,6.709085173640691,0.3108774436219657,0.1767958969854331,0.1074675266008301,1.8951841359773367,6.603822909646468,3.654532694628988,0.2432852343966765,-0.011065674714455298,-0.011852400568697102,-0.008142626956167492,-0.4509078716986139,-0.6361264483742994,-0.33249955429430145
山东省,威海市,Medium-sized City,0.0,0.0,0.0,0.0,2895061.0,0.0,0.0,0.0,0.0,0.0,0.0,18.51053810119629,0.3188131236029385,0.167793227996594,0.0902936386105388,0.0306582065190589,5.906347851314911,4.102114466129672,-0.11746216513641627,0.001840089290915392,0.0011614888798283929,0.00033576386675579495,-0.0251124473918582,0.07432119346427513,-0.007086633565068112
山东省,德州市,Medium-sized City,0.0,0.0,0.0,0.0,5789667.5,0.0,0.0,0.0,0.0,0.0,0.0,8.832557594074922,0.4555030139112381,0.3604554693185861,0.2046925612528438,5.166924743648607,30.112273190431093,5.47900810875899,0.8510946853691888,-0.01298064015658762,-0.01909973972760004,-0.008469555939092405,-0.3140035072071061,-6.5537862213763525,0.3602560600193705
山东省,日照市,Medium-sized City,0.0,300.0,0.0,0.0,2913050.0,0.0,300.0,300.0,0.0,1.0298484406378194,-1.0298484406378194,10.310255440398777,0.2078039851199383,0.0776897653772331,0.0438771303465426,0.0766961308207068,2.756486984632029,2.0295440732826777,0.9803531509732615,-0.016420195837709484,-0.015227410767651994,-0.010527253176721402,-0.3318192835868891,-0.6300869814980912,-0.10137387595208258
山东省,枣庄市,Type II Large City,0.0,280.0,0.0,0.0,3881520.0,0.0,280.0,280.0,0.0,0.7213668871988294,-0.7213668871988294,15.739495255364703,0.1624364666891519,0.0506554444277371,0.0285523553482468,0.0,2.406681764250872,1.691628484837211,0.4940353342251509,-0.001513258756989988,-0.000504933569968502,-0.0002678941361548004,-0.0118720952080094,0.01033487454869153,-0.015642333743056014
山东省,泰安市,Type II Large City,0.0,0.0,0.0,0.0,5730563.0,0.0,0.0,0.0,0.0,0.0,0.0,8.747967015779935,0.371146719065319,0.2315961527307332,0.1274122824737352,1.712286173260409,8.982216114366164,3.1900187583838915,0.5630011904295671,-0.0366712839213717,-0.0467363628793403,-0.024998998184820098,-0.6954559697440763,-3.1247915664475503,-0.7746197650572655
山东省,济南市,Super City,16.0,0.0,0.0,0.0,8445205.5,16.0,0.0,16.0,0.018945660943360112,0.0,0.018945660943360112,29.525569370814733,0.2583434214512521,0.1258607816392211,0.0724578836071223,0.0596675637289296,4.230113186024329,2.689198466131133,-0.6487363472186658,-0.005778932039631368,-0.009583418538028798,-0.0094200640753941,-0.8297178994681014,-0.26159756240165866,-0.10375242512924165
山东省,济宁市,Type II Large City,0.0,84.0,0.0,0.0,8360998.0,0.0,84.0,84.0,0.0,0.10046647541358102,-0.10046647541358102,15.099383660227382,0.3138360002215603,0.1942442287756591,0.1286328330266224,4.240895753898818,10.8806499702369,3.804928537926457,0.03533790155263539,-0.007385232605760017,-0.010777608070198896,-0.011560576858328092,-2.4714296321126996,-1.7028500398835398,-0.12939709443588443
山东省,淄博市,Type II Large City,1000.0,0.0,0.0,0.0,4702798.0,1000.0,0.0,1000.0,2.1263936915853074,0.0,2.1263936915853074,14.694797837764632,0.2145660048482741,0.0884495361512953,0.0517170618501044,0.2704005532396593,3.5025164911980053,1.8343200522865863,1.3380590596083088,0.0031490086766969017,0.003061148611321507,0.0014070917590175008,-0.2270818924721481,0.3015708890411801,0.03597260419318493
山东省,滨州市,Medium-sized City,0.0,170.0,0.0,0.0,3901575.0,0.0,170.0,170.0,0.0,0.43572147145703977,-0.43572147145703977,13.31879239527674,0.3223629566484466,0.191891706910092,0.1250661353087119,4.96325702276729,7.968828146502658,3.5236733411566856,0.34560380427332404,0.007732226316533586,0.0064982743672190035,0.0027379071028169055,-0.002172458921427811,-0.39412689514522103,0.24960162725740975
山东省,潍坊市,Type II Large City,3000.0,0.0,0.0,0.0,9476795.5,3000.0,0.0,3000.0,3.1656270307827152,0.0,3.1656270307827152,12.938920287109127,0.3706159807268959,0.2347564569645528,0.1344191419365989,1.1543251405499642,10.77573330836051,5.048091721299159,2.2952595990546207,0.030560903074025092,0.034630106928204896,0.018249650219692506,-0.011436944661101345,2.6510232819472783,0.9425124958229603
山东省,烟台市,Type II Large City,0.0,0.0,0.0,0.0,7193977.0,0.0,0.0,0.0,0.0,0.0,0.0,4.499399585723877,0.535720697368804,0.5006605062729554,0.260179383334131,0.391075593885343,20.65111228758577,13.816573947029177,0.0716149520874021,-0.0021942256274389838,-0.005481402961297954,-0.0024752459985786235,0.028358727460552624,-0.2033376994150018,-0.1154008927954635
山东省,聊城市,Type II Large City,0.0,0.0,0.0,0.0,5971558.5,0.0,0.0,0.0,0.0,0.0,0.0,11.776972419337222,0.3004462586482421,0.1716424989189026,0.113305444225493,4.3743469137385365,7.501473609952892,2.784060963229169,-1.3873615486056163,0.0013049325981430715,-0.00802608641668101,-0.010183369128460601,-1.3669249385050009,-1.664428811415772,-0.12661679813260607
山东省,菏泽市,Medium-sized City,0.0,0.0,0.0,0.0,8678955.5,0.0,0.0,0.0,0.0,0.0,0.0,6.391368563161204,0.3263391207761864,0.1916006071920917,0.1217059252577344,4.445336206909442,7.453987908678727,2.9170214838512525,-0.34043620332902247,-0.0015706801985037044,-0.007565246427478883,-0.008337069647673515,-0.5292364782283974,-3.126621566947689,-0.2975808927247865
山东省,青岛市,Super City,0.0,0.0,0.0,0.0,8951075.5,0.0,0.0,0.0,0.0,0.0,0.0,18.803590366814227,0.3304663268034633,0.2022171333261629,0.118050580741958,0.0336266716721891,12.364761333586523,4.738009851383897,-0.03435420544656864,-0.006003356671314741,-0.008701679053162104,-0.004931435058562,0.0327314219344414,-0.5237524403558851,-0.4350714539585461
山西省,临汾市,Medium-sized City,0.0,0.0,0.0,0.0,4490700.5,0.0,0.0,0.0,0.0,0.0,0.0,6.69301375746727,0.4530690822086127,0.4154109299780285,0.2969583441374279,21.702396012344057,,,-0.03191267872485959,0.0017213738025089742,0.0019346528583040756,0.00034828191516528273,-0.11075395604565941,,
山西省,吕梁市,Small City,0.0,0.0,0.0,0.0,3888268.0,0.0,0.0,0.0,0.0,0.0,0.0,5.269158518832663,0.5389307754550874,0.5455099583633418,0.347502987699582,24.735653725442376,,,-0.05740912525019137,0.002467897433131472,0.006481396602908918,0.0014829220350202066,-0.037615238717361166,,
山西省,大同市,Type II Large City,0.0,0.0,0.0,0.0,3453810.5,0.0,0.0,0.0,0.0,0.0,0.0,15.88745849233278,0.4141640198678852,0.4001586144925814,0.2927904520759276,21.167923716860813,,,-0.1694518757796395,0.0032866082530657037,0.00697554606147921,0.004177030923611991,0.0833590443240908,,
山西省,太原市,Type I Large City,0.0,0.0,158.0,0.0,4367221.5,0.0,-158.0,-158.0,0.0,-0.3617860921411932,0.3617860921411932,43.29860730864792,0.1137084307051965,0.0550206904622501,0.0428548248465651,2.327278678467404,1.7773877263113749,1.2674843146059005,-0.4544490763428257,0.0011124247606838916,6.017230764790438e-05,-0.00010939329784540042,-0.2235865429750583,-0.0027347766905714277,0.006407073487589399
山西省,忻州市,Small City,0.0,0.0,0.0,0.0,3189224.0,0.0,0.0,0.0,0.0,0.0,0.0,0.2591340484918383,0.768826832912641,1.1828249554141463,0.6165455379228787,47.17737290979112,,,-0.021069847679158593,8.413847501576033e-05,0.0002934090838406789,0.00043677279163734095,0.0496677552970155,,
山西省,晋中市,Medium-sized City,0.0,0.0,0.0,0.0,3375340.5,0.0,0.0,0.0,0.0,0.0,0.0,4.597901344299316,0.5762903833524073,0.5835887394890412,0.3316066529907829,13.204023383677384,,19.007887560060464,-0.14311717106745903,0.004686931106193448,0.00824190958149551,0.002188719330745492,0.04934182510878493,,0.08211321863809218
山西省,晋城市,Medium-sized City,0.0,0.0,0.0,0.0,2371236.5,0.0,0.0,0.0,0.0,0.0,0.0,13.194464529812503,0.3062529878642799,0.1811232524290975,0.1210413054998874,5.12231151053,9.065539139758346,2.7865822243646323,-0.039568941198540486,3.7123806145178406e-05,0.0006587998723562027,0.0006671739152716016,0.04846766792946777,0.14010296616144657,-0.0640295089847549
山西省,运城市,Medium-sized City,0.0,0.0,0.0,0.0,5340949.0,0.0,0.0,0.0,0.0,0.0,0.0,3.909204009412988,0.4634659635219604,0.4129938724703903,0.2868140231553718,19.249887673041457,,216.6384631252414,-0.02136686596056503,-0.0003733730963373927,-7.577218825965959e-05,6.166570051729936e-05,-0.10105389140466414,,-10.351222383932793
山西省,长治市,Type II Large City,0.0,0.0,0.0,0.0,3468224.5,0.0,0.0,0.0,0.0,0.0,0.0,19.21890881642159,0.3217406319233004,0.2321688693255282,0.1675676122425278,8.388395867697948,65.87709192026489,4.922297057618258,0.08833905237242234,-0.0007213664188181479,0.0001537902770593902,0.00019732675352301943,0.07968655944097058,-7.096724272666577,0.0069639466809316986
山西省,阳泉市,Medium-sized City,0.0,0.0,0.0,0.0,1420347.0,0.0,0.0,0.0,0.0,0.0,0.0,14.436589722228206,0.1314277734746122,0.0488767592674121,0.0333241146677071,1.2815647248167437,1.7935925519726226,1.2965674452442435,-0.03249667909648046,-7.185801561260252e-05,0.0010035924421461992,0.0011177800749469988,0.06632221234693092,-0.0016697634879894174,-0.009247481049816875
广东省,东莞市,Super City,0.0,0.0,0.0,0.0,8548112.0,0.0,0.0,0.0,0.0,0.0,0.0,21.50166031182346,0.1627941628699765,0.0418449273189543,0.0213820746411874,0.0,2.1534165957842277,1.7397683470919776,0.3612676946935274,-0.0035707447391203073,-0.0019772330302605043,-0.0010017315048293021,0.0,-0.023261163889844116,-0.07442261641475234
广东省,中山市,Type II Large City,0.0,0.0,0.0,0.0,3248652.0,0.0,0.0,0.0,0.0,0.0,0.0,22.720051143353228,0.0950093046170271,0.0179821441849204,0.0098463578727218,0.0002765463782103,1.5288891149633344,1.2701440863143636,-0.677965241591437,-0.010804972732036608,-0.0034867390832117005,-0.001913334718119001,-9.849620161999804e-07,-0.09666205476594003,-0.05603947170375689
广东省,云浮市,Small City,0.0,0.0,0.0,0.0,2465154.0,0.0,0.0,0.0,0.0,0.0,0.0,10.59918178526616,0.2487865206008945,0.1155050198305645,0.071867691065545,2.0029665479804515,4.299661983210291,2.361548300641682,0.6211388125459152,-0.05149195431339959,-0.0540225872826824,-0.036589253685718304,-1.3326953238475245,-2.901977101715085,-0.7218551821433796
广东省,佛山市,Super City,0.0,0.0,0.0,0.0,7481938.5,0.0,0.0,0.0,0.0,0.0,0.0,31.16264579705476,0.1115470097520361,0.0281403034824534,0.0161196349577181,0.0840400713306615,1.7016700468079011,1.3001983451472643,0.4063400660113494,-0.004386945452187999,-0.0011593510223757014,-0.00034278224865789964,0.0817371094673083,-0.012541137829367166,-0.01878864502088695
广东省,广州市,Mega City,0.0,208.0,80.0,0.0,13218727.0,0.0,128.0,128.0,0.0,0.09683231978389446,-0.09683231978389446,35.08210596682245,0.1088176834159323,0.0313511774111285,0.0186520134527732,0.0497273303597623,1.6951272678608067,1.302977874122783,-0.5383191562956213,-0.004918840664923305,-0.002342824578181503,-0.0013471903738433016,-0.0016775740910020959,-0.07880685138061616,-0.026273356825669225
广东省,惠州市,Type II Large City,0.0,0.0,0.0,0.0,4790551.0,0.0,0.0,0.0,0.0,0.0,0.0,10.063736562241507,0.2702858840262865,0.1504025898283835,0.1012715587117055,3.725598510202351,6.567476250049868,2.589739199774849,0.24079044191180365,-0.007747936169196168,-0.016878895423034806,-0.018369951251337197,-2.511189351767624,-3.629355121360426,0.042936614631988945
广东省,揭阳市,Medium-sized City,0.0,0.0,0.0,0.0,6115357.0,0.0,0.0,0.0,0.0,0.0,0.0,8.156103749429025,0.1864420415631456,0.066996400021998,0.0389916521148596,0.3861435577147993,2.683740181656793,1.7661513343079005,-0.1548336903479175,-0.009132582550383822,-0.006104547464601595,-0.0032142061063431954,0.0017382956906679126,-0.21907649845533017,-0.04860020897671058
广东省,梅州市,Medium-sized City,0.0,0.0,0.0,0.0,4412709.5,0.0,0.0,0.0,0.0,0.0,0.0,9.014130619439213,0.4353013699228214,0.3747252025020511,0.2654349423356592,16.902772119234854,,52.47334765156679,-0.026395942083539126,0.001555767198318625,0.0024285435922630216,0.0012030596793788928,0.23345686651206776,,-6.174277202833942
广东省,汕头市,Type II Large City,0.0,0.0,0.0,0.0,5600834.5,0.0,0.0,0.0,0.0,0.0,0.0,8.485641753844039,0.0962311283663498,0.0180957390117694,0.0101333367272228,0.0168247312142251,1.5423951207165685,1.3289882330896958,0.06527301108896033,0.005990056986250797,0.0015285519046551004,0.0008701157061416012,-2.4133928853403014e-05,0.0671338662330292,0.036040945373601474
广东省,汕尾市,Small City,0.0,0.0,0.0,0.0,3028385.0,0.0,0.0,0.0,0.0,0.0,0.0,2.591915409467373,0.278073556612565,0.1385040194807594,0.080335436401968,0.7697028909263991,4.667981661029878,2.180260678783688,-0.003914352933303444,-0.015320902509288803,-0.01417570047412739,-0.008860110302914906,-0.4207362817899932,-0.22626518450871824,-0.19295513648669482
广东省,江门市,Type II Large City,0.0,0.0,0.0,0.0,4625968.5,0.0,0.0,0.0,0.0,0.0,0.0,7.703358973551524,0.3914885962326611,0.2537298996164062,0.1419816335085305,2.064440227474685,9.329691352377328,4.590863602555261,0.14411374072303484,-0.009084611645023999,-0.011984534885242315,-0.006803759115836416,-0.19637894618799168,-1.1163047164831443,-0.353347710100711
广东省,河源市,Medium-sized City,0.0,0.0,0.0,0.0,3059134.0,0.0,0.0,0.0,0.0,0.0,0.0,2.766696362456014,0.5624085043251016,0.6002757531762888,0.3964126707070713,29.159332838646645,,,-0.1541789048264235,1.8134999904328986e-05,-0.002476314047291428,-0.0036507700328574644,-1.2240837488265264,,
广东省,深圳市,Mega City,800.0,1031.0,0.0,0.0,10632443.5,800.0,1031.0,1831.0,0.7524140617347272,0.9696736220606298,-0.21725956032590255,16.15204070665788,0.0710294926183906,0.0101657796347891,0.0052762521629073,0.0,1.3534807915938194,1.1642826861702775,1.0465520359105351,0.000590367847133802,-0.0006788719385954003,-0.0006640758495062996,0.0,0.016208912299513045,0.008839722762950641
广东省,清远市,Medium-sized City,0.0,0.0,0.0,0.0,3853465.0,0.0,0.0,0.0,0.0,0.0,0.0,2.682935355256213,0.6306949377405131,0.7492581888987203,0.4714445237443244,36.88910717861479,,,0.4625232580622347,-0.01410571797921678,-0.036343328879797965,-0.015958581830385843,-1.4650882091766064,,
广东省,湛江市,Type II Large City,0.0,340.0,0.0,0.0,7233243.0,0.0,340.0,340.0,0.0,0.47005195318337845,-0.47005195318337845,9.73928019668048,0.4837036568592493,0.471764726245835,0.3365942506858372,26.569534683675183,,,0.7408532642407266,-0.000491026304391573,0.002062203976183008,0.0022201632472022004,0.2212323781047303,,
广东省,潮州市,Medium-sized City,0.0,0.0,0.0,0.0,2761806.5,0.0,0.0,0.0,0.0,0.0,0.0,6.048458926879282,0.2825248027105705,0.170814553769742,0.1147052571176372,2.1945520228863478,14.22515423415278,2.846524950542604,-0.13111016813480791,0.006105997785384232,0.007781366789802097,0.005336516021846996,0.026426832908336362,4.260799752531936,0.13159094454180575
广东省,珠海市,Type II Large City,0.0,100.0,0.0,0.0,1590151.5,0.0,100.0,100.0,0.0,0.6288708968925287,-0.6288708968925287,16.785527390880077,0.139936948821434,0.0424475278393259,0.0239959850509788,0.1318934908270933,2.212261528780046,1.5649483356292428,0.23577902108377202,-0.0009555429873470966,-0.001898111464286499,-0.0012653484936961008,0.03248258548857651,-0.011771138865622088,0.009935771409362415
广东省,肇庆市,Medium-sized City,0.0,0.0,0.0,0.0,4067285.5,0.0,0.0,0.0,0.0,0.0,0.0,3.2672342975934345,0.5815841908510152,0.6754899913949493,0.4482661940757969,35.63102955050367,,,0.6350802454476554,-0.011677118196940506,-0.052389300206319156,-0.03510328985148714,-4.2027411742771505,,
广东省,茂名市,Medium-sized City,0.0,0.0,0.0,0.0,6050231.5,0.0,0.0,0.0,0.0,0.0,0.0,12.206609449451571,0.3299263183315327,0.2244884261793637,0.1581246404629903,7.876462923004886,31.06189557310714,4.085609010775253,-0.13411815914859737,-0.007593196811573,-0.013293711728506685,-0.010494854046442709,-1.0311567880265757,-51.74147155360993,-0.8516932326311215
广东省,阳江市,Medium-sized City,0.0,0.0,0.0,0.0,2521657.0,0.0,0.0,0.0,0.0,0.0,0.0,7.987367630004883,0.2632234151556134,0.1438891474256437,0.1007005788113721,4.838537924536891,4.994481296008432,2.417776308493948,0.11463274878840313,-0.007838106591957272,-0.005874328796097478,-0.002935740780814211,0.027318698570043765,-0.16347931199154786,-0.260374641014697
广东省,韶关市,Medium-sized City,0.0,0.0,0.0,0.0,2939396.0,0.0,0.0,0.0,0.0,0.0,0.0,12.536250846110358,0.4959775168407556,0.5019237957469386,0.3539770403067035,26.18146054938196,,,0.4770019044725622,-0.0035936701934395354,-0.005430995725362431,-0.002628232393928398,-0.50973090688478,,
广西壮族自治区,北海市,Medium-sized City,0.0,0.0,0.0,0.0,1586156.5,0.0,0.0,0.0,0.0,0.0,0.0,14.945341555277508,0.3293720448148322,0.2348380175639722,0.1645451267959192,8.264374892203257,36.90564197686178,4.244670230655424,-0.11254742940266738,0.0029873405188063917,0.006234383386294923,0.005490464329153011,0.33351786661404237,15.981306059654429,0.2280515625753301
广西壮族自治区,南宁市,Type I Large City,550.0,300.0,0.0,0.0,6914114.5,550.0,300.0,850.0,0.7954742433033182,0.4338950418018099,0.3615792015015083,24.97171118646605,0.4787430544655622,0.5052192465006391,0.3471580510415316,20.063374895075395,,,-0.4279806127646957,0.008643878727938092,0.018543609382519477,0.009805175580757775,0.11264300915591363,,
广西壮族自治区,崇左市,Small City,830.0,0.0,0.0,0.0,2081377.0,830.0,0.0,830.0,3.987744651737768,0.0,3.987744651737768,3.0149385929107666,0.6342629699741791,0.7565506774253047,0.4690308394347608,37.053044941659344,,,3.0149385929107666,-0.2813052709092039,-1.4972213111152115,-0.4157423699974608,-48.791743915875024,,
广西壮族自治区,来宾市,Small City,0.0,0.0,0.0,0.0,2198234.5,0.0,0.0,0.0,0.0,0.0,0.0,1.1580789524212218,0.7000844649308631,0.918970941951936,0.5130522845921734,32.50533571889163,,,-0.021855871091809087,0.000631267717316808,0.0017329534707141159,0.0005743505021268414,0.23606342654166923,,
广西壮族自治区,柳州市,Type II Large City,0.0,0.0,0.0,0.0,3899631.5,0.0,0.0,0.0,0.0,0.0,0.0,26.366805224805265,0.4251345547134919,0.4380212450430646,0.3339084478883838,28.704896140268428,,,-0.38180038159849516,0.00204589258857385,0.0022169316738818168,0.0010198410724800988,-0.07387312401524326,,
广西壮族自治区,桂林市,Type II Large City,0.0,320.0,0.0,0.0,4938167.0,0.0,320.0,320.0,0.0,0.6480137265507626,-0.6480137265507626,2.510938361338797,0.6028649401842127,0.7631776160487752,0.503743564227745,43.0850698248698,,,1.4472688131551175,-0.005170321813568024,-0.025276689366132365,-0.015618113474238249,-1.8153903947194152,,
广西壮族自治区,梧州市,Medium-sized City,0.0,0.0,0.0,0.0,2997780.5,0.0,0.0,0.0,0.0,0.0,0.0,8.99053466651312,0.5417492961310076,0.5476967289430161,0.3557928083682695,22.933023343165377,,,-0.42396103991258016,0.00586331630432968,0.011521838024569853,0.006472944723399376,0.6151271676172065,,
广西壮族自治区,河池市,Small City,900.0,0.0,0.0,0.0,3510725.5,900.0,0.0,900.0,2.5635726860445227,0.0,2.5635726860445227,0.0,0.7234323863756387,1.0675345270235528,0.6217740088226498,56.58018871948151,,,0.0,-0.045115039542609425,-0.19756238313224195,-0.07407032484120357,-8.815468559690743,,
广西壮族自治区,玉林市,Medium-sized City,0.0,0.0,0.0,0.0,5677806.0,0.0,0.0,0.0,0.0,0.0,0.0,4.9051847083974645,0.5424860417054134,0.5230355610596638,0.3272920855117935,20.41079578409346,,,0.04062889213283505,-0.0012323463130410328,-0.0025806583290890472,-0.001735741848745087,-0.17400676013724947,,
广西壮族自治区,百色市,Small City,0.0,0.0,0.0,0.0,3598162.0,0.0,0.0,0.0,0.0,0.0,0.0,0.0,0.7745140823405591,1.2747781685268311,0.6962944463162567,63.438409612723454,,,0.0,-0.003073940797316821,-0.01773111071380784,-0.006707821787043211,-2.277471813916584,,
广西壮族自治区,贵港市,Medium-sized City,0.0,0.0,0.0,0.0,4289298.0,0.0,0.0,0.0,0.0,0.0,0.0,0.521739087557133,0.6332693824893334,0.8313410884905434,0.5328719601121629,45.20135576117043,,,-0.08934855701485034,0.002422354458738063,0.005393052278201194,0.0012886704497722112,-0.7784876365286877,,
广西壮族自治区,贺州市,Small City,1500.0,0.0,0.0,0.0,2038743.5,1500.0,0.0,1500.0,7.357472874836878,0.0,7.357472874836878,10.181796151189948,0.3995680259838086,0.331704596446984,0.2380853093743749,15.897338725116494,,20.993259520385305,7.664695326819288,-0.03961653186292413,-0.06309500585053057,-0.022451275020392514,-1.1880419895342378,,9.474077582957113
广西壮族自治区,钦州市,Medium-sized City,0.0,0.0,0.0,0.0,3206306.5,0.0,0.0,0.0,0.0,0.0,0.0,2.360404253005981,0.663492873286895,0.8465828965990827,0.5150349536290202,39.12391033623911,,,-0.22969484329223677,0.0012644786259656815,0.003141474858812998,-3.286632124677169e-06,-0.7988482103268097,,
广西壮族自治区,防城港市,Small City,0.0,0.0,0.0,0.0,868011.0,0.0,0.0,0.0,0.0,0.0,0.0,8.875359549056887,0.4903499533807026,0.4396518797121362,0.2780467388564271,13.821435428040637,,12.889349664295958,1.878556574436117,-0.024439942643455115,-0.05217181000305221,-0.03610979541778869,-4.147122453097207,,-46.60010398220673
新疆维吾尔自治区,乌鲁木齐市,Type I Large City,0.0,600.0,0.0,0.0,3239034.0,0.0,600.0,600.0,0.0,1.8524041427166247,-1.8524041427166247,59.84411922110439,0.0513663347039303,0.0134099481602509,0.0089954014671466,0.2548082420049599,1.26472101687196,1.06959965245579,2.8898698285475106,-0.001460848867424494,-0.0008829076520639988,-0.0006197237567554005,-0.037279501846088914,0.008700912216824674,-0.004670418758875083
新疆维吾尔自治区,伊犁哈萨克自治州,Small City,0.0,0.0,0.0,0.0,2397905.5,0.0,0.0,0.0,0.0,0.0,0.0,19.924559590462863,0.5264493558771596,0.6062576169185364,0.4349192592854557,40.01001827523275,,,-0.7490475421887268,0.009216516125669427,0.012889780823506336,0.0053876062739297015,0.10762916822414326,,
新疆维吾尔自治区,克孜勒苏柯尔克孜自治州,Small City,0.0,0.0,0.0,0.0,550382.0,0.0,0.0,0.0,0.0,0.0,0.0,6.572056425942315,0.5932546954275971,0.6963439236716328,0.4511830813832476,36.170609794319645,,,1.4689379130008717,-0.021803940182639647,-0.06695032580377802,-0.033096823935727604,-2.8010570150850285,,
新疆维吾尔自治区,克拉玛依市,Small City,0.0,0.0,0.0,0.0,348552.5,0.0,0.0,0.0,0.0,0.0,0.0,38.45518426707924,0.1032607896447367,0.0517561638078315,0.0443906631784977,3.2051685920970483,1.3166893748727948,1.293340586210877,-0.3867008141700694,-0.0043650989667921025,-0.003169052737817403,-0.0035095096040652987,-0.7161464266285749,-0.019836341197594587,0.012426342111133915
新疆维吾尔自治区,博尔塔拉蒙古自治州,Small City,0.0,0.0,0.0,0.0,420833.5,0.0,0.0,0.0,0.0,0.0,0.0,10.58353297741382,0.560887835225051,0.7004715887112904,0.4781348679984339,42.54302714922476,,,0.10934610213084106,0.0078023874018754436,0.02382747738005009,0.0169929761002226,2.9613121663574375,,
新疆维吾尔自治区,和田地区,Small City,0.0,0.0,0.0,0.0,2054519.0,0.0,0.0,0.0,0.0,0.0,0.0,5.9554114353686645,0.5684841974257258,0.6987203043182315,0.4867750610441829,46.14035011002584,,,-0.20535796528988115,0.0018549230041010611,0.005530364740768956,0.003229496132909404,0.39307515311699603,,
新疆维吾尔自治区,喀什地区,Small City,600.0,0.0,0.0,0.0,4138802.5,600.0,0.0,600.0,1.4496946882582582,0.0,1.4496946882582582,0.0,0.7680487174588093,1.3091855893974813,0.7133384155807796,67.92674163385435,,,0.0,-0.004311541829682075,-0.015040586509461606,-0.003733857187704581,-0.3956294461256533,,
新疆维吾尔自治区,塔城地区,Small City,0.0,0.0,0.0,0.0,1389863.5,0.0,0.0,0.0,0.0,0.0,0.0,18.35100837560365,0.5528331146220481,0.60433201510195,0.4134551099929697,33.16801673229053,,,0.6708830458615296,-0.0012182225297138194,-0.006638609440995702,-0.00530127927149171,-1.2037691856062693,,
新疆维吾尔自治区,巴音郭楞蒙古自治州,Small City,0.0,0.0,0.0,0.0,1247416.5,0.0,0.0,0.0,0.0,0.0,0.0,15.121588920724802,0.5049105367932061,0.5763008056932771,0.4162440761374462,37.69121311989705,,,0.37330369072398817,-0.0030108393981145287,-0.0050490547231446525,-0.0023766072455391196,-0.14166557466197816,,
新疆维吾尔自治区,新疆维吾尔自治区,Small City,660.0,500.0,0.0,0.0,1077223.0,660.0,500.0,1160.0,6.126865096642013,4.6415644671530405,1.4853006294889726,15.986253540426215,0.563247369400467,0.6350241126824338,0.4294975956200844,36.35790899497567,,,0.11459822734969194,0.00983316634965592,0.012204658917099542,0.0013040518172819926,-0.6672393867082462,,
新疆维吾尔自治区,昌吉回族自治州,Small City,0.0,0.0,0.0,0.0,1488610.0,0.0,0.0,0.0,0.0,0.0,0.0,5.784672101338704,0.5920832524083911,0.7504802100373099,0.5079037688766377,46.32428677188503,,,2.438764413197835,-0.003801706586151865,-0.012700927540902796,-0.0073389059813628865,-1.1800403621390316,,
新疆维吾尔自治区,阿克苏地区,Small City,0.0,0.0,0.0,0.0,2468065.5,0.0,0.0,0.0,0.0,0.0,0.0,0.0,0.7632301409697556,1.310658737606521,0.7188716050199885,69.61657978278288,,,0.0,-0.0051190907046233525,-0.020997268968612204,-0.005230008506361794,-0.5286991786381492,,
新疆维吾尔自治区,阿勒泰地区,Small City,0.0,0.0,0.0,0.0,559138.5,0.0,0.0,0.0,0.0,0.0,0.0,0.0,0.7524429133814956,1.2263792333594294,0.6869831897342349,65.13754753021405,,,0.0,-0.0024496022207377566,-0.009478110919577398,-0.0022507168969756464,-0.04529375290907467,,
江苏省,南京市,Super City,0.0,0.0,0.0,0.0,8289445.5,0.0,0.0,0.0,0.0,0.0,0.0,34.1828926249823,0.1474623344454353,0.076550653197284,0.0562768007507383,1.521606508963384,2.341293627637631,1.3930412778272885,0.036469009796739726,0.0008277717551692099,0.00014603505002699912,2.7869564164020866e-06,-0.0993926411039352,0.00468574154667456,0.014800739576210642
江苏省,南通市,Type II Large City,500.0,390.0,0.0,0.0,7582111.0,500.0,390.0,890.0,0.6594469534935588,0.5143686237249758,0.14507832976858293,7.50496277664647,0.424525257466794,0.3348984911161028,0.2221010652552021,9.818558494794893,1132.963565719888,10.763165956671676,0.7426272059173211,-0.017930090676124832,-0.035105638954692764,-0.028792155776500378,-3.241296913189087,,-7.82058975620634
江苏省,宿迁市,Medium-sized City,1636.0,0.0,0.0,0.0,4855829.5,1636.0,0.0,1636.0,3.369146301368283,0.0,3.369146301368283,4.371589079949359,0.4480646427101562,0.367976042492829,0.2444386232509902,13.303729608809004,,13.451442280095602,2.3131741259678384,-0.07241552920075,-0.1070143355106905,-0.04804568548536703,-2.0123479216153797,,-4.691281455944527
江苏省,常州市,Type I Large City,500.0,0.0,0.0,0.0,4765304.5,500.0,0.0,500.0,1.049250892571503,0.0,1.049250892571503,14.455662532654337,0.2100531117854123,0.0934748834097279,0.0557667088549286,0.1422986138401479,3.3574936420361774,2.151248869530862,0.291122014674837,-0.012710967634666781,-0.013961723133465706,-0.009826329149028895,-0.2254451322772892,-0.45121690671360115,-0.21492152478182458
江苏省,徐州市,Type II Large City,0.0,500.0,0.0,0.0,8869260.5,0.0,500.0,500.0,0.0,0.563744857871747,-0.563744857871747,9.209873063223702,0.5507906008695549,0.5721127896362453,0.3576862804494303,18.397412637343344,,295.3152495131704,1.821232030350047,-0.02751649466884798,-0.07439333929880099,-0.04152550604024852,-0.9354853873788862,,-405.62088705619095
江苏省,扬州市,Type II Large City,0.0,181.0,0.0,0.0,4649146.0,0.0,181.0,181.0,0.0,0.38931881253030126,-0.38931881253030126,15.047405353529957,0.3677815329408472,0.2702654930973269,0.1763288396360044,5.705134687779729,23.874145947236347,6.436613097363883,0.7931029746016485,-0.0036470027079832934,-0.004617058306982502,-0.0061984871240128026,-1.3704462728590787,-18.317922193325774,0.3447029635867356
江苏省,无锡市,Type I Large City,0.0,0.0,0.0,0.0,6639709.0,0.0,0.0,0.0,0.0,0.0,0.0,17.794783209875433,0.1823807238950987,0.0674914231925069,0.0380534136945093,0.0001202734416696,3.17259618928686,1.767361479716544,0.7446738633428218,0.0006494513087799136,7.159307815689242e-05,-0.00017449269490750485,-4.282940816999946e-07,0.06455956729391188,-0.008410624825462287
江苏省,泰州市,Medium-sized City,0.0,0.0,0.0,0.0,4799842.5,0.0,0.0,0.0,0.0,0.0,0.0,11.98943468625119,0.2432691813102339,0.1028894504067881,0.0597225835758604,0.8333601962413419,3.525881671424284,2.373479234026896,0.0468383127292995,0.006653234738478397,0.006139810451864999,0.0037278858193961,0.049943517747732535,0.19959043117689834,0.0944187470746165
江苏省,淮安市,Type II Large City,0.0,0.0,0.0,0.0,5021366.0,0.0,0.0,0.0,0.0,0.0,0.0,7.405409177144368,0.3897738611699204,0.3318422651156197,0.2479382133233258,17.498420079688813,,57.59401284354038,-0.026876244653937675,0.003106517610146131,0.00033847038377687877,-0.0010272221528540015,-0.43499125995485244,,-15.297398600022191
江苏省,盐城市,Type II Large City,0.0,0.0,0.0,0.0,7555181.0,0.0,0.0,0.0,0.0,0.0,0.0,3.7620106302212095,0.6084209584904723,0.6929834793019795,0.4354621769070925,29.263338308289438,,,0.18295252802219997,-0.0035336415052369397,-0.00876932542875486,-0.005008417980995217,-0.7934148268432786,,
江苏省,苏州市,Type I Large City,934.0,2.0,58.0,0.0,10778554.5,934.0,-56.0,878.0,0.8665354895222731,-0.05195501864373372,0.9184905081660069,12.43011872730558,0.207631099654175,0.0752501301835171,0.0415942468353466,0.1064479843137864,2.849505196303544,2.105076456961913,0.9698081052127989,-0.008247289530276092,-0.0058789110938304995,-0.0033291233706915987,-0.012685639687744499,-0.16841977279884945,-0.05616080150324443
江苏省,连云港市,Type II Large City,0.0,0.0,0.0,0.0,4567168.5,0.0,0.0,0.0,0.0,0.0,0.0,14.048788922494063,0.281034983367743,0.1619442303784689,0.1107129801407061,4.254939215622419,8.489983196031849,2.699250795385285,-0.147696434978295,-0.019422139902384394,-0.02683395644282771,-0.023019110520046987,-2.0498828685500854,-10.616207026389832,-0.25815020425752255
江苏省,镇江市,Medium-sized City,500.0,12.0,0.0,0.0,3241650.5,500.0,12.0,512.0,1.5424241447373799,0.03701817947369712,1.5054059652636829,20.38984486085312,0.204585131579028,0.0709519670451299,0.0378943520910565,0.0,2.9063818155789414,2.0334753356913304,1.9590177577956034,-0.012263202340310114,-0.005814144092328791,-0.0024793253966392953,0.0,-0.14147522487030262,-0.04054651492308459
江西省,上饶市,Type II Large City,550.0,0.0,0.0,0.0,6838964.0,550.0,0.0,550.0,0.8042153753112313,0.0,0.8042153753112313,3.537645653793544,0.4559929622108143,0.3696669595270903,0.2050993948705829,7.602290783415115,20.273454703614963,3.863401343347175,0.41325791270467693,-0.06827629543435765,-0.134672400123249,-0.09571655873597487,-9.387019909027138,,-15.983569711591574
江西省,九江市,Medium-sized City,0.0,0.0,0.0,0.0,4916885.5,0.0,0.0,0.0,0.0,0.0,0.0,16.98939094423874,0.4839007197357017,0.4847038060758152,0.3527318730965693,29.542394941716005,,,2.0910936343632507,-0.050852537210083204,-0.10186735496211496,-0.06100080278712283,-6.019918990137718,,
江西省,南昌市,Type I Large City,1000.0,792.0,0.0,0.0,5243522.0,1000.0,792.0,1792.0,1.9071151031692057,1.5104351617100111,0.3966799414591946,42.91531294912574,0.191499348028076,0.0932833516969284,0.0613575726155048,0.7826244055833426,3.1434843307842253,1.925092398924012,3.2955399217522157,-0.005119189033360894,-0.006034152385941391,-0.007858850265999695,-1.809841881082923,-0.1420098563767791,-0.029693129171921573
江西省,吉安市,Small City,595.0,0.0,0.0,0.0,5003313.5,595.0,0.0,595.0,1.1892119092677282,0.0,1.1892119092677282,3.516237258911133,0.5955804108930376,0.6848436389653794,0.4505285722395309,36.49427397150952,,,1.20509686858155,-0.006121660611422941,-0.02926163687115446,-0.020681285868232202,-3.387558318761215,,
江西省,宜春市,Medium-sized City,0.0,0.0,0.0,0.0,5645298.0,0.0,0.0,0.0,0.0,0.0,0.0,7.394490054995697,0.4839616679145045,0.4184911578986012,0.2650124614621748,14.141572211574454,,11.886619794481296,0.08686193786134666,-0.010978397240835491,-0.029524780242271786,-0.024415554278782725,-2.0513188744316455,,-15.515557176799954
江西省,抚州市,Medium-sized City,0.0,0.0,0.0,0.0,4070646.5,0.0,0.0,0.0,0.0,0.0,0.0,2.741234059135119,0.512009877519246,0.4989116363143349,0.3325329572262298,23.645061562640773,,,-0.025084839025954153,-0.0015420839284656651,-0.00410803834596174,-0.005303285245723932,-0.8597759951369959,,
江西省,新余市,Medium-sized City,0.0,0.0,0.0,0.0,1183596.5,0.0,0.0,0.0,0.0,0.0,0.0,9.29055406857122,0.1448310929203802,0.0546585267747918,0.0362027872764733,0.8748440790522368,2.2915476840757183,1.490300925650576,-0.7976780376046957,-0.040283779020894694,-0.03748657736348961,-0.030264673372023293,-2.149965145862617,-0.6315038043086747,-0.22176631858154372
江西省,景德镇市,Medium-sized City,0.0,0.0,0.0,0.0,1651253.0,0.0,0.0,0.0,0.0,0.0,0.0,11.792975181642577,0.3636055397036695,0.2666454085627062,0.1782540054186672,6.414151733843715,66.55325492482166,6.01602124466423,-0.3946398148426731,-0.008893896890164399,-0.014170915771373915,-0.014985518827730887,-3.593735084249859,,-0.014188989770783422
江西省,萍乡市,Medium-sized City,0.0,0.0,0.0,0.0,1920401.5,0.0,0.0,0.0,0.0,0.0,0.0,13.68176679578589,0.1894656764311818,0.1110878565357545,0.0823414211219144,3.307390063379341,3.631883395751696,1.6933543741143289,-0.15891601802936783,-0.002629104691936779,-0.0027966851526019104,-0.0027966781768526128,-0.6523071703047156,-0.45536581872151105,-0.10154306441136374
江西省,赣州市,Type II Large City,0.0,0.0,0.0,0.0,8700378.0,0.0,0.0,0.0,0.0,0.0,0.0,0.0,0.7135207197930581,1.0432305531978685,0.6173156034383298,54.10593815398171,,,0.0,-0.005422863877279638,-0.01983026585566039,-0.007536613911311663,-1.4034185283396923,,
江西省,鹰潭市,Small City,0.0,0.0,0.0,0.0,1170400.5,0.0,0.0,0.0,0.0,0.0,0.0,8.401389124364028,0.1569083121296677,0.0568060557793316,0.036809516161956,0.921892057860262,2.3543662179168448,1.5058744041083736,-0.11191754046781632,0.01707712308804188,0.005460280420900097,0.006363435801789399,0.9196666420712793,0.012014940670030949,0.14589887507585542
河北省,保定市,Type II Large City,0.0,200.0,0.0,0.0,11606249.5,0.0,200.0,200.0,0.0,0.17232095518884027,-0.17232095518884027,8.370736856793249,0.4013818946861972,0.3124245869679029,0.2188272438473631,12.727351228690669,,8.110242321959555,0.24939334263376267,-0.00030086093688019844,0.0013652260897240587,0.0015722859120878008,0.10409703663690628,,0.324138600097962
河北省,唐山市,Type II Large City,760.0,0.0,0.0,0.0,7799245.5,760.0,0.0,760.0,0.9744532339698756,0.0,0.9744532339698756,9.18173423409462,0.3885238464845398,0.2694444696107846,0.1694160852887357,5.657124960467051,15.815643838748285,5.793754720269101,0.9636888262576218,-0.0007887909048148734,-0.002723258065082279,-0.0026796652657712916,-0.2630680986328935,-2.5883501716776696,-0.028377946603078463
河北省,廊坊市,Medium-sized City,0.0,385.0,0.0,0.0,4525143.5,0.0,385.0,385.0,0.0,0.8508017480550616,-0.8508017480550616,15.041937098631989,0.3352819545574855,0.2129678506786562,0.1341986760606917,2.639106387287324,14.008646138234464,4.423023888711546,0.9384377539840472,0.002567638509855086,0.002176706178207699,-0.0003528421088524192,-0.49034895611394136,0.2632406112814891,0.19015528047617902
河北省,张家口市,Type II Large City,0.0,0.0,0.0,0.0,4511987.5,0.0,0.0,0.0,0.0,0.0,0.0,1.1001081550150598,0.6887500271740581,0.9296259062529346,0.5485523832875295,42.45513025301927,,,-0.1570046576302353,0.003066374711704678,0.01258862050346099,0.006661931540105748,0.6419698266163607,,
河北省,承德市,Medium-sized City,0.0,0.0,0.0,0.0,3603381.0,0.0,0.0,0.0,0.0,0.0,0.0,1.1000199476877848,0.6668945710837773,0.8879176741510042,0.5503593876488244,47.22804667205757,,,0.2566893510651169,0.0003855602791096313,0.001283865072872592,5.321935352220475e-05,-0.1132083088583613,,
河北省,沧州市,Medium-sized City,0.0,897.0,0.0,0.0,7410219.5,0.0,897.0,897.0,0.0,1.2104904584810208,-1.2104904584810208,10.66772996109376,0.4804964397592274,0.3999629990881752,0.2385828323107059,6.742163784930338,57.34564632354947,12.272902459323486,0.7319811603474964,0.0056930886344535026,0.009837140570774283,0.005145795469756104,0.2022202049405024,-4.89299208497858,1.1791728624014013
河北省,石家庄市,Type I Large City,800.0,800.0,0.0,0.0,10580454.0,800.0,800.0,1600.0,0.7561112216923773,0.7561112216923773,0.0,18.33551524026053,0.3025070906464904,0.1855132917854446,0.1240514412732094,3.749460575447829,11.083194293389283,3.477356959635421,1.5377426810078774,-0.004844887484295901,-0.005995070271082398,-0.004942954874869107,-0.5316318674943252,-0.8703963401691528,-0.09195540885438547
河北省,秦皇岛市,Type II Large City,0.0,0.0,0.0,0.0,3099639.0,0.0,0.0,0.0,0.0,0.0,0.0,9.180642293349738,0.3635678886839205,0.2870248243858194,0.2036528850302522,11.685944861261085,,8.667855820934943,-0.16304270866685755,-0.004822714450549714,-0.006120388129754628,-0.0024851574618798,0.13632944445073214,,-0.7389539347297394
河北省,衡水市,Medium-sized City,0.0,0.0,0.0,0.0,4526649.5,0.0,0.0,0.0,0.0,0.0,0.0,2.714691174796838,0.3996370527959313,0.2986874533565225,0.1954215631630219,10.206911516813047,,5.14961839244086,-0.027386495401967803,-0.010197442238443766,-0.014005079789268293,-0.011667779387731003,-1.0525761969890173,,-0.9119740537795842
河北省,邢台市,Type II Large City,0.0,0.0,0.0,0.0,7386310.0,0.0,0.0,0.0,0.0,0.0,0.0,1.822546402613322,0.5746710518506407,0.5998978171836203,0.3699636821276674,20.172193809461323,,,0.05832099291404158,-0.004359085257193307,-0.008000287395439343,-0.00411054667834343,-0.8196269373086871,,
河北省,邯郸市,Type II Large City,0.0,0.0,0.0,0.0,9520293.5,0.0,0.0,0.0,0.0,0.0,0.0,7.177143359863773,0.4527005972073635,0.3948208869302048,0.2692425314201249,15.339088347825722,,29.21576575843361,0.002610105641906557,-0.0026379148104441197,-0.0065577466684925145,-0.005691283246461398,-0.9729209263317173,,-10.164254804820967
河南省,三门峡市,Small City,1800.0,0.0,0.0,0.0,2331581.0,1800.0,0.0,1800.0,7.720083496991955,0.0,7.720083496991955,20.087762790567734,0.3934149638012507,0.3197664514729014,0.2372153826941321,17.64081816138458,,17.662546821681737,7.918767997658621,0.009915963188089183,0.010646964263094194,0.005716538589525477,0.07050369100364051,,5.645827988562537
河南省,信阳市,Medium-sized City,0.0,0.0,0.0,0.0,6338898.0,0.0,0.0,0.0,0.0,0.0,0.0,0.0,0.7798119183742389,1.3184696520042516,0.7126457007121718,67.71067792833404,,,0.0,-0.00522544178224571,-0.019059106853628327,-0.0037732780101110697,-0.050783254435344816,,
河南省,南阳市,Medium-sized City,0.0,0.0,0.0,0.0,10702959.0,0.0,0.0,0.0,0.0,0.0,0.0,8.921631704516182,0.5716478467903952,0.6115241067930559,0.3987186154612273,28.46798682742931,,,-0.02953630469685642,1.809215803483255e-05,3.4867212106437506e-07,0.0008770961291860724,0.4412128121104324,,
河南省,周口市,Medium-sized City,0.0,0.0,0.0,0.0,9259506.5,0.0,0.0,0.0,0.0,0.0,0.0,2.9246524513260392,0.5189236465718232,0.4944484157444658,0.3281093543828288,22.01383899141491,,,0.022057423233449835,0.006530891773975478,0.004622981376582513,-0.0017326759634379019,-0.5722603126241914,,
河南省,商丘市,Medium-sized City,0.0,0.0,0.0,0.0,7636611.5,0.0,0.0,0.0,0.0,0.0,0.0,1.8638243567523691,0.4511266309431422,0.3967805445177724,0.2739568875419227,19.498242002608563,,70.60734892821192,0.01904017935227431,-0.00028302125448648185,0.0010603106455336908,-0.0028694703459355986,-0.35981726796337554,,-437.63199915742587
河南省,安阳市,Medium-sized City,0.0,0.0,0.0,0.0,5395068.0,0.0,0.0,0.0,0.0,0.0,0.0,10.78326284291432,0.3417673322223509,0.2153858850115571,0.1327352775639354,2.0545591834310484,10.969441397867843,4.531371018023364,-0.9946727391943675,0.009658766382527717,0.0181560035660093,0.015537631140476613,1.0420575888635888,1.9513340771385934,0.5449908194707187
河南省,平顶山市,Medium-sized City,0.0,0.0,0.0,0.0,5099029.5,0.0,0.0,0.0,0.0,0.0,0.0,9.648685730565036,0.2902830971575656,0.1522667346815312,0.0938835179042039,1.7119699488576163,5.809160534100493,2.8350704196520518,0.1447261615009836,0.00611238242537554,0.004596898281983813,0.0025808167850814023,0.17133127674048865,0.5510359998111607,0.0066541309218743905
河南省,开封市,Type II Large City,0.0,0.0,0.0,0.0,4717309.0,0.0,0.0,0.0,0.0,0.0,0.0,9.272913066193258,0.448513999544303,0.3551235385757022,0.2268227311581723,11.036584694897597,,7.723199179160151,1.6759043151795199,-0.04510927712600932,-0.06588142124395746,-0.027753402168571473,-0.12591817730723243,,-2.691451948288597
河南省,新乡市,Type II Large City,0.0,500.0,0.0,0.0,5926679.0,0.0,500.0,500.0,0.0,0.8436427888198432,-0.8436427888198432,17.309973057578592,0.3622317123928312,0.2481765259137717,0.1656049525925537,7.363145298845869,28.298603928936117,3.956464749702492,1.6667644284543641,-0.003064681420650306,0.004889490378326006,0.011690523337549497,2.636030597722659,12.086318132548836,0.018348877803846975
河南省,洛阳市,Type II Large City,0.0,0.0,0.0,0.0,6854933.5,0.0,0.0,0.0,0.0,0.0,0.0,10.547463649656716,0.3386561227139327,0.2561713744572976,0.1854065164259716,10.46014923286618,,5.847010391145185,0.1645351693483601,0.004610099014688895,0.008849217336675791,0.005975920336217216,0.154492747247172,,0.7183907156531202
河南省,漯河市,Medium-sized City,0.0,850.0,0.0,0.0,2651877.0,0.0,850.0,850.0,0.0,3.2052768661593283,-3.2052768661593283,7.865527843717661,0.2679839145488406,0.1129556335856756,0.0556976700119896,0.0,3.627253233838114,2.435641208479029,1.296582146436232,-0.04555921517541661,-0.041082250488320995,-0.0206805418410309,0.0,-0.892484807054255,-0.5995014866416208
河南省,濮阳市,Medium-sized City,0.0,0.0,0.0,0.0,3739051.5,0.0,0.0,0.0,0.0,0.0,0.0,8.497514450065585,0.2912258047897034,0.180779853748174,0.1294144912060748,7.151823643613669,10.922088875960643,3.031961701496518,0.34996116906025065,0.02762305408235599,0.02706003107229682,0.015750253954549695,-0.22032012925188837,5.0080668821470695,0.5968543613147861
河南省,焦作市,Medium-sized City,0.0,162.0,0.0,0.0,3644984.5,0.0,162.0,162.0,0.0,0.44444633440828074,-0.44444633440828074,9.981885103535946,0.3467179766669912,0.199657677503784,0.0945214488321815,0.0092565637389725,5.076589335669929,2.9808308438832403,-0.1767114053076142,-0.0011919182745083745,-0.000534381294147318,-0.0009023481899224084,-0.0254005180412966,0.03323955797043876,-0.03521918270351687
河南省,许昌市,Medium-sized City,0.0,0.0,0.0,0.0,4435947.5,0.0,0.0,0.0,0.0,0.0,0.0,9.33427673922846,0.3484558093804688,0.2005696870854348,0.1086749507175643,0.4181541269935569,6.804749768040749,3.8141387764876815,0.17518331441874402,0.000532912256415774,-0.003594054085597098,-0.0036591627233624885,0.10235126981779291,-0.4909369686232301,-0.32262571466937073
河南省,郑州市,Super City,1320.0,0.0,0.0,0.0,9132223.5,1320.0,0.0,1320.0,1.4454311154342643,0.0,1.4454311154342643,43.02839241161852,0.2122862296639588,0.0930504067807234,0.0538968338097023,0.0012789043309603,3.856725814126707,2.115318399231044,2.0447024384943617,-0.006142775682297791,-0.004317730448284596,-0.003445508568922194,-0.0084293106069438,-0.04584456959178196,0.04117179837133422
河南省,驻马店市,Small City,0.0,0.0,0.0,0.0,7506649.0,0.0,0.0,0.0,0.0,0.0,0.0,4.534812760488298,0.5836330326239804,0.6292350078015986,0.3969267583133696,25.254375,,,-0.2754667275019349,0.02130042690427858,0.04570695278766013,0.024271813931087072,2.5562919930249635,,
河南省,鹤壁市,Medium-sized City,0.0,0.0,0.0,0.0,1639897.5,0.0,0.0,0.0,0.0,0.0,0.0,13.537186342127184,0.2348961237431607,0.0870688253753717,0.0437397198376113,0.0,3.295733745693453,2.164671682354325,-1.1873369823783637,-0.007815011633700991,-0.006161894264796103,-0.004328025881818895,0.0,-0.005507331145226946,-0.06775242913029178
浙江省,丽水市,Small City,0.0,0.0,0.0,0.0,2202346.5,0.0,0.0,0.0,0.0,0.0,0.0,16.95260594861944,0.4748423689142661,0.4516410285969964,0.3204915166392519,24.115471431290963,,,0.24025364356188206,-0.015453761926306986,-0.019877924714679918,-0.00873514454252522,-0.40276496708915843,,
浙江省,台州市,Type II Large City,0.0,0.0,0.0,0.0,6193616.0,0.0,0.0,0.0,0.0,0.0,0.0,7.249090404311714,0.2231841012801043,0.0924367015096915,0.0538793757856929,0.4332794742875712,3.279447292020175,2.116876353950004,-0.18167298105767493,-0.030424846872373623,-0.03167092404912471,-0.024002015406481607,-1.4669259795545324,-0.7809023558238981,-0.3559723399083161
浙江省,嘉兴市,Medium-sized City,0.0,0.0,0.0,0.0,4650901.5,0.0,0.0,0.0,0.0,0.0,0.0,12.378238925409342,0.3419915218754065,0.1831666022367674,0.0929207508710319,0.0,5.611499423333065,3.789206169339412,0.2782640889007624,9.821491789108183e-05,-0.0001878966724163933,-0.0005112930703428109,0.0,-0.10023278835181237,-0.07133281985267192
浙江省,宁波市,Type I Large City,300.0,0.0,0.0,0.0,7866678.5,300.0,0.0,300.0,0.38135535855443947,0.0,0.38135535855443947,12.808866375297807,0.2660569528933056,0.1405757138855657,0.0934242396537835,3.210739841144376,4.072176558140304,2.686699144401421,0.18931425770273513,-0.008353987997599677,-0.013263397046498704,-0.012162026563597897,-1.7669065423170545,-0.5990916898301863,-0.24471939133626996
浙江省,杭州市,Super City,1000.0,1232.0,185.0,0.0,9019804.0,1000.0,1047.0,2047.0,1.1086715409780523,1.160779103404021,-0.05210756242596859,35.51268888781148,0.2534339892798912,0.1759388554312658,0.1303398419003703,5.293211907209039,26.23926260793501,2.72821321320552,1.7443774425319205,-0.002665378190012224,-0.0022470309461345983,-0.001680487473901121,0.022564752811176092,-0.1619690895935122,0.018495518798501642
浙江省,温州市,Type II Large City,0.0,0.0,0.0,0.0,9456028.5,0.0,0.0,0.0,0.0,0.0,0.0,15.265169402957808,0.2402216547461046,0.1490158763871721,0.1120310691849439,6.225348829696873,9.7838877323819,2.237913649173921,-0.13465919275716232,-0.0025947227051129063,-0.003887125493146709,-0.004485678355498693,-0.9876226113390496,-1.8958334964122336,0.008959795411121352
浙江省,湖州市,Medium-sized City,0.0,0.0,0.0,0.0,3002110.5,0.0,0.0,0.0,0.0,0.0,0.0,11.687087175657425,0.3494588733916278,0.2022952446386517,0.1147851615910728,1.8736005437222227,6.801443671230406,3.3496028852120405,0.35921127219619997,0.002485067661432472,0.0014180691820327995,-0.0007780755490243985,-0.012809740837690153,-0.08037799664282463,-0.04017870684053371
浙江省,绍兴市,Type II Large City,0.0,0.0,0.0,0.0,5159562.5,0.0,0.0,0.0,0.0,0.0,0.0,13.516600227156392,0.3744381962082195,0.2339225546241828,0.1274837471898762,0.220480460122367,8.992229586086241,5.394852251748641,0.8559770056053555,-0.0009975765673516102,-0.0008439238648519087,-2.2006242508393337e-05,-0.08662112571162339,0.4180310600955668,0.043926418749845375
浙江省,舟山市,Medium-sized City,0.0,0.0,0.0,0.0,1059130.0,0.0,0.0,0.0,0.0,0.0,0.0,15.968001107774189,0.1467343895989846,0.0407853280422311,0.0223050341317242,0.1481686878346999,2.7649123929773687,1.4886336360206298,-2.341437142505754,0.0009211773319225958,-0.0049869932728056,-0.0035716699885532006,0.01120983598277811,0.1137777306728327,0.07032422669185401
浙江省,衢州市,Medium-sized City,0.0,0.0,0.0,0.0,2207333.0,0.0,0.0,0.0,0.0,0.0,0.0,8.088444684099242,0.3186307326524525,0.1816643240700267,0.1109184882756129,2.305181355585745,7.897371907320831,3.464913235713011,0.0053672822733670245,0.0020198492507629284,0.0013686393864258961,0.00023539285550081002,-0.16796278786333207,0.13426420076573287,0.044073072578496575
浙江省,金华市,Medium-sized City,0.0,79.0,0.0,0.0,5583060.5,0.0,79.0,79.0,0.0,0.14149945177918097,-0.14149945177918097,9.732534976627026,0.3063327619571243,0.1735102033108188,0.1076201223915107,2.112820351446577,8.179488265710075,2.658891739330528,0.2144622034074679,-0.019124397092876222,-0.0245293015306714,-0.017494891659890516,-0.5224346034503453,-4.523669537001123,-0.4066300814834243
海南省,三亚市,Medium-sized City,0.0,0.0,0.0,0.0,698464.5,0.0,0.0,0.0,0.0,0.0,0.0,38.14105893630267,0.0698440230204464,0.0126470265876464,0.0067559850437342,0.0067245069648723,1.4600671025818712,1.2733266725955477,-0.10110399067789189,0.0028433987112066045,0.0006752797369145008,0.00034452096290780044,-9.084919286900424e-06,0.028295152782412902,0.041823728161223706
海南省,儋州市,Small City,0.0,0.0,0.0,0.0,962692.5,0.0,0.0,0.0,0.0,0.0,0.0,7.104073125178936,0.3621134634712616,0.2805662763875804,0.2059231164670503,14.26189493592921,,6.579464146305635,-0.3436445414470404,-0.017740245223971496,-0.028798731082821993,-0.02245716979555329,-2.364205629845628,,-3.0977559688609757
海南省,海口市,Type II Large City,0.0,300.0,0.0,0.0,2124417.0,0.0,300.0,300.0,0.0,1.412152133973697,-1.412152133973697,39.74398225115927,0.0844619408953197,0.022731185629941,0.0131389024717581,0.0,1.550451610633829,1.1987270240005332,0.4659772219167664,-0.001352970670409695,-0.0004103264598154001,-0.00021674651258029969,0.0,-0.00386801310616236,-0.005408972439439497
海南省,琼海市,Small City,0.0,0.0,0.0,0.0,502401.5,0.0,0.0,0.0,0.0,0.0,0.0,10.512572912650866,0.2145040927840609,0.0821811880110043,0.0434324724988713,0.1277608666279873,2.357259662331894,1.7308049089900863,-0.15904387172525247,0.0023934176543214114,-0.004659287555786901,-0.005993474840566199,-0.8975243169841987,0.11373625940039789,0.11176928937338526
湖北省,仙桃市,Small City,0.0,0.0,18.0,0.0,1224702.5,0.0,-18.0,-18.0,0.0,-0.14697446930989364,0.14697446930989364,8.660515785217285,0.3800463920846485,0.2404183686163467,0.1291524422568379,0.0009780939557053,10.413859110611218,6.82422707559514,-0.3649586574916004,-0.007690878375720578,-0.010047355468851993,-0.005305428861791306,-3.477851589199976e-06,-0.38441519966828075,-0.10903623298360277
湖北省,十堰市,Type II Large City,0.0,0.0,0.0,0.0,3469931.5,0.0,0.0,0.0,0.0,0.0,0.0,9.358089447021484,0.5840166630879786,0.7081156774065289,0.4729076221816656,39.05899031557241,,,0.832017267113093,-0.0034838215958876706,-0.024093399526579518,-0.0185884837762898,-1.5781252871803204,,
湖北省,咸宁市,Small City,0.0,0.0,0.0,0.0,2556443.5,0.0,0.0,0.0,0.0,0.0,0.0,3.716291077637378,0.5421495684389135,0.5411866599526798,0.3418322424475692,22.34194173650305,,,0.014115493593463313,0.02390044369338895,0.04138979588764369,0.015303721033481488,-0.3529433707170213,,
湖北省,天门市,Small City,0.0,0.0,0.0,0.0,1460911.0,0.0,0.0,0.0,0.0,0.0,0.0,13.57230556102107,0.2287855868584927,0.1069694513278561,0.0671759567091448,0.8413340813073237,4.467712354461322,2.223303487765576,-0.22543026218069961,-0.002253738050705806,-0.0009531521209086985,-0.0003984754354191128,-0.00039194047263702014,-0.021208309381379742,-0.04661632513036906
湖北省,孝感市,Medium-sized City,0.0,0.0,0.0,0.0,5007747.0,0.0,0.0,0.0,0.0,0.0,0.0,3.964636021883341,0.5568350259887129,0.5384659341559802,0.3118905866707163,13.30267804532273,,15.626727098254264,1.052902242587924,-0.040857335301577646,-0.08873814486658804,-0.04420491031282259,-2.6065610796760197,,-27.322919734658527
湖北省,宜昌市,Type II Large City,0.0,0.0,0.0,0.0,4210924.5,0.0,0.0,0.0,0.0,0.0,0.0,24.5987491607666,0.419399763333619,0.3809512955698975,0.2841843526674402,22.65369590587546,,,0.06500473624781478,0.0029493499816202196,0.006099800938310085,0.004204172317606281,0.42829374697600286,,
湖北省,恩施土家族苗族自治州,Small City,0.0,0.0,0.0,0.0,3410809.0,0.0,0.0,0.0,0.0,0.0,0.0,2.8012773625423453,0.6906421822372684,0.9201159304828884,0.5487481590139861,45.40552136412445,,,-0.659399951262281,0.006613018462306108,0.02162856289743853,0.010012083857412812,1.157097473348493,,
湖北省,武汉市,Super City,0.0,0.0,0.0,0.0,10177586.0,0.0,0.0,0.0,0.0,0.0,0.0,44.309953753704086,0.1535357348960004,0.0787117712025157,0.0537242370756981,0.1257885816138385,2.8959455273923536,1.4563710789357471,-0.6260813522847073,-0.0010840384450136187,-0.0017097555770560074,-0.0016671387507610005,-0.05962421408374202,-0.07054805370846085,-0.009318235577736145
湖北省,潜江市,Small City,0.0,0.0,0.0,0.0,978919.5,0.0,0.0,0.0,0.0,0.0,0.0,12.936599462021627,0.2920738015713197,0.1548396027052591,0.0934778584633517,1.5126670827163968,6.994777073560692,2.5792871622286517,-0.4647411957925254,0.012138474013601908,0.016134087312647705,0.010261464975907603,-0.1405477062646272,2.144014542238873,0.10584249664968182
湖北省,荆州市,Medium-sized City,0.0,0.0,0.0,0.0,5925396.5,0.0,0.0,0.0,0.0,0.0,0.0,6.035607693131699,0.5762500603565945,0.5998260954040586,0.3733583576148167,21.947853070796103,,,0.3838799145607066,-0.010850967069949702,-0.020294582830714503,-0.008089601496975962,-0.35764697966990155,,
湖北省,荆门市,Medium-sized City,0.0,0.0,0.0,0.0,2988356.0,0.0,0.0,0.0,0.0,0.0,0.0,17.35412414550781,0.4430004103476548,0.3378650114762714,0.1970625553104719,3.7351874708759993,21.328901581204143,8.460349164231022,-0.30995225746270805,0.002175661618662783,0.003154421672327712,0.0013914371609697052,-0.08929132546881258,1.590060859367938,0.2526050611120656
湖北省,襄阳市,Type II Large City,0.0,0.0,0.0,0.0,5697969.0,0.0,0.0,0.0,0.0,0.0,0.0,10.936288833618164,0.4744430481725593,0.4404986953138579,0.3058357218183517,20.49152326206375,,,0.5669629365171005,-0.01368681697074392,-0.021672956389476028,-0.012142272945863564,-0.8790799504704871,,
湖北省,鄂州市,Small City,0.0,0.0,0.0,0.0,1071696.0,0.0,0.0,0.0,0.0,0.0,0.0,28.188743543460973,0.2244507063560477,0.1170335060744938,0.076076646703332,0.2076194184234523,6.096705368711891,2.037589108474089,-0.43517012511066255,0.00047086933852819035,-0.00021930216797019786,-0.0001945402403175922,-0.0002712669708249127,0.09962087293135813,0.0070976681615522175
湖北省,随州市,Small City,1000.0,0.0,0.0,0.0,2249015.5,1000.0,0.0,1000.0,4.44638998708546,0.0,4.44638998708546,11.455243110656738,0.4377173001674765,0.3802269327573941,0.266216551618063,16.638112324202158,,36.00477566180653,3.9017641593662784,-0.012674050456360775,-0.02390162470579249,-0.018847465138696784,-2.627398805557661,,-164.637945534295
湖北省,黄冈市,Small City,0.0,0.0,0.0,0.0,6425697.0,0.0,0.0,0.0,0.0,0.0,0.0,0.1905341925245361,0.7904995957966652,1.2653757125576768,0.6374188188540835,43.93230319244047,,,0.016803891801909193,-0.0016585744886530307,-0.008293069541021048,-0.003749845258112283,-0.545480054037192,,
湖北省,黄石市,Medium-sized City,0.0,0.0,0.0,0.0,2540143.0,0.0,0.0,0.0,0.0,0.0,0.0,9.525105722234327,0.380201589933503,0.2703019468577736,0.174181933467288,6.643567286278662,19.06178354602785,5.919228648759311,0.024885542676527095,-0.016671841815490696,-0.03180285789190812,-0.026881091964602394,-2.185918415296765,-199.2762783973149,-1.3210243542842015
湖南省,娄底市,Medium-sized City,628.0,0.0,0.0,0.0,3940756.0,628.0,0.0,628.0,1.5936028518385812,0.0,1.5936028518385812,3.5560813250736194,0.5149207741014918,0.4843547291536871,0.3205734937964936,21.75080463310605,,,1.9719333086577073,-0.08970748839730858,-0.18789296857790022,-0.10210645739592611,-8.745719040233638,,
湖南省,岳阳市,Type II Large City,0.0,0.0,0.0,0.0,5701713.0,0.0,0.0,0.0,0.0,0.0,0.0,7.0447305709811765,0.5391619182095043,0.543840161271845,0.35532067835612,21.693669612240942,,,0.25448327965465367,-0.0019147497024193383,-0.002108402910786178,-0.00118136331276808,-0.2550511296268674,,
湖南省,常德市,Medium-sized City,0.0,0.0,0.0,0.0,5927868.0,0.0,0.0,0.0,0.0,0.0,0.0,2.6282955771291405,0.5504590820547819,0.582752354072926,0.391964982278521,29.891374634749607,,,0.04662182302719575,-0.002266515488881682,-0.004580551566045532,-0.0025340600276531067,-0.3183275559629841,,
湖南省,张家界市,Small City,0.0,0.0,0.0,0.0,1540334.5,0.0,0.0,0.0,0.0,0.0,0.0,5.560542416736031,0.5716701585276481,0.6452362757191132,0.4351761207629447,36.12259975244156,,,-0.1263374198599445,0.0002223352865615702,0.0006685998280708816,0.0004564236387697984,0.06098680914490018,,
湖南省,怀化市,Medium-sized City,1634.0,0.0,0.0,0.0,4924412.0,1634.0,0.0,1634.0,3.3181626557647896,0.0,3.3181626557647896,6.530525736425115,0.6172390989964434,0.725835227848973,0.4600851865281871,33.70225102768626,,,5.842133931729985,-0.06252873808440307,-0.19378315957798176,-0.09857599049084753,-12.410077848119712,,
湖南省,株洲市,Type II Large City,0.0,0.0,0.0,0.0,4028103.5,0.0,0.0,0.0,0.0,0.0,0.0,5.851758591148897,0.5836937638786613,0.6382510349583018,0.39900720572821,24.03136353047883,,,-0.5152262530588665,0.007383242118437772,0.017006232880998895,0.007428508528362132,0.2139642959204089,,
湖南省,永州市,Medium-sized City,0.0,0.0,0.0,0.0,5399207.0,0.0,0.0,0.0,0.0,0.0,0.0,5.702364461376445,0.5744331611453432,0.6462663320327346,0.4370609373607712,37.146781960155714,,,0.016918059748520342,-0.002733888488827718,-0.010838203716417083,-0.007719838033407811,-1.0667322298346917,,
湖南省,湘潭市,Medium-sized City,0.0,0.0,0.0,0.0,2838028.5,0.0,0.0,0.0,0.0,0.0,0.0,15.063168041360358,0.3783782264830417,0.2344860603972846,0.1256767667260526,0.0763975528864873,8.68817891774084,5.603350964736286,1.4247487874500564,-0.008710829107241413,-0.012964495770191903,-0.01031238859179609,-0.814167120887283,-0.0983154858422548,-0.20997991278390327
湖南省,湘西土家族苗族自治州,Small City,0.0,0.0,0.0,0.0,2648290.5,0.0,0.0,0.0,0.0,0.0,0.0,6.051144604008498,0.5813967945771006,0.6510504985809945,0.4352631933420049,36.46011748245,,,0.024382501286470237,0.0011411313026626901,0.0016833300044664101,-5.96179351580739e-05,-0.04245534562576836,,
湖南省,益阳市,Medium-sized City,0.0,0.0,0.0,0.0,4506644.0,0.0,0.0,0.0,0.0,0.0,0.0,1.7191508494841086,0.6721320309137326,0.8500827579074357,0.5054019629656509,38.277348644647866,,,0.17162367555394464,-0.0040295858058622125,-0.020475952624152804,-0.018876609317121762,-4.776838284664628,,
湖南省,衡阳市,Type II Large City,0.0,0.0,0.0,0.0,7420417.5,0.0,0.0,0.0,0.0,0.0,0.0,12.138002937915278,0.4269711327786442,0.3548428524640768,0.2475795457241999,14.48982235652538,,19.7363583194243,-0.04704862982259428,5.814917999236169e-05,9.079563895803e-05,7.425669041311034e-05,0.053348194361291235,,0.28523300554841313
湖南省,邵阳市,Medium-sized City,0.0,0.0,0.0,0.0,7351543.0,0.0,0.0,0.0,0.0,0.0,0.0,6.493182910813226,0.5213508081209401,0.554727018484874,0.3873897566624149,30.7582374399934,,,0.3637840880288019,-0.011051514955991548,-0.024540538236308307,-0.016066341367062198,-1.9247568585534367,,
湖南省,郴州市,Medium-sized City,0.0,0.0,0.0,0.0,4770080.0,0.0,0.0,0.0,0.0,0.0,0.0,7.794844708982692,0.5774125853681653,0.6164334886081173,0.3919985490006642,26.75409757847249,,,-0.09834884291272683,0.004685175494655747,0.009932754261114396,0.004827461438769609,0.37564459433226105,,
湖南省,长沙市,Super City,1956.0,0.0,0.0,0.0,7322324.5,1956.0,0.0,1956.0,2.6712828692582526,0.0,2.6712828692582526,40.83128118538797,0.2430987128180525,0.1271112760985177,0.0809564491638701,0.9869944397041144,4.49603375998193,2.5282908844034577,1.8625398619543034,-0.006086761968000898,-0.006969207676128519,-0.006066484105036504,-0.4679842393610918,-0.08083855543476837,-0.053439948681238025
甘肃省,兰州市,Type II Large City,0.0,560.0,0.0,0.0,3768530.5,0.0,560.0,560.0,0.0,1.4859903614950178,-1.4859903614950178,44.76651862633755,0.2343212201043063,0.1838990657503941,0.1501170744611957,11.084569618573322,,2.415858754301668,2.9121162403796035,0.0030806262629565206,-0.005067004318743101,-0.008332649301210804,-1.9204492020038408,,0.006304703432575387
甘肃省,天水市,Medium-sized City,0.0,0.0,0.0,0.0,3381152.0,0.0,0.0,0.0,0.0,0.0,0.0,8.68664652960641,0.4911677929393108,0.4741909165666804,0.3322723532019933,25.382835585811,,,0.3634805889843644,-0.018585271912223367,-0.03297737897315606,-0.018265134710797604,-1.3051141170906497,,
甘肃省,定西市,Small City,0.0,0.0,0.0,0.0,2804667.0,0.0,0.0,0.0,0.0,0.0,0.0,0.0,0.7297179345491538,1.0570065145910497,0.609229674716576,54.13668815094829,,,0.0,0.007595156207741871,0.023395265278413735,0.00629689574445913,0.31055854984701625,,
甘肃省,平凉市,Small City,0.0,0.0,0.0,0.0,2160027.5,0.0,0.0,0.0,0.0,0.0,0.0,0.0,0.7095642104863342,1.065707691302049,0.6323388947627522,58.69124179478601,,,0.0,-0.00047397193425646744,-0.001901419451533659,-0.0006933519009533207,-0.0323754053919032,,
甘肃省,庆阳市,Small City,0.0,0.0,0.0,0.0,2284220.5,0.0,0.0,0.0,0.0,0.0,0.0,1.4074004065797892,0.6420113994247798,0.8317879769741667,0.5349793499061877,48.28103688858259,,,-0.3114122722436188,0.004314189273119329,0.01049158449194132,0.004105584547887342,0.2883854570239208,,
甘肃省,张掖市,Small City,0.0,0.0,0.0,0.0,1248129.0,0.0,0.0,0.0,0.0,0.0,0.0,10.508972344687953,0.4898902522478183,0.5115232303483808,0.3699149300662038,31.3132621853686,,,0.20470781211840006,-0.0008399824458414917,0.0005156480528395457,0.0010321628140799177,0.23106176254376365,,
甘肃省,武威市,Small City,1200.0,0.0,0.0,0.0,1882150.0,1200.0,0.0,1200.0,6.375687378795527,0.0,6.375687378795527,19.72108045537421,0.4620486671173345,0.4958792200790214,0.3737611244850929,34.13144085766019,,,7.182915172171086,-0.001101587316816588,-0.0018540394213489853,-0.0013047138097139754,-0.4448680377080194,,
甘肃省,白银市,Small City,800.0,0.0,0.0,0.0,1775857.5,800.0,0.0,800.0,4.504865959121157,0.0,4.504865959121157,0.5482490062713623,0.7445821115341502,1.097558352419094,0.5983197932718658,48.64382971045246,,,0.5482490062713623,-0.08382202418112694,-0.5112006142615568,-0.19329160298685266,-29.19221455653493,,
甘肃省,酒泉市,Small City,0.0,285.0,0.0,0.0,1140317.0,0.0,285.0,285.0,0.0,2.4993050178152214,-2.4993050178152214,0.0,0.6318246701707604,0.8573513970855227,0.5569602693822622,52.19523852876912,,,0.0,-0.02903652977608151,-0.10046717864661914,-0.04405581940898495,-5.026069072579574,,
福建省,三明市,Small City,0.0,0.0,0.0,0.0,2607738.0,0.0,0.0,0.0,0.0,0.0,0.0,2.554300868895077,0.6385221851700771,0.8076721518862897,0.5158675108108535,43.90260521256878,,,2.0963454916709128,-0.03205137897583199,-0.09514165362378846,-0.0412054192664677,-3.6991754349519823,,
福建省,南平市,Small City,0.0,0.0,0.0,0.0,2748556.0,0.0,0.0,0.0,0.0,0.0,0.0,0.0,0.7727667983019488,1.2523642100573875,0.686864540287246,64.32393660294032,,,0.0,-0.032096912026258195,-0.16014642725472683,-0.04583799100627339,-4.448496836625338,,
福建省,厦门市,Type I Large City,1000.0,0.0,0.0,0.0,3611956.5,1000.0,0.0,1000.0,2.768582622741996,0.0,2.768582622741996,23.314603475986136,0.0483654429208151,0.0051619882283928,0.0027951493414505,0.001133124746256,1.2250408228770475,1.1213550234591154,1.4852500943879932,-0.0022375282572626998,-0.0006288063882475001,-0.0003444194307444001,-3.995289244299862e-06,-0.012917361909089209,-0.002719656789695657
福建省,宁德市,Small City,0.0,0.0,0.0,0.0,2858217.0,0.0,0.0,0.0,0.0,0.0,0.0,6.2347331047058105,0.5446505574496523,0.6090283958043735,0.4210016184074496,35.22807282236975,,,2.7213907181816612,-0.0399170468404324,-0.09859746674998038,-0.05454597553374918,-5.541493879275954,,
福建省,泉州市,Type II Large City,0.0,800.0,0.0,0.0,8514892.0,0.0,800.0,800.0,0.0,0.9395304133041265,-0.9395304133041265,10.984730782367048,0.293939711683073,0.1944956933874575,0.1485095529389247,9.606444085652909,234.7616016001149,2.32145873092018,1.282476444789598,-0.0034735121185104356,-0.003061920104348692,-0.0005459991290291955,0.8017570746283287,60.10925514485578,-0.05269517924350886
福建省,漳州市,Medium-sized City,0.0,0.0,0.0,0.0,4989099.5,0.0,0.0,0.0,0.0,0.0,0.0,3.787745495637258,0.5740885122422605,0.6611566378894417,0.4368759656321348,33.09410081419757,,,0.24655409449480192,-0.004692289726905052,-0.007708466045906581,-0.002444487858586475,0.2589665082801389,,
福建省,福州市,Type I Large City,0.0,0.0,0.0,0.0,7347866.5,0.0,0.0,0.0,0.0,0.0,0.0,28.160512719693735,0.2573602941709787,0.1600355303467113,0.1133909221143055,4.108692409415068,10.608551447186937,2.5612274272340247,-0.8474717287290616,-0.030877602656179004,-0.03697258143167109,-0.0292998501591734,-2.6153296600175633,-18.793185788685612,-0.7836340052608302
福建省,莆田市,Type II Large City,0.0,0.0,5.0,0.0,2874046.0,0.0,-5.0,-5.0,0.0,-0.01739707715186187,0.01739707715186187,10.907967547335424,0.1930359172118906,0.0645472219122667,0.0355271911994444,0.314155328536314,2.4088488788854114,1.7746377933564337,-0.0006294496985574938,0.02336969885590648,0.011206977969622292,0.004829702856718399,-0.09285868324433139,0.2713047488088205,0.08753866680346989
福建省,龙岩市,Medium-sized City,800.0,0.0,0.0,0.0,2663350.5,800.0,0.0,800.0,3.003735332619571,0.0,3.003735332619571,4.294579802682069,0.6114678193599219,0.748913735977712,0.4897244957006429,41.66047308123473,,,1.1509334943281,0.00771374245509715,0.018001016731237884,0.008141794006824132,0.2837879011900597,,
西藏自治区,山南市,Small City,0.0,0.0,0.0,0.0,1094004.5,0.0,0.0,0.0,0.0,0.0,0.0,0.0,0.8919181036121991,2.046504527639664,0.8635845555292962,85.27612833358359,,,0.0,0.0003718684679270279,0.006011279326368246,0.0008009274728510984,0.05888632740263233,,
西藏自治区,拉萨市,Medium-sized City,0.0,0.0,0.0,0.0,582393.5,0.0,0.0,0.0,0.0,0.0,0.0,47.077161523680026,0.3486267139700346,0.3493125477139768,0.279223416982705,24.964005841337748,,,-0.18663710291380653,-0.00297736001138299,-0.0022728063805236287,-0.0015172835650554273,-0.03500509682610442,,
西藏自治区,日喀则市,Small City,0.0,0.0,0.0,0.0,732550.5,0.0,0.0,0.0,0.0,0.0,0.0,0.0,0.8130764170588711,1.5261128908939747,0.7718136553353911,75.22452489020729,,,0.0,0.0005804272319274162,0.0030416144584848315,0.0006316085412741979,0.05638077996930235,,
西藏自治区,林芝市,Small City,0.0,0.0,0.0,0.0,500109.0,0.0,0.0,0.0,0.0,0.0,0.0,0.0,0.8924894012650554,2.098136147877201,0.8726281276159795,86.40866595645119,,,0.0,0.0007884163966511704,0.011512844797120447,0.002452552586569845,0.6682483452163694,,
贵州省,六盘水市,Medium-sized City,0.0,0.0,0.0,0.0,2952842.0,0.0,0.0,0.0,0.0,0.0,0.0,5.898204326629639,0.537152069452534,0.6004631857320858,0.4031161284731509,33.18412694656527,,,-0.6795835329484854,0.007397828152751584,-0.006899363482747334,-0.015080611683832956,-2.755245876443638,,
贵州省,安顺市,Medium-sized City,0.0,0.0,0.0,0.0,2380190.0,0.0,0.0,0.0,0.0,0.0,0.0,10.656706112187084,0.4227546847215561,0.3245953944360213,0.2121403344931193,10.41334126257852,,5.952715726982389,-0.6172885942946262,-0.03055946497970602,-0.06572253315006399,-0.060156830868225264,-8.265566361209444,,-99.01726291903155
贵州省,毕节市,Medium-sized City,0.0,0.0,0.0,0.0,6801509.5,0.0,0.0,0.0,0.0,0.0,0.0,0.1925701404050473,0.6979214415276725,0.9598574773851474,0.571197922844012,46.99466287620558,,,0.1925701404050473,-0.01110745816033809,-0.04583769369161894,-0.022754302614179434,-3.399950864223648,,
贵州省,贵阳市,Type I Large City,0.0,1374.0,0.0,0.0,4498544.0,0.0,1374.0,1374.0,0.0,3.054321576047717,-3.054321576047717,39.908801292401584,0.1868166309856143,0.1187376030036227,0.0903569515574438,4.30150594536205,6.078240412450934,1.6779959537988254,2.279534208865307,-0.01590627469102529,-0.025920625680375495,-0.0280329080708578,-4.108399300097861,-14.951603873562206,-0.08496522627723713
贵州省,遵义市,Type II Large City,2432.0,0.0,0.0,0.0,6369678.5,2432.0,0.0,2432.0,3.818089091937686,0.0,3.818089091937686,1.7219418287277222,0.644886436085603,0.8378336719870475,0.5336188375105654,46.10665439273418,,,0.3875605072826145,0.012573103657057327,0.023696393982390318,0.0067949288940644115,-0.15384006856822197,,
贵州省,铜仁市,Small City,0.0,0.0,0.0,0.0,3195106.5,0.0,0.0,0.0,0.0,0.0,0.0,0.0,0.8272412195788994,1.5564268560239107,0.772717324289801,73.89348030588803,,,0.0,-0.002358035419898541,-0.005809009959520495,0.0005255137403283872,0.4571276489589451,,
贵州省,黔东南苗族侗族自治州,Small City,600.0,0.0,0.0,0.0,3621390.0,600.0,0.0,600.0,1.656822380356714,0.0,1.656822380356714,0.0,0.761647410873907,1.2086407831394697,0.6718083084850677,61.65385596052732,,,0.0,-0.007395811979271527,-0.026364136453288722,-0.006948208325675109,-0.5879700096438114,,
贵州省,黔南布依族苗族自治州,Small City,0.0,0.0,0.0,0.0,3369656.0,0.0,0.0,0.0,0.0,0.0,0.0,5.766379691720978,0.6405391587560643,0.7805170091062071,0.4897070884186575,38.454111947397216,,,1.553226329446808,-0.012158483428585498,-0.03795899940575764,-0.021503505941178447,-3.2293097169560028,,
贵州省,黔西南布依族苗族自治州,Small City,0.0,0.0,0.0,0.0,2916366.5,0.0,0.0,0.0,0.0,0.0,0.0,0.0,0.6856357764574783,0.9707167186577972,0.5906795002104372,52.070511934084266,,,-0.280209880982198,0.01908481889260616,0.06257457639429154,0.026526989742681195,3.1729324260832286,,
辽宁省,丹东市,Medium-sized City,0.0,0.0,0.0,0.0,2527604.0,0.0,0.0,0.0,0.0,0.0,0.0,15.888482644313946,0.4250029453807677,0.3757220144084255,0.2660635124201279,17.2067607467216,,38.52899581275841,-0.05305037141144453,0.0009330150945127125,0.0017461538687248979,0.0014793594577474645,0.2380545902048219,,4.4819121993867626
辽宁省,大连市,Super City,0.0,0.0,200.0,0.0,6914316.5,0.0,-200.0,-200.0,0.0,-0.28925491044559504,0.28925491044559504,27.535188313195924,0.4404403841420576,0.4642033852796575,0.3461689773510895,27.589002779349453,,,-0.4572740134678277,-0.00018333633145317663,-9.481008646800015e-05,3.6251936014086716e-05,0.018094870673486696,,
辽宁省,抚顺市,Type II Large City,0.0,0.0,0.0,0.0,2225645.5,0.0,0.0,0.0,0.0,0.0,0.0,26.656700535381542,0.368776157871633,0.3454711034402415,0.2675624563062819,19.897217987480115,,3578.7389750439625,3.203883971430759,-0.01745154909520019,-0.011282267482246477,-0.004175898272188783,-0.08331059445512778,,-27028.106547122083
辽宁省,朝阳市,Medium-sized City,0.0,0.0,0.0,0.0,3160017.5,0.0,0.0,0.0,0.0,0.0,0.0,0.9915968116961028,0.630262058708033,0.8149110883061055,0.5298464195595871,47.62508418550758,,,-0.0447180785140221,0.002205394391558979,0.004567165794768346,0.0017131039685485128,0.32801693958781897,,
辽宁省,本溪市,Medium-sized City,0.0,0.0,0.0,0.0,1776868.5,0.0,0.0,0.0,0.0,0.0,0.0,18.509869709875733,0.4151998591672294,0.4006672067581783,0.3046635653436905,26.07589660156841,,,0.5461396436366464,-0.0028446159300223872,-0.0006149302884077001,-0.0004477296379210016,-0.305135246929936,,
辽宁省,沈阳市,Super City,800.0,1122.0,0.0,0.0,8431355.5,800.0,1122.0,1922.0,0.9488391279433064,1.330746876940487,-0.3819077489971807,45.86641298981178,0.2188930701236655,0.1465584512875734,0.1050449461196663,3.445444193474524,9.050802660123049,2.4505667232916246,1.8631835145578108,-0.0024470543390551214,-0.0025874441371800116,-0.002637608314931497,-0.42747297543762786,-0.25397436991043776,-0.04262288937078118
辽宁省,盘锦市,Medium-sized City,0.0,0.0,0.0,0.0,1450853.0,0.0,0.0,0.0,0.0,0.0,0.0,17.443940429331935,0.1039935619081023,0.0268197621426058,0.015813573684302,0.1732438079787098,1.6117233372933215,1.2779186291507811,-0.06519440845336533,0.0012254240130170069,0.0005484036457527978,0.000316120500264902,-0.000343447927158097,0.008083694689108523,-0.0015719778111962235
辽宁省,营口市,Medium-sized City,0.0,0.0,0.0,0.0,2527234.5,0.0,0.0,0.0,0.0,0.0,0.0,6.01746125339332,0.4054515921189086,0.2855125760008837,0.1752620676786851,6.52097148030354,15.42480101800648,4.834505919931585,-0.019885509488988262,9.790024306927103e-05,-2.1211896278794384e-05,0.00014569217378279653,0.10351747682716805,-0.04791573640979507,-0.01497320970173277
辽宁省,葫芦岛市,Medium-sized City,0.0,0.0,0.0,0.0,2727908.0,0.0,0.0,0.0,0.0,0.0,0.0,3.858495224810383,0.5782909008382466,0.6450961982657779,0.418893898499036,30.6387645531378,,,-0.05768069146674559,-0.00018991922241151649,0.0014271038205867503,0.0012728426753320088,0.1731360277076952,,
辽宁省,辽阳市,Medium-sized City,0.0,0.0,0.0,0.0,1936380.5,0.0,0.0,0.0,0.0,0.0,0.0,16.95994201690233,0.2417361173129011,0.097375835376235,0.0520112421433686,0.0692332278252621,3.584409850307467,2.0215372601667703,0.27239661371204704,0.005654363113459793,0.0037718241058904978,0.0018343786061213035,6.401883233379813e-05,0.01146275716520595,0.03190953534636387
辽宁省,铁岭市,Small City,0.0,0.0,0.0,0.0,2831068.5,0.0,0.0,0.0,0.0,0.0,0.0,1.8227285146713257,0.6642275581554604,0.823065625844923,0.4809032033257405,31.715314993848956,,,-0.2015919389966765,0.01001271479769672,0.024516199891880586,0.007735820161880402,0.03480442674325346,,
辽宁省,锦州市,Small City,0.0,0.0,0.0,0.0,3251303.5,0.0,0.0,0.0,0.0,0.0,0.0,16.723761322346665,0.4354340980098151,0.3809552480221052,0.2614338539798756,14.377993118935088,,24.79845419865088,-0.3689815024102572,0.0010080240308782962,-0.0019259368358433004,-0.004249853270346493,-0.7873731530068611,,-9.578243400229319
辽宁省,阜新市,Medium-sized City,0.0,0.0,289.0,0.0,1888220.0,0.0,-289.0,-289.0,0.0,-1.5305419919289065,1.5305419919289065,15.559294991075772,0.3983340147372066,0.3843502305734269,0.2895687072053479,22.269801846723823,,,-1.5336482004525482,-0.0025895328329423317,-0.0032954010900880237,-0.0016111367274392885,-0.02712622379972629,,
辽宁省,鞍山市,Type II Large City,0.0,0.0,0.0,0.0,3788835.0,0.0,0.0,0.0,0.0,0.0,0.0,12.949859055939426,0.2943940962678238,0.2189312342402741,0.1645874473977401,9.106233240259524,96.9063823637766,4.249263774216216,-0.062247158311411255,0.0014474635945124215,0.0005232210584771024,0.00016943287908077753,0.012355633121085674,0.4021380580552858,-0.013172671718905349
重庆市,重庆市,Mega City,0.0,1700.0,0.0,0.0,29921117.5,0.0,1700.0,1700.0,0.0,0.5681605976113693,-0.5681605976113693,10.677014425480166,0.5049753867766925,0.4702004925044524,0.3073511051915699,17.894130638196128,,63.02657409840939,0.330258380835291,0.001228688464958383,0.0009155395090139073,-0.0004007016501126892,-0.14258523460855344,,-2.1099185663094246
陕西省,咸阳市,Type II Large City,0.0,100.0,0.0,0.0,5281025.5,0.0,100.0,100.0,0.0,0.1893571617860963,-0.1893571617860963,18.37002726932412,0.42991930638069,0.370700277062872,0.2617736235398881,15.871639316838692,,42.28836224809301,0.3165439714792271,-0.0018863405195584937,-0.004675705450412182,-0.0031624869855886306,-0.24327052346545486,,-5.168515071230324
陕西省,商洛市,Small City,1505.0,0.0,0.0,0.0,2432510.0,1505.0,0.0,1505.0,6.1870249248718405,0.0,6.1870249248718405,3.72367301681232,0.5738608774558109,0.6567024809787733,0.443758955701871,37.06008456881722,,,3.72367301681232,-0.3948886787265694,-2.507804776335893,-0.49790379954123404,-52.63791245612484,,
陕西省,安康市,Small City,0.0,0.0,0.0,0.0,2732846.5,0.0,0.0,0.0,0.0,0.0,0.0,6.7591612339019775,0.5604484653360575,0.6438830855532618,0.444308195950355,38.70295645656231,,,0.13432021730953814,-0.0018775406053734844,-0.004080915122038009,-0.0020336803894294153,-0.09791891321543744,,
陕西省,宝鸡市,Medium-sized City,0.0,0.0,0.0,0.0,3853337.5,0.0,0.0,0.0,0.0,0.0,0.0,11.214573232938712,0.417008497278975,0.3507561922442295,0.2507634039515085,16.95042718215213,,21.907725209611822,-0.07262205590192394,-0.004124602403811128,-0.008088274253401195,-0.00647222218420912,-0.7120161591235004,,-14.365377521318027
陕西省,延安市,Small City,0.0,0.0,0.0,0.0,2274508.5,0.0,0.0,0.0,0.0,0.0,0.0,0.0,0.7437304849625371,1.1563313407555,0.6502470989064719,55.36242035477073,,,0.0,-0.000885772099603277,-0.005546525004781255,-0.0018551829524138252,0.19048496680125737,,
陕西省,榆林市,Medium-sized City,0.0,0.0,0.0,0.0,3472473.0,0.0,0.0,0.0,0.0,0.0,0.0,1.3831433057785034,0.68486776555974,0.9121363205150774,0.5513012634289436,46.06771418000829,,,0.013540387153625488,0.0022153361170339503,0.005205383436038269,0.0010768068333945058,-0.31847049267536676,,
陕西省,汉中市,Medium-sized City,0.0,0.0,0.0,0.0,3550558.0,0.0,0.0,0.0,0.0,0.0,0.0,10.61296586254308,0.4265235990270334,0.3922325286837828,0.2963029251766499,25.01702341330823,,,-0.03705836009136476,-3.222299159111319e-05,-0.00013587286246180552,-0.00012543886740817856,-0.04277767295825896,,
陕西省,渭南市,Small City,0.0,0.0,0.0,0.0,5492815.5,0.0,0.0,0.0,0.0,0.0,0.0,0.6529623514228113,0.7526005696752669,1.1024145547906838,0.5701465625810893,36.099891596010224,,,-0.09641226812925596,0.004762656040751101,0.01845403537428414,0.008373426329367994,0.8598270044112866,,
陕西省,西安市,Super City,1030.0,0.0,0.0,0.0,8822593.5,1030.0,0.0,1030.0,1.1674571655148795,0.0,1.1674571655148795,36.50904320366835,0.175753478868279,0.0725110912088523,0.0437812784401581,0.1474383227852684,2.9578291406483848,1.7213951053769536,1.0205005267664902,-0.0050080631394802955,-0.003243804493513705,-0.0018028845590484996,-0.0024666098727622043,-0.10155656498190524,-0.04458615868378879
陕西省,铜川市,Small City,0.0,0.0,0.0,0.0,871857.5,0.0,0.0,0.0,0.0,0.0,0.0,15.761953310533004,0.2835690821541122,0.1580700005760767,0.1052332912198819,4.055799298387023,6.9512781191062185,2.4233890337849178,0.1034038757003799,0.0034947559878075185,0.0025084800610706004,0.0011465046833838005,-0.2762750806482286,0.1902544917751774,0.013756561704415748
青海省,西宁市,Type II Large City,500.0,0.0,200.0,0.0,2297844.0,500.0,-200.0,300.0,2.175952762676666,-0.8703811050706662,3.0463338677473324,48.61600715692638,0.1400587262039571,0.0575524788362682,0.0399628365364422,1.1570710355166722,2.049618266890845,1.4747506501640124,1.938687094782125,0.004530473147550007,0.003053520008444395,0.0023717753064419964,0.22405944535120104,0.06368556754236265,0.02920254255179011
黑龙江省,七台河市,Small City,0.0,0.0,0.0,0.0,953024.0,0.0,0.0,0.0,0.0,0.0,0.0,26.808300018310547,0.2541402131039829,0.1507697538771459,0.1058559696636172,3.7575336066415135,7.235882762462139,2.5835533700864786,1.2036524273100362,0.013681774486763276,0.010421128369653587,0.006897640327736196,0.0880238907291977,0.8298637102297057,0.22502784472193849
黑龙江省,伊春市,Small City,650.0,0.0,0.0,0.0,1194551.0,650.0,0.0,650.0,5.441375043844926,0.0,5.441375043844926,8.545128938451386,0.5843457727780192,0.6811379524077852,0.4436149469363161,31.270870868863256,,,1.6003693785920232,0.024204521994020123,0.04002990612726853,0.010382885665658204,-1.648024387825032,,
黑龙江省,佳木斯市,Medium-sized City,0.0,0.0,0.0,0.0,2665328.0,0.0,0.0,0.0,0.0,0.0,0.0,18.14254205873191,0.4866114129097028,0.4531003212457448,0.3088705264623139,20.723992914733387,,,1.5405768654169236,-0.019051570440821397,-0.0424038024553301,-0.029892246650174037,-3.3954195181789686,,
黑龙江省,双鸭山市,Small City,0.0,0.0,0.0,0.0,1518053.0,0.0,0.0,0.0,0.0,0.0,0.0,13.685700535774233,0.5191981090372151,0.5390224132018459,0.3835429226549918,33.33333333333333,,,-1.7374032987619774,0.008023630340534993,0.010491321754057648,0.0036654415582905164,-0.1115665866871538,,
黑龙江省,哈尔滨市,Super City,0.0,0.0,0.0,0.0,11062604.0,0.0,0.0,0.0,0.0,0.0,0.0,36.565921947520266,0.4806912155563161,0.5182067771701443,0.3683773661328136,27.147281972838407,,,-0.44394549305575737,0.0017707159449590337,-0.002411338552518072,-0.005577487292514338,-1.3033157030345635,,
黑龙江省,大庆市,Type II Large City,0.0,300.0,0.0,0.0,3015212.5,0.0,300.0,300.0,0.0,0.9949547502870858,-0.9949547502870858,21.29885800679525,0.4860146391357096,0.5165494055832384,0.3718730688614265,30.036476389996107,,,0.6632109653264067,0.0004439658183454931,0.004099922794979394,0.00460813893415013,1.2239577220664657,,
黑龙江省,牡丹江市,Medium-sized City,0.0,0.0,0.0,0.0,2912742.5,0.0,0.0,0.0,0.0,0.0,0.0,23.29346335071005,0.506848539488479,0.545108405811406,0.3782584121823963,27.580945591881704,,,-0.2536805513189755,0.000778165164723954,0.00044538778643277155,4.165659137039812e-05,0.2636115431891284,,
黑龙江省,绥化市,Small City,0.0,0.0,0.0,0.0,5645213.0,0.0,0.0,0.0,0.0,0.0,0.0,0.1103312365710735,0.71700061058797,1.009674690500114,0.5848632428628211,49.20335632917234,,,-0.4247684741658825,0.01887992961989926,0.05959049883187173,0.02216339476793716,2.4756448016311623,,
黑龙江省,鸡西市,Medium-sized City,1100.0,0.0,0.0,0.0,1935878.0,1100.0,0.0,1100.0,5.68217625284238,0.0,5.68217625284238,21.78180554368413,0.4481228591614935,0.4512242980180435,0.3367258844976831,28.49484931580309,,,6.135722665571338,-0.007807995330214257,-0.005890994284773021,-0.0023270331153871227,-0.08331402702102864,,
黑龙江省,鹤岗市,Medium-sized City,0.0,0.0,0.0,0.0,1102250.5,0.0,0.0,0.0,0.0,0.0,0.0,52.799239937056846,0.3755836090094626,0.3896329049153887,0.3029796151690316,25.516937847919348,,,-0.4614270342108213,-0.0009222259543618105,-0.0021360158972204,-0.0024835108587379917,-0.7211808478774557,,
黑龙江省,黑河市,Small City,0.0,0.0,0.0,0.0,1740531.5,0.0,0.0,0.0,0.0,0.0,0.0,0.0,0.7310955336186529,1.1299483135289443,0.6571171996873912,62.24557853910424,,,0.0,0.008537885806169765,0.021137527536091882,0.0047101385567811516,0.054439380200349774,,
黑龙江省,齐齐哈尔市,Type II Large City,0.0,0.0,0.0,0.0,5581058.0,0.0,0.0,0.0,0.0,0.0,0.0,0.0,0.7123092680977703,1.0605418471518866,0.6164153639847199,53.33549873250816,,,0.0,-0.0031019723381164876,-0.018391496290860676,-0.010078651378849779,-1.3010011087275828,,
,,,0.0,0.0,0.0,0.0,2302975.5,0.0,0.0,0.0,0.0,0.0,0.0,1.8696519850275,0.6944076688887985,0.9147393669658744,0.5303291208665581,40.57739599182415,,,0.14854903207034686,-0.0061038077537080015,-0.018788441905639552,-0.008024091618825668,-0.8929387442901344,,
