省级,地级,city_level,new_hosp_beds,expanded_beds,decreased_beds,closed_beds,net_SEE_beds,net_CIE_beds,net_total_beds,city_pop,city_SEE,city_CIE,city_TotalNetExpansion,Dominance,GDP_2014,GDP_growth,GDP_growth_pct,Ppo_NetIn,Ppo_NetIn_rate,ResPop_2014,ResPop_growth,ResPop_growth_rate,pop_density_mean,FiscalRevenue_2014,FiscalRevenue_pc_2014,ln_FiscalRevenue_pc_2014,acc_2014,gini_2014,theil_2014,atkinson_05_2014,zero_access_pop_pct_2014,p90_p10_2014,p80_p20_2014,acc_2024,gini_2024,theil_2024,atkinson_05_2024,zero_access_pop_pct_2024,p90_p10_2024,p80_p20_2024,acc_delta,gini_delta,theil_delta,atkinson_05_delta,zero_access_pop_pct_delta,p90_p10_delta,p80_p20_delta
上海市,上海市,Mega City,2810.0,3435.0,513.0,0.0,2810.0,2922.0,5732.0,23965088.0,1.1725389867126714,1.2192736367168775,2.3918126234295487,-0.04673465000420607,97370.0,119730.0,122.96395193591457,1000.0380711202652,0.6776184929353202,2467.0,13.260000000000218,0.0053749493311715,2275.3636363636365,45855536.0,18587.570328334008,9.830248374397245,18.794391845230297,0.1135361075085148,0.0431340988068902,0.0322424226264612,1.534295048900712,1.6477196157526697,1.3107478284642051,20.348272492930622,0.1133041328957906,0.0364813054146846,0.0255902004283483,0.9743219649461432,1.707886389184699,1.3461593446927935,1.5538806477003249,-0.0002319746127242006,-0.006652793392205605,-0.0066522221981129,-0.5599730839545689,0.06016677343202925,0.0354115162285884
云南省,临沧市,Medium/Small City,1816.0,0.0,0.0,0.0,1816.0,0.0,1816.0,2534678.8181818184,7.16461583603187,0.0,7.16461583603187,7.16461583603187,18710.0,33607.0,179.6205237840727,-12.229905487454545,-0.0509361573709604,236.7,-17.19999999999999,-0.0726658217152513,98.36363636363636,372572.0,1574.0261934938742,7.361392070194584,0.0,0.0,0.0,0.0,100.0,,,0.0,0.8273965376990626,1.5581175544533192,0.7694073386719094,72.52697154370074,,,0.0,0.8273965376990626,1.5581175544533192,0.7694073386719094,-27.47302845629926,,
云南省,丽江市,Medium/Small City,800.0,180.0,0.0,0.0,800.0,180.0,980.0,1291698.8181818181,6.193394224251685,1.3935137004566291,7.586907924708314,4.799880523795056,20663.0,36139.0,174.89715917340175,2.2336418096343635,0.0181597901732478,125.3,-0.2374400940219914,-0.0018949728174141,57.0,460701.0,3676.783719074222,8.209793659629572,0.0,0.0,0.0,0.0,100.0,,,0.0,0.6821436942081922,0.9730770254422848,0.5928945508244946,53.16070212891771,,,0.0,0.6821436942081922,0.9730770254422848,0.5928945508244946,-46.83929787108229,,
云南省,保山市,Medium/Small City,2480.0,35.0,50.0,0.0,2480.0,-15.0,2465.0,2611312.8181818184,9.497138691054074,-0.057442371115246416,9.439696319938827,9.554581062169321,19566.0,33780.0,172.6464274762343,-19.06682079703564,-0.0724935327287829,248.3,-8.400000000000006,-0.0338300443012485,132.0,471784.0,1900.0563834071686,7.5496388401916805,0.0,0.0,0.0,0.0,100.0,,,7.399977518587696,0.5434581419071187,0.6084368935897503,0.4226967517592385,36.58671576317198,,,7.399977518587696,0.5434581419071187,0.6084368935897503,0.4226967517592385,-63.41328423682802,,
云南省,大理白族自治州,Medium/Small City,2671.0,0.0,186.0,0.0,2671.0,-186.0,2485.0,3600130.272727273,7.419175967697937,-0.5166479707943902,6.9025279969035465,7.9358239384923275,,,,,,,,,,,,,2.528303861618042,0.5940981323638138,0.7013374012667845,0.4707411017150431,41.57547802010964,,,12.112819589157198,0.437650202952724,0.3822165405926934,0.275272710074393,20.104399998473603,,,9.584515727539156,-0.15644792941108981,-0.31912086067409107,-0.19546839164065005,-21.47107802163604,,
云南省,德宏傣族景颇族自治州,Medium/Small City,1000.0,0.0,0.0,0.0,1000.0,0.0,1000.0,1257670.4545454546,7.951208493336345,0.0,7.951208493336345,7.951208493336345,,,,,,,,,,,,,0.0,0.0,0.0,0.0,100.0,,,0.138488520737801,0.6908585495462609,0.9700762306389116,0.5784500885449446,49.17116060961313,,,0.138488520737801,0.6908585495462609,0.9700762306389116,0.5784500885449446,-50.82883939038687,,
云南省,怒江傈僳族自治州,Medium/Small City,1071.0,0.0,0.0,0.0,1071.0,0.0,1071.0,552924.9090909091,19.369718788051774,0.0,19.369718788051774,19.369718788051774,,,,,,,,,,,,,0.0,0.0,0.0,0.0,100.0,,,0.0,0.7156025155045684,1.155048855992432,0.6789498755523043,66.97284380367165,,,0.0,0.7156025155045684,1.155048855992432,0.6789498755523043,-33.02715619632835,,
云南省,文山壮族苗族自治州,Medium/Small City,1950.0,0.0,0.0,0.0,1950.0,0.0,1950.0,3659306.6363636362,5.328878374450122,0.0,5.328878374450122,5.328878374450122,,,,,,,,,,,,,0.0,0.0,0.0,0.0,100.0,,,0.0,0.7801233767623734,1.282506723645155,0.6918962709881367,62.91226939909456,,,0.0,0.7801233767623734,1.282506723645155,0.6918962709881367,-37.08773060090544,,
云南省,昆明市,Super City,11089.0,2233.0,51.0,0.0,11089.0,2182.0,13271.0,6705582.818181818,16.536966734543622,3.254004997274252,19.790971731817873,13.28296173726937,56236.0,38824.0,69.03762714275553,235.4768070061362,0.4079326958113607,719.91,165.35173390453406,0.2296838964655777,386.09090909090907,4779736.0,6639.352141239878,8.800769668619926,28.916833118198483,0.3059811180200145,0.271460585067853,0.2175286183758279,17.720101776505977,,13.063129816211925,51.840972547586254,0.310013131647666,0.2583496017035893,0.2006073363764829,13.83200881169626,,6.586535828482836,22.924139429387772,0.004032013627651487,-0.013110983364263695,-0.016921281999345006,-3.888092964809717,,-6.476593987729089
云南省,昭通市,Medium/Small City,1500.0,699.0,0.0,0.0,1500.0,699.0,2199.0,5402140.090909091,2.7766773440848973,1.293931642343562,4.070608986428459,1.4827457017413352,12480.0,29287.0,234.6714743589744,-116.61517272727274,-0.1874533263441308,518.1,-37.700000000000045,-0.0727658753136461,270.0,510201.0,984.7539085118702,6.892391770882865,0.0,0.8088136507787013,1.5199182735019652,0.7733174115284229,75.82765904364639,,,0.0,0.781517949744423,1.358875916370315,0.7278361892778713,69.69792411948042,,,0.0,-0.027295701034278252,-0.16104235713165016,-0.04548122225055162,-6.129734924165973,,
云南省,普洱市,Medium/Small City,3285.0,0.0,23.0,0.0,3285.0,-23.0,3262.0,2644971.8181818184,12.419792065150032,-0.08695744824914786,12.332834616900884,12.50674951339918,18422.0,32419.0,175.97980675279555,-11.333098803895906,-0.0447906066234143,249.4,-15.700000000000015,-0.0629510825982358,56.18181818181818,449892.0,1803.897353648757,7.497704799695957,0.0,0.8516749907911362,1.7682071868156062,0.8223422631716585,80.86241900714843,,,0.0,0.8635484811000714,1.858705876337174,0.8381639778145074,82.66159594352031,,,0.0,0.011873490308935253,0.09049868952156781,0.015821714642848872,1.7991769363718788,,
云南省,曲靖市,Medium/Small City,2786.0,220.0,20.0,0.0,2786.0,200.0,2986.0,6086709.181818182,4.577185991277777,0.328584780421951,4.9057707716997285,4.248601210855826,27529.0,37428.0,135.95844382287768,-87.95604514633582,-0.1323661258571013,583.7,-20.300000000000068,-0.0347781394551997,223.27272727272728,1156724.0,1981.7097824224772,7.591715277540091,0.0,0.6808637017042232,0.956947939469958,0.5910189007234529,54.10028398293741,,,6.003901481628418,0.6384001531077023,0.7737965255531667,0.4858694250225079,39.96731994032925,,,6.003901481628418,-0.042463548596520906,-0.18315141391679135,-0.10514947570094496,-14.132964042608165,,
云南省,楚雄彝族自治州,Medium/Small City,2980.0,0.0,0.0,0.0,2980.0,0.0,2980.0,2795307.272727273,10.660724239781086,0.0,10.660724239781086,10.660724239781086,,,,,,,,,,,,,0.0,0.6765084610964249,0.9873154930191592,0.6134612395192471,58.88944461978852,,,4.272894361744756,0.617164615844694,0.7558456979015367,0.4856439800688638,37.15919076053238,,,4.272894361744756,-0.059343845251730976,-0.23146979511762256,-0.12781725945038336,-21.730253859256138,,
云南省,玉溪市,Medium/Small City,772.0,552.0,52.0,0.0,772.0,500.0,1272.0,2422584.3636363638,3.186679529464177,2.0639116123472645,5.250591141811442,1.1227679171169127,50511.0,63462.0,125.63995961275762,4.994790909090909,0.0225211246088663,228.9,-2.300000000000012,-0.0100480559196156,143.0,1135897.0,4962.415902140673,8.509647978179945,4.649250975414205,0.595342772970334,0.6992484403261665,0.4701674746778042,41.92796030269324,,,14.122968616770274,0.4828679242761792,0.459095097875311,0.3276177471704063,26.39534186989171,,,9.47371764135607,-0.1124748486941548,-0.2401533424508555,-0.14254972750739786,-15.532618432801534,,
云南省,红河哈尼族彝族自治州,Medium/Small City,6290.0,1410.0,200.0,0.0,6290.0,1210.0,7500.0,4667085.2727272725,13.47736249165286,2.5926245810651762,16.069987072718035,10.884737910587685,,,,,,,,,,,,,0.0,0.994068322067284,5.019109006680153,0.9928808345029536,99.13653530077156,,,0.0,0.695803025425505,0.9583530438433346,0.5768235019054493,50.53273275506562,,,0.0,-0.29826529664177903,-4.060755962836818,-0.4160573325975043,-48.60380254570594,,
云南省,西双版纳傣族自治州,Medium/Small City,1200.0,0.0,0.0,0.0,1200.0,0.0,1200.0,1181196.6363636365,10.159189105839738,0.0,10.159189105839738,10.159189105839738,,,,,,,,,,,,,0.0,0.959271482497494,2.976968661402942,0.9426370371183972,92.9745181767328,,,5.638601716166209,0.6474700325929914,0.8298477240824216,0.5004821142650002,41.149331958478726,,,5.638601716166209,-0.31180144990450265,-2.1471209373205205,-0.44215492285339697,-51.825186218254075,,
云南省,迪庆藏族自治州,Medium/Small City,386.0,0.0,0.0,0.0,386.0,0.0,386.0,417520.2727272727,9.245060065673458,0.0,9.245060065673458,9.245060065673458,,,,,,,,,,,,,0.0,0.0,0.0,0.0,100.0,,,0.0,0.7304355452131814,1.2019469114545012,0.6909207100105939,67.56880065546046,,,0.0,0.7304355452131814,1.2019469114545012,0.6909207100105939,-32.431199344539536,,
内蒙古自治区,乌兰察布市,Medium/Small City,1300.0,0.0,0.0,0.0,1300.0,0.0,1300.0,2227318.727272727,5.83661414992817,0.0,5.83661414992817,5.83661414992817,41138.0,35226.0,85.6288589625164,-78.34909090909092,-0.2930073163434602,211.71,-53.640000000000015,-0.2533654527419584,47.09090909090909,510240.0,2410.0892730622077,7.787419068563036,0.0,0.9731754109720652,3.3566285596508525,0.959839609361014,94.8653851283056,,,3.0330185890197754,0.6323665594858526,0.7836509671635139,0.4871537915899581,37.87477781536143,,,3.0330185890197754,-0.34080885148621254,-2.5729775924873386,-0.4726858177710559,-56.99060731294417,,
内蒙古自治区,乌海市,Medium/Small City,1538.0,162.0,0.0,0.0,1538.0,162.0,1700.0,544151.0909090909,28.264208704066483,2.97711431083145,31.241323014897933,25.287094393235034,108556.0,-2204.0,-2.0302885146836656,11.913497851059018,0.2709339939966206,55.42,0.3099999999999951,0.0055936485023456,278.0,751617.0,13562.197762540598,9.515041625244873,0.0,0.0,0.0,0.0,100.0,,,27.123596062494464,0.1100534710369423,0.0316702857755521,0.0205238140679224,0.5535940797724965,1.745298185045764,1.3002292222843737,27.123596062494464,0.1100534710369423,0.0316702857755521,0.0205238140679224,-99.4464059202275,,
内蒙古自治区,兴安盟,Medium/Small City,1520.0,740.0,0.0,0.0,1520.0,740.0,2260.0,1680348.9090909092,9.045740392228064,4.403847296216294,13.449587688444357,4.64189309601177,,,,,,,,,,,,,0.0,0.0,0.0,0.0,100.0,,,7.826209472074723,0.6040043694047452,0.7309481635499505,0.4845850425780884,42.7529802562936,,,7.826209472074723,0.6040043694047452,0.7309481635499505,0.4845850425780884,-57.2470197437064,,
内蒙古自治区,包头市,Large City,2480.0,382.0,0.0,0.0,2480.0,382.0,2862.0,2763193.5454545454,8.975122296733796,1.3824583537710928,10.357580650504888,7.5926639429627025,130676.0,34787.0,26.62080259573296,47.28673554747999,0.2110949947309366,267.55,9.659999999999968,0.0361054008596522,80.27272727272727,2343186.0,8757.93683423659,9.077715634985093,24.070917334248666,0.2241985105053012,0.2042550224879077,0.1713490693817378,14.269607223379213,,3.619340523587799,34.35192255866937,0.2173282642802062,0.1784134671994987,0.1486600616709581,11.961835524139843,,2.273259207633744,10.281005224420706,-0.006870246225094995,-0.025841555288409007,-0.022689007710779696,-2.3077716992393693,,-1.3460813159540552
内蒙古自治区,呼伦贝尔市,Medium/Small City,4050.0,250.0,200.0,0.0,4050.0,50.0,4100.0,2853211.727272727,14.194530189567235,0.17524111345144733,14.369771303018682,14.019289076115788,60152.0,20158.0,33.51177018220508,-24.101922030561003,-0.0948537714821834,242.29,-28.379999999999995,-0.1171323620454826,10.727272727272727,960318.0,3963.506541747493,8.284884402773512,0.0,0.0,0.0,0.0,100.0,,,0.0885679867802834,0.6318640795078337,0.8143730364173989,0.5340529297567111,49.87859441603021,,,0.0885679867802834,0.6318640795078337,0.8143730364173989,0.5340529297567111,-50.12140558396979,,
内蒙古自治区,呼和浩特市,Large City,4823.0,2579.0,0.0,400.0,4423.0,2579.0,7002.0,2987422.909090909,14.805402966351172,8.632858749767053,23.438261716118227,6.17254421658412,95961.0,17494.0,18.230322735277877,91.56089964582836,0.3673268650238927,315.8,48.13999999999999,0.1524382520582646,145.27272727272728,2115389.0,6698.508549715009,8.809640176078846,38.97957747880768,0.2556645289950033,0.2090036256666918,0.169074014296708,12.764859795644796,,3.114322897680157,64.7707424986915,0.2329189366146035,0.1816545593731968,0.14501390448936,8.523804132186651,174.1606045332512,2.362013533133705,25.791165019883827,-0.022745592380399804,-0.02734906629349501,-0.02406010980734799,-4.241055663458145,,-0.752309364546452
内蒙古自治区,巴彦淖尔市,Medium/Small City,2060.0,0.0,0.0,0.0,2060.0,0.0,2060.0,1738867.5454545454,11.846790777048573,0.0,11.846790777048573,11.846790777048573,51872.0,31227.0,60.20010795805059,-12.648517018779636,-0.0729707967421064,167.23,-18.289999999999992,-0.1093703282903784,27.636363636363637,620167.0,3708.467380254739,8.21837396519745,0.0,0.9740561409672236,3.470518979456949,0.9668882955826272,96.34828861210448,,,7.140808117389679,0.579063259682276,0.6670757736200952,0.4470776582177448,36.53286617583565,,,7.140808117389679,-0.3949928812849476,-2.803443205836854,-0.5198106373648824,-59.81542243626883,,
内蒙古自治区,赤峰市,Large City,7326.0,0.0,89.0,0.0,7326.0,-89.0,7237.0,4529095.454545454,16.17541531973573,-0.19650722951903904,15.978908090216692,16.37192254925477,41309.0,17478.0,42.310392408434,-51.89407888808555,-0.1132855020582453,419.27,-26.19999999999999,-0.0624895651966512,51.09090909090909,980258.0,2338.0113053640853,7.757055977505389,0.0,0.7300560393931927,1.1200310302152203,0.6533288861408966,62.02052294061842,,,16.53507394601803,0.5545404251684247,0.611486144740533,0.4199016608079156,35.44780220435325,,,16.53507394601803,-0.17551561422476802,-0.5085448854746873,-0.233427225332981,-26.57272073626517,,
内蒙古自治区,通辽市,Medium/Small City,2658.0,200.0,200.0,0.0,2658.0,0.0,2658.0,3277651.8181818184,8.109464175711159,0.0,8.109464175711159,8.109464175711159,60380.0,-51.0,-0.0844650546538589,-17.25504934033128,-0.0545309236078805,312.4,-34.71999999999997,-0.1111395646606913,59.63636363636363,1130563.0,3618.95966709347,8.193941878736087,0.0,0.6819527885200325,0.9692986777128816,0.5950377264012772,54.544155812489336,,,0.0,0.6861259764244848,1.00489801746508,0.6138161906123466,56.96809243018348,,,0.0,0.0041731879044523135,0.03559933975219831,0.018778464211069434,2.423936617694146,,
内蒙古自治区,鄂尔多斯市,Medium/Small City,906.0,0.0,0.0,0.0,906.0,0.0,906.0,2065526.5454545454,4.386290759582677,0.0,4.386290759582677,4.386290759582677,200152.0,85186.0,42.560653903033696,51.87186620782864,0.3185948857570072,206.5,17.55000000000001,0.0849878934624698,18.0,4300782.0,20827.031476997578,9.94400701219321,0.0,0.6723055518451333,0.9733059167863496,0.6052517880861004,57.29863536591279,,,9.524985184103755,0.5277589450527571,0.6168981350678798,0.4351453858401942,38.08284721207163,,,9.524985184103755,-0.1445466067923762,-0.35640778171846976,-0.17010640224590617,-19.21578815384116,,
内蒙古自治区,锡林郭勒盟,Medium/Small City,1057.0,249.0,0.0,0.0,1057.0,249.0,1306.0,1070806.0909090908,9.871068244509425,2.3253509866441315,12.196419231153557,7.545717257865293,,,,,,,,,,,,,0.0,0.8065113834111655,1.5983455449397177,0.7944909451510798,78.76581267233445,,,0.0,0.7789020819173256,1.4759288150517482,0.7698459731451265,76.702126684809,,,0.0,-0.02760930149383989,-0.12241672988796948,-0.02464497200595328,-2.063685987525446,,
内蒙古自治区,阿拉善盟,Medium/Small City,207.0,0.0,0.0,0.0,207.0,0.0,207.0,253091.54545454544,8.178858745685625,0.0,8.178858745685625,8.178858745685625,,,,,,,,,,,,,0.0,0.0,0.0,0.0,100.0,,,16.15725736095481,0.4821662824338656,0.5924798131685557,0.4404895183270667,43.09231916007168,,,16.15725736095481,0.4821662824338656,0.5924798131685557,0.4404895183270667,-56.90768083992832,,
北京市,北京市,Mega City,10337.0,6056.0,2278.0,1150.0,9187.0,3778.0,12965.0,20414068.363636363,4.5003278309603525,1.8506845047750315,6.351012335735384,2.6496433261853207,99995.0,128172.0,128.17840892044603,799.9872655886628,0.5765730622217455,2171.1,12.099999999999907,0.0055732117359863,856.1818181818181,40271609.0,18548.942471558195,9.828168056790966,22.79165708584104,0.1426652974050329,0.0574011607912101,0.038527811480072,0.8676886501204273,2.1570980699559894,1.4598306552873392,28.654725888111265,0.1323730409229622,0.0512060183934076,0.0338541356541132,0.3426210447437648,1.9293849912389167,1.4012175671729592,5.863068802270224,-0.010292256482070689,-0.0061951423978025,-0.0046736758259587965,-0.5250676053766625,-0.2277130787170727,-0.05861308811438004
吉林省,吉林市,Large City,0.0,485.0,0.0,0.0,0.0,485.0,485.0,4606007.181818182,0.0,1.0529727394140762,1.0529727394140762,-1.0529727394140762,55548.0,-9037.0,-16.268812558507957,-42.992699245579,-0.1048782736839874,381.28331895371,-27.59115178873805,-0.0723639100300838,151.8181818181818,1311855.0,3440.6304571621363,8.143410006005958,10.84092465192912,0.5867706661828471,0.674438104473033,0.4445448857878464,34.43822919824362,,,16.20276165008545,0.493694066176226,0.5038421737809429,0.3563357840033102,28.00864413793015,,,5.361836998156329,-0.0930766000066211,-0.17059593069209011,-0.08820910178453623,-6.429585060313467,,
吉林省,四平市,Medium/Small City,0.0,701.0,70.0,0.0,0.0,631.0,631.0,2372802.090909091,0.0,2.659303118526186,2.659303118526186,-2.659303118526186,36900.0,-1860.0,-5.040650406504065,-93.66035711749984,-0.3457754105513559,181.345734460758,-14.777361233455991,-0.0814872281247603,216.36363636363637,578526.0,3190.182563269439,8.067833424006352,8.374382019042969,0.5195810232432305,0.5950952871584039,0.4240677063471432,36.06325925893953,,,12.379369240540724,0.4410499857214622,0.4091470280649631,0.2961521149104338,22.116235341589945,,,4.004987221497755,-0.07853103752176832,-0.18594825909344076,-0.12791559143670939,-13.947023917349586,,
吉林省,延边朝鲜族自治州,Medium/Small City,0.0,0.0,18.0,0.0,0.0,-18.0,-18.0,2360554.3636363638,0.0,-0.07625327455823358,-0.07625327455823358,0.07625327455823358,,,,,,,,,,,,,0.0,0.6328693167443054,0.8678145751157053,0.5604173078710346,51.03640656850757,,,4.397667142597878,0.5794969195026655,0.7088604784378455,0.4789075322413649,41.78087487757468,,,4.397667142597878,-0.05337239724163989,-0.15895409667785976,-0.08150977562966971,-9.25553169093289,,
吉林省,松原市,Medium/Small City,0.0,0.0,0.0,0.0,0.0,0.0,0.0,2999323.3636363638,0.0,0.0,0.0,0.0,56868.0,-9324.0,-16.395864106351553,-41.541784769218914,-0.1517076105305205,257.895701854186,-49.29198143615798,-0.1911314577240516,133.36363636363637,625070.0,2423.731747004508,7.793063675638152,0.0,0.651141244798993,0.9157139038855008,0.5829914357549737,54.93728863279418,,,1.7200987339019775,0.6044572387400158,0.7510875651476999,0.49878056632683,44.21586971949939,,,1.7200987339019775,-0.04668400605897727,-0.16462633873780086,-0.08421086942814371,-10.72141891329479,,
吉林省,白城市,Medium/Small City,880.0,0.0,0.0,0.0,880.0,0.0,880.0,2115392.090909091,4.1599852990932735,0.0,4.1599852990932735,4.1599852990932735,34586.0,7511.0,21.7168796622911,-31.39540533233873,-0.1666697894392364,168.569509720198,-22.52274210675799,-0.1336110079701994,74.81818181818181,413952.0,2455.675410619055,7.806157118732834,0.0,0.923496331258166,2.450736508898287,0.91214170378986,91.03066629225452,,,2.9748754501342773,0.5721497658688746,0.6650533536212043,0.4560413154229104,40.66039766490764,,,2.9748754501342773,-0.35134656538929143,-1.7856831552770829,-0.45610038836694966,-50.37026862734688,,
吉林省,白山市,Medium/Small City,500.0,0.0,0.0,0.0,500.0,0.0,500.0,1331006.0,3.7565570703663242,0.0,3.7565570703663242,3.7565570703663242,53300.0,10332.0,19.384615384615383,-19.571732636431147,-0.1671728404444706,106.268344640126,-16.504730449291998,-0.1553118240919691,71.0909090909091,442513.0,4164.109279188969,8.334257673191882,0.0,0.0,0.0,0.0,100.0,,,1.915510186618062,0.6047011467901136,0.7146039390022753,0.4668449434632954,39.02719862656371,,,1.915510186618062,0.6047011467901136,0.7146039390022753,0.4668449434632954,-60.97280137343629,,
吉林省,辽源市,Medium/Small City,0.0,150.0,0.0,0.0,0.0,150.0,150.0,1218552.6363636365,0.0,1.2309685730739126,1.2309685730739126,-1.2309685730739126,56467.0,268.0,0.4746134910655781,-17.702031715002537,-0.1521644147524291,101.098450036414,-7.4671499870366915,-0.0738601826669661,234.54545454545453,268211.0,2652.9684669091844,7.883434468243199,5.185126632985122,0.3135006487303071,0.1840881721521719,0.121666500538843,6.604183911378897,6.263347748828915,2.6276989468992293,10.207807102718869,0.2575491346621015,0.1174344592296021,0.0642687361507193,0.2063938733946251,5.413297073131509,2.13196315635382,5.022680469733746,-0.05595151406820559,-0.0666537129225698,-0.05739776438812369,-6.397790037984271,-0.850050675697406,-0.4957357905454094
吉林省,通化市,Medium/Small City,2002.0,1730.0,0.0,1000.0,1002.0,1730.0,2732.0,2410853.272727273,4.156204823143341,7.175882578880219,11.33208740202356,-3.019677755736878,45378.0,3294.0,7.259024196747323,-86.51817249689726,-0.4040741797755781,131.161363699525,-11.836971472705995,-0.0902473955655347,139.9090909090909,837190.0,6382.901003666767,8.761377975761944,0.0,0.7090245026121902,1.0473952998187883,0.6272055603887603,58.73283287990903,,,13.649986267089844,0.3484840739082987,0.2666050220676837,0.1912274841163733,10.621257987878984,,9.097073027723734,13.649986267089844,-0.36054042870389147,-0.7807902777511047,-0.435978076272387,-48.11157489203005,,
吉林省,长春市,Large City,4215.0,1253.0,1727.0,0.0,4215.0,-474.0,3741.0,9138028.090909092,4.612592517846674,-0.5187114717578466,4.0938810460888275,5.131303989604521,70891.0,13039.0,18.3930259130214,110.88583164477072,0.1391297713476903,907.79578957919,-1.0137970471190556,-0.0011167677342819,367.8181818181818,3973249.0,4376.809240150591,8.384075253913215,22.74072979577904,0.4867898689538616,0.5416932776408553,0.3880880123959707,31.35048637155995,,,26.8813764890035,0.4664420628796842,0.484354346660663,0.3489621806255577,26.52852025374996,,,4.140646693224461,-0.02034780607417741,-0.05733893098019227,-0.039125831770412955,-4.821966117809989,,
四川省,乐山市,Medium/Small City,498.0,600.0,0.0,0.0,498.0,600.0,1098.0,3371187.090909091,1.4772244511226662,1.7797884953285137,3.25701294645118,-0.3025640442058475,37125.0,43298.0,116.62760942760944,-31.95454545454545,-0.0914079159515264,321.4,-6.2999999999999545,-0.0196017423771,278.1818181818182,787878.0,2451.3939016801496,7.8044120812153635,5.29253052650614,0.3884883018219208,0.3070637032348531,0.227786373261731,17.598328556126546,,8.263150474680598,8.497165942192078,0.3706042376663639,0.2730170118007921,0.1933228492178722,11.55088749729076,,5.554355526375472,3.204635415685938,-0.017884064155556878,-0.03404669143406103,-0.0344635240438588,-6.047441058835787,,-2.708794948305126
四川省,内江市,Medium/Small City,2600.0,0.0,0.0,0.0,2600.0,0.0,2600.0,3811331.0,6.8217638405061125,0.0,6.8217638405061125,6.8217638405061125,31024.0,32386.0,104.39014956162973,-85.8670945601009,-0.2100040943393135,349.8,-47.02554016111003,-0.1344355064640081,784.9090909090909,450832.0,1288.8279016580902,7.161488480959652,15.407291412353516,0.4372695453988438,0.374770163190728,0.2594345995690917,13.96655386182228,,13.57564277501853,26.113745426076704,0.2294826280054116,0.0926388052951303,0.0514023492918372,0.0,3.579064717479316,2.2819141662940283,10.706454013723189,-0.20778691739343216,-0.2821313578955977,-0.2080322502772545,-13.96655386182228,,-11.293728608724502
四川省,凉山彝族自治州,Medium/Small City,2238.0,736.0,270.0,0.0,2238.0,466.0,2704.0,4711902.909090909,4.749673418953763,0.988984724411284,5.738658143365047,3.7606886945424787,,,,,,,,,,,,,0.0,0.7745457730311522,1.3532040689409537,0.7328101688718056,71.56028520549964,,,0.0,0.7906122532728955,1.391497125166522,0.7363457389991455,70.65120858793915,,,0.0,0.016066480241743286,0.038293056225568334,0.0035355701273398488,-0.909076617560487,,
四川省,南充市,Large City,8160.0,0.0,0.0,1647.0,6513.0,0.0,6513.0,6524436.909090909,9.982470657237908,0.0,9.982470657237908,9.982470657237908,22639.0,29391.0,129.8246388974778,-151.93,-0.2096577316173288,604.4,-55.5,-0.0918266048974189,592.0909090909091,765568.0,1266.6578424884183,7.144137090565589,9.168241844137157,0.4391545707707914,0.3544375179626822,0.2329739414687133,10.503249819227529,,13.590476888998126,17.472302770379727,0.3372507211148746,0.2041072257408381,0.1304617692939478,4.825451656568891,9.288921250648167,3.617077590441851,8.30406092624257,-0.10190384965591681,-0.1503302922218441,-0.10251217217476552,-5.677798162658638,,-9.973399298556274
四川省,宜宾市,Large City,4670.0,0.0,0.0,0.0,4670.0,0.0,4670.0,4660346.2727272725,10.0207146136956,0.0,10.0207146136956,10.0207146136956,32318.0,54387.0,168.28702271180148,-96.8363636363636,-0.1756248763437314,441.5,19.600000000000023,0.0443941109852775,414.27272727272725,1056118.0,2392.1132502831256,7.779932459385852,0.0,0.7286373211985604,1.0727325116310782,0.6176659695007961,53.33568775524574,,,11.180590669699855,0.4367089724202473,0.3536584094718066,0.2384350305250119,13.3491959753105,,12.467862098869492,11.180590669699855,-0.2919283487783131,-0.7190741021592716,-0.3792309389757842,-39.98649177993524,,
四川省,巴中市,Medium/Small City,4135.0,0.0,44.0,0.0,4135.0,-44.0,4091.0,3392596.1818181816,12.188305882558485,-0.1296941859329077,12.058611696625578,12.318000068491392,13756.0,19457.0,141.44373364350102,-87.18909090909092,-0.2371776483040368,307.9,-46.599999999999966,-0.1513478402078596,307.27272727272725,330371.0,1072.9814874959404,6.978196489449189,2.38523530960083,0.7713408054804262,1.3191830452513973,0.5918498425090428,37.62781402173027,,,12.323423444919095,0.4750050742192097,0.4185404422569824,0.2842106686471455,18.54320808752148,,66.3878986299346,9.938188135318265,-0.2963357312612165,-0.9006426029944149,-0.3076391738618973,-19.084605934208792,,
四川省,广元市,Medium/Small City,1080.0,570.0,220.0,0.0,1080.0,350.0,1430.0,2599194.727272727,4.1551330828268425,1.3465709064716618,5.5017039892985045,2.8085621763551805,22117.0,35073.0,158.57937333273048,-63.95727272727274,-0.2139735334998008,246.7,-24.19999999999999,-0.0980948520470206,185.72727272727272,347836.0,1409.9554114308878,7.251313359773532,4.403507232666016,0.6642811523244592,0.8686453507942724,0.5271393671966788,37.6784725693811,,,16.132092619741428,0.5520079957957453,0.5486708465298233,0.3327138997894578,14.276053713213896,,50.518395922283766,11.728585387075412,-0.11227315652871384,-0.31997450426444907,-0.19442546740722094,-23.402418856167202,,
四川省,广安市,Medium/Small City,800.0,777.0,66.0,0.0,800.0,711.0,1511.0,3496566.1818181816,2.2879589814713803,2.033423544782689,4.3213825262540695,0.25453543668869116,28489.0,21581.0,75.75204464881182,-136.36363636363637,-0.2975600079349335,316.7,6.0,0.0189453741711398,740.8181818181819,459637.0,1451.3324913167035,7.280237372958578,3.5586171151121984,0.4402075279633771,0.3233932469865315,0.1794116027930937,5.273162111091403,7.889880711550968,4.77478450687468,9.223122338302264,0.3716380750598499,0.2367183058742125,0.1401176276186462,2.4979315116713305,11.50797863969552,4.408141789910419,5.664505223190066,-0.06856945290352717,-0.08667494111231899,-0.03929397517444749,-2.7752305994200723,3.618097928144551,-0.366642716964261
四川省,德阳市,Medium/Small City,2455.0,459.0,0.0,0.0,2455.0,459.0,2914.0,3785717.0,6.48490101082569,1.2124519608834998,7.69735297170919,5.272449049942191,43091.0,51449.0,119.3961616114734,-37.461145454545466,-0.0974610984683659,348.9,-3.5,-0.0100315276583548,657.5454545454545,835153.0,2393.6744052737176,7.780584872387985,13.350961156353124,0.3645484499674142,0.2750500578996843,0.1992986123076571,12.602802920421102,,6.000109997263392,25.1750015126232,0.2885744397327817,0.147426704261304,0.0842764563337663,0.0276045272459529,6.391460317605951,3.146413723704491,11.824040356270077,-0.07597401023463252,-0.1276233536383803,-0.1150221559738908,-12.575198393175148,,-2.853696273558901
四川省,成都市,Mega City,30251.0,8122.0,623.0,0.0,30251.0,7499.0,37750.0,15739662.181818182,19.21959928399526,4.764397045739991,23.983996329735252,14.455202238255271,70019.0,39650.0,56.627486825004645,510.39090909090913,0.3483162100456621,1619.8,527.6000000000001,0.3257192245956292,1081.3636363636363,10251696.0,6328.988764044944,8.752895749460874,21.009083303755663,0.236228258241297,0.1305466155236704,0.0931693319394366,4.466856970950534,5.378918446384459,2.200890698617336,45.63298330835428,0.1802995926141515,0.0659813042931267,0.0381528072682908,0.0285313643885541,2.620090067631067,1.8847312555576892,24.623900004598614,-0.05592866562714552,-0.0645653112305437,-0.0550165246711458,-4.43832560656198,-2.7588283787533916,-0.31615944305964705
四川省,攀枝花市,Medium/Small City,0.0,961.0,111.0,0.0,0.0,850.0,850.0,1264141.3636363635,0.0,6.723931551095947,6.723931551095947,-6.723931551095947,70646.0,43671.0,61.81666336381395,13.266363636363634,0.122161112366793,122.5,-0.2000000000000028,-0.0016326530612245,150.0909090909091,629076.0,5135.314285714286,8.5438963251079,34.69691845035243,0.279501713942455,0.2004680471996321,0.1428852191811571,4.470852531846706,30.41007348393165,3.7117694774518015,42.781605916016986,0.2781152340025291,0.2162231244575497,0.1683022453606107,11.594968278377882,,4.331832265961396,8.084687465664558,-0.001386479939925911,0.01575507725791761,0.0254170261794536,7.124115746531176,,0.6200627885095948
四川省,泸州市,Large City,4237.0,1296.0,0.0,0.0,4237.0,1296.0,5533.0,4373055.7272727275,9.688877215938021,2.9636027547452617,12.652479970683283,6.725274461192759,29655.0,36790.0,124.0600236047884,-83.54363636363637,-0.1649258445679172,415.5,11.600000000000025,0.0279181708784597,408.72727272727275,1159216.0,2789.9302045728036,7.93377185822035,8.741354966738138,0.5100834612975083,0.5714615452571183,0.4188617481623723,38.96416094662252,,,16.461836472953237,0.3675928160005599,0.249692214648491,0.1654229981206617,7.49255394387585,27.139723189553656,4.601984569053881,7.7204815062150995,-0.14249064529694838,-0.32176933060862734,-0.2534387500417106,-31.47160700274667,,
四川省,甘孜藏族自治州,Medium/Small City,592.0,0.0,80.0,0.0,592.0,-80.0,512.0,1136463.1818181819,5.209143679013718,-0.7039383350018538,4.5052053440118645,5.913082014015572,,,,,,,,,,,,,0.0,0.0,0.0,0.0,100.0,,,0.0,0.907013842867925,2.2167894570944298,0.8851299886934993,87.40643685044522,,,0.0,0.907013842867925,2.2167894570944298,0.8851299886934993,-12.593563149554782,,
四川省,眉山市,Medium/Small City,3265.0,10.0,0.0,1610.0,1655.0,10.0,1665.0,3076773.727272727,5.379011089863287,0.03250157758225551,5.4115126674455425,5.346509512281031,31664.0,32286.0,101.9643759474482,-47.24181818181818,-0.1374921948586608,297.6,-2.0,-0.0067204301075268,490.3636363636364,751991.0,2526.8514784946233,7.834729331816315,7.313090324401855,0.4783243602859404,0.4354267263333831,0.2920326520800838,16.492578229874017,,44.36162486021115,15.764223466813563,0.2974932750426233,0.1440081773010387,0.0775902925344181,0.3819856886729063,4.711030011911314,2.746952677488133,8.45113314241171,-0.1808310852433171,-0.2914185490323444,-0.21444235954566568,-16.11059254120111,,-41.61467218272302
四川省,绵阳市,Large City,7100.0,769.0,0.0,0.0,7100.0,769.0,7869.0,4812892.909090909,14.752042345652553,1.597791628705185,16.34983397435774,13.154250716947368,33558.0,54798.0,163.29340246736993,-51.19727272727273,-0.0958853264820707,468.2,24.0,0.0512601452370781,268.0,1017482.0,2173.178129004699,7.683945950667909,9.401381557507554,0.4930140602527942,0.4743909419912875,0.3269622360102714,22.064050882607987,,,22.9010965217428,0.3517560609869355,0.2320205851174859,0.1513915093124228,5.7963243726732,14.63207013012022,4.685269510797974,13.499714964235247,-0.1412579992658587,-0.2423703568738016,-0.17557072669784862,-16.267726509934786,,
四川省,自贡市,Medium/Small City,2810.0,0.0,0.0,0.0,2810.0,0.0,2810.0,2814660.090909091,9.983443503803027,0.0,9.983443503803027,9.983443503803027,39145.0,38386.0,98.06105505173076,-66.96,-0.209163244790513,264.3,-23.200000000000017,-0.0877790389708665,739.9090909090909,424059.0,1604.460839954597,7.380543053866653,21.14730262756348,0.3540804296064936,0.2514993947219497,0.1656487168330493,4.507335096171261,34.97461510655249,6.394683828691413,29.566144496427675,0.2391196233541387,0.1082895890998376,0.0640644465883216,0.0,3.950392373264573,2.208341763551382,8.418841868864195,-0.11496080625235491,-0.1432098056221121,-0.1015842702447277,-4.507335096171261,-31.024222733287917,-4.186342065140031
四川省,资阳市,Medium/Small City,3151.0,719.0,0.0,0.0,3151.0,719.0,3870.0,2723329.0,11.570397847634274,2.6401510797997596,14.210548927434033,8.930246767834515,33592.0,15166.0,45.14765420338176,-109.93909090909092,-0.3204974968793811,242.5,-20.69999999999999,-0.085360824742268,628.3636363636364,554619.0,2287.0886597938143,7.735034960124805,2.48714825225203,0.6358432571857326,0.7478887933216113,0.4593290122087842,34.513522097306115,,,8.719661334571715,0.3714064363134149,0.2296369472815206,0.1292285378829695,1.1985159268895524,9.492308777413356,3.985694997999247,6.232513082319684,-0.26443682087231773,-0.5182518460400907,-0.3301004743258147,-33.31500617041656,,
四川省,达州市,Medium/Small City,3360.0,440.0,0.0,0.0,3360.0,440.0,3800.0,5712693.545454546,5.88163879834491,0.7702146045451669,6.651853402890077,5.111424193799743,24411.0,28329.0,116.0501413297284,-120.11181818181814,-0.1816915411938947,547.2,-17.200000000000045,-0.0314327485380117,410.90909090909093,724120.0,1323.3187134502923,7.187898037181539,4.023643970489502,0.5024583205017714,0.5130896856547696,0.3544036744221437,24.074483139660185,,,8.803406715393066,0.5116339339910363,0.4557826020000534,0.2775759818652978,12.102929068646748,,16.24149522500309,4.7797627449035645,0.009175613489264878,-0.05730708365471626,-0.0768276925568459,-11.971554071013436,,
四川省,遂宁市,Medium/Small City,500.0,300.0,0.0,0.0,500.0,300.0,800.0,3379215.909090909,1.479633185482108,0.8877799112892649,2.367413096771373,0.5918532741928432,24691.0,43368.0,175.64294682272893,-76.21636363636362,-0.209073361961905,309.6,-34.80000000000001,-0.1124031007751938,713.5454545454545,396957.0,1282.1608527131782,7.15630209974498,13.936461448669434,0.2818284528496801,0.172249362215827,0.1228729772761434,5.90532805640439,16.01553926007204,1.9056712676856693,14.842108901037554,0.2795577400261303,0.1288293831086056,0.0697154051095237,0.0,4.498743126596702,2.847071233074709,0.9056474523681199,-0.002270712823549792,-0.043419979107221424,-0.05315757216661969,-5.90532805640439,-11.516796133475337,0.9413999653890397
四川省,阿坝藏族羌族自治州,Medium/Small City,503.0,0.0,68.0,0.0,503.0,-68.0,435.0,934938.3636363636,5.380033802908933,-0.7273206731566748,4.652713129752258,6.107354476065608,,,,,,,,,,,,,0.0,0.9880308242563002,4.177952962274487,0.9822850771645965,97.63659779087604,,,0.0,0.9343357922949068,2.453818956333433,0.8859854128575172,77.88026064654345,,,0.0,-0.05369503196139336,-1.7241340059410541,-0.09629966430707926,-19.75633714433259,,
四川省,雅安市,Medium/Small City,1800.0,1.0,0.0,0.0,1800.0,1.0,1801.0,1570166.0,11.463756061461016,0.0063687533674783425,11.470124814828495,11.457387308093537,30052.0,45628.0,151.83016105417278,-7.800965048198551,-0.0509016936657483,150.1,-6.799999999999983,-0.045303131245836,101.54545454545455,273788.0,1824.037308461026,7.5088076246252164,8.193454588784112,0.4658624954678076,0.4890307444181399,0.3599903322950323,29.956878725730853,,,13.947184562683104,0.4276265542631459,0.3945707131541192,0.28744149898876,20.50918380336003,,,5.7537299738989915,-0.03823594120466173,-0.0944600312640207,-0.07254883330627232,-9.447694922370822,,
天津市,天津市,Mega City,9021.0,2239.0,548.0,1028.0,7993.0,1691.0,9684.0,13425028.909090908,5.9538046838673475,1.2595876042061411,7.213392288073488,4.694217079661207,105231.0,26912.0,25.574212922047685,291.15098906988266,0.2638719300459396,1429.0,-65.0,-0.0454863540937718,866.2727272727273,23903518.0,16727.444366689993,9.724806024792228,24.876668594944903,0.2665651675189758,0.1533156355940567,0.0939718429998484,0.3854982965302393,6.4055682175565245,3.4042058490250757,30.70770519162402,0.2049135084728722,0.0848296880988378,0.0479760321160706,0.0024836444706769,3.5975708007342817,2.230851386799845,5.831036596679116,-0.06165165904610359,-0.0684859474952189,-0.0459958108837778,-0.3830146520595624,-2.807997416822243,-1.1733544622252308
宁夏回族自治区,中卫市,Medium/Small City,510.0,0.0,0.0,0.0,510.0,0.0,510.0,1193007.9090909092,4.274908792420564,0.0,4.274908792420564,4.274908792420564,26354.0,29214.0,110.85224254382638,-13.826184025220815,-0.1134920527830605,108.9865,-1.0065000000000026,-0.009235088749524,68.54545454545455,194636.0,1785.8725621980702,7.487662405138164,0.0,0.9161725687206934,2.213686817112676,0.872607082945764,84.32785646512306,,,6.212915750580702,0.4377087494356254,0.4371210826628754,0.3352926019757491,30.63401535350466,,,6.212915750580702,-0.47846381928506804,-1.7765657344498003,-0.5373144809700148,-53.6938411116184,,
宁夏回族自治区,吴忠市,Medium/Small City,900.0,0.0,79.0,0.0,900.0,-79.0,821.0,1363209.9090909092,6.60206468569604,-0.5795145668555413,6.022550118840499,7.181579252551581,28572.0,37696.0,131.93336133277333,-5.163972727272727,-0.0360431398128924,134.0526,7.477399999999989,0.0557795969641766,79.27272727272727,351383.0,2621.232262559622,7.871399815406252,4.4347581351969145,0.5231100804818409,0.5647117553294512,0.3840813797486023,27.62022387244487,,,5.55656733421179,0.5628520901969667,0.6183981520302004,0.4070289451469892,28.78621237934637,,,1.1218091990148755,0.03974200971512576,0.05368639670074926,0.022947565398386882,1.165988506901499,,
宁夏回族自治区,固原市,Medium/Small City,960.0,0.0,0.0,0.0,960.0,0.0,960.0,1192971.0,8.047136099704016,0.0,8.047136099704016,8.047136099704016,16268.0,24259.0,149.1209736906811,-32.52648407574554,-0.219642018076728,118.8127,-4.16166853674801,-0.0350271354556205,120.18181818181819,152950.0,1287.3202948843011,7.160318046007252,0.0,0.0,0.0,0.0,100.0,,,5.671208373524926,0.5245224194397116,0.5274490916418405,0.360399450981445,27.453009420966385,,,5.671208373524926,0.5245224194397116,0.5274490916418405,0.360399450981445,-72.54699057903362,,
宁夏回族自治区,石嘴山市,Medium/Small City,600.0,0.0,0.0,0.0,600.0,0.0,600.0,760868.4545454546,7.885725796825708,0.0,7.885725796825708,7.885725796825708,61001.0,14894.0,24.415993180439667,0.994792378094148,0.0133657929615348,75.1048,-1.1647999999999996,-0.0155089954303852,144.0909090909091,344611.0,4588.401806542325,8.431287052126486,3.0475835178939388,0.5461883254270963,0.5696441920362045,0.3728200720962012,29.45841614174555,,,16.355355170682085,0.2029796697442673,0.0731754444673556,0.0414156911652822,0.8341560744137,2.5734272490338816,1.6637770768878326,13.307771652788146,-0.343208655682829,-0.49646874756884896,-0.331404380930919,-28.62426006733185,,
宁夏回族自治区,银川市,Large City,3057.0,2478.0,464.0,0.0,3057.0,2014.0,5071.0,2041557.9090909092,14.973858867227822,9.865015295582868,24.83887416281069,5.108843571644954,65942.0,35024.0,53.11334202784265,72.43356275683429,0.3596244987081019,241.1593,50.310700000000026,0.2086201942035825,199.0,1535998.0,6369.225652919045,8.759233179625834,22.37402236400756,0.1687764137829649,0.0910224993018357,0.0678532162760917,3.1486076507607423,2.9941668973389173,1.5738205322682317,44.930477255707856,0.1132201170127727,0.0396017776764249,0.0281529112762776,1.3514605866644729,1.7150747854442452,1.4256842478603435,22.556454891700298,-0.05555629677019221,-0.0514207216254108,-0.0397003049998141,-1.7971470640962695,-1.279092111894672,-0.14813628440788817
安徽省,亳州市,Medium/Small City,2113.0,0.0,0.0,0.0,2113.0,0.0,2113.0,5023663.545454546,4.206093781722028,0.0,4.206093781722028,4.206093781722028,17769.0,33893.0,190.74230401260624,-163.5019314115437,-0.2484138077133599,488.0,-1.8999999999999773,-0.0038934426229507,773.3636363636364,726963.0,1489.6782786885246,7.306315455282079,0.0,0.7097296094395475,1.017221718388608,0.6019389899602678,52.80120793667741,,,6.927968497768111,0.3827627771400208,0.2398899257539136,0.1301215605046706,0.8904157364712337,8.449600197503601,5.037448627553929,6.927968497768111,-0.3269668322995267,-0.7773317926346945,-0.47181742945559724,-51.910792200206174,,
安徽省,六安市,Medium/Small City,1317.0,1300.0,0.0,0.0,1317.0,1300.0,2617.0,4801205.7272727275,2.743060961789087,2.7076531893134494,5.450714151102536,0.03540777247563742,19211.0,34160.0,177.81479360782885,-155.70362651504,-0.260682675273147,450.0,-19.600000000000023,-0.0435555555555556,390.1818181818182,948426.0,2107.6133333333332,7.653311464626247,7.718328298924024,0.5466554477793903,0.5830835560039468,0.3931101019878505,28.77302893933988,,,12.149676223133886,0.4714542213677735,0.4131269574859662,0.2714794529410289,12.12283224285016,,44.76711829021511,4.431347924209862,-0.07520122641161686,-0.16995659851798062,-0.12163064904682164,-16.650196696489722,,
安徽省,合肥市,Large City,7478.0,6340.0,284.0,0.0,7478.0,6056.0,13534.0,7731570.545454546,9.672032294132501,7.832819948283823,17.504852242416323,1.8392123458486784,67689.0,68374.0,101.01198126726646,106.07363636363635,0.1384908096918997,769.58,230.62,0.2996699498427714,632.5454545454545,5003420.0,6501.494321578003,8.779787325089163,29.694407618831427,0.274521258746035,0.1944844789571035,0.1438024284439527,7.6016055422729085,30.14055980938269,3.373977957663296,46.56119565058021,0.243881191869953,0.1384868288262854,0.0887490593894008,1.0151597834656068,5.823077939263588,2.6504955123825136,16.866788031748783,-0.030640066876082006,-0.05599765013081809,-0.055053369054551896,-6.586445758807302,-24.317481870119103,-0.7234824452807822
安徽省,安庆市,Medium/Small City,1450.0,700.0,0.0,0.0,1450.0,700.0,2150.0,4655674.181818182,3.1144791138149,1.5035416411520206,4.6180207549669205,1.6109374726628793,28808.0,48028.0,166.71757845043044,-86.13706620793747,-0.1611043920797173,537.56,-127.75999999999992,-0.237666493042637,404.3636363636364,1056537.0,1965.430835627651,7.583466755042888,1.550705075263977,0.6588524265548615,0.8544685623417739,0.5297781833465014,44.1078134837298,,,5.544880390167236,0.6030095913733939,0.6883719758776345,0.4444289862185716,34.973547894683826,,,3.9941753149032593,-0.0558428351814676,-0.16609658646413938,-0.08534919712792982,-9.134265589045974,,
安徽省,宣城市,Medium/Small City,1500.0,0.0,0.0,0.0,1500.0,0.0,1500.0,2633945.5454545454,5.69487855429882,0.0,5.69487855429882,5.69487855429882,35726.0,46794.0,130.98023848177797,-22.397214260479,-0.0806214277771735,252.0,-3.0,-0.0119047619047619,228.63636363636363,1202221.0,4770.7182539682535,8.47025214989859,0.0,0.8304535514321921,1.5541228659422133,0.763594494599869,71.75003237106692,,,3.3381499814754294,0.5992302471552131,0.6408616662530752,0.3515695439221971,16.104495813404487,,20.43649657931731,3.3381499814754294,-0.231223304276979,-0.9132611996891381,-0.41202495067767186,-55.64553655766244,,
安徽省,宿州市,Medium/Small City,0.0,0.0,0.0,0.0,0.0,0.0,0.0,5575983.181818182,0.0,0.0,0.0,0.0,20895.0,25964.0,124.2593921990907,-108.82929483506764,-0.1660980601106851,548.6,-26.100000000000023,-0.0475756471017134,658.0909090909091,769444.0,1402.5592417061612,7.246053876580459,3.0689775418108844,0.6250184526838707,0.7478716665956404,0.4796212776769696,39.863709577954495,,,3.175607126242095,0.6033080289415154,0.6845153605743374,0.4379588289548924,32.51877930549609,,,0.1066295844312104,-0.021710423742355323,-0.06335630602130304,-0.041662448722077194,-7.344930272458406,,
安徽省,池州市,Medium/Small City,0.0,799.0,0.0,0.0,0.0,799.0,799.0,1465863.3636363635,0.0,5.450712664091165,5.450712664091165,-5.450712664091165,36267.0,52725.0,145.38009760939696,-27.04640771665309,-0.1678583175776823,137.0,-4.599999999999994,-0.0335766423357663,190.63636363636363,684360.0,4995.328467153285,8.51625844811046,13.197325300167504,0.4146805202816793,0.3454014603697531,0.2524031010281505,18.711988187545987,,52.59961067609044,15.519060147688691,0.3680818583657071,0.2567538089424762,0.174418181485274,9.181951660719225,55.514049259097554,4.771431134197809,2.3217348475211868,-0.04659866191597217,-0.08864765142727693,-0.07798491954287651,-9.530036526826763,,-47.82817954189263
安徽省,淮北市,Medium/Small City,0.0,93.0,132.0,0.0,0.0,-39.0,-39.0,2150788.3636363638,0.0,-0.18132885903316973,-0.18132885903316973,0.18132885903316973,35324.0,37219.0,105.36462461782357,-7.921818181818185,-0.0364008521659217,215.85,-22.65000000000001,-0.1049339819318971,803.7272727272727,528134.0,2446.763956451239,7.802521596367003,21.82444190979004,0.1752422100752836,0.06443927657879,0.040471411282811,1.1896905556161752,2.421276249650199,1.910767070695799,20.520085327913065,0.1343210718442491,0.0390092899503369,0.0214956506469771,0.0062776809336822,2.083814863957413,1.531123106172272,-1.3043565818769736,-0.04092113823103449,-0.025429986628453104,-0.018975760635833904,-1.183412874682493,-0.33746138569278594,-0.379643964523527
安徽省,淮南市,Large City,1768.0,0.0,0.0,0.0,1768.0,0.0,1768.0,3514438.5454545454,5.030675532188977,0.0,5.030675532188977,5.030675532188977,33361.0,23508.0,70.46551362369233,-62.58067153720654,-0.166787282545071,328.24,-26.340000000000032,-0.0802461613453571,973.0909090909091,753623.0,2295.951133317085,7.7389024738144805,4.554305924592264,0.5111530818301904,0.492509926475439,0.3299486654450383,21.68971137674341,,,9.2163708959307,0.3797312830527484,0.2365978730711769,0.1245150140886447,0.0991104262367416,7.88123030721635,4.120266503473278,4.6620649713384354,-0.13142179877744198,-0.2559120534042621,-0.20543365135639363,-21.59060095050667,,
安徽省,滁州市,Medium/Small City,0.0,0.0,0.0,0.0,0.0,0.0,0.0,4087944.090909091,0.0,0.0,0.0,0.0,30562.0,68917.0,225.4989856684772,-53.82984295859346,-0.1188073046182049,395.0,10.600000000000025,0.0268354430379747,334.72727272727275,1236295.0,3129.8607594936707,8.048743796759908,5.618600046854618,0.5702477568179871,0.6368846767388464,0.4299274571546209,35.33950791235354,,,10.266560923258464,0.4797772367312651,0.4326720529492678,0.2875827324078537,16.435927394597545,,35.79467777430324,4.647960876403846,-0.09047052008672202,-0.2042126237895786,-0.14234472474676718,-18.903580517755994,,
安徽省,芜湖市,Large City,5248.0,1305.0,0.0,0.0,5248.0,1305.0,6553.0,3688746.727272727,14.227054303292071,3.5377869408910354,17.764841244183106,10.689267362401036,64039.0,71549.0,111.72722871999876,-16.594850870815993,-0.0428604806247945,361.74,17.95999999999998,0.0496489191131751,636.8181818181819,2335357.0,6455.899264665229,8.772749606461451,18.12538129350413,0.4042910907412483,0.3675479047074171,0.2636851889260878,15.53609495982102,,46.55016671186616,30.223535839276824,0.361801153943369,0.2563236968881107,0.164762281510054,3.799810929064428,23.045627497723096,7.560521868328736,12.098154545772694,-0.042489936797879324,-0.11122420781930642,-0.09892290741603377,-11.736284030756591,,-38.98964484353743
安徽省,蚌埠市,Medium/Small City,3230.0,2565.0,8.0,0.0,3230.0,2557.0,5787.0,3297245.090909091,9.796056741142799,7.754958850496017,17.551015591638816,2.041097890646782,35542.0,35366.0,99.50481120927354,-50.73017446123583,-0.1325881410741391,325.78,0.4200000000000159,0.0012892135797164,642.9090909090909,1053415.0,3233.5164835164837,8.081325518605674,12.182830905539335,0.377018189805438,0.306161141939234,0.222733397781371,14.183312920739402,,11.729956838107276,22.633773310903155,0.2995177203838599,0.1723477588974293,0.1072268413088719,1.3715291541218595,7.842863866218116,3.2441953667022214,10.45094240536382,-0.07750046942157812,-0.1338133830418047,-0.11550655647249909,-12.811783766617543,,-8.485761471405054
安徽省,铜陵市,Medium/Small City,711.0,0.0,0.0,0.0,711.0,0.0,711.0,1628945.3636363635,4.364787278149125,0.0,4.364787278149125,4.364787278149125,97193.0,4648.0,4.782237403928266,-32.00983381218355,-0.1991124898494043,73.81,56.38999999999999,0.7639886194282616,612.6363636363636,662728.0,8978.837555886736,9.102625704797598,13.86794090270996,0.3230216540829711,0.2378936917721372,0.1794717544235902,12.51688448191243,,4.388726650606301,18.02501626916834,0.2381448450632215,0.1011710074401281,0.0580645682477491,0.4057013889940775,3.366057816478428,2.0915961417115194,4.157075366458381,-0.08487680901974962,-0.13672268433200913,-0.12140718617584109,-12.111183092918353,,-2.297130508894782
安徽省,阜阳市,Medium/Small City,5850.0,0.0,400.0,0.0,5850.0,-400.0,5450.0,7914220.181818182,7.391757956696176,-0.5054193474664052,6.886338609229771,7.897177304162581,15303.0,29470.0,192.5766189636019,-259.89819625340635,-0.2433081181130608,782.3,21.800000000000068,0.0278665473603477,948.0,1035094.0,1323.1420171289788,7.18776450312261,4.434123992919922,0.535653533286395,0.5365125773830756,0.3574041344897504,25.061091867271877,,,10.090193602244058,0.3648890195922947,0.2417924582024286,0.1577287050692111,6.572385747597913,21.191171505445585,4.2088128637186655,5.6560696093241365,-0.17076451369410028,-0.294720119180647,-0.19967542942053929,-18.488706119673964,,
安徽省,马鞍山市,Medium/Small City,1292.0,226.0,943.0,0.0,1292.0,-717.0,575.0,2295328.8181818184,5.628823154947457,-3.1237354505397263,2.505087704407731,8.752558605487184,60091.0,66715.0,111.02328135660916,-10.176769790585274,-0.0446272243257921,218.0,2.0999999999999943,0.0096330275229357,565.5454545454545,1210516.0,5552.825688073394,8.622062210162454,20.54714959043346,0.3398248288068696,0.2688603345921715,0.1940522739679715,10.442300939495352,,7.617916771206767,30.990920338129,0.2462187336498248,0.1092784190310794,0.0615140408381369,0.0225448104744297,4.025420646810456,2.506717766974897,10.443770747695542,-0.0936060951570448,-0.1595819155610921,-0.1325382331298346,-10.419756129020922,,-5.11119900423187
安徽省,黄山市,Medium/Small City,0.0,0.0,0.0,0.0,0.0,0.0,0.0,1416471.2727272727,0.0,0.0,0.0,0.0,37306.0,48834.0,130.9011955181472,-12.169201470241724,-0.0821970084903684,136.3,-4.600000000000023,-0.033749082905356,156.72727272727272,679903.0,4988.283198826119,8.514847081215919,10.953467791789286,0.325277291310354,0.2504971273809436,0.1852222110166851,11.072668861416371,,6.810020094083526,10.29402316390694,0.2978915397239947,0.2046398799139134,0.1529052091481045,10.01828786766234,,3.4805151031007435,-0.6594446278823458,-0.027385751586359308,-0.04585724746703021,-0.03231700186858061,-1.054380993754032,,-3.329504990982782
山东省,东营市,Medium/Small City,1719.0,596.0,0.0,0.0,1719.0,596.0,2315.0,2115240.727272727,8.126734597325868,2.8176462012834302,10.944380798609298,5.309088396042437,163982.0,31188.0,19.019160639582395,21.640105988149816,0.1106134705835641,210.9,9.930000000000009,0.0470839260312944,230.9090909090909,2062350.0,9778.805120910383,9.187972579788761,8.637063980102539,0.2384289857459418,0.1317136291867959,0.0934871873274046,4.453544400873981,4.632027749804586,2.0677256946301417,22.845316712873696,0.2382485194255942,0.1304002277185461,0.0928630721518489,4.310867342195779,5.499777940951877,2.0250785057835485,14.208252732771157,-0.0001804663203475998,-0.0013134014682498196,-0.0006241151755557034,-0.1426770586782018,0.8677501911472909,-0.04264718884659313
山东省,临沂市,Large City,3268.0,720.0,0.0,0.0,3268.0,720.0,3988.0,10443429.909090908,3.1292401332202524,0.6894286707217201,3.8186688039419723,2.4398114624985325,35032.0,25134.0,71.74583238182234,-102.7845538075136,-0.0875992666666913,1022.1,72.89416498323988,0.0713180363792582,627.2727272727273,2510067.0,2455.79395362489,7.80620539064377,4.604759492948173,0.3583181530002556,0.222150612856486,0.1324849473754127,3.327836357226368,8.347143754133633,3.6021559674135,9.356990253802428,0.2723410386317578,0.1342091356153908,0.0808680893536374,1.1964683818276125,4.278951921056472,2.7447295290209106,4.752230760854254,-0.08597711436849781,-0.08794147724109519,-0.05161685802177529,-2.1313679753987556,-4.068191833077161,-0.8574264383925896
山东省,威海市,Medium/Small City,1500.0,924.0,0.0,0.0,1500.0,924.0,2424.0,2883517.909090909,5.201979135523757,3.2044191474826342,8.406398283006391,1.997559988041123,99392.0,28559.0,28.733700901481,32.283636363636354,0.1263560899066703,280.92,10.539999999999964,0.0375195785276945,442.6363636363636,2207924.0,7859.618396696568,8.969493334206057,17.893036449656766,0.3071756790742097,0.1673500499922544,0.098063296391329,1.7295272566724944,5.874867205734756,3.7347918380782135,23.951425552368164,0.303487267888069,0.1499703079352472,0.0797004872372497,0.0188276727550839,5.30657292536099,3.736124028729515,6.0583891027113985,-0.003688411186140661,-0.01737974205700718,-0.0183628091540793,-1.7106995839174106,-0.5682942803737667,0.0013321906513015236
山东省,德州市,Medium/Small City,2338.0,0.0,88.0,0.0,2338.0,-88.0,2250.0,5807440.090909091,4.025870199952441,-0.1515297594507334,3.8743404405017072,4.177399959403174,45641.0,27827.0,60.96930391533928,-25.74246375528101,-0.0434083860751531,570.51,-22.230000000000015,-0.0389651364568544,583.0,1712588.0,3001.8544810783333,8.006985537027278,4.856490632964343,0.5814934813079764,0.603726755649066,0.3586756598642724,19.464832141971996,,239.85887561223325,13.075367933730584,0.4105691760592348,0.2900900279181803,0.1630911615273674,2.8960798369603262,15.894344315843531,4.0212557344962,8.218877300766241,-0.17092430524874158,-0.3136367277308857,-0.195584498336905,-16.56875230501167,,-235.83761987773704
山东省,日照市,Medium/Small City,800.0,300.0,0.0,0.0,800.0,300.0,1100.0,2919608.272727273,2.740093619657755,1.0275351073716583,3.7676287270294138,1.712558512286097,56349.0,30664.0,54.418002094092174,-11.480000000000008,-0.0376967601921257,287.05,5.829999999999984,0.0203100505138477,574.9090909090909,1110722.0,3869.4373802473433,8.260864395674114,10.096052169799805,0.3296770021719636,0.2143061494656153,0.1419926827865364,5.952849846041879,11.7115533068683,5.629707025305378,11.48336356851868,0.1720844595800601,0.0525859553401332,0.0282985181267357,0.0,2.2229859283440896,1.6776788920382808,1.3873113987188752,-0.1575925425919035,-0.1617201941254821,-0.1136941646598007,-5.952849846041879,-9.48856737852421,-3.9520281332670972
山东省,枣庄市,Large City,1691.0,2180.0,0.0,0.0,1691.0,2180.0,3871.0,3890810.6363636362,4.3461380109220995,5.602945513784847,9.949083524706946,-1.2568075028627472,51890.0,10788.0,20.790132973598,-31.85988053846873,-0.076077703007019,383.09,-2.589999999999975,-0.0067608133858883,919.3636363636364,1378770.0,3599.0759351588404,8.18843240681695,12.022368406864016,0.160200632348972,0.0482451713694964,0.026666015125894,0.0774887749045715,2.46357006366515,1.560993646297519,18.36370734015553,0.1234742216333101,0.0275966115164595,0.0145827821311272,0.0,1.857894421280541,1.4837608774279143,6.341338933291512,-0.036726410715661906,-0.020648559853036902,-0.012083232994766801,-0.0774887749045715,-0.6056756423846088,-0.07723276886960462
山东省,泰安市,Large City,1200.0,896.0,60.0,0.0,1200.0,836.0,2036.0,5733456.363636363,2.092978343065154,1.458108245668724,3.5510865887338783,0.6348700973964301,53853.0,14230.0,26.42378326184242,-23.046239666235465,-0.0406070654997996,547.3,-18.149999999999977,-0.0331627991960533,729.3636363636364,1873936.0,3423.96491869176,8.138554491499963,7.253306865692139,0.4005293964359329,0.2656618896799938,0.147938401203305,2.6979891971655934,8.759993908897062,4.491247436181336,11.290056717701448,0.3765360513522927,0.2314055136867032,0.1190682729629307,0.0819273757654575,7.696280159754767,3.979384476565514,4.03674985200931,-0.023993345083640205,-0.03425637599329062,-0.028870128240374313,-2.6160618214001357,-1.0637137491422948,-0.5118629596158217
山东省,济南市,Super City,8104.0,4805.0,277.0,0.0,8104.0,4528.0,12632.0,8470775.636363637,9.567010564193048,5.345437294504704,14.912447858697751,4.221573269688344,82052.0,60708.0,73.9872276117584,103.13090909090909,0.1405366566735214,706.69,244.80999999999997,0.3464178069592041,809.6363636363636,5431278.0,7685.516987646633,8.947092926012767,28.111431004275858,0.3169077467179806,0.2039022535831404,0.1359639637335234,5.9539376664757855,7.493980211546966,3.847473682402844,38.45647581673224,0.2551550097736527,0.1263803125193194,0.0732886890098664,0.0228618861519805,4.593147169653543,2.7965001059360355,10.34504481245638,-0.061752736944327924,-0.07752194106382101,-0.062675274723657,-5.931075780323805,-2.9008330418934234,-1.0509735764668084
山东省,济宁市,Large City,5136.0,1306.0,1420.0,0.0,5136.0,-114.0,5022.0,8376365.363636363,6.131537698076664,-0.13609721526104743,5.995440482815616,6.267634913337711,46213.0,25221.0,54.57555233375891,-53.69163491857671,-0.0607427157108497,817.8,0.9300000000000636,0.0011371973587675,802.4545454545455,3341968.0,4086.5346050379067,8.315452605056365,11.5138351093495,0.3668797718566624,0.2663850115198122,0.1837174677743129,9.507300824095877,98.8828849402425,6.725633717023045,18.12560855572439,0.2956223428480977,0.171913508425763,0.1101381051877996,2.099262788963112,7.97299777211228,3.332086363884085,6.61177344637489,-0.07125742900856469,-0.0944715030940492,-0.07357936258651329,-7.408038035132765,-90.90988716813023,-3.3935473531389597
山东省,淄博市,Large City,3450.0,1050.0,0.0,0.0,3450.0,1050.0,4500.0,4691747.909090909,7.353336255162279,2.237971903745042,9.59130815890732,5.115364351417238,87531.0,17382.0,19.858107413373546,36.17074545454545,0.0837583335056027,461.5,2.170000000000016,0.0047020585048754,725.2727272727273,2925496.0,6339.10292524377,8.754492542978943,7.883858390282116,0.244312139370494,0.1121026452377928,0.0656599155149013,0.5550796438695197,3.676118487155332,2.0065201746575982,20.444303563549152,0.2055462977494109,0.0834657704195693,0.0486502249440018,0.1958118735440486,3.785326232991673,1.7402413192061603,12.560445173267036,-0.0387658416210831,-0.028636874818223496,-0.017009690570899502,-0.3592677703254711,0.10920774583634119,-0.2662788554514379
山东省,滨州市,Medium/Small City,4456.0,1182.0,0.0,0.0,4456.0,1182.0,5638.0,3906965.272727273,11.405271582794159,3.0253660257770867,14.430637608571246,8.379905557017072,59557.0,27985.0,46.98859915711,-3.907872919743816,-0.0099196571399924,383.96,3.480000000000018,0.0090634441087613,407.27272727272725,1871456.0,4874.091051151162,8.491688915001875,8.056937636238112,0.3422042207240138,0.2228843752774811,0.1515914231292797,8.236779733559505,21.4357422272346,3.316930111362433,18.593283563597588,0.302674837482784,0.1673059165567068,0.1034932002197731,1.9622633544667665,6.835555201858497,3.1159429291405654,10.536345927359475,-0.03952938324122979,-0.0555784587207743,-0.048098222909506605,-6.274516379092739,-14.600187025376101,-0.20098718222186784
山东省,潍坊市,Large City,7505.0,2215.0,158.0,1300.0,6205.0,2057.0,8262.0,9491561.909090908,6.5373855846179785,2.167188097914453,8.70457368253243,4.370197486703526,51826.0,35958.0,69.3821633928916,25.254462010414727,0.0277544825578896,924.72,7.269999999999982,0.0078618392594514,553.9090909090909,4301789.0,4651.990872912882,8.445050551666055,8.818968310736228,0.3642028295924044,0.2451576472029854,0.1609231132540719,6.898888983614532,18.130654611948746,4.700995111905211,16.863809978260715,0.3190644537780193,0.1714804317924084,0.096149619292094,0.5251054122820146,6.811443447691158,3.7900340318478047,8.044841667524487,-0.04513837581438512,-0.07367721541057701,-0.06477349396197792,-6.373783571332518,-11.319211164257588,-0.9109610800574064
山东省,烟台市,Large City,6120.0,190.0,72.0,0.0,6120.0,118.0,6238.0,7189693.909090909,8.512184353580965,0.16412381596773756,8.676308169548703,8.348060537613227,85795.0,67507.0,78.68407249839734,56.84265267182971,0.0874630690684742,700.23,3.289999999999964,0.0046984562215271,471.09090909090907,4901646.0,7000.05141167902,8.853672772536054,3.167207717895508,0.5757243293547707,0.6063866635200715,0.3661089132752746,18.2459120874687,,135.70470236947642,7.247883392299893,0.5031728888251739,0.4271866652498057,0.2158955986456521,0.0039617744966181,14.721589044575932,10.383591512914569,4.080675674404385,-0.07255144052959683,-0.17919999827026584,-0.1502133146296225,-18.241950312972083,,-125.32111085656186
山东省,聊城市,Large City,5020.0,900.0,0.0,0.0,5020.0,900.0,5920.0,6001845.636363637,8.364093820715937,1.499538732797678,9.863632553513614,6.864555087918259,42482.0,11844.0,27.88004331246175,-41.66830365605911,-0.0652834595827155,593.57,-13.230000000000018,-0.0222888623077312,734.0909090909091,1561944.0,2631.4402682076247,7.875286605774147,4.845669415182696,0.5286426162685169,0.5313468025738524,0.3597932640075438,26.44022705198143,,,13.941237483166754,0.2658776716534845,0.1308546204377583,0.0807662686621938,1.7475434593583905,4.634529159312319,2.3684878802806137,9.095568067984058,-0.2627649446150324,-0.40049218213609405,-0.27902699534535,-24.69268359262304,,
山东省,菏泽市,Medium/Small City,800.0,1510.0,350.0,0.0,800.0,1160.0,1960.0,8681007.181818182,0.9215520540929274,1.3362504784347446,2.257802532527672,-0.41469842434181725,26446.0,29581.0,111.85434470241246,-152.12277492343728,-0.1494926485032041,843.79,7.030000000000086,0.0083314568790813,889.3636363636364,1619658.0,1919.503667974259,7.559821925339917,4.132552209730079,0.3959230618688559,0.2893891840457911,0.1926389663593536,9.957583676609296,5780.47075878921,4.046319626561082,6.1576564003821135,0.2779602286100417,0.1483152476519615,0.0954163279600806,3.898685808990397,3.980061227866795,2.257241237153465,2.0251041906520344,-0.11796283325881418,-0.14107393639382962,-0.097222638399273,-6.058897867618899,-5776.490697561343,-1.7890783894076168
山东省,青岛市,Super City,6128.0,3792.0,37.0,2442.0,3686.0,3755.0,7441.0,8929192.090909092,4.128033043160486,4.205307671477923,8.33334071463841,-0.07727462831743726,96524.0,64132.0,66.44150677551697,171.18008034179294,0.2079660831355559,934.5,109.75,0.1174424826110219,694.7272727272727,8952450.0,9579.935794542536,9.167426168911398,14.973603630065918,0.3774741060652016,0.2886538705943186,0.1979363933609836,9.00914613771104,190.38140221936808,7.810978031520103,24.61900245341849,0.2602551758664385,0.1237948543880521,0.0691496164984738,0.0,4.88109472388289,3.251302913191855,9.64539882335257,-0.11721893019876312,-0.16485901620626647,-0.12878677686250978,-9.00914613771104,-185.5003074954852,-4.559675118328249
山西省,临汾市,Medium/Small City,0.0,750.0,0.0,0.0,0.0,750.0,750.0,4498716.090909091,0.0,1.667142324263547,1.667142324263547,-1.667142324263547,27557.0,35437.0,128.59527524766847,-29.57964083174472,-0.0687927893777132,416.5278,-30.99780000000004,-0.0744195225384717,213.63636363636363,1182629.0,2839.255867195419,7.95129727822922,6.775071740150452,0.4651587022036325,0.4446206841260118,0.3219064688131362,25.315319890585712,,,8.36022437003351,0.4299473432883354,0.3699857570850202,0.2626227949857787,17.893580039297564,,32.521025984555486,1.5851526298830585,-0.035211358915297086,-0.07463492704099162,-0.05928367382735755,-7.421739851288148,,
山西省,吕梁市,Medium/Small City,2532.0,0.0,0.0,800.0,1732.0,0.0,1732.0,3894125.4545454546,4.447725221534162,0.0,4.447725221534162,4.447725221534162,28960.0,50388.0,173.99171270718233,-47.37070809712453,-0.1210258642416037,358.54,-26.96000000000004,-0.0751938416913037,180.72727272727272,1306088.0,3642.7957828973053,8.2005067380388,5.691055302841036,0.5664068434801293,0.6341220281541784,0.4334425302162777,38.72267362401347,,,7.293891494338577,0.5247701686234154,0.5060843297726524,0.3278665318790769,22.600378582104398,,,1.6028361914975404,-0.04163667485671385,-0.128037698381526,-0.10557599833720083,-16.12229504190907,,
山西省,大同市,Large City,0.0,51.0,143.0,0.0,0.0,-92.0,-92.0,3455110.8181818184,0.0,-0.2662722119240538,-0.2662722119240538,0.2662722119240538,29607.0,29206.0,98.64559056979768,-5.308492332631814,-0.0166601393966311,322.1852,-17.085199999999986,-0.0530291273466316,217.54545454545453,1049451.0,3257.2911480725993,8.08865119276788,17.46848487854004,0.4048476949236895,0.3898764463546272,0.2874820769829267,21.806732151313863,,,15.92586679458618,0.3976887436660629,0.3726277491675391,0.2743608483534687,19.73859012505237,,955.0231943834292,-1.54261808395386,-0.007158951257626611,-0.017248697187088102,-0.013121228629458026,-2.0681420262614942,,
山西省,太原市,Large City,1440.0,3179.0,234.0,0.0,1440.0,2945.0,4385.0,4373917.181818182,3.2922434059471843,6.7330950211905956,10.025338427137779,-3.440851615243411,59023.0,39780.0,67.39745522931739,129.66897549673135,0.3366795904920828,461.3931,90.07370000000004,0.1952211682402706,523.6363636363636,2588527.0,5610.242112419974,8.632349154879606,41.8662979888916,0.138367484448652,0.0900509000244267,0.0758365520150876,5.352674487513501,2.258935260684853,1.263986700843788,52.09829448494375,0.1028539971729398,0.0448732124189386,0.0346645822131932,1.7458791597161356,1.6502771674485055,1.2339750028081122,10.231996496052147,-0.035513487275712186,-0.0451776876054881,-0.0411719698018944,-3.6067953277973652,-0.6086580932363475,-0.030011698035675716
山西省,忻州市,Medium/Small City,400.0,350.0,0.0,0.0,400.0,350.0,750.0,3194024.909090909,1.2523383861581998,1.095796087888425,2.348134474046625,0.15654229826977484,21796.0,29485.0,135.27711506698478,-32.17294400542963,-0.1049690126186972,291.4561,-30.996100000000013,-0.1063491208453005,119.54545454545455,808126.0,2772.719459294213,7.927583871833698,0.0,0.7816292466410137,1.2450934341791848,0.6489170091068557,53.83557971706916,,,0.5886426628499791,0.7309356866443456,1.0371360194733388,0.579306367234188,46.60820830616019,,,0.5886426628499791,-0.050693559996668136,-0.20795741470584606,-0.06961064187266763,-7.227371410908965,,
山西省,晋中市,Medium/Small City,1900.0,150.0,0.0,0.0,1900.0,150.0,2050.0,3383136.8181818184,5.616089747801293,0.4433755064053653,6.059465254206659,5.172714241395928,31434.0,41798.0,132.9706687026786,1.98935783157982,0.0059581121316392,332.1625,1.6907999999999674,0.0050902796071199,201.0909090909091,1175158.0,3537.9008768298645,8.171288857603079,4.957660932403179,0.57381553168716,0.5773186788869354,0.3276792008181211,12.67094245695348,,16.975111598875355,8.553039458983722,0.5254690528056631,0.476433631261862,0.2758086886739818,10.393767307064362,,12.786884980910424,3.595378526580543,-0.0483464788814969,-0.10088504762507344,-0.05187051214413929,-2.2771751498891177,,-4.188226617964931
山西省,晋城市,Medium/Small City,0.0,0.0,80.0,0.0,0.0,-80.0,-80.0,2374041.272727273,0.0,-0.3369781347907944,-0.3369781347907944,0.3369781347907944,44943.0,66377.0,147.69152037024676,-1.4862922755181829,-0.0067217864256674,223.1134,-7.353400000000022,-0.0329581280192046,231.63636363636363,980305.0,4393.752235410334,8.387938864329334,15.105212340483794,0.4206695118093848,0.4054406989973017,0.3017001596528909,23.55698246261992,,,12.738801822327732,0.2714565550769128,0.1418061826324366,0.0919732359573828,3.2606040011260995,5.059593680208657,2.2657265631583603,-2.366410518156062,-0.14921295673247198,-0.26363451636486507,-0.20972692369550808,-20.29637846149382,,
山西省,运城市,Medium/Small City,1900.0,475.0,0.0,0.0,1900.0,475.0,2375.0,5353122.818181818,3.5493301097943664,0.8873325274485916,4.436662637242958,2.6619975823457747,22940.0,23781.0,103.666085440279,-33.12583450128745,-0.0644842958100645,496.5352,-27.106236031634975,-0.0545907642230298,357.09090909090907,527871.0,1063.1089195690456,6.968952837409908,2.8786025047302246,0.4969355596540437,0.4739188412310355,0.3239813408546594,22.65916294477937,,,7.294945974686911,0.4582628214459607,0.3987185486104735,0.2716680659302486,15.824114984344364,,31.950208429489905,4.416343469956686,-0.03867273820808298,-0.07520029262056199,-0.05231327492441079,-6.835047960435007,,
山西省,长治市,Large City,2080.0,533.0,50.0,0.0,2080.0,483.0,2563.0,3474564.5454545454,5.986361665726064,1.3901022521854274,7.376463917911492,4.596259413540636,39196.0,44137.0,112.60587815083171,-20.32282480138636,-0.0599757759102602,325.997,-14.486795759376037,-0.0444384327443996,245.54545454545453,1363251.0,4181.790016472544,8.338494667458832,13.786728684868464,0.3185111852557473,0.2207085903662154,0.1622275259803237,9.707364671499088,179.31641425754003,3.521191334244349,19.99647491318839,0.2930140163944758,0.1996277091561804,0.1426322849580844,5.943193964570479,24.290989115621866,3.661894453213476,6.209746228319926,-0.025497168861271513,-0.021080881210035013,-0.019595241022239307,-3.764170706928608,-155.02542514191816,0.1407031189691268
山西省,阳泉市,Medium/Small City,0.0,0.0,0.0,0.0,0.0,0.0,0.0,1423149.8181818181,0.0,0.0,0.0,0.0,44382.0,21892.0,49.32630345635618,0.2192557488551782,0.0016656814255415,134.2485,-5.77170000000001,-0.0429926591358563,290.54545454545456,470477.0,3504.523328007389,8.161809792504725,16.187612885695238,0.1627912497953274,0.0741771014341758,0.0551472276660595,3.30623099318744,2.2630181791455093,1.5783438982201945,14.135183972666464,0.1247962582412641,0.0435807977778593,0.027431198548914,0.6773553445686175,1.73277195787972,1.2924775219793303,-2.0524289130287734,-0.03799499155406329,-0.0305963036563165,-0.027716029117145498,-2.6288756486188225,-0.5302462212657892,-0.2858663762408642
广东省,东莞市,Super City,1428.0,1086.0,0.0,0.0,1428.0,1086.0,2514.0,8541227.727272727,1.6718907932173475,1.2714799729930248,2.9433707662103723,0.4004108202243226,70605.0,46056.0,65.23050775440834,785.4241090909092,3.1404918578866554,995.73,61.34999999999991,0.06161308788527,847.9090909090909,4552119.0,4571.639902383176,8.427627260304359,14.735315847709716,0.2494031487248973,0.0998704687473728,0.0522652502457735,0.0,3.4668561883439546,2.4382891371908912,28.99215270319785,0.1056715104957084,0.0176257871403007,0.0089419199735679,0.0,1.658812989125363,1.3933950925402676,14.256836855488134,-0.14373163822918888,-0.0822446816070721,-0.0433233302722056,0.0,-1.8080431992185917,-1.0448940446506236
广东省,中山市,Large City,1100.0,0.0,0.0,0.0,1100.0,0.0,1100.0,3263208.272727273,3.3709157003351775,0.0,3.3709157003351775,3.3709157003351775,88682.0,3876.0,4.370672740804222,242.1181265831069,1.3038703424545262,387.48,61.97999999999996,0.1599566429235056,929.7272727272727,2515973.0,6493.1686796737895,8.778505930867148,17.547117581258405,0.1521172606532205,0.0382366076890443,0.0196710665572367,0.0,2.249454592112686,1.5701994212746613,30.80561494091133,0.0859616835842455,0.0128703925510172,0.0066121708684085,0.0,1.5626980423807542,1.273600262682799,13.258497359652925,-0.06615557706897501,-0.0253662151380271,-0.013058895688828199,0.0,-0.6867565497319319,-0.29659915859186237
广东省,云浮市,Medium/Small City,0.0,0.0,0.0,0.0,0.0,0.0,0.0,2468369.909090909,0.0,0.0,0.0,0.0,27252.0,27367.0,100.42198737707324,-61.72363636363636,-0.2056326681426248,236.59,3.1399999999999864,0.0132719049833043,399.1818181818182,528709.0,2234.705608859208,7.7118647797407816,20.632302373048017,0.3534500414752926,0.3079017398618671,0.2377265558617295,18.19886907914288,,39.49680509978011,11.04048182333217,0.226353218648971,0.101352751688483,0.0638414097625588,1.5161718500462802,3.9219652151728255,2.0382924138759546,-9.591820549715846,-0.12709682282632156,-0.20654898817338407,-0.17388514609917072,-16.6826972290966,,-37.458512685904154
广东省,佛山市,Super City,2150.0,2195.0,808.0,0.0,2150.0,1387.0,3537.0,7450763.363636363,2.8856103664399395,1.8615542224428816,4.747164588882821,1.024056143997058,101617.0,36746.0,36.16127222807207,470.4509090909091,1.0385813371010213,849.6,120.28999999999996,0.1415842749529189,1051.1818181818182,5011922.0,5899.1548964218455,8.682564381739681,27.75428978798606,0.143642807218402,0.0460150348154496,0.0272061605040854,0.0700039787036122,2.067984411931428,1.4181644591393527,35.42123453165116,0.1015146015453498,0.0233101916990035,0.0130265009181782,0.0,1.6073959664520483,1.2773512402547167,7.666944743665098,-0.0421282056730522,-0.0227048431164461,-0.014179659585907198,-0.0700039787036122,-0.4605884454793798,-0.14081321888463605
广东省,广州市,Mega City,13196.0,10420.0,713.0,0.0,13196.0,9707.0,22903.0,13273326.181818182,9.941743176684604,7.313163156720024,17.254906333404627,2.6285800199645797,128478.0,35693.0,27.78141004685627,825.218181818182,0.8637278820426355,1529.02,368.78,0.241187165635505,1203.2727272727273,12431035.0,8130.066971001033,9.00332444002343,30.93992413091099,0.1341083298650057,0.0451456758297886,0.0278693087825133,0.3329644538879625,2.0634614681771017,1.4032400536159255,40.39066868575018,0.0982653375367231,0.026259931854017,0.0156553360425272,0.0103111193079526,1.5634341524272848,1.2779879907345577,9.45074455483919,-0.0358429923282826,-0.018885743975771602,-0.0122139727399861,-0.3226533345800099,-0.500027315749817,-0.1252520628813678
广东省,惠州市,Large City,2724.0,600.0,62.0,0.0,2724.0,538.0,3262.0,4806715.0,5.667072002396647,1.1192675247024215,6.786339527099069,4.547804477694226,63657.0,37020.0,58.15542674018568,195.81272727272727,0.5023895656798193,537.66,74.01999999999998,0.1376706468772086,329.45454545454544,3007453.0,5593.596324814939,8.629377708987004,6.938086164302937,0.3281438548995475,0.2299191185340689,0.1653087864107666,9.31119017705375,72.23377707535509,3.6234056750501695,14.987333196648803,0.2786825685740642,0.1515680300249398,0.0973794430671667,2.0867794989379616,6.302326681906038,2.721335840243662,8.049247032345868,-0.0494612863254833,-0.07835108850912911,-0.0679293433435999,-7.224410678115788,-65.93145039344905,-0.9020698348065075
广东省,揭阳市,Medium/Small City,1295.0,2079.0,0.0,0.0,1295.0,2079.0,3374.0,6137801.7272727275,2.1098759092295096,3.3872061894116987,5.497082098641208,-1.277330280182189,29600.0,15032.0,50.78378378378379,-137.82258131844193,-0.1951360061722214,581.62,-13.409999999999968,-0.0230562910491385,1392.7272727272727,736879.0,1266.9423334823425,7.144361665064611,5.786693220553191,0.2412626770200229,0.1110357721788804,0.0647556347875865,0.6596115923200515,4.282822321070129,2.2386483171334586,10.930470633490478,0.2145666903761915,0.0829852459440013,0.0466452471289821,0.1152153787873693,3.169489160833725,2.1365002569492,5.143777412937286,-0.02669598664383141,-0.028050526234879095,-0.018110387658604406,-0.5443962135326822,-1.113333160236404,-0.1021480601842586
广东省,梅州市,Medium/Small City,1628.0,0.0,0.0,0.0,1628.0,0.0,1628.0,4417387.0,3.685436661990448,0.0,3.685436661990448,3.685436661990448,20529.0,18692.0,91.05168298504556,-147.4390909090909,-0.2721063439972618,410.53,-26.369999999999948,-0.0642340389252915,355.27272727272725,852753.0,2077.2002046135485,7.63877621047466,8.067407934983212,0.5283780058606801,0.5759138402631607,0.4112904194843312,36.66669373107183,,,11.444114108876043,0.4046711647899783,0.3197650715027899,0.22024083674364,11.137398002196278,,10.890647639327833,3.3767061738928312,-0.12370684107070179,-0.25614876876037085,-0.1910495827406912,-25.529295728875553,,
广东省,汕头市,Large City,2936.0,1269.0,43.0,0.0,2936.0,1226.0,4162.0,5587764.7272727275,5.254337187229787,2.1940794930326017,7.448416680262389,3.060257694197185,31201.0,25710.0,82.40120508958046,-18.42517791061392,-0.0323986258366695,544.66,12.889999999999986,0.023666140344435,2509.5454545454545,1239747.0,2276.1851430250067,7.730256137730893,5.710199673020777,0.1198576822892004,0.0264967515675898,0.0143966038003023,0.0,1.764266474885716,1.4380259612868669,12.9551643728618,0.0686583056868612,0.0102058904894416,0.0056419369723719,0.0,1.318832996312857,1.2248055778044356,7.244964699841023,-0.05119937660233921,-0.0162908610781482,-0.008754666827930399,0.0,-0.44543347857285887,-0.21322038348243133
广东省,汕尾市,Medium/Small City,560.0,0.0,0.0,0.0,560.0,0.0,560.0,3026098.909090909,1.850567403192493,0.0,1.850567403192493,1.850567403192493,23928.0,31739.0,132.64376462721498,-90.40363636363637,-0.2498178693985419,279.26,-9.149999999999975,-0.0327651650791376,789.7272727272727,492261.0,1762.7336532263841,7.474621095106362,0.0,0.77582515406657,1.2486127337975588,0.6744889875637594,59.82467057212494,,,2.601741138928712,0.2767761522358373,0.1420338400838984,0.0856205639085154,1.2047710977179025,5.044091071318918,2.3485068829046214,2.601741138928712,-0.49904900183073275,-1.1065788937136602,-0.588868423655244,-58.619899474407035,,
广东省,江门市,Large City,0.0,579.0,9.0,0.0,0.0,570.0,570.0,4629595.545454546,0.0,1.231209064384988,1.231209064384988,-1.231209064384988,46237.0,41066.0,88.8163159374527,73.45272727272727,0.1840798853573129,455.94,26.319999999999997,0.0577268938895468,412.27272727272725,1772018.0,3886.5157696188094,8.265268346199367,8.231450173611385,0.3956308806615742,0.2669491545702074,0.1567862480997509,2.972960711871196,12.00476904131762,5.403501910511925,10.630842800798089,0.3650168905745492,0.2171452945287809,0.1183900604167581,1.0501962145086323,7.577931862677135,3.965567056507678,2.399392627186703,-0.030613990087024978,-0.049803860041426506,-0.038396187682992786,-1.9227644973625635,-4.4268371786404845,-1.4379348540042467
广东省,河源市,Medium/Small City,1899.0,120.0,0.0,0.0,1899.0,120.0,2019.0,3065254.1818181816,6.19524479002127,0.3914846628765415,6.586729452897812,5.803760127144729,25208.0,24401.0,96.79863535385591,-84.02272727272727,-0.2267931195249429,293.23,-9.53000000000003,-0.0325000852573066,239.72727272727272,604671.0,2062.104832384135,7.631482503432084,0.0,0.7305322298942103,1.1012445861060405,0.6386858346537118,58.47873774577328,,,3.791592323860409,0.5358600368642661,0.5269178879148403,0.3374691466565364,19.75786072430531,,821.7569701174192,3.791592323860409,-0.1946721930299442,-0.5743266981912002,-0.3012166879971754,-38.72087702146797,,
广东省,深圳市,Mega City,17359.0,7032.0,681.0,0.0,17359.0,6351.0,23710.0,10621622.181818182,16.343078018454364,5.979312661743398,22.322390680197763,10.363765356710966,149495.0,56219.0,37.60593999799325,1107.459701761056,2.072231819761323,1317.86,481.09000000000015,0.3650539511025452,2340.181818181818,20824400.0,15801.678478745847,9.667871446204765,10.09981199022805,0.0844369261588735,0.0147902410842528,0.0079022068362177,0.0,1.3934339126894797,1.2185544615263724,26.602779012969243,0.0498136336467537,0.0056599154800904,0.0030354361656771,0.0,1.2127904915563583,1.1156378764981256,16.502967022741196,-0.03462329251211979,-0.009130325604162399,-0.0048667706705406,0.0,-0.18064342113312137,-0.10291658502824674
广东省,清远市,Medium/Small City,1610.0,0.0,69.0,0.0,1610.0,-69.0,1541.0,3859606.727272727,4.171409456366185,-0.17877469098712226,3.992634765379063,4.350184147353308,31477.0,25021.0,79.48978619309337,-47.26636363636362,-0.1072106829208946,383.99,14.909999999999968,0.0388291361754211,223.1818181818182,1026461.0,2673.145133987864,7.891011010956685,0.0,0.7110041520723656,0.9956827180360556,0.5870728822663166,50.12322619415588,,,7.800720977556387,0.5090718021561674,0.5021689017856306,0.3489498381310314,26.752768513427803,,,7.800720977556387,-0.20193234991619813,-0.493513816250425,-0.23812304413528518,-23.37045768072808,,
广东省,湛江市,Large City,4477.0,2724.0,342.0,1300.0,3177.0,2382.0,5559.0,7223068.454545454,4.398407712723149,3.2977674446668366,7.696175157389986,1.100640268056312,31420.0,22667.0,72.14194780394652,-149.66839985297673,-0.1758528510291815,699.17,12.910000000000082,0.0184647510619736,625.8181818181819,1144168.0,1636.4660955132515,7.400294376044526,6.443350410654241,0.510217870449087,0.5071324056003482,0.351618524880118,27.05763027148715,,,15.350932548159644,0.4616625908172411,0.4243143870792056,0.3036944325468016,22.7483261750948,,,8.907582137505404,-0.04855527963184586,-0.08281801852114262,-0.047924092333316404,-4.309304096392349,,
广东省,潮州市,Medium/Small City,1700.0,417.0,0.0,0.0,1700.0,417.0,2117.0,2769351.909090909,6.13862035525148,1.5057674636116865,7.644387818863167,4.632852891639794,31302.0,26153.0,83.55057184844419,-14.95909090909092,-0.0545682459567102,268.49,-10.75,-0.0400387351484226,871.5454545454545,412647.0,1536.9175760735968,7.337534115603309,3.6445161549682856,0.3211532302216615,0.2231216692803549,0.1660932507151972,11.178348199308523,,3.3605559799184115,11.480633929852967,0.2189953685992166,0.1118118955528891,0.0704814318527967,0.4401656768704912,5.003608665579342,2.0208631044566023,7.8361177748846815,-0.10215786162244489,-0.1113097737274658,-0.0956118188624005,-10.738182522438033,,-1.3396928754618092
广东省,珠海市,Large City,3368.0,1388.0,0.0,0.0,3368.0,1388.0,4756.0,1589469.7272727273,21.1894567239034,8.732472070302235,29.921928794205634,12.456984653601166,116537.0,62175.0,53.35215425143945,89.59655064766564,0.6622519953359822,186.32,65.53,0.3517067410905968,629.9090909090909,2243064.0,12038.772005152427,9.39588772073364,9.323095878848322,0.1427812969787458,0.0489835562276937,0.0282355836376215,0.1066390735641672,2.56123373957689,1.4919185970188011,20.60762047172468,0.122479969279458,0.0296560697763477,0.016078133130819,0.0020386591553402,1.8565038383353372,1.4175370219175814,11.284524592876357,-0.020301327699287802,-0.019327486451346,-0.0121574505068025,-0.104600414408827,-0.7047299012415529,-0.07438157510121979
广东省,肇庆市,Medium/Small City,650.0,0.0,0.0,0.0,650.0,0.0,650.0,4081888.909090909,1.5924000247835348,0.0,1.5924000247835348,1.5924000247835348,45795.0,24808.0,54.17185282236052,-42.73470221506855,-0.0948722495900607,399.01,14.370000000000005,0.0360141349840856,293.72727272727275,1391326.0,3486.9451893436258,8.156781327981315,2.85987962641444,0.6133788663897504,0.7495135091673709,0.4882030770993001,39.80700991915688,,,5.026300356260289,0.5727079486732343,0.6550889363580628,0.4401313268177419,34.618443240259,,,2.1664207298458487,-0.0406709177165161,-0.09442457280930816,-0.04807175028155819,-5.188566678897885,,
广东省,茂名市,Medium/Small City,3930.0,500.0,100.0,0.0,3930.0,400.0,4330.0,6053745.636363637,6.491848577834651,0.6607479468533995,7.152596524688051,5.831100630981251,38951.0,26069.0,66.92767836512542,-200.7363636363636,-0.2475431779606863,592.55,34.770000000000095,0.0586785925238378,719.0909090909091,1003741.0,1693.934689055776,7.434809320192363,10.738744735717772,0.4287309976686779,0.3828465732201224,0.2799769286337742,20.617190903760157,,,16.16815232558989,0.2758447450551415,0.1448671941122269,0.0915236128318126,2.3151491556766755,5.922116064796954,2.725111023258416,5.429407589872119,-0.1528862526135364,-0.2379793791078955,-0.18845331580196162,-18.302041748083482,,
广东省,阳江市,Medium/Small City,600.0,1179.0,0.0,0.0,600.0,1179.0,1779.0,2517071.909090909,2.3837221250333767,4.6840139756905845,7.067736100723961,-2.300291850657208,46938.0,15126.0,32.2254889428608,-40.93818181818182,-0.1369107520179985,250.66,12.000000000000028,0.0478736136599378,374.45454545454544,629708.0,2512.199792547674,7.828914059675199,7.698106700521645,0.4427488120840409,0.4245892358436151,0.3156640870481577,26.19223510500604,,,14.46356556912978,0.2326137500069385,0.1213946806852658,0.0831085302393662,2.5056224306070343,4.301119447809855,2.2364478250393653,6.765458868608135,-0.21013506207710236,-0.30319455515834925,-0.23255555680879147,-23.686612674399008,,
广东省,韶关市,Medium/Small City,0.0,487.0,0.0,0.0,0.0,487.0,487.0,2946271.0,0.0,1.6529368819093695,1.6529368819093695,-1.6529368819093695,38386.0,19296.0,50.26832699421664,-49.970000000000006,-0.1492135795297222,283.39,2.1000000000000227,0.0074102826493525,180.9090909090909,820082.0,2893.8282931648964,7.970335573421851,0.0,0.6572041138708835,0.8957957914330582,0.5651274778622455,50.483870967741936,,,14.23454041719106,0.503109246723406,0.510787416107324,0.3518722403244708,22.858767531417303,,,14.23454041719106,-0.15409486714747755,-0.3850083753257342,-0.2132552375377747,-27.625103436324633,,
广西壮族自治区,北海市,Medium/Small City,1000.0,243.0,0.0,0.0,1000.0,243.0,1243.0,1584987.0,6.309200012366032,1.533135603004946,7.8423356153709785,4.776064409361086,53603.0,46026.0,85.8645971307576,-3.085072860098907,-0.0172610248607388,160.37,30.28049909930499,0.1888164812577476,531.0909090909091,472452.0,2946.012346448837,7.98820778793329,12.79955005645752,0.3665763300192067,0.2840933398316124,0.1973376904867531,11.31441733125178,,7.673621282417264,22.511395692259004,0.3233651760545843,0.2213516678784821,0.1527159467820015,6.966293957317365,17.950807514530997,3.987398449884858,9.711845635801485,-0.043211153964622384,-0.0627416719531303,-0.04462174370475158,-4.348123373934415,,-3.6862228325324056
广西壮族自治区,南宁市,Large City,6402.0,4142.0,378.0,0.0,6402.0,3764.0,10166.0,6931383.545454546,9.236251259242891,5.430373280192165,14.666624539435055,3.8058779790507264,43303.0,23637.0,54.58513266979194,59.42454545454544,0.0761913531608565,744.7,152.49,0.2047670202766214,336.6363636363636,2748517.0,3690.770780179938,8.213590598739048,20.59423065185547,0.4712130710814145,0.4776272039920018,0.3299708052661577,19.012114504272144,,954.369814761421,36.62224960327149,0.4412235235665124,0.389561446647009,0.2454559697660419,5.516112458121197,81.32231457575044,18.804982712385897,16.028018951416023,-0.029989547514902126,-0.08806575734499283,-0.08451483550011579,-13.496002046150949,,-935.5648320490351
广西壮族自治区,崇左市,Medium/Small City,830.0,0.0,0.0,0.0,830.0,0.0,830.0,2082127.3636363635,3.9863075357236246,0.0,3.9863075357236246,3.9863075357236246,31944.0,31984.0,100.1252191334836,-42.67830395931754,-0.1704228102411218,203.98,2.9647391865370025,0.0145344601751985,146.27272727272728,483941.0,2372.492401215806,7.771696327619441,0.0,0.9677663970016308,3.1719832675467896,0.9505519823694482,93.122192414814,,,3.225169897079468,0.664674768347479,0.8243748790624599,0.4730100313748607,33.275477756574546,,,3.225169897079468,-0.30309162865415185,-2.3476083884843297,-0.47754195099458746,-59.84671465823945,,
广西壮族自治区,来宾市,Medium/Small City,1500.0,0.0,0.0,0.0,1500.0,0.0,1500.0,2197690.090909091,6.825348151701926,0.0,6.825348151701926,6.825348151701926,25563.0,25054.0,98.00884090286742,-53.75454545454544,-0.2007114683539147,216.37,-14.340000000000003,-0.0662753616490271,206.1818181818182,379499.0,1753.9353884549614,7.469617335568898,0.0,0.742071728715669,1.1419814579302094,0.6469631179801548,56.420719725597344,,,6.855013882850018,0.4851143958347447,0.4002982691621728,0.2330028169667121,8.60276148746728,78.01319554358405,6.932314250825459,6.855013882850018,-0.25695733288092426,-0.7416831887680366,-0.4139603010134427,-47.81795823813006,,
广西壮族自治区,柳州市,Large City,2995.0,285.0,326.0,0.0,2995.0,-41.0,2954.0,3907595.5454545454,7.664559868494811,-0.10492385796603915,7.559636010528772,7.76948372646085,57049.0,14055.0,24.63671580571088,16.799090909090896,0.0429069648645385,390.15,24.450000000000045,0.0626682045367167,204.8181818181818,1331569.0,3412.966807638088,8.135337223584903,25.617573356348235,0.4227353064506367,0.4466701602487544,0.3423568705940678,29.427104010892982,,,33.05607826340366,0.4038816474546144,0.3954295281826829,0.303334766410763,25.331988126211368,,,7.438504907055428,-0.018853658996022316,-0.05124063206607149,-0.03902210418330476,-4.095115884681615,,
广西壮族自治区,桂林市,Large City,3117.0,2564.0,173.0,0.0,3117.0,2391.0,5508.0,4946610.363636363,6.30128465931694,4.833612967733975,11.134897627050915,1.4676716915829644,37288.0,13624.0,36.53722377172281,-38.01578871970692,-0.0707947711896534,491.91,3.1904156690689547,0.0064857711147749,189.9090909090909,1238861.0,2518.470858490374,7.831407194140152,0.9633468389511108,0.6105489533420707,0.7930169382175162,0.5227094134793937,46.380208176895465,,,8.943261656742148,0.5517966659176259,0.6025795450798093,0.3903151298902972,24.879639824990523,,,7.9799148177910375,-0.05875228742444483,-0.1904373931377069,-0.1323942835890965,-21.500568351904942,,
广西壮族自治区,梧州市,Medium/Small City,800.0,410.0,120.0,0.0,800.0,290.0,1090.0,3001824.090909091,2.6650462377951105,0.9660792612007275,3.631125498995838,1.6989669765943831,31293.0,26032.0,83.18793340363659,-57.21885502681173,-0.1630130065637501,297.55,-14.270375722326037,-0.0479595890516754,284.09090909090907,904545.0,3039.9764745420935,8.019605055732855,0.0,0.762635414560241,1.3693450273821235,0.7339837984089721,69.27003973907688,,,11.18406325439643,0.5103397957546355,0.4926678185771419,0.329996607215624,21.895920198620832,,,11.18406325439643,-0.25229561880560547,-0.8766772088049816,-0.4039871911933481,-47.37411954045605,,
广西壮族自治区,河池市,Medium/Small City,1950.0,239.0,0.0,0.0,1950.0,239.0,2189.0,3516450.3636363638,5.545364780816936,0.6796626577514091,6.225027438568345,4.865702123065526,17474.0,24648.0,141.05528213345542,-84.9281818181818,-0.1974230878145061,345.14,-13.789999999999964,-0.0399548009503388,127.54545454545455,299330.0,867.2712522454657,6.765351790877329,0.0,0.6681248273481941,0.9655549705695186,0.6040262972404209,55.655153962550976,,,4.70664423987979,0.6036540868125146,0.6805436989593514,0.4271888740579216,29.989868966009716,,,4.70664423987979,-0.06447074053567947,-0.28501127161016715,-0.1768374231824993,-25.66528499654126,,
广西壮族自治区,玉林市,Medium/Small City,5787.0,963.0,102.0,0.0,5787.0,861.0,6648.0,5691493.909090909,10.167804960234676,1.512783838044247,11.680588798278922,8.65502112219043,23784.0,16579.0,69.70652539522368,-151.9628326829688,-0.2077327538528942,566.01,16.37367278534805,0.0289282394045123,553.8181818181819,888126.0,1569.099485874808,7.358257157908866,5.2187445162995685,0.5724668520738139,0.5908873390172379,0.3455353425441678,20.320770546090205,,,19.41829985135222,0.3537541399210949,0.2431633026691454,0.1605053782470279,5.859820306467944,21.178766541172205,5.392870291933611,14.19955533505265,-0.21871271215271898,-0.34772403634809246,-0.1850299642971399,-14.46095023962226,,
广西壮族自治区,百色市,Medium/Small City,1200.0,815.0,31.0,0.0,1200.0,784.0,1984.0,3603393.727272727,3.330193952766396,2.1757267158073788,5.505920668573775,1.1544672369590172,25806.0,31688.0,122.7931488801054,-60.73636363636364,-0.1447554583922849,356.88,-10.409999999999968,-0.0291694687289844,117.81818181818181,709103.0,1986.9507957856983,7.59435647917812,0.0,0.7754092099121483,1.2813602269832702,0.6995296047083207,65.69418809017006,,,0.0,0.7786482269347024,1.2729075739970006,0.685479997473694,60.3407926039108,,,0.0,0.003239017022554025,-0.008452652986269626,-0.014049607234626671,-5.353395486259259,,
广西壮族自治区,贵港市,Medium/Small City,1868.0,0.0,284.0,0.0,1868.0,-284.0,1584.0,4296023.545454546,4.348207080886365,-0.6610764512696614,3.6871306296167035,5.009283532156026,19004.0,17393.0,91.52283729741109,-125.71519261098592,-0.2246019169034716,425.56,5.232233037481024,0.012294936172293,519.0,364513.0,856.5490177648276,6.752911546441617,1.819782649642616,0.6329539709272148,0.8091270352385171,0.5264362359518053,46.20273985674498,,,8.829732976401576,0.4155703055413702,0.3137193193921616,0.2022141515547768,8.891478203425859,77.58618110882713,6.800077559557669,7.00995032675896,-0.21738366538584464,-0.49540771584635557,-0.32422208439702854,-37.31126165331912,,
广西壮族自治区,贺州市,Medium/Small City,1500.0,0.0,0.0,0.0,1500.0,0.0,1500.0,2042240.9090909092,7.344872944826649,0.0,7.344872944826649,7.344872944826649,22345.0,25879.0,115.81561870664578,-42.22512949754782,-0.1717889591165427,201.34,0.8353705904289939,0.0041490542884126,216.1818181818182,406049.0,2016.7328896394158,7.609234099655354,2.56715726852417,0.4230873619522868,0.3962954986471204,0.2950558171306507,23.295748774754077,,,10.147309524753082,0.3675652936726084,0.2801212744539544,0.1998637781887524,11.838626916785415,,7.671504395552374,7.580152256228912,-0.05552206827967843,-0.11617422419316598,-0.09519203894189832,-11.457121857968662,,
广西壮族自治区,钦州市,Medium/Small City,2792.0,1688.0,0.0,0.0,2792.0,1688.0,4480.0,3198574.5454545454,8.728888322980236,5.277350819910688,14.006239142890923,3.451537503069548,26971.0,29551.0,109.56582996551852,-86.22056262744637,-0.2080211441659886,318.06,13.491632131135988,0.0424185126426963,334.27272727272725,476391.0,1497.802301452556,7.311754180369404,1.9143990591629263,0.6819833967350217,0.8789588339892093,0.5104479387141108,33.62678852445021,,,13.71551453577329,0.4704347749835231,0.3648876181733493,0.1885456781866421,1.129117096394893,13.340240596150966,6.802433007670198,11.801115476610363,-0.21154862175149863,-0.51407121581586,-0.3219022605274686,-32.49767142805532,,
广西壮族自治区,防城港市,Medium/Small City,1600.0,100.0,0.0,0.0,1600.0,100.0,1700.0,873685.1818181818,18.31323265286841,1.1445770408042757,19.457809693672687,17.168655612064136,65184.0,43486.0,66.71269023073147,-0.3017348236054534,-0.0030271723315731,90.8,17.831082161622007,0.1963775568460573,164.1818181818182,454522.0,5005.748898678415,8.518342310661431,11.703866476326716,0.498997170086029,0.4927892007746007,0.3397321268545044,24.781045109217267,,,15.95518988654727,0.4902021317961245,0.4500944639409164,0.2974696134429451,17.27730235194106,,51.84374970741269,4.251323410220554,-0.008795038289904522,-0.0426947368336843,-0.04226251341155929,-7.503742757276207,,
新疆维吾尔自治区,乌鲁木齐市,Large City,5860.0,2691.0,60.0,0.0,5860.0,2631.0,8491.0,3250416.5454545454,18.02845856231797,8.094347180453683,26.122805742771654,9.934111381864286,70428.0,30337.0,43.075197364684506,135.3093339348041,0.5575090322136901,353.0,59.839999999999975,0.1695184135977336,200.0,3406243.0,9649.413597733712,9.174652425412411,47.73006915816597,0.0465687451960058,0.0121231107375555,0.0086264106034761,0.3801357287131675,1.231810000353568,1.0585078609725909,74.76700331495492,0.0572759268963335,0.0165790010543478,0.0115822862744394,0.3757450861137935,1.2707212003633803,1.0913230915647292,27.036934156788952,0.010707181700327702,0.0044558903167922995,0.0029558756709633007,-0.004390642599373995,0.03891120000981241,0.03281523059213831
新疆维吾尔自治区,伊犁哈萨克自治州,Medium/Small City,2600.0,0.0,200.0,0.0,2600.0,-200.0,2400.0,2426476.3636363638,10.715126011380512,-0.8242404624138856,9.890885548966626,11.539366473794399,,,,,,,,,,,,,9.976112670726604,0.5267981799323134,0.6185136826188097,0.442446910205638,40.88178205009705,,,19.275646359943973,0.5127553973654068,0.5803303119340518,0.4198520311327557,38.258606846310514,,,9.29953368921737,-0.014042782566906609,-0.038183370684757856,-0.022594879072882268,-2.6231752037865377,,
新疆维吾尔自治区,克孜勒苏柯尔克孜自治州,Medium/Small City,1500.0,0.0,0.0,0.0,1500.0,0.0,1500.0,550903.6363636364,27.227992356359966,0.0,27.227992356359966,27.227992356359966,,,,,,,,,,,,,7.915918536864392,0.4745088886493698,0.523000540094889,0.3939121410725108,37.24765483314776,,,16.88127419529389,0.4640833932555047,0.4227703787518711,0.2952231644819326,21.234365001131906,,,8.965355658429498,-0.010425495393865114,-0.10023016134301793,-0.09868897659057824,-16.013289832015857,,
新疆维吾尔自治区,克拉玛依市,Medium/Small City,500.0,0.0,0.0,0.0,500.0,0.0,500.0,353971.45454545453,14.125432816102787,0.0,14.125432816102787,14.125432816102787,153084.0,102032.0,66.65098899950354,15.093949613006146,0.4845523748044865,44.4772215673696,4.812778432630402,0.1082077131400956,40.72727272727273,735481.0,16536.12734972592,9.713302802694184,40.24812104256019,0.1754283976401883,0.0883989239242549,0.0657359850940044,4.19657841784776,2.3015010676471066,2.2148519787261893,51.41330642491823,0.1664972188997867,0.074784868873307,0.050263171814723,1.36981896524004,1.9916656991413224,1.938820941814412,11.16518538235804,-0.008931178740401613,-0.013614055050947899,-0.015472813279281399,-2.8267594526077193,-0.3098353685057842,-0.2760310369117773
新疆维吾尔自治区,博尔塔拉蒙古自治州,Medium/Small City,1200.0,0.0,0.0,0.0,1200.0,0.0,1200.0,420319.1818181818,28.54973201101933,0.0,28.54973201101933,28.54973201101933,,,,,,,,,,,,,0.0,0.998992853047379,6.786063567048281,0.9988168313207896,99.87081146548245,,,11.211772062561728,0.5585878529383979,0.6830713882562331,0.4650564861052216,39.65456799824955,,,11.211772062561728,-0.4404050001089811,-6.102992178792047,-0.5337603452155679,-60.2162434672329,,
新疆维吾尔自治区,吐鲁番市,Medium/Small City,673.0,0.0,63.0,0.0,673.0,-63.0,610.0,648968.0,10.370311016876025,-0.9707720565574882,9.399538960318537,11.341083073433513,37938.0,54105.0,142.6142653803574,3.488510955285392,0.0552618531925383,60.7480125109693,9.07198748903069,0.1493380131142982,120.27272727272727,269727.0,4440.095878878264,8.398431249535067,0.0,0.9999253673953477,9.351129890155576,0.9998645837729824,99.97491377596582,,,6.335112635905926,0.520008853463876,0.5315092608898203,0.3553539527420337,24.099677363294976,,,6.335112635905926,-0.4799165139314716,-8.819620629265756,-0.6445106310309487,-75.87523641267084,,
新疆维吾尔自治区,和田地区,Medium/Small City,1400.0,0.0,0.0,0.0,1400.0,0.0,1400.0,2057691.0,6.803742641630837,0.0,6.803742641630837,6.803742641630837,,,,,,,,,,,,,2.4327438224712314,0.557302455222983,0.6826044036120644,0.4800766255635307,45.74867274933973,,,10.581474254231251,0.523180085203238,0.6124884247434766,0.4428703124364563,41.6055594854738,,,8.14873043176002,-0.03412237001974505,-0.07011597886858778,-0.0372063131270744,-4.143113263865935,,
新疆维吾尔自治区,哈密市,Medium/Small City,1586.0,0.0,0.0,0.0,1586.0,0.0,1586.0,577548.9090909091,27.460877772177657,0.0,27.460877772177657,27.460877772177657,67765.0,94386.0,139.284291300819,10.657347871422184,0.1930597223982927,66.5879882275635,-4.546785253404302,-0.0682823640483885,120.27272727272727,506078.0,7600.139506700302,8.935921882250726,0.0,0.0,0.0,0.0,100.0,,,35.89780475853342,0.2792395889546382,0.2826863115113546,0.23480843392277,20.93270924137501,,,35.89780475853342,0.2792395889546382,0.2826863115113546,0.23480843392277,-79.06729075862499,,
新疆维吾尔自治区,喀什地区,Medium/Small City,1800.0,500.0,0.0,0.0,1800.0,500.0,2300.0,4145422.6363636362,4.342138686199098,1.206149635055305,5.548288321254403,3.1359890511437927,,,,,,,,,,,,,0.0,0.7485262178540978,1.2507497624063904,0.7023563089524019,68.16550966823047,,,0.0,0.740652511335081,1.1658251657488978,0.6617292440643688,60.630277307052914,,,0.0,-0.007873706519016754,-0.08492459665749252,-0.040627064888033027,-7.535232361177556,,
新疆维吾尔自治区,塔城地区,Medium/Small City,1486.0,0.0,0.0,0.0,1486.0,0.0,1486.0,1326720.6363636365,11.200549379204103,0.0,11.200549379204103,11.200549379204103,,,,,,,,,,,,,0.0,0.7691862639127616,1.284648095427917,0.7083818693794491,68.32007917780373,,,19.79113006591797,0.5172890932726162,0.5264311783438903,0.3640827657012914,27.616665405282674,,,19.79113006591797,-0.2518971706401454,-0.7582169170840266,-0.34429910367815775,-40.70341377252106,,
新疆维吾尔自治区,巴音郭楞蒙古自治州,Medium/Small City,2060.0,0.0,0.0,0.0,2060.0,0.0,2060.0,1247742.5454545454,16.50981612756944,0.0,16.50981612756944,16.50981612756944,,,,,,,,,,,,,8.952259371478648,0.5149831375472959,0.5989109115121171,0.4290074329316806,38.86455789503192,,,25.566338005444862,0.4844733660986803,0.5253724669243941,0.3781358762178087,31.745196974623465,,,16.614078633966216,-0.030509771448615552,-0.07353844458772296,-0.05087155671387189,-7.119360920408457,,
新疆维吾尔自治区,新疆维吾尔自治区,Medium/Small City,3120.0,655.0,40.0,0.0,3120.0,615.0,3735.0,1143945.5454545454,27.27402551980979,5.376130030347122,32.65015555015691,21.89789548946267,,,,,,,,,,,,,6.463252567972973,0.5660269979218642,0.6916623210155725,0.4745242092964673,42.59553334816823,,,37.18976516723633,0.3675709069557114,0.3022559989679868,0.2283716306591379,17.05035947271786,,12.901788328201745,30.72651259926336,-0.1984560909661528,-0.38940632204758563,-0.24615257863732942,-25.54517387545037,,
新疆维吾尔自治区,昌吉回族自治州,Medium/Small City,1300.0,0.0,0.0,0.0,1300.0,0.0,1300.0,1487320.6363636365,8.74054973901513,0.0,8.74054973901513,8.74054973901513,,,,,,,,,,,,,1.9096801055640709,0.6101338264620859,0.7833445787848486,0.5223301066899219,48.41283760692056,,,17.706383956106084,0.5652165431240355,0.653940898681825,0.4491415494376541,38.714609338698615,,,15.796703850542013,-0.04491728333805045,-0.1294036801030236,-0.07318855725226775,-9.698228268221946,,
新疆维吾尔自治区,阿克苏地区,Medium/Small City,2680.0,0.0,0.0,0.0,2680.0,0.0,2680.0,2469132.1818181816,10.854015915934248,0.0,10.854015915934248,10.854015915934248,,,,,,,,,,,,,0.0,0.0,0.0,0.0,100.0,,,0.0,0.7409350567819704,1.2166038030006514,0.690637972043902,66.67584735504897,,,0.0,0.7409350567819704,1.2166038030006514,0.690637972043902,-33.32415264495103,,
新疆维吾尔自治区,阿勒泰地区,Medium/Small City,1200.0,0.0,68.0,0.0,1200.0,-68.0,1132.0,559935.9090909091,21.43102416753866,-1.2144247028271906,20.216599464711468,22.64544887036585,,,,,,,,,,,,,0.0,0.0,0.0,0.0,100.0,,,0.0,0.7424868661718627,1.2012216999093808,0.6808651838240513,64.64129499970981,,,0.0,0.7424868661718627,1.2012216999093808,0.6808651838240513,-35.358705000290186,,
江苏省,南京市,Super City,9788.0,6391.0,527.0,0.0,9788.0,5864.0,15652.0,8309210.0,11.779699875198725,7.05722926728293,18.836929142481655,4.7224706079157945,107545.0,85938.0,79.90887535450277,224.90838606187083,0.3199092982683711,888.86,68.84000000000003,0.0774475170443039,1013.6363636363636,9034890.0,10164.581598901965,9.22666456426125,26.603241018677437,0.1599910143087135,0.086214219400416,0.0653078858451102,1.970229760839668,2.5482598688571807,1.4784140286467864,43.560484188764526,0.1342495567751582,0.0505332822255658,0.0301854147373323,0.0,2.0773170348841887,1.3889360608751682,16.95724317008709,-0.02574145753355528,-0.0356809371748502,-0.0351224711077779,-1.970229760839668,-0.47094283397299197,-0.0894779677716182
江苏省,南通市,Large City,3608.0,1542.0,28.0,1717.0,1891.0,1514.0,3405.0,7588317.909090909,2.491988372989165,1.995172076523319,4.4871604495124835,0.496816296465846,77457.0,82841.0,106.95095343222692,14.793636363636375,0.0195653846708764,763.36,11.639999999999986,0.015248375602599,727.0909090909091,5500019.0,7205.013361978621,8.88253236297439,5.343217879410107,0.5234724101429488,0.5159479595418415,0.3387544412063706,19.965354516104032,,86392.52967137625,10.043364438143644,0.3737394044967573,0.2527443612252487,0.1566462226837577,2.630181590190562,23.358413283414464,5.752593910819096,4.700146558733538,-0.14973300564619146,-0.2632035983165928,-0.1821082185226129,-17.33517292591347,,-86386.77707746543
江苏省,宿迁市,Medium/Small City,3036.0,16.0,0.0,0.0,3036.0,16.0,3052.0,4878613.181818182,6.223079975503471,0.03279620540449787,6.255876180907969,6.190283770098973,39963.0,56484.0,141.34074018467084,-92.21272727272728,-0.1566957244439089,490.32,7.680000000000007,0.0156632403328438,705.5454545454545,2100975.0,4284.905775819872,8.362853841483197,2.12638306720315,0.4981470064141681,0.4445133595918906,0.2751098691851323,14.783301853184032,,12.22290345878578,9.603990671803071,0.313562047285982,0.1945670592749391,0.1328300167094014,6.0443720215467085,11.888802751108196,3.424024431081003,7.477607604599921,-0.18458495912818607,-0.24994630031695148,-0.1422798524757309,-8.738929831637323,,-8.798879027704777
江苏省,常州市,Large City,4738.0,0.0,100.0,0.0,4738.0,-100.0,4638.0,4782791.545454546,9.90634853091786,-0.20908291538450527,9.697265615533356,10.115431446302365,104423.0,96554.0,92.4643038411078,122.4777,0.3204921857866678,469.64,68.96000000000004,0.1468358742866877,864.8181818181819,4338800.0,9238.56570990546,9.131141926386189,11.115733858351776,0.2566561588293833,0.1674094102711422,0.124599739609014,4.70946566183258,50.81764964159011,2.4856676715140766,23.40136933402608,0.1804576151557491,0.0641880556699018,0.0355050213603465,0.0001641225281352,2.776624610692336,1.9081026197047264,12.285635475674303,-0.07619854367363421,-0.1032213546012404,-0.0890947182486675,-4.709301539304445,-48.04102503089777,-0.5775650518093502
江苏省,徐州市,Large City,10938.0,702.0,130.0,0.0,10938.0,572.0,11510.0,8872205.636363637,12.328388732526097,0.6447100342845976,12.973098766810695,11.683678698241499,57655.0,48137.0,83.49145780938339,-137.84545454545457,-0.1332295356076867,873.76,27.24000000000001,0.0311756088628456,888.1818181818181,4723279.0,5405.693783189892,8.595208081353025,4.19753461674908,0.5840788181586849,0.6683538907145293,0.4196457523416355,25.20910127488316,,,17.634201365815112,0.4383970463102924,0.3394068840161952,0.2088959136795131,7.764438165677295,46.81334820832492,7.582490424284773,13.436666749066031,-0.14568177184839248,-0.32894700669833415,-0.21074983866212238,-17.444663109205866,,
江苏省,扬州市,Large City,0.0,412.0,384.0,0.0,0.0,28.0,28.0,4651676.454545454,0.0,0.06019335238296591,0.06019335238296591,-0.06019335238296591,82654.0,87643.0,106.03600551697438,-0.7863545454545456,-0.0017292779477387,447.79,10.889999999999986,0.0243194354496527,703.0909090909091,2951918.0,6592.192768931865,8.793641314021553,10.31847638650374,0.3936316312126064,0.2898889308640042,0.1895640844825737,7.645066503984115,60.39588523052439,5.29190089197225,14.81891628992216,0.3480660529109551,0.2157507656013551,0.1265893839633907,1.068394342356245,8.530107518309446,4.134724945584926,4.500439903418421,-0.04556557830165131,-0.0741381652626491,-0.062974700519183,-6.57667216162787,-51.86577771221495,-1.1571759463873237
江苏省,无锡市,Large City,12911.0,958.0,2456.0,1600.0,11311.0,-1498.0,9813.0,6643160.181818182,17.0265350983969,-2.2549508953583732,14.771584203038525,19.281485993755272,126389.0,90455.0,71.56872829122788,238.0572727272728,0.4740073672492285,717.7,32.799999999999955,0.0457015466072174,1080.3636363636363,7680077.0,10700.957224467047,9.278088476679235,12.354120856746816,0.2107175833017073,0.1214556858201106,0.084885969919195,2.1337643537636954,6.019395790030611,1.880334110469675,29.103881266306196,0.1644317440466592,0.0628036197353036,0.0359457790661141,0.0,3.0332774727755014,1.5759781699054565,16.74976040955938,-0.04628583925504812,-0.058652066084807,-0.048940190853080906,-2.1337643537636954,-2.9861183172551096,-0.30435594056421844
江苏省,泰州市,Medium/Small City,7321.0,0.0,0.0,0.0,7321.0,0.0,7321.0,4812047.7272727275,15.213897315497418,0.0,15.213897315497418,15.213897315497418,72706.0,83645.0,115.04552581630128,-45.344545454545454,-0.0910702613484073,456.44,-9.04000000000002,-0.0198054508807291,878.0909090909091,2779543.0,6089.613092629918,8.714339827097863,5.7933858150389135,0.3808572687957582,0.2406835100530742,0.1356747613654415,2.1067902469761286,9.864815737732732,4.431873657157907,16.225428680931557,0.1815762530623762,0.0546399184581613,0.0288191829059524,0.0028710524810067,2.3448010241660984,1.7677710369452615,10.432042865892644,-0.199281015733382,-0.1860435915949129,-0.10685557845948909,-2.103919194495122,-7.520014713566633,-2.6641026202126454
江苏省,淮安市,Large City,840.0,1643.0,0.0,0.0,840.0,1643.0,2483.0,5016766.090909091,1.6743854203650608,3.2750181495949935,4.9494035699600545,-1.6006327292299327,50736.0,68737.0,135.47973825291706,-95.76454545454546,-0.1718097095866103,471.69,-19.33999999999997,-0.0410015052258898,590.5454545454545,3085130.0,6540.588098115288,8.78578236366761,7.732603364716252,0.3682093084305402,0.3107966894890056,0.2385716823691741,18.294658186790784,,47.65623503227276,11.02547550201416,0.34755351044099,0.28251285205132,0.2167508684691811,14.354677657464924,,13.544548595485043,3.292872137297908,-0.02065579798955025,-0.02828383743768559,-0.02182081389999299,-3.93998052932586,,-34.11168643678772
江苏省,盐城市,Large City,5650.0,850.0,0.0,0.0,5650.0,850.0,6500.0,7564012.7272727275,7.469580239637113,1.1237421599454065,8.59332239958252,6.345838079691707,53115.0,63340.0,119.25068248140826,-115.00718505349948,-0.141410458349834,722.28,-55.17999999999995,-0.0763969651658635,489.0,4180231.0,5787.549149914161,8.663464190784202,1.4911554085797276,0.5868069548167223,0.6698257856151785,0.441842406007752,34.967725032367085,,,7.969060049218647,0.4731856215955037,0.4106445231841398,0.267543060155054,13.198769778830224,,21.718486935269244,6.477904640638919,-0.11362133322121859,-0.2591812624310387,-0.17429934585269796,-21.76895525353686,,
江苏省,苏州市,Large City,17865.0,598.0,378.0,982.0,16883.0,220.0,17103.0,10828500.454545455,15.591263140145191,0.20316755854006646,15.794430698685257,15.388095581605125,129925.0,76103.0,58.57456224745046,542.329090909091,0.7470284755440907,1222.57,76.13000000000011,0.0622704630409711,780.4545454545455,14438174.0,11809.691060634566,9.376675749715854,6.5845339447376405,0.3031031962089162,0.1612877417926098,0.0927951697796932,0.7281187942010336,5.661142529468124,3.2824435860296037,22.23558750722615,0.1783488218397121,0.0573621081489778,0.031346206570066,0.0,2.5218500360465,1.7253849831022476,15.65105356248851,-0.12475437436920409,-0.103925633643632,-0.06144896320962719,-0.7281187942010336,-3.139292493421624,-1.557058602927356
江苏省,连云港市,Large City,2930.0,677.0,0.0,0.0,2930.0,677.0,3607.0,4566143.818181818,6.416793067999968,1.4826515041078425,7.89944457210781,4.934141563892125,44277.0,57364.0,129.5571063983558,-74.7019163669439,-0.1405314179437373,448.77,9.400000000000034,0.020946141676137,718.2727272727273,2617723.0,5833.106045413018,8.671304906840911,7.861877484786135,0.3105459117369143,0.2145880464836306,0.158791273671512,9.22663668729101,206.159893377191,3.781591647093553,14.881542423697471,0.2672580302931909,0.1406103278222198,0.0904329345642077,1.995143557170652,5.986436068637398,2.543018801141919,7.019664938911337,-0.04328788144372342,-0.07397771866141081,-0.0683583391073043,-7.231493130120359,-200.1734573085536,-1.238572845951634
江苏省,镇江市,Medium/Small City,1368.0,262.0,0.0,0.0,1368.0,262.0,1630.0,3246715.6363636362,4.213488809054364,0.8069693479329265,5.02045815698729,3.4065194611214373,102652.0,69025.0,67.24174882126019,51.03909090909092,0.1896370606812923,317.14,5.660000000000025,0.0178470076306994,710.4545454545455,2777648.0,8758.4284543104,9.077771767643421,15.352227318243653,0.2573476956966263,0.1114260643147662,0.0600585951292643,0.0,3.832413024536269,2.529082995752402,25.29332583972386,0.1620539739151987,0.044107827742611,0.0230691862001916,0.0,2.288317496656463,1.6276300222670397,9.941098521480207,-0.09529372178142759,-0.0673182365721552,-0.036989408929072695,0.0,-1.544095527879806,-0.9014529734853625
江西省,上饶市,Large City,1810.0,200.0,0.0,0.0,1810.0,200.0,2010.0,6850376.363636363,2.642190594969301,0.2919547618750609,2.934145356844362,2.3502358330942403,23221.0,35160.0,151.41466775763317,-137.30851510765578,-0.1748162129506195,655.518273,-20.42827299999999,-0.0311635446964877,339.09090909090907,1942099.0,2962.69239164291,7.993853725661446,2.777694846667259,0.6042426618899266,0.7028225120562516,0.4012395493144136,26.26097354564769,,,6.632217005070761,0.3794994016273388,0.2693032225970821,0.1675789625830752,7.05322367549491,17.412120914806437,3.8063822301643926,3.8545221584035025,-0.22474326026258779,-0.43351928945916945,-0.23366058673133838,-19.20774987015278,,
江西省,九江市,Medium/Small City,1720.0,600.0,139.0,0.0,1720.0,461.0,2181.0,4929356.2727272725,3.489299423367451,0.9352133919606949,4.424512815328145,2.554086031406756,37097.0,51928.0,139.97897404102758,-60.18028598603736,-0.1156793471458749,467.351307,-17.451307000000043,-0.03734087556537,258.27272727272725,2136608.0,4571.7385786619825,8.427648844509587,10.706896330848158,0.5525697462924907,0.6199239081679244,0.4271617835489956,36.1641258752419,,,21.05013509037429,0.4666017188455549,0.4477626318976592,0.3240911937559692,25.81288928587229,,,10.343238759526132,-0.08596802744693577,-0.17216127627026523,-0.10307058979302641,-10.35123658936961,,
江西省,南昌市,Large City,8479.0,3165.0,1436.0,0.0,8479.0,1729.0,10208.0,5254246.090909091,16.137424576801582,3.290671906273138,19.428096483074718,12.846752670528444,70373.0,47470.0,67.45484773990025,78.08472370649508,0.1461077279122683,548.742078,118.29792199999996,0.2155801910273773,722.6363636363636,3422065.0,6236.199367966092,8.73812620015509,39.72374340535527,0.2163891740365472,0.1292449071918922,0.0955427376252912,4.549738349501601,5.830862356425525,2.06927361078453,55.62563057799188,0.1582216370313542,0.069124468168889,0.0444803786500908,0.4839751729082951,2.492762859167213,1.6848865699170883,15.901887172636606,-0.058167537005193004,-0.060120439023003194,-0.051062358975200395,-4.065763176593306,-3.3380994972583125,-0.3843870408674417
江西省,吉安市,Medium/Small City,595.0,850.0,0.0,0.0,595.0,850.0,1445.0,5009467.0,1.187751112044455,1.69678730292065,2.884538414965105,-0.5090361908761949,25486.0,41295.0,162.03013419132074,-84.2730612054112,-0.1572785860962621,468.434976,-33.36497600000001,-0.0712264833102471,209.54545454545453,1425681.0,3043.498186608508,8.020762852109424,1.1397854318985572,0.6052323696794293,0.7669835423102076,0.5154611220718539,48.21593975602665,,,4.139857240320661,0.5849364952964655,0.6487917250747327,0.4233071301964981,32.34735966973697,,,3.000071808422104,-0.020295874382963763,-0.1181918172354749,-0.09215399187535578,-15.868580086289683,,
江西省,宜春市,Medium/Small City,1600.0,51.0,0.0,0.0,1600.0,51.0,1651.0,5654674.818181818,2.8295172604009395,0.09019086267527995,2.9197081230762194,2.7393263977256597,27764.0,47640.0,171.58910819766604,-92.82801485885018,-0.1547763770952515,526.213798,-36.333798,-0.0690475965056317,317.8181818181818,1903238.0,3616.8530875353445,8.19335961391275,5.865268814464502,0.5666410066987222,0.6021081285106111,0.3909456550513013,28.036509316109157,,,8.624595165252686,0.443136964149847,0.3315151222542231,0.1914952719601327,5.288856187602272,18.15865458107554,5.800840118936048,2.759326350788183,-0.1235040425488752,-0.27059300625638805,-0.1994503830911686,-22.747653128506883,,
江西省,抚州市,Medium/Small City,0.0,0.0,0.0,0.0,0.0,0.0,0.0,4077385.3636363638,0.0,0.0,0.0,0.0,26119.0,35117.0,134.45001722883725,-64.46715433559817,-0.1499083905166411,379.676306,-26.196305999999996,-0.0689964203349576,215.27272727272728,1163784.0,3065.2004921265748,8.027868259649079,3.0421787858162186,0.5018909438812882,0.5197476165342594,0.3709481364004103,31.812480519611096,,,2.6563620100308274,0.5353057722497976,0.5342264457132652,0.337815861790633,22.04815367298832,,,-0.3858167757853912,0.0334148283685094,0.014478829179005781,-0.0331322746097773,-9.764326846622776,,
江西省,新余市,Medium/Small City,0.0,0.0,0.0,0.0,0.0,0.0,0.0,1183214.8181818181,0.0,0.0,0.0,0.0,77730.0,17778.0,22.87147819374759,-5.4086721962242725,-0.0435332557718721,116.18,3.219999999999999,0.0277156137028748,406.6363636363636,899242.0,7740.075744534342,8.954166752651437,9.256522178649902,0.1529658511447423,0.0573418579586851,0.0376056288645574,1.0616637200188377,2.086315522247776,1.5619809804397695,10.346806525133008,0.139925996626921,0.0413758620150948,0.0239739144518397,0.1358079830612211,1.913142709242612,1.4637517214059752,1.0902843464831058,-0.013039854517821275,-0.0159659959435903,-0.0136317144127177,-0.9258557369576166,-0.17317281300516396,-0.09822925903379431
江西省,景德镇市,Medium/Small City,0.0,470.0,16.0,0.0,0.0,454.0,454.0,1653241.6363636365,0.0,2.7461200469072935,2.7461200469072935,-2.7461200469072935,45438.0,27478.0,60.47361239491175,-8.526964352006367,-0.0501352874713095,160.268483,1.5298170000000084,0.009545338992196,320.45454545454544,821539.0,5126.01719703056,8.54208426178194,12.802801535738682,0.4091270926842908,0.3476861850949111,0.2474662158769016,16.142891250220924,,15.584580750428438,13.763436596481888,0.3576651313809306,0.2554770150905896,0.1673956351170886,5.024943644520858,36.47267758289566,5.498640334072851,0.9606350607432059,-0.051461961303360226,-0.0922091700043215,-0.08007058075981299,-11.117947605700065,,-10.085940416355587
江西省,萍乡市,Medium/Small City,650.0,420.0,70.0,0.0,650.0,350.0,1000.0,1926064.7272727273,3.374756781514753,1.8171767285079439,5.191933510022697,1.5575800530068091,45867.0,21460.0,46.78745067259686,-17.30467592481272,-0.0870539682115215,183.3486,-3.648600000000016,-0.01989979743505,541.8181818181819,941966.0,5137.568544292129,8.54433520067016,10.76297436155292,0.1982239212768372,0.1154779762067937,0.0850983641390985,3.994644963747465,3.87059295983865,2.01107245759021,15.768318335172047,0.1957698354270858,0.1085458404552759,0.075865555737848,1.293168062899303,4.322074901432681,1.7235536142042234,5.0053439736191265,-0.002454085849751403,-0.006932135751517798,-0.0092328084012505,-2.701476900848162,0.451481941594031,-0.28751884338598677
江西省,赣州市,Large City,1900.0,2752.0,55.0,0.0,1900.0,2697.0,4597.0,8714789.0,2.1802019532544046,3.0947392989090154,5.27494125216342,-0.9145373456546109,21708.0,33340.0,153.58393219089737,-90.38075470883469,-0.0925497703622764,860.568142,35.49185799999998,0.041242356378096,245.36363636363637,2253118.0,2618.1750055999632,7.87023279129449,0.0,0.7337943359657519,1.145989202167196,0.6611845000910801,61.27422432596822,,,0.0753871245682239,0.6977141432133318,0.9825175863714208,0.5881759497175361,48.92900893306829,,,0.0753871245682239,-0.03608019275242014,-0.16347161579577518,-0.07300855037354403,-12.34521539289993,,
江西省,鹰潭市,Medium/Small City,0.0,0.0,0.0,0.0,0.0,0.0,0.0,1172265.8181818181,0.0,0.0,0.0,0.0,53011.0,67542.0,127.41129199600084,-13.646154561456456,-0.1063480361614662,113.427447,1.1525529999999975,0.0101611473279478,373.45454545454544,733931.0,6470.4885758382625,8.775006898683822,9.420502397269685,0.1241374235826323,0.0401900327749661,0.0251903760010615,0.4692809281120332,2.068849236321656,1.352772881707084,8.820234551458416,0.1601579328024661,0.0611313272353203,0.0401015707473279,1.0395772709464188,2.369130476464385,1.5299412259094147,-0.6002678458112687,0.036020509219833796,0.0209412944603542,0.014911194746266399,0.5702963428343857,0.30028124014272883,0.17716834420233063
河北省,保定市,Large City,1906.0,1900.0,510.0,0.0,1906.0,1390.0,3296.0,11634190.909090908,1.6382746465941689,1.1947543330356216,2.8330289796297903,0.44352031355854726,26501.0,21329.0,80.48375532998755,-59.33600717467088,-0.0491514910601209,1149.01,-0.6028596609999113,-0.0005246774710402,535.1818181818181,1924707.0,1675.100303739741,7.423628325295958,7.236279487609863,0.4279463775650259,0.3714929706365593,0.2657824952847157,16.639566176549426,,83.08031585328938,9.64260523709384,0.3466424045044169,0.2341103731319652,0.161613418760807,7.777912988412318,44.64065350670263,3.994098514674011,2.406325749483976,-0.08130397306060899,-0.13738259750459408,-0.1041690765239087,-8.861653188137108,,-79.08621733861537
河北省,唐山市,Large City,2871.0,659.0,124.0,0.0,2871.0,535.0,3406.0,7836707.909090909,3.663528146391063,0.6826846249805707,4.346212771371634,2.9808435214104927,80450.0,49115.0,61.05034182722188,17.146695683005635,0.0227753926712772,766.7201,5.5598999999999705,0.0072515380775852,564.0,3237498.0,4222.529186335404,8.348189560756445,6.1054747104644775,0.448530245613139,0.3949961270483387,0.2757758451294678,17.639117649561772,,71.49084698475227,10.423612514524969,0.3510869802473135,0.224963019653214,0.1398226690625272,3.208183178756004,10.8330979328248,4.833390016965062,4.318137804060491,-0.09744326536582548,-0.1700331073951247,-0.1359531760669406,-14.430934470805768,,-66.6574569677872
河北省,廊坊市,Medium/Small City,1271.0,385.0,192.0,0.0,1271.0,193.0,1464.0,4526856.363636363,2.807687935958769,0.4263444308733615,3.234032366832131,2.3813435050854075,48407.0,22926.0,47.36091887536927,25.186418181818198,0.0523782629148295,452.18,94.71999999999996,0.2094741032332256,784.1818181818181,2504860.0,5539.519660312265,8.619663072067574,11.278817956989052,0.3743990373432181,0.2592117702793374,0.1690161675581369,6.542714230942506,22.082000469984013,5.895681385621675,15.942664109294752,0.2915878666425279,0.1526869748234717,0.0878778072783017,0.1731764159457481,5.894199889896487,3.3330761223750907,4.6638461523057,-0.08281117070069022,-0.10652479545586568,-0.08113836027983519,-6.369537814996758,-16.187800580087526,-2.562605263246584
河北省,张家口市,Large City,1000.0,0.0,0.0,0.0,1000.0,0.0,1000.0,4521985.181818182,2.2114181267571604,0.0,2.2114181267571604,2.2114181267571604,30540.0,16804.0,55.02292075965946,-35.89425173665964,-0.0775996328355716,442.09,-38.829999999999984,-0.0878327942274197,125.0,1257800.0,2845.1220339749825,7.95336123983206,0.0,0.7336192121746077,1.1364176977344924,0.6594165989300211,62.4280437241542,,,1.624327294988044,0.6646624312019176,0.8459401400645845,0.5080732309379381,37.953416937058016,,,1.624327294988044,-0.06895678097269009,-0.2904775576699079,-0.15134336799208303,-24.474626787096184,,
河北省,承德市,Medium/Small City,442.0,107.0,57.0,0.0,442.0,50.0,492.0,3608595.1818181816,1.2248533784753861,0.13855807448816584,1.363411452963552,1.0862953039872203,38128.0,21455.0,56.27098195551825,-35.60893292460364,-0.0936421180618997,352.72,-24.150000000000038,-0.0684679065547744,94.0,1075605.0,3049.4584939895667,8.0227193108846,0.0,0.6965633836290966,1.012431244586905,0.6090336493698147,55.39421320843852,,,3.0618145187541206,0.6428483068864379,0.8125419503169646,0.5131526575454635,42.07638925319648,,,3.0618145187541206,-0.05371507674265874,-0.1998892942699404,-0.09588099182435128,-13.31782395524204,,
河北省,沧州市,Medium/Small City,0.0,4276.0,117.0,0.0,0.0,4159.0,4159.0,7408517.2727272725,0.0,5.613808872809662,5.613808872809662,-5.613808872809662,42676.0,22501.0,52.72518511575592,-48.34418430354106,-0.0621576767846344,727.4,-4.629999999999996,-0.0063651361011822,582.8181818181819,1897102.0,2608.058839703052,7.866361484027876,6.141537899646944,0.5303851919315627,0.4989512498782404,0.3082652331103672,15.190800446643449,,26.05980610725917,12.551350421416451,0.4424399717907441,0.3353547502083885,0.199424290223836,5.1120262135408,27.201543175603323,7.168095504302839,6.409812521769507,-0.08794522014081863,-0.1635964996698519,-0.10884094288653118,-10.07877423310265,,-18.89171060295633
河北省,石家庄市,Large City,5636.0,6943.0,11.0,0.0,5636.0,6932.0,12568.0,10597302.454545455,5.31833457068367,6.541287303757842,11.859621874441512,-1.2229527330741714,48970.0,24014.0,49.03818664488463,56.04271119087273,0.0536292945651731,1061.62,63.04000000000019,0.0593809461012416,721.0909090909091,3434745.0,3235.380833066446,8.08190192274701,14.48172054988582,0.3292434319105771,0.2319748235183152,0.1658408106590001,7.009977347484631,131.9359576614369,4.048971991271334,24.90316996304494,0.2548856437043904,0.1255915612180691,0.078298615374964,1.499654830189681,4.518594706329329,2.59331345258615,10.421449413159122,-0.07435778820618671,-0.10638326230024608,-0.0875421952840361,-5.51032251729495,-127.41736295510758,-1.4556585386851841
河北省,秦皇岛市,Large City,0.0,530.0,0.0,0.0,0.0,530.0,530.0,3104714.090909091,0.0,1.7070815040647134,1.7070815040647134,-1.7070815040647134,39282.0,29174.0,74.26811262155695,11.485594012618822,0.0384471588358531,305.68,5.45999999999998,0.017861816278461,380.27272727272725,1136584.0,3718.215126930123,8.220999027535461,8.181070422494649,0.4407408464329789,0.4253134737408379,0.3086282273004835,21.71280085741913,,,10.752422833562497,0.3557790889228724,0.2729660453455451,0.1886476721696312,8.5741857156539,68.37719484562682,7.833064057681138,2.5713524110678474,-0.08496175751010648,-0.1523474283952928,-0.11998055513085232,-13.138615141765229,,
河北省,衡水市,Medium/Small City,1200.0,591.0,0.0,0.0,1200.0,591.0,1791.0,4530027.545454546,2.648990514868031,1.304627828572505,3.953618343440536,1.3443626862955258,26022.0,21562.0,82.86065636768888,-23.991134483244284,-0.0525481020989889,442.34,-29.34999999999997,-0.0663516751819866,512.1818181818181,1486090.0,3359.6102545553194,8.119580250561173,1.9593657879053523,0.4805747381604811,0.4388926479322138,0.2986538651042888,20.837251726639305,,,4.832507997621095,0.395645092256955,0.2829241573008064,0.1830680415164719,7.632414222887572,41.38636822862252,5.501255784117447,2.873142209715742,-0.08492964590352609,-0.15596849063140739,-0.11558582358781691,-13.204837503751733,,
河北省,邢台市,Large City,3900.0,166.0,200.0,0.0,3900.0,-34.0,3866.0,7389453.636363637,5.277792096573998,-0.046011520841927174,5.2317805757320714,5.323803617415925,22758.0,17231.0,75.71403462518674,-75.65221012978508,-0.0952484068421475,725.63,-37.85000000000002,-0.0521615699461158,617.3636363636364,957060.0,1318.9366481540178,7.184581121354591,0.8884235374481576,0.6320660687369184,0.7504908264541645,0.4552417176953751,29.122770911437183,,,5.412399723416283,0.4904784290364473,0.4451059336640954,0.2905370075927593,15.473153448022888,,36.635046590942686,4.523976185968126,-0.1415876397004711,-0.30538489279006914,-0.16470471010261578,-13.649617463414295,,
河北省,邯郸市,Large City,800.0,0.0,275.0,0.0,800.0,-275.0,525.0,9536328.727272727,0.8388972558298021,-0.2883709316914945,0.5505263241383076,1.1272681875212966,32943.0,18315.0,55.59602950550951,-117.46797076154908,-0.1111735499604317,937.39,-19.17999999999995,-0.0204610674319119,969.2727272727273,1831617.0,1953.9540639435027,7.577610323597377,6.644313368022951,0.4855022759773829,0.4531214570426752,0.3045900397826098,17.006582252364986,,104.18181671162286,8.614122369481604,0.4273956214393497,0.34382230250648,0.2305867663381609,10.436782133999529,,11.949264871634314,1.9698090014586533,-0.05810665453803315,-0.10929915453619521,-0.0740032734444489,-6.569800118365457,,-92.23255183998855
河南省,三门峡市,Medium/Small City,5000.0,0.0,10.0,0.0,5000.0,-10.0,4990.0,2331828.1818181816,21.44240317098056,-0.04288480634196112,21.3995183646386,21.485287977322518,55259.0,25133.0,45.48218389764563,-21.227345834637,-0.093682364575897,215.0,-13.717378279853987,-0.0638017594411813,218.0,924488.0,4299.944186046511,8.366357321608229,2.259485315462604,0.4988242372631988,0.4767563829204917,0.3233599835637885,23.804246720268047,,,24.510248209703416,0.4095535529449142,0.342919340309374,0.2508731412936045,17.768741895990253,,59.267179467597046,22.25076289424081,-0.08927068431828461,-0.13383704261111773,-0.07248684227018398,-6.035504824277794,,
河南省,信阳市,Medium/Small City,3300.0,0.0,0.0,0.0,3300.0,0.0,3300.0,6348994.0,5.197673836201452,0.0,5.197673836201452,5.197673836201452,27490.0,23520.0,85.55838486722445,-288.88250751844777,-0.3182233487963179,621.31,-21.1099999999999,-0.0339765978336094,375.09090909090907,770388.0,1239.9414141088992,7.122819410796551,0.0,0.9751202661427292,3.529795855912039,0.9689232131880722,96.523494853404,,,0.0,0.7541751802787208,1.2273537142184654,0.6845703129386018,63.32605841001311,,,0.0,-0.2209450858640084,-2.3024421416935734,-0.28435290024947035,-33.19743644339089,,
河南省,南阳市,Medium/Small City,5130.0,1269.0,150.0,0.0,5130.0,1119.0,6249.0,10716668.909090908,4.7869352347428045,1.0441677441865884,5.831102978929393,3.742767490556216,26651.0,24841.0,93.20850999962478,-254.16282406995447,-0.206140804501598,1013.09,-67.69000000000005,-0.0668153865895429,437.45454545454544,1410248.0,1392.026374754464,7.238515788095946,3.5817856173962355,0.6257225691166686,0.7615659081853826,0.4886587526945812,39.67724510233664,,,11.143841690487331,0.5504689387765814,0.5673746890333725,0.3738158770757087,23.789652728041705,,,7.562056073091096,-0.07525363034008714,-0.1941912191520101,-0.11484287561887252,-15.887592374294936,,
河南省,周口市,Medium/Small City,4100.0,400.0,0.0,0.0,4100.0,400.0,4500.0,9275054.181818182,4.420459352180604,0.4312643270420102,4.851723679222614,3.989195025138594,22651.0,19387.0,85.59004017482673,-357.0338841540927,-0.2844250190966875,912.85,-49.75,-0.054499643972175,1042.3636363636363,909500.0,996.3301747275018,6.904078703380795,0.5552708506584167,0.6608929359803006,0.8506189419542555,0.4866191121683844,36.78916990044768,,,4.937959909439087,0.4294444069507183,0.3304954802188267,0.2120337170735906,8.367326304081999,131.99348999666438,7.875357597456539,4.38268905878067,-0.23144852902958235,-0.5201234617354288,-0.2745853950947938,-28.421843596365683,,
河南省,商丘市,Medium/Small City,2100.0,908.0,0.0,0.0,2100.0,908.0,3008.0,7650020.909090909,2.7450905362944344,1.1869248604549267,3.932015396749361,1.5581656758395077,23359.0,19449.0,83.26126974613639,-222.895043442764,-0.2240577918040866,759.95,2.849999999999909,0.0037502467267582,896.1818181818181,1007474.0,1325.7109020330283,7.1897041243759,0.0,0.9758488675668462,3.4331061647830965,0.9579344691387804,92.9962046743841,,,4.178062239000874,0.3953092737372764,0.3148794002429386,0.2276045227200948,15.729916950504924,,9.7981240718141,4.178062239000874,-0.5805395938295698,-3.118226764540158,-0.7303299464186856,-77.26628772387917,,
河南省,安阳市,Medium/Small City,0.0,1000.0,0.0,0.0,0.0,1000.0,1000.0,5410571.0,0.0,1.8482337631277732,1.8482337631277732,-1.8482337631277732,35210.0,14410.0,40.92587333143993,-90.51929304951076,-0.1443600509398592,524.16,15.240000000000007,0.0290750915750915,891.1818181818181,1032639.0,1970.0835622710624,7.58583123822892,9.544837951660156,0.3607193443112848,0.2513821760992754,0.1644342603916874,5.876332305611768,21.666531848635408,5.426533085588533,13.084424590041442,0.215918075736089,0.0827934892666261,0.0469195290465254,0.1936661466742136,2.974939088724484,2.0692850219577967,3.5395866383812855,-0.14480126857519576,-0.16858868683264927,-0.117514731345162,-5.682666158937554,-18.691592759910925,-3.357248063630736
河南省,平顶山市,Medium/Small City,1100.0,0.0,100.0,0.0,1100.0,-100.0,1000.0,5099046.545454546,2.157266050023755,-0.19611509545670497,1.9611509545670498,2.35338114548046,33014.0,24805.0,75.13479130066032,-75.78631164980837,-0.1334657085014559,489.34,-1.7399999999999525,-0.0035558098663504,729.0909090909091,1307155.0,2671.26129071811,7.890306033378981,10.278903100958996,0.358114445291179,0.2500176910266781,0.1707370583043863,7.574160378381495,58.605659293964095,5.26394480461171,10.815809392054147,0.2709184340695917,0.1314898342043512,0.0792559194065147,0.857881446943891,4.272726182334615,2.4741230407710013,0.5369062910951516,-0.08719601122158727,-0.11852785682232689,-0.09148113889787159,-6.716278931437604,-54.33293311162948,-2.789821763840709
河南省,开封市,Large City,1811.0,105.0,0.0,0.0,1811.0,105.0,1916.0,4729483.636363637,3.8291706647967714,0.22201155152051963,4.051182216317291,3.6071591132762517,32454.0,26218.0,80.78511123436249,-83.95892832622654,-0.1498707430048932,477.77,-7.96999999999997,-0.0166816669108566,893.0,961869.0,2013.24695983423,7.6075041005959,6.320449567463087,0.5624930960021807,0.5771344889477601,0.3611373346759958,18.562059345410383,,1107.2316803886015,10.603607326832092,0.4613243204130541,0.3630302370404022,0.2157998904147247,6.887397176796744,60.70082345175374,7.136113615031655,4.283157759369005,-0.10116877558912657,-0.21410425190735788,-0.1453374442612711,-11.674662168613638,,-1100.0955667735698
河南省,新乡市,Large City,2796.0,1320.0,332.0,0.0,2796.0,988.0,3784.0,5934361.545454546,4.711543067580051,1.6648800253108331,6.376423092890883,3.0466630422692176,33699.0,24639.0,73.11492922638654,-40.312652446092095,-0.0613806840183521,604.57,6.7299999999999045,0.0111318788560462,746.0,1391294.0,2301.2951353854805,7.741227345776123,11.664939555395364,0.4619760209573532,0.3909730959825367,0.2498478782995393,11.933989772406232,,11.538423383400389,18.634378724580973,0.3109089987126848,0.1736307301825421,0.104818146998586,2.157640024691248,5.390279136128468,2.590844124078341,6.969439169185609,-0.1510670222446684,-0.2173423657999946,-0.1450297313009533,-9.776349747714985,,-8.947579259322048
河南省,洛阳市,Large City,2460.0,909.0,0.0,0.0,2460.0,909.0,3369.0,6854157.545454546,3.5890625269204555,1.3262023727523147,4.915264899672771,2.262860154168141,49417.0,32767.0,66.30714126717527,-45.96694285842173,-0.0618465782403495,674.27,33.83000000000004,0.0501727794503686,497.54545454545456,2602579.0,3859.8469455855966,8.258382810270044,9.179824958413334,0.3417602394669453,0.2701949155211086,0.2053429081112553,14.46251932473373,,6.93028814986886,14.280415781100409,0.3152243837433631,0.2287735570027021,0.1690038352574765,10.130037294629004,,4.387901605771416,5.100590822687074,-0.02653585572358219,-0.041421358518406476,-0.0363390728537788,-4.332482030104726,,-2.542386544097444
河南省,漯河市,Medium/Small City,1200.0,1024.0,0.0,0.0,1200.0,1024.0,2224.0,2665222.6363636362,4.502438121406811,3.8420805302671455,8.344518651673956,0.660357591139666,36671.0,42712.0,116.47350767636551,-28.908194369946727,-0.1082829211140733,242.08,-7.780000000000001,-0.0321381361533377,735.5454545454545,628639.0,2596.823364177131,7.86204419401542,7.333236662643197,0.3815145037733489,0.2803197683508305,0.1942496500209295,10.787622390315851,,5.76692912445792,14.13434394170425,0.1630400191678472,0.0407392020348212,0.0203872048694158,0.0,2.1994650092198422,1.745169804490431,6.801107279061053,-0.2184744846055017,-0.2395805663160093,-0.1738624451515137,-10.787622390315851,,-4.021759319967488
河南省,濮阳市,Medium/Small City,0.0,2227.0,195.0,0.0,0.0,2032.0,2032.0,3732206.4545454546,0.0,5.444500524683534,5.444500524683534,-5.444500524683534,34895.0,19720.0,56.51239432583465,-59.186491741989,-0.1365844774748273,371.5,-3.044017351975981,-0.0081938555907832,1084.909090909091,704000.0,1895.0201884253029,7.546984770982365,7.639054830292536,0.3074332746034061,0.203898713599222,0.1517046442947283,10.388422238990657,,3.3074775414506066,11.133462116578537,0.2337648496711535,0.112404484522607,0.0741002258704807,2.536017121083236,3.78106113845252,2.327782423644449,3.494407286286001,-0.07366842493225259,-0.09149422907661499,-0.0776044184242476,-7.852405117907421,,-0.9796951178061577
河南省,焦作市,Medium/Small City,401.0,1555.0,22.0,0.0,401.0,1533.0,1934.0,3662993.0,1.0947331867683066,4.185102182832454,5.27983536960076,-3.0903689960641474,52421.0,15117.0,28.83767955590317,-21.220169711922093,-0.0570271355382528,349.63,-0.0299999999999727,-8.580499385056407e-05,924.6363636363636,1055746.0,3019.6093012613333,8.012882731556571,8.062939009094238,0.3278855337709377,0.195111932685602,0.0976443604737964,0.2295525069181932,4.995145245077769,2.2172537658830733,14.627065304005423,0.2940950271852006,0.1378472305043694,0.0671748700363393,0.0599006902587336,4.0624032398097,2.758849306256548,6.564126294911185,-0.03379050658573712,-0.05726470218123261,-0.0304694904374571,-0.1696518166594596,-0.9327420052680688,0.5415955403734745
河南省,许昌市,Medium/Small City,3200.0,0.0,0.0,0.0,3200.0,0.0,3200.0,4455992.818181818,7.181340120080574,0.0,7.181340120080574,7.181340120080574,48471.0,30273.0,62.45590146685647,-76.03523391602181,-0.1489965983036561,429.16,6.539999999999964,0.0152390716748997,1030.1818181818182,1252246.0,2917.900083884798,7.978619487195867,7.942689022288754,0.3898975960103227,0.2669511900847547,0.1621969656378884,4.597306446450701,13.73695460691768,6.0356914044960766,14.662209126146994,0.2857594270437239,0.13628441025173,0.074543339304877,0.0937505648620325,4.588336272021623,2.6228267746425407,6.71952010385824,-0.10413816896659878,-0.13066677983302472,-0.08765362633301141,-4.503555881588668,-9.148618334896057,-3.412864629853536
河南省,郑州市,Super City,16788.0,5378.0,716.0,0.0,16788.0,4662.0,21450.0,9139664.181818182,18.368289759920163,5.1008438682837625,23.469133628203927,13.2674458916364,72991.0,38391.0,52.59689550766533,317.839937525474,0.3584018856308043,1029.62,278.98,0.2709543326664206,871.0,8338761.0,8098.87239952604,8.999480121034871,33.59664429967263,0.23943406842152,0.1162576505993277,0.0709569073392429,0.3787684985790023,4.684872354923422,2.227736166298439,52.71205943485476,0.1966710501578746,0.0788395795181511,0.0451920106268665,0.007132175016475,3.22373028209785,1.9707504102041296,19.115415135182126,-0.042763018263645425,-0.037418071081176604,-0.025764896712376396,-0.3716363235625273,-1.4611420728255715,-0.2569857560943096
河南省,驻马店市,Medium/Small City,4342.0,40.0,100.0,0.0,4342.0,-60.0,4282.0,7518314.7272727275,5.775230430630114,-0.07980511880189009,5.695425311828224,5.855035549432005,24461.0,25149.0,102.81264052982296,-260.1859529301931,-0.2714258070775273,707.17,-36.069999999999936,-0.051006122997299,622.7272727272727,856458.0,1211.1062403665314,7.09928946915722,0.6126652615505029,0.6637016133448483,0.8488450206486445,0.5175855465475706,40.81682300147856,,,8.014887809753418,0.4841270717324888,0.4465461553902496,0.2999809069600332,17.232225337757708,,85.08021740063785,7.402222548202915,-0.17957454161235953,-0.4022988652583949,-0.2176046395875374,-23.584597663720853,,
河南省,鹤壁市,Medium/Small City,620.0,0.0,0.0,0.0,620.0,0.0,620.0,1638148.9090909092,3.7847597160386903,0.0,3.7847597160386903,3.7847597160386903,42550.0,27446.0,64.50293772032903,-15.535444340272363,-0.0910160408399024,153.4,2.5,0.0162972620599739,804.0,471069.0,3070.8539765319424,8.029710970151076,10.715130041025564,0.2521581041921192,0.1039958137676435,0.0565124434444558,0.8545395289022105,2.959882826765665,2.2756307640224445,15.69869776356519,0.202556909643416,0.063509119203099,0.0320029789873759,0.004719785160159,2.5531697746151742,2.0517991320024422,4.983567722539627,-0.04960119454870321,-0.0404866945645445,-0.024509464457079903,-0.8498197437420515,-0.4067130521504909,-0.22383163202000222
浙江省,丽水市,Medium/Small City,1079.0,947.0,641.0,0.0,1079.0,306.0,1385.0,2206811.727272727,4.889406679624068,1.386615796075037,6.276022475699105,3.5027908835490313,49459.0,36754.0,74.31205645079763,-24.45818181818181,-0.090951194528865,228.0,25.19999999999999,0.1105263157894736,154.0,809573.0,3550.7587719298244,8.174916598202408,17.52772513670969,0.5091991318863056,0.496267912720236,0.3359375288221145,23.508035922567405,,,21.635265298054136,0.4712522134994943,0.4455104304233658,0.3104442959360535,19.77924887938689,,1707.4954992024354,4.1075401613444456,-0.0379469183868113,-0.050757482296870216,-0.02549323288606098,-3.728787043180514,,
浙江省,台州市,Large City,4125.0,852.0,0.0,0.0,4125.0,852.0,4977.0,6190156.363636363,6.663805819562202,1.3763788020041203,8.040184621566322,5.287427017558082,56208.0,42838.0,76.21335041275263,49.835603889348256,0.0826549771748533,624.0,48.89999999999998,0.0783653846153845,634.0,2652092.0,4250.147435897436,8.354708952116146,6.355178168482078,0.3815004432055058,0.2695728218762835,0.1740907715703153,6.529999218561687,20.8126210355662,7.570996858741614,14.32741617772182,0.1986746055776396,0.0745075333897648,0.043258611666871,0.3419320641090008,3.029794144121104,1.9509071234437203,7.972238009239743,-0.1828258376278662,-0.19506528848651872,-0.1308321599034443,-6.188067154452686,-17.782826891445094,-5.620089735297894
浙江省,嘉兴市,Medium/Small City,0.0,900.0,200.0,0.0,0.0,700.0,700.0,4661182.363636363,0.0,1.5017648857958514,1.5017648857958514,-1.5017648857958514,73458.0,61809.0,84.14195867026055,165.26454545454544,0.4545059066191637,486.5,74.29999999999995,0.1527235354573483,902.0909090909091,3070675.0,6311.767728674204,8.750171063476358,12.708727830515883,0.3408659351753369,0.1827673514849643,0.0928630170425816,0.0,5.873533961101878,3.495383659231698,15.612869149760195,0.3489697845162967,0.1912399777563381,0.0972234400125334,0.0,5.836660522489543,3.927331029061977,2.904141319244312,0.008103849340959757,0.008472626271373795,0.004360422969951802,0.0,-0.03687343861233483,0.4319473698302789
浙江省,宁波市,Large City,6127.0,1005.0,17.0,0.0,6127.0,988.0,7115.0,7870688.181818182,7.784579770487899,1.2552904869009374,9.039870257388836,6.529289283586962,98362.0,88017.0,89.48272706939672,312.73636363636365,0.5158112545544511,841.6,136.10000000000002,0.1617157794676806,596.6363636363636,8606109.0,10225.88997148289,9.23267801589918,10.77578998635883,0.2830942947990746,0.166525778559772,0.1156254157261091,5.43664702521128,5.625116944661435,3.000839736397336,19.69557099718276,0.2555011020148323,0.1274515147883123,0.0802563740730905,1.2736480671232822,4.124940822755431,2.5401303220505254,8.919781010823929,-0.027593192784242326,-0.0390742637714597,-0.0353690416530186,-4.162998958087998,-1.5001761219060032,-0.4607094143468107
浙江省,杭州市,Super City,8930.0,5640.0,1426.0,0.0,8930.0,4214.0,13144.0,9040374.363636363,9.877909521003547,4.661311390986444,14.53922091198999,5.216598130017103,103813.0,70054.0,67.48095132594185,357.31,0.4502193015112274,1013.5,248.9000000000001,0.2455846077947706,456.1818181818182,10273169.0,10136.328564380858,9.223881137061715,34.18487256895915,0.2688307903016685,0.1865703075681329,0.1349707735574644,4.731434362845906,25.247219001351358,3.277109911310717,45.93431610300128,0.2436080672413731,0.1650521385126943,0.1234774876120032,5.397865656911885,19.542666144672065,2.243505300283538,11.749443534042129,-0.02522272306029541,-0.021518169055438602,-0.011493285945461201,0.6664312940659789,-5.7045528566792925,-1.033604611027179
浙江省,温州市,Large City,3180.0,570.0,472.0,0.0,3180.0,98.0,3278.0,9466810.090909092,3.3591040376459342,0.10351955839286212,3.4626235960387963,3.255584479253072,47118.0,51988.0,110.3357527908655,130.579237391397,0.1580805304255265,932.0,53.200000000000045,0.0570815450643777,680.1818181818181,3525253.0,3782.4603004291844,8.238129950016997,15.480277942670073,0.2713337492393871,0.1786939557722803,0.1351284975230769,8.13550707005164,29.485186254571957,2.6631928545443397,18.6870200262477,0.2097289741203469,0.1151881415525321,0.0836924367654681,3.5134696224175137,3.86877864671632,1.9743601340950616,3.2067420835776286,-0.06160477511904017,-0.06350581421974821,-0.0514360607576088,-4.622037447634126,-25.61640760785564,-0.6888327204492781
浙江省,湖州市,Medium/Small City,3232.0,50.0,0.0,1500.0,1732.0,50.0,1782.0,3005769.3636363638,5.762251824619822,0.16634676168071083,5.928598586300533,5.595905062939112,66917.0,55140.0,82.4005858003198,61.77558054977146,0.2314662616181499,304.7,41.80000000000001,0.1371841155234657,459.54545454545456,1678400.0,5508.36888743026,8.614023830632506,10.01287774810791,0.3954145240653443,0.2658296522619698,0.1580642863655331,4.077269144153773,10.20746808692926,4.194429670581965,21.74493464767762,0.2794315174169994,0.1304942796103599,0.0738866317580171,0.8094868904447045,4.250994032877357,2.6878201705998053,11.732056899569711,-0.11598300664834488,-0.13533537265160991,-0.084177654607516,-3.2677822537090684,-5.956474054051903,-1.5066094999821593
浙江省,绍兴市,Large City,4139.0,150.0,0.0,0.0,4139.0,150.0,4289.0,5159916.181818182,8.021448128526682,0.2907023965399861,8.312150525066668,7.730745731986696,86136.0,68509.0,79.53585028327296,79.91,0.1794011457867742,505.8,37.099999999999966,0.0733491498616053,538.4545454545455,3172705.0,6272.647291419533,8.743953760056472,12.336236859376582,0.3802497216932693,0.2437093235345151,0.1356653205429269,1.2660399682109862,8.663883059820467,5.353902715859294,22.52775245287284,0.2842401204356498,0.1342186808283362,0.0731146236800337,0.0073152805924462,4.80039091985288,2.992302125597744,10.191515593496257,-0.09600960125761954,-0.10949064270617889,-0.0625506968628932,-1.25872468761854,-3.863492139967587,-2.3616005902615504
浙江省,舟山市,Medium/Small City,1040.0,120.0,90.0,0.0,1040.0,30.0,1070.0,1031561.6363636364,10.081801836544734,0.2908212068234058,10.37262304336814,9.790980629721329,88746.0,100802.0,113.58483762648456,20.291209823689385,0.2108383370581168,114.6,3.0,0.0261780104712041,662.5454545454545,1010203.0,8815.034904013963,9.08421405444001,4.39285880780296,0.2550500033191584,0.1104185289571873,0.0569003359396143,0.136576420056947,4.028571183561673,2.0400673824536573,15.76485976712666,0.2785076774939408,0.1617865177481144,0.1051114661356391,2.3956888919433537,8.388214904679376,2.8683893049795204,11.3720009593237,0.023457674174782395,0.05136798879092709,0.0482111301960248,2.259112471886407,4.3596437211177035,0.8283219225258631
浙江省,衢州市,Medium/Small City,2000.0,0.0,0.0,1102.0,898.0,0.0,898.0,2208920.4545454546,4.06533425933071,0.0,4.06533425933071,4.06533425933071,43740.0,54730.0,125.1257430269776,-31.73,-0.1238626201257682,214.6,15.300000000000011,0.0712954333643989,292.8181818181818,803239.0,3742.958993476235,8.227631752321102,8.022827063438124,0.2969423077620232,0.1619283109381414,0.1009435312010207,2.773594779618297,6.723364107056058,3.1424869899826886,11.61764736600968,0.2772196536801131,0.1482484362148263,0.0953064588114886,2.9096969613513672,5.823585209322853,2.878624330208382,3.5948203025715557,-0.019722654081910096,-0.013679874723315083,-0.005637072389532108,0.1361021817330701,-0.8997788977332055,-0.2638626597743068
浙江省,金华市,Medium/Small City,4668.0,1466.0,248.0,0.0,4668.0,1218.0,5886.0,5590397.363636363,8.35003255826456,2.1787360017065627,10.528768559971123,6.171296556557998,59056.0,37319.0,63.19256299105933,194.36636363636364,0.3970586869761749,624.5,96.39999999999998,0.154363490792634,444.90909090909093,2688673.0,4305.321056845476,8.36760699174551,7.29035344615258,0.3569419549866619,0.2340830182965577,0.1394632043337638,2.5126567492531917,13.368410381058611,3.3161033992380102,20.31685361121985,0.1937514410430588,0.0809939177383009,0.0506082213175173,0.5556369482584831,2.7010638844276915,1.794473830556053,13.026500165067272,-0.16319051394360312,-0.1530891005582568,-0.0888549830162465,-1.9570198009947086,-10.66734649663092,-1.5216295686819572
海南省,三亚市,Medium/Small City,1000.0,1136.0,0.0,0.0,1000.0,1136.0,2136.0,692512.6363636364,14.440169716627423,16.404032798088753,30.844202514716176,-1.96386308146133,54584.0,41190.0,75.46167375054961,33.03619090909091,0.5018673734646114,84.67,26.94,0.3181764497460729,313.72727272727275,777708.0,9185.165938348884,9.125345063718902,14.852123454837908,0.0465855897110962,0.0093489375800342,0.0053181233981867,0.0165647859038069,1.2979807096652949,1.0612320279311105,35.755305563506056,0.0855515037236903,0.0174953915655885,0.0096870698558901,0.0375454450353314,1.516805313065925,1.3181724473066767,20.903182108668148,0.038965914012594104,0.0081464539855543,0.0043689464577034,0.020980659131524502,0.21882460340063004,0.2569404193755662
海南省,儋州市,Medium/Small City,2450.0,30.0,0.0,0.0,2450.0,30.0,2480.0,958804.3636363636,25.552658007397092,0.312889689886495,25.86554769728359,25.239768317510595,23829.0,75751.0,317.89416257501364,-8.90203636363636,-0.0839150915262231,95.94,5.900000000000006,0.061496768813842,283.0,156227.0,1628.3823222847614,7.395342360689747,0.0,0.9498858627359302,2.8074330237114182,0.9346601136256693,92.33608893043986,,,17.6929509224148,0.2003345587799763,0.0741846311215627,0.0421342551386956,0.2252877819954942,2.963157555926256,1.9707136062200048,17.6929509224148,-0.7495513039559539,-2.7332483925898554,-0.8925258584869736,-92.11080114844437,,
海南省,文昌市,Medium/Small City,600.0,0.0,0.0,0.0,600.0,0.0,600.0,551996.8181818182,10.869627871702159,0.0,10.869627871702159,10.869627871702159,,,,,,,,,,,,,0.3028173446655273,0.7055499065896677,0.9738838339907984,0.564913452240019,42.83649509840162,,,15.62148652757917,0.3738372887741253,0.2374190397583418,0.1345999053367249,0.5059052153772239,11.093232821099347,5.404313560450268,15.318669182913643,-0.33171261781554234,-0.7364647942324566,-0.4303135469032941,-42.330589883024395,,
海南省,海口市,Large City,3120.0,1050.0,0.0,0.0,3120.0,1050.0,4170.0,2127639.6363636362,14.664137416298626,4.93504624586973,19.599183662168358,9.729091170428896,49943.0,31510.0,63.091924794265466,79.7116660521691,0.411898704529118,234.98,68.16,0.2900672397650864,716.7272727272727,1001174.0,4260.6775044684655,8.357183465225738,38.82848148581891,0.0898856744790406,0.0275117443595059,0.0188274039993378,0.5911436765743382,1.5529136715978415,1.243707418133061,52.448464359329165,0.0710751896455919,0.0145696260948713,0.0080109601364319,0.0,1.427164999445054,1.1655001520171016,13.619982873510253,-0.0188104848334487,-0.012942118264634598,-0.0108164438629059,-0.5911436765743382,-0.12574867215278762,-0.0782072661159594
海南省,琼海市,Medium/Small City,800.0,0.0,0.0,0.0,800.0,0.0,800.0,502037.1818181818,15.935074711054542,0.0,15.935074711054542,15.935074711054542,,,,,,,,,,,,,5.443885326385498,0.2992451372827998,0.1561841128556217,0.0800607058663328,1.0566554943255555,3.601761801858392,2.155142527094345,11.398916744342571,0.2145913521065657,0.0758725457747584,0.0369997093279438,0.000393916355801,2.3154277779377512,1.8933020955378088,5.955031417957073,-0.08465378517623406,-0.0803115670808633,-0.04306099653838899,-1.0562615779697544,-1.2863340239206407,-0.26184043155653636
湖北省,仙桃市,Medium/Small City,1360.0,458.0,18.0,0.0,1360.0,440.0,1800.0,1222393.1818181819,11.125716506182917,3.5994965167062376,14.725213022889154,7.5262199894766795,,,,,,,,,,,,,3.375274471278088,0.345080633410802,0.2009828403028652,0.0970146607022995,0.0,4.7421824421462695,2.6246833376471588,15.959868029625184,0.2556362987532563,0.1055694702552209,0.0545792366769104,0.0,3.7235133924372663,2.314358232817969,12.584593558347096,-0.0894443346575457,-0.0954133700476443,-0.0424354240253891,0.0,-1.0186690497090032,-0.31032510482918996
湖北省,十堰市,Large City,0.0,2094.0,800.0,0.0,0.0,1294.0,1294.0,3477388.8181818184,0.0,3.7211829555389744,3.7211829555389744,-3.7211829555389744,35604.0,45911.0,128.94899449500056,-14.046950437702554,-0.0409199511353169,337.27,-23.049999999999955,-0.0683428706970675,146.72727272727272,857668.0,2542.971506508139,7.841088560683035,18.88547460641086,0.5604411373715111,0.6860941041210951,0.4789961428919996,43.7757685352622,,,8.419701637424584,0.5954874162352448,0.7318437815732994,0.4798059362447876,37.15306572064489,,,-10.465772968986276,0.03504627886373368,0.045749677452204374,0.0008097933527880241,-6.622702814617313,,
湖北省,咸宁市,Medium/Small City,0.0,500.0,0.0,0.0,0.0,500.0,500.0,2559482.5454545454,0.0,1.953519866302521,1.953519866302521,-1.953519866302521,38770.0,35895.0,92.58447253030694,-46.06727272727272,-0.152115246646194,248.92,11.120000000000031,0.0446729873051584,309.09090909090907,707559.0,2842.5156676843967,7.952444737547722,2.201603412628174,0.651703875848969,0.8157410711771876,0.5010317198793641,37.67708399650367,,,5.141706898915682,0.5480665796375892,0.5442120441658588,0.3380777409993927,21.12895073553165,,,2.9401034862875077,-0.10363729621137985,-0.27152902701132886,-0.16295397887997143,-16.54813326097202,,
湖北省,天门市,Medium/Small City,1200.0,1717.0,1437.0,0.0,1200.0,280.0,1480.0,1465850.7272727273,8.18637244347961,1.9101535701452423,10.096526013624853,6.2762188733343685,,,,,,,,,,,,,12.901711463928224,0.4449404927905301,0.3747127481675832,0.2387888721808856,10.024990664406976,,9.514321354809232,16.16744367636849,0.1274818233141859,0.0264717900305932,0.0135599299300621,0.0,1.8035857859749915,1.504820441884703,3.2657322124402643,-0.3174586694763442,-0.34824095813699,-0.2252289422508235,-10.024990664406976,,-8.009500912924528
湖北省,孝感市,Medium/Small City,1200.0,0.0,0.0,0.0,1200.0,0.0,1200.0,5012506.818181818,2.3940117061731496,0.0,2.3940117061731496,2.3940117061731496,27891.0,50217.0,180.04732709476176,-53.62363636363637,-0.1047906000063955,486.13,-68.94,-0.1418139180877543,587.0909090909091,1073161.0,2207.5597062514144,7.69964297911186,3.0218811728450743,0.6173401172553474,0.6864135669003877,0.4078184527816566,23.98376024744494,,,8.042055130004883,0.5005068146447146,0.4296022675998387,0.2510070984574766,5.704314358985976,93.91992399035436,12.278113125384992,5.020173957159809,-0.11683330261063285,-0.25681129930054897,-0.15681135432418003,-18.279445888458966,,
湖北省,宜昌市,Large City,2657.0,140.0,0.0,0.0,2657.0,140.0,2797.0,4220509.636363637,6.2954482489684676,0.33171349448836485,6.627161743456832,5.963734754480103,76369.0,81356.0,106.53013657374066,12.37181818181818,0.0316673220880095,410.45,-17.80000000000001,-0.0433670361798026,183.45454545454547,2715177.0,6615.122426604946,8.797113583801067,16.027071922412816,0.486030610545615,0.4930720308590998,0.3530610027550533,27.867921458938817,,,26.127878212067017,0.444033438625744,0.4301334185743584,0.3200180705790347,25.96662596662597,,,10.100806289654201,-0.04199717191987101,-0.0629386122847414,-0.03304293217601861,-1.9012954923128476,,
湖北省,恩施土家族苗族自治州,Medium/Small City,1200.0,800.0,0.0,0.0,1200.0,800.0,2000.0,3413195.909090909,3.5157665483069653,2.343844365537977,5.859610913844943,1.1719221827689883,,,,,,,,,,,,,0.0,0.7444633920877998,1.2074368634268182,0.6876263675835974,65.50205913989504,,,5.604189078156039,0.6511639294530477,0.8154545581820734,0.5095551288687158,42.18798315571148,,,5.604189078156039,-0.09329946263475208,-0.39198230524474487,-0.17807123871488162,-23.31407598418356,,
湖北省,武汉市,Super City,14203.0,6837.0,466.0,0.0,14203.0,6371.0,20574.0,10206964.363636363,13.91500890372463,6.2418166391346634,20.156825542859295,7.673192264589966,98000.0,55037.0,56.16020408163265,308.9336363636363,0.3455148657194739,1033.8,347.1100000000001,0.3357612691042756,967.8181818181819,11010207.0,10650.229251305862,9.273336696850103,36.38743201090925,0.1469922093399328,0.0710998583139611,0.0485515396606881,0.4777839029988843,2.6165032469090157,1.4143848409131423,55.68187832812707,0.1185818786999532,0.0408072417891149,0.0243995378856231,0.0009346643596195,1.946913931781754,1.3395999566974532,19.29444631721782,-0.028410330639979595,-0.030292616524846196,-0.024152001775064998,-0.4768492386392648,-0.6695893151272616,-0.07478488421568907
湖北省,潜江市,Medium/Small City,950.0,0.0,0.0,0.0,950.0,0.0,950.0,981080.0909090909,9.683205365218537,0.0,9.683205365218537,9.683205365218537,,,,,,,,,,,,,8.127589344653511,0.3529760438521159,0.216023228831742,0.1229336330669831,1.281745092292947,11.789369644109009,3.378199821518492,22.06430439748789,0.2531859209072474,0.1132251234665133,0.0631499887947224,0.0,4.791528195429963,2.475897527766139,13.93671505283438,-0.0997901229448685,-0.1027981053652287,-0.0597836442722607,-1.281745092292947,-6.997841448679045,-0.9023022937523528
湖北省,荆州市,Medium/Small City,5288.0,2063.0,1000.0,1200.0,4088.0,1063.0,5151.0,5928380.454545454,6.895643812578892,1.793069807429394,8.688713620008286,5.102574005149497,25774.0,42576.0,165.1897260805463,-92.35818181818183,-0.1454043223128668,574.42,-62.069999999999936,-0.1080568225340342,431.72727272727275,881683.0,1534.90999617005,7.3362270238853275,3.937130090168544,0.6260117210289826,0.7441977893757608,0.4672008677889224,33.763689494570215,,,9.525868122292096,0.4919982310592283,0.4097794533545291,0.2343948410296412,6.130489416861458,40.08187414832062,8.203397486110694,5.588738032123551,-0.13401348996975432,-0.33441833602123167,-0.2328060267592812,-27.633200077708757,,
湖北省,荆门市,Medium/Small City,2730.0,0.0,849.0,0.0,2730.0,-849.0,1881.0,2994886.909090909,9.115536188405475,-2.8348315838667575,6.280704604538718,11.950367772272232,45378.0,51067.0,112.53691216007758,-16.446363636363643,-0.0565638942823286,288.91,-33.84000000000003,-0.1171299020456198,241.0909090909091,698227.0,2416.7630057803467,7.790184322846877,18.363339804283893,0.4743680084555084,0.4244700881772245,0.2860777827219213,15.32856806853843,,46.30666124668024,26.77804382488518,0.3511602969190126,0.2138147646121208,0.1298848046400502,3.758840013183159,7.297892191418789,4.04441785507451,8.414704020601288,-0.12320771153649579,-0.2106553235651037,-0.1561929780818711,-11.569728055355272,,-42.262243391605736
湖北省,襄阳市,Large City,3260.0,0.0,0.0,0.0,3260.0,0.0,3260.0,5708477.545454546,5.710804630554814,0.0,5.710804630554814,5.710804630554814,55924.0,59672.0,106.70195265002504,-40.974545454545456,-0.0696310966990423,560.02,-32.049999999999955,-0.0572300989250383,301.1818181818182,2492343.0,4450.45355523017,8.400761292490172,11.41721534729004,0.5230989510799828,0.5395834566276321,0.3740796089715431,28.94100477178532,,,17.174351889936876,0.3803605825406181,0.2861202041372681,0.2007714923140875,10.831234472964626,,6.440003647210216,5.757136542646835,-0.14273836853936472,-0.253463252490364,-0.17330811665745557,-18.109770298820692,,
湖北省,鄂州市,Medium/Small City,1350.0,450.0,250.0,0.0,1350.0,200.0,1550.0,1067847.3636363635,12.642256243465509,1.872926850883779,14.515183094349288,10.76932939258173,64851.0,60212.0,92.84667931103606,-3.845670499048092,-0.0347041634946363,105.88,1.4000000000000057,0.0132225160559124,692.6363636363636,427412.0,4036.7585946354366,8.303197320857237,21.39777244627476,0.2489852489102277,0.1450409480134823,0.1056623031794841,5.145080265287391,12.158572128203732,1.912929811162522,40.19759382684547,0.1519394077027657,0.0479300999023112,0.0280916927610226,0.0918555924275234,2.0714462185637585,1.5575456418017406,18.79982138057071,-0.09704584120746199,-0.0971108481111711,-0.0775706104184615,-5.0532246728598675,-10.087125909639973,-0.3553841693607813
湖北省,随州市,Medium/Small City,2500.0,0.0,0.0,0.0,2500.0,0.0,2500.0,2254431.1818181816,11.089271742523403,0.0,11.089271742523403,11.089271742523403,33156.0,38825.0,117.09796115333576,-36.1041063248521,-0.1455765289158768,218.38,-17.99000000000001,-0.0823793387672864,251.8181818181818,366813.0,1679.7005220258266,7.426370795808065,0.8596677288208923,0.6080349126657252,0.7317794583432509,0.4808167003091104,41.13379507505804,,,12.65499057321467,0.4041441464580356,0.3354485297113095,0.2371398930784708,14.164670865713004,,15.82055223488682,11.795322844393779,-0.2038907662076896,-0.39633092863194136,-0.24367680723063959,-26.969124209345033,,
湖北省,黄冈市,Medium/Small City,4100.0,0.0,70.0,0.0,4100.0,-70.0,4030.0,6431831.363636363,6.37454523944792,-0.10883369921008643,6.265711540237834,6.483378938658006,23128.0,32405.0,140.1115530958146,-124.86892757100846,-0.170290344043126,626.25,-47.00999999999999,-0.075065868263473,419.0,960426.0,1533.6143712574851,7.33538256261703,0.1026744190415348,0.771871295579224,1.199306099512203,0.6315653509451689,45.76471784716037,,,4.491556167602539,0.6222398396398685,0.7142445432992711,0.4385412115313438,30.27475495176784,,,4.388881748561004,-0.14963145593935545,-0.4850615562129318,-0.19302413941382507,-15.48996289539253,,
湖北省,黄石市,Medium/Small City,2910.0,122.0,0.0,0.0,2910.0,122.0,3032.0,2541340.090909091,11.45065160861265,0.4800616825603929,11.930713291173044,10.970589926052257,49796.0,44805.0,89.97710659490721,-25.79534220364391,-0.0950295996764302,244.92,-1.3899999999999864,-0.0056753225543033,579.4545454545455,893786.0,3649.2977298709784,8.202290025289674,7.428816318511963,0.4157316741600926,0.3323609709610841,0.231872184791826,14.980701741644618,,8.416510694187362,20.456046267499868,0.3114021337950629,0.1945904519847899,0.1265586989311696,2.293373797904462,11.82799052586142,3.9208101823113486,13.027229948987905,-0.10432954036502973,-0.1377705189762942,-0.10531348586065639,-12.687327943740156,,-4.495700511876014
湖南省,娄底市,Medium/Small City,3628.0,212.0,0.0,0.0,3628.0,212.0,3840.0,3947708.5454545454,9.190141466186345,0.5370203943857511,9.727161860572096,8.653121071800594,31509.0,25555.0,81.10381160938145,-70.16028181818182,-0.1559983054030528,379.95,-7.180000000000007,-0.0188972233188577,553.2727272727273,589122.0,1550.525069088038,7.346348906799373,0.0,0.8976480153379376,2.097245358171474,0.869379625343311,85.272389706837,,,11.553777771364071,0.4102591460227303,0.3469865306708948,0.2471928788455654,14.346065093920746,,29.13065063995775,11.553777771364071,-0.4873888693152073,-1.750258827500579,-0.6221867464977456,-70.92632461291626,,
湖南省,岳阳市,Large City,2700.0,500.0,0.0,0.0,2700.0,500.0,3200.0,5708090.818181818,4.730127963976619,0.8759496229586332,5.606077586935252,3.8541783410179855,47862.0,54908.0,114.721490953157,-51.02155081161336,-0.090480557330518,531.09,-32.34000000000003,-0.0608936338473705,385.72727272727275,1217404.0,2292.2743791071193,7.737299782322083,2.4775158989574093,0.6165770862974941,0.7581279335005164,0.490853201877196,38.52514624787254,,,11.717575917231398,0.3902776534830042,0.2735285151196342,0.175913803215938,7.161859100154652,35.97446629396713,5.316153077504251,9.24006001827399,-0.2262994328144899,-0.4845994183808822,-0.314939398661258,-31.36328714771789,,
湖南省,常德市,Medium/Small City,3580.0,600.0,0.0,1038.0,2542.0,600.0,3142.0,5936963.7272727275,4.281649874872526,1.0106175943837592,5.292267469256285,3.2710322804887673,43215.0,44327.0,102.57318060858498,-62.81112727272728,-0.1048438694895323,555.43,-38.52999999999997,-0.0693696775471256,300.54545454545456,1349152.0,2429.0225590983564,7.795244216360591,2.7288476320205226,0.5699620476444727,0.6240376090247078,0.4133228478787443,31.69579499987829,,,8.847362273778671,0.3478260171386138,0.2439342552643989,0.172984341150201,10.225852090967734,,4.798900735016645,6.118514641758148,-0.2221360305058589,-0.3801033537603089,-0.2403385067285433,-21.469942908910557,,
湖南省,张家界市,Medium/Small City,2000.0,0.0,0.0,0.0,2000.0,0.0,2000.0,1542194.0909090908,12.968536267838001,0.0,12.968536267838001,12.968536267838001,27051.0,16813.0,62.1529703153303,-18.264935354431728,-0.1080669901516653,150.85,-2.1500000000000057,-0.0142525687769307,182.27272727272728,412192.0,2732.4627113026186,7.912958573590744,1.8319019213852477,0.5645687760033749,0.6626364631619839,0.4466512450719003,35.932416101143446,,,18.056873580555852,0.4367050274402491,0.3795481904266161,0.2652584687537784,16.91680408613716,,22.812087302842844,16.224971659170603,-0.12786374856312577,-0.2830882727353678,-0.1813927763181219,-19.015612015006287,,
湖南省,怀化市,Medium/Small City,2834.0,858.0,0.0,0.0,2834.0,858.0,3692.0,4913048.0,5.768313275180702,1.746370074137277,7.514683349317979,4.021943201043426,24368.0,22748.0,93.35193696651346,-62.64969876760611,-0.1204196288338897,465.05,-23.46000000000004,-0.050446188581873,187.54545454545453,1001274.0,2153.0459090420386,7.674638820426407,1.4744796752929688,0.6298702474816482,0.7935677618488717,0.4987261295945929,38.198010516601634,,,9.601196096561573,0.5723320111084401,0.6165578132245404,0.4020191254160074,27.993714674058783,,,8.126716421268604,-0.057538236373208096,-0.17700994862433128,-0.09670700417858552,-10.204295842542852,,
湖南省,株洲市,Large City,2050.0,2259.0,0.0,0.0,2050.0,2259.0,4309.0,4028110.909090909,5.089234249666322,5.608087887803036,10.697322137469357,-0.5188536381367141,54741.0,46756.0,85.41312727206298,-11.059465072599824,-0.0277243115164153,387.02,-3.240000000000009,-0.0083716603793085,364.1818181818182,1673823.0,4324.900521936851,8.372144418393217,3.9213125071394335,0.6084529446338762,0.7478416239142034,0.4827980345352468,38.85700323494453,,,11.899976199409265,0.5426645746856473,0.5609931590089604,0.3684570114017897,24.014684930811384,,,7.978663692269832,-0.0657883699482289,-0.18684846490524298,-0.11434102313345706,-14.842318304133144,,
湖南省,永州市,Medium/Small City,0.0,0.0,0.0,0.0,0.0,0.0,0.0,5409802.454545454,0.0,0.0,0.0,0.0,24295.0,29051.0,119.57604445359128,-116.06196271510544,-0.1822479190594917,524.0,-22.149999999999977,-0.0422709923664121,283.1818181818182,1133890.0,2163.912213740458,7.679673072480148,3.4567501544952397,0.5878270992673251,0.690678628654881,0.4556245037177667,35.77034493933878,,,6.297437729860651,0.5505954872686223,0.6039602543242091,0.4185255693001755,35.99826952744397,,,2.8406875753654117,-0.03723161199870284,-0.08671837433067198,-0.03709893441759121,0.22792458810519634,,
湖南省,湘潭市,Medium/Small City,1600.0,200.0,0.0,0.0,1600.0,200.0,1800.0,2844666.727272727,5.624560461372468,0.7030700576715585,6.3276305190440265,4.9214904037009095,55968.0,53695.0,95.93875071469412,-13.649752656198086,-0.0477610630608359,273.65,-4.46999999999997,-0.0163347341494608,579.0909090909091,1593745.0,5824.0270418417695,8.669747233039123,13.367420196533203,0.4443511703009969,0.3876770431714171,0.2498494565939396,9.622584272054151,585.6401377674622,16.246570320202537,21.6468623407164,0.3448615313010432,0.1926310852044626,0.1033556423081453,0.1454851009171917,6.857354850255677,4.177708916566889,8.279442144183196,-0.09948963899995372,-0.1950459579669545,-0.14649381428579428,-9.47709917113696,-578.7827829172065,-12.068861403635648
湖南省,湘西土家族苗族自治州,Medium/Small City,1400.0,1900.0,0.0,0.0,1400.0,1900.0,3300.0,2664110.090909091,5.255038088618437,7.131837405982165,12.386875494600602,-1.8767993173637283,,,,,,,,,,,,,1.5504661798477173,0.599475648392933,0.6848952301125485,0.4444709606111814,36.66708358390318,,,7.595762948169287,0.6002628729407729,0.6975013365611566,0.4555453787278626,35.48744907675237,,,6.0452967683215695,0.0007872245478398598,0.012606106448608156,0.011074418116681195,-1.1796345071508085,,
湖南省,益阳市,Medium/Small City,0.0,180.0,0.0,0.0,0.0,180.0,180.0,4512894.363636363,0.0,0.39885710919889794,0.39885710919889794,-0.39885710919889794,28596.0,31934.0,111.67296125332211,-78.45091257532673,-0.1665904199206231,416.38,-42.860000000000014,-0.102934819155579,387.54545454545456,594362.0,1427.4508862097123,7.26364553548099,0.823281466960907,0.7075400623473938,0.9549685115906807,0.5464248529463087,41.54126832084845,,,2.7187645924967674,0.6450901193623885,0.7658195788589703,0.4554377642354832,31.65178357516542,,,1.8954831255358604,-0.06244994298500528,-0.1891489327317104,-0.0909870887108255,-9.889484745683031,,
湖南省,衡阳市,Large City,1400.0,1400.0,0.0,0.0,1400.0,1400.0,2800.0,7431303.363636363,1.883922552335338,1.883922552335338,3.767845104670676,0.0,32934.0,36536.0,110.93702556628408,-119.336452557998,-0.151037058006949,703.85,-60.42000000000007,-0.0858421538680117,526.9090909090909,1734785.0,2464.7083895716414,7.809828779102133,11.979838675640998,0.3802156861576398,0.2883458099683406,0.1996651379007713,9.753233211285783,6816.870682220223,6.946498038570244,14.246843182614873,0.3629379898220874,0.2538631639377781,0.173385263688871,8.439652396197832,58.289787520438935,5.631254041924244,2.2670045069738745,-0.017277696335552373,-0.0344826460305625,-0.02627987421190031,-1.3135808150879509,-6758.580894699784,-1.3152439966460001
湖南省,邵阳市,Medium/Small City,4515.0,20.0,0.0,0.0,4515.0,20.0,4535.0,7364347.363636363,6.130889510038791,0.027157871583782016,6.1580473816225725,6.103731638455009,17498.0,28736.0,164.22448279803405,-155.00050909090908,-0.1890232172519515,693.63,-63.63,-0.0917347865576748,410.8181818181818,797328.0,1149.5004541326068,7.047082739272847,5.21146297454834,0.5080101468168352,0.5268447233242205,0.3748665744739923,30.89537172247449,,,7.923612766628024,0.5064555367357961,0.480453565614319,0.3107835714124761,16.435989915843248,,39.52244052523845,2.7121497920796838,-0.0015546100810390762,-0.04639115770990149,-0.06408300306151621,-14.459381806631242,,
湖南省,郴州市,Medium/Small City,1800.0,0.0,0.0,0.0,1800.0,0.0,1800.0,4775508.090909091,3.7692324371234447,0.0,3.7692324371234447,3.7692324371234447,39999.0,32515.0,81.28953223830597,-64.52313128963034,-0.1221023161964735,461.63,-3.850000000000023,-0.0083400125641748,257.09090909090907,2403763.0,5207.120421116479,8.557782279670297,3.399940187648191,0.6312458442513238,0.7569687329088939,0.4745865822756874,37.55130437619889,,,10.465252453172711,0.5215016649291393,0.5180531949801839,0.3507342025334057,24.1303439878397,,,7.06531226552452,-0.1097441793221845,-0.23891553792871,-0.12385237974228169,-13.420960388359191,,
湖南省,长沙市,Super City,12999.0,2862.0,511.0,0.0,12999.0,2351.0,15350.0,7340341.636363637,17.708985009095066,3.2028482003525274,20.911833209447593,14.50613680874254,107683.0,36842.0,34.21338558546846,220.3178411148995,0.3008146433027484,813.11,248.54000000000008,0.3056659000627222,602.4545454545455,6327992.0,7782.455018386196,8.959627122457903,38.03710660835841,0.2677555394301267,0.1782781072576652,0.1317459299501536,7.0744395786014245,19.216313600197235,2.8360717266474573,56.2236190464834,0.2223707137389252,0.1059215696711643,0.0650012806602153,0.6743105266356398,4.251674625343177,2.2250557533233395,18.186512438124993,-0.0453848256912015,-0.07235653758650092,-0.06674464928993831,-6.400129051965784,-14.964638974854058,-0.6110159733241178
甘肃省,临夏回族自治州,Medium/Small City,1465.0,20.0,20.0,0.0,1465.0,0.0,1465.0,2021157.8181818181,7.24832067452247,0.0,7.24832067452247,7.24832067452247,,,,,,,,,,,,,0.0,0.8968747893505815,2.022372005491159,0.8502652504305781,81.5395253651282,,,9.156342047016794,0.3442193721277417,0.2291781113936667,0.1351205525534923,5.039840000155114,6.642677278732154,2.80508838107434,9.156342047016794,-0.5526554172228398,-1.7931938940974923,-0.7151446978770858,-76.49968536497309,,
甘肃省,兰州市,Large City,6056.0,3834.0,386.0,0.0,6056.0,3448.0,9504.0,3768691.1818181816,16.069239181010104,9.149064844141817,25.218304025151923,6.920174336868287,54771.0,29689.0,54.20569279363166,92.7973,0.2803428543462521,390.56,53.089999999999975,0.1359330192544038,198.63636363636363,1523299.0,3900.294448996313,8.26880732901042,33.881625203005804,0.2331978672355518,0.1933961191963676,0.1632986306029502,13.655573438271146,,2.0593566429362107,62.755348609897865,0.2186139006381038,0.1500704178452568,0.1135223961126928,4.465437150080613,16.831709123175035,1.848355830617553,28.87372340689206,-0.014583966597448011,-0.0433257013511108,-0.04977623449025739,-9.190136288190534,,-0.21100081231865775
甘肃省,嘉峪关市,Medium/Small City,1850.0,0.0,0.0,0.0,1850.0,0.0,1850.0,241926.63636363635,76.46946313176083,0.0,76.46946313176083,76.46946313176083,101955.0,15710.0,15.408758766122313,8.97856007585189,0.4305591016150638,26.38,5.130000000000003,0.1944655041698257,66.72727272727273,158162.0,5995.526914329037,8.698768955897734,22.83299692159693,0.0296318881572552,0.0024604704371029,0.00131142083695,0.0025326714618579,1.129278324093651,1.0604240799086668,70.91429675599194,0.0232379684130984,0.0015690507132204,0.0008201260003132,0.0,1.094148458538461,1.0523538709813292,48.08129983439501,-0.0063939197441568,-0.0008914197238825,-0.0004912948366368,-0.0025326714618579,-0.03512986555518993,-0.008070208927337674
甘肃省,天水市,Medium/Small City,2045.0,638.0,0.0,0.0,2045.0,638.0,2683.0,3390250.6363636362,6.032002407330731,1.881866765710028,7.9138691730407595,4.150135641620703,15852.0,16990.0,107.17890487004796,-68.65720348153945,-0.1854502320628189,314.66,-25.480000000000015,-0.0809762918705905,260.27272727272725,318260.0,1011.4409203584821,6.919131246951897,8.674516776005353,0.4781595041441165,0.4327650940729904,0.2952112123306799,19.9763430778615,,4791.359040172437,16.52373034378578,0.4455829783943418,0.3862464901985896,0.2655703993261467,15.420918747592308,,34.38443544078373,7.849213567780426,-0.03257652574977471,-0.04651860387440082,-0.029640813004533195,-4.555424330269192,,-4756.974604731653
甘肃省,定西市,Medium/Small City,1256.0,0.0,0.0,0.0,1256.0,0.0,1256.0,2808941.272727273,4.471435598155164,0.0,4.471435598155164,4.471435598155164,10470.0,19274.0,184.08787010506208,-47.90462400243046,-0.1584213883299622,262.45,-15.049999999999985,-0.0573442560487711,163.9090909090909,215438.0,820.8725471518385,6.710367856416937,0.0,0.8974584916125926,2.0050027442112035,0.8422842354319711,80.12159130292031,,,0.0,0.7315250572124272,1.0586452529946206,0.5986550020722177,51.81877123441821,,,0.0,-0.1659334344001654,-0.9463574912165829,-0.2436292333597534,-28.3028200685021,,
甘肃省,平凉市,Medium/Small City,0.0,0.0,14.0,0.0,0.0,-14.0,-14.0,2158260.3636363638,0.0,-0.06486705791330931,-0.06486705791330931,0.06486705791330931,16776.0,23847.0,142.14949928469244,-45.199636023986,-0.1944582842126808,197.71,-20.44,-0.1033837438672803,208.45454545454547,240938.0,1218.6434677052248,7.105493607377821,0.0,0.7203953237088119,1.1108022128121802,0.650378012070421,61.1283011717719,,,0.3750602159730709,0.6496192541173869,0.858679898248113,0.5473490188420005,49.423142093591856,,,0.3750602159730709,-0.07077606959142502,-0.2521223145640672,-0.10302899322842052,-11.705159078180046,,
甘肃省,庆阳市,Medium/Small City,1000.0,0.0,0.0,0.0,1000.0,0.0,1000.0,2292346.6363636362,4.362341995477204,0.0,4.362341995477204,4.362341995477204,30087.0,26900.0,89.40738524944328,-50.16046917435328,-0.1876040653728387,219.54,-7.0,-0.0318848501412043,98.0,615358.0,2802.9425161701743,7.9384250429880945,1.6147233247756958,0.616513587958457,0.7962780145812381,0.5256176825992704,47.81567183790529,,,7.416330870460062,0.6026369852122608,0.7255883597451277,0.4798885436451117,40.60942171350474,,,5.801607545684366,-0.013876602746196176,-0.07068965483611045,-0.045729138954158755,-7.206250124400555,,
甘肃省,张掖市,Medium/Small City,682.0,650.0,0.0,0.0,682.0,650.0,1332.0,1249683.7272727273,5.457380816571698,5.201316027524346,10.658696844096044,0.2560647890473522,29852.0,31920.0,106.92750904462012,-16.807574313096097,-0.1288238872864473,117.02,-7.030000000000001,-0.0600752008203726,31.0,221355.0,1891.5997265424714,7.545178166205569,5.370397477935829,0.5132591731571936,0.5745822262371932,0.413537671410091,37.114591338732666,,,15.83510209646716,0.4359578250841149,0.4000932237856979,0.2888604272077507,21.280392069167632,,,10.464704618531332,-0.0773013480730787,-0.17448900245149535,-0.12467724420234033,-15.834199269565033,,
甘肃省,武威市,Medium/Small City,3510.0,300.0,0.0,0.0,3510.0,300.0,3810.0,1887584.5454545454,18.595193568692647,1.5893327836489444,20.184526352341592,17.0058607850437,22406.0,30238.0,134.95492278853877,-36.09862900640082,-0.1919587616742538,167.22,-25.00999999999999,-0.149563449348164,57.72727272727273,221830.0,1326.57576844875,7.190356291018368,12.491997338203063,0.4603199951629894,0.4802155147095627,0.36133601830793,32.84393118046204,,,34.91500797978154,0.4435254332153717,0.4559016685045358,0.3451494874261774,30.25190326217164,,,22.42301064157848,-0.016794561947617692,-0.024313846205026912,-0.016186530881752592,-2.592027918290402,,
甘肃省,白银市,Medium/Small City,2424.0,200.0,0.0,0.0,2424.0,200.0,2624.0,1783416.0909090908,13.59189261752356,1.121443285274221,14.713335902797782,12.47044933224934,26174.0,23881.0,91.23939787575456,-26.18356528459045,-0.1451644490069255,162.71,-14.700000000000015,-0.0903447852006638,85.81818181818181,259975.0,1597.7813287443919,7.376371276377206,0.0,0.8685734294452243,1.9108774073842647,0.8483620537777703,84.19106751229921,,,7.740121846670632,0.6091796140353306,0.6994130388003115,0.4505617724455674,36.41215231427813,,,7.740121846670632,-0.2593938154098937,-1.2114643685839532,-0.3978002813322029,-47.77891519802108,,
甘肃省,酒泉市,Medium/Small City,1500.0,285.0,285.0,0.0,1500.0,0.0,1500.0,1141653.8181818181,13.138833997760187,0.0,13.138833997760187,13.138833997760187,55000.0,44992.0,81.80363636363637,4.528160269262637,0.0446247971977095,107.8,-3.7099999999999937,-0.0344155844155843,6.0,322253.0,2989.359925788497,8.002814571825484,0.0,0.691010315528533,1.0615772938580843,0.6427930439024656,61.76656627588537,,,2.129347231867283,0.6276702419277673,0.8413754503594417,0.540663702345044,47.24346131773648,,,2.129347231867283,-0.06334007360076566,-0.22020184349864258,-0.1021293415574216,-14.523104958148885,,
甘肃省,金昌市,Medium/Small City,850.0,0.0,0.0,0.0,850.0,0.0,850.0,485394.7272727273,17.51152108256036,0.0,17.51152108256036,17.51152108256036,54565.0,89219.0,163.5095757353615,-0.922155735148063,-0.0204830924258553,45.28,-2.230000000000004,-0.0492491166077739,52.63636363636363,179917.0,3973.4319787985864,8.287385478521887,0.0,0.809600668617293,1.4071819535200072,0.721535810606678,66.47979644618493,,,24.34676948965412,0.2271229497180495,0.11164917386783,0.076997760850255,3.66012274925822,3.267936646185455,1.7495857321917954,24.34676948965412,-0.5824777188992435,-1.2955327796521772,-0.644538049756423,-62.81967369692671,,
甘肃省,陇南市,Medium/Small City,1000.0,0.0,0.0,0.0,1000.0,0.0,1000.0,2670383.6363636362,3.7447802869318747,0.0,3.7447802869318747,3.7447802869318747,10171.0,18371.0,180.6213744961164,-42.80655144578973,-0.1502817370521732,249.92,-16.95999999999998,-0.0678617157490396,104.0,238900.0,955.9058898847632,6.8626594666625795,0.0,0.9796371620116248,3.6683800111441016,0.9710900951807656,96.56884036922716,,,0.0,0.7458877005363487,1.1478627292314836,0.6490755997311004,58.16262134409267,,,0.0,-0.2337494614752761,-2.520517281912618,-0.3220144954496652,-38.40621902513449,,
福建省,三明市,Medium/Small City,0.0,0.0,0.0,0.0,0.0,0.0,0.0,2610738.5454545454,0.0,0.0,0.0,0.0,64590.0,55993.0,86.68989007586315,-37.72727272727273,-0.1319156375657591,250.0,-8.099999999999994,-0.0323999999999999,126.18181818181819,909210.0,3636.84,8.198870451717951,3.095462775230408,0.6259721535497208,0.7699620634497529,0.4937351990874623,38.95106074933201,,,4.688616692662581,0.6183698903655018,0.7366641113485541,0.4740345895482774,38.50596709319734,,,1.5931539174321734,-0.007602263184218971,-0.03329795210119879,-0.0197006095391849,-0.44509365613466656,,
福建省,南平市,Medium/Small City,0.0,0.0,0.0,0.0,0.0,0.0,0.0,2753640.909090909,0.0,0.0,0.0,0.0,47044.0,32541.0,69.17141399540854,-50.08090909090908,-0.1581522066781691,266.0,-3.6999999999999886,-0.0139097744360901,119.54545454545455,809938.0,3044.8796992481202,8.021216671727466,0.0,0.7695076294219919,1.2548205217014254,0.6923797378835299,65.50522233013793,,,0.0,0.7722568692538471,1.243725273279858,0.6827623520668636,63.5372180547523,,,0.0,0.0027492398318551547,-0.011095248421567394,-0.009617385816666268,-1.9680042753856242,,
福建省,厦门市,Large City,4135.0,150.0,0.0,0.0,4135.0,150.0,4285.0,3610037.4545454546,11.454174789221527,0.41550815438530325,11.869682943606831,11.038666634836224,86832.0,74056.0,85.28653031140593,242.48363636363635,0.9447927514363236,441.0,94.0,0.2131519274376417,1217.090909090909,5437986.0,12331.034013605442,9.419874454248482,19.20981323231967,0.0597167602902689,0.0107502297784736,0.0063630803668001,0.0399946824289558,1.304568408924481,1.1423989226465523,25.60978316845149,0.0454541266601965,0.0061067414213451,0.0035499532677227,0.0124878257332098,1.1873281011033,1.101104216860548,6.399969936131818,-0.0142626336300724,-0.0046434883571285,-0.0028131270990774,-0.027506856695746,-0.117240307821181,-0.04129470578600425
福建省,宁德市,Medium/Small City,0.0,1335.0,200.0,0.0,0.0,1135.0,1135.0,2851285.1818181816,0.0,3.980661097099531,3.980661097099531,-3.980661097099531,48369.0,75034.0,155.12828464512393,-43.67,-0.1235821509885388,297.0,19.69999999999999,0.0663299663299663,262.45454545454544,989222.0,3330.7138047138046,8.110941915773486,0.8438799115416813,0.6606322114887506,0.8624429502592891,0.541920338448787,46.90605988724291,,,7.4348355572847264,0.5437585749159526,0.5763103939781165,0.3862708457599333,27.89949563760084,,,6.590955645743045,-0.11687363657279803,-0.2861325562811726,-0.15564949268885364,-19.00656424964207,,
福建省,泉州市,Large City,3710.0,900.0,100.0,0.0,3710.0,800.0,4510.0,8512756.363636363,4.35816537149809,0.9397661178432538,5.297931489341344,3.4183992536548358,68254.0,78904.0,115.60348111465994,121.30454545454543,0.1609496675705146,853.0,38.39999999999998,0.0450175849941383,671.8181818181819,3801056.0,4456.103165298945,8.402029933336188,4.673597310605816,0.3741907259865904,0.258612814297088,0.1758836216702715,10.422254720171887,,3.664336420901567,11.830311223954382,0.306866145310718,0.2017796435654407,0.1452499965625229,6.963695090975593,55.43383561147757,2.987738706684137,7.156713913348566,-0.06732458067587244,-0.05683317073164729,-0.030633625107748585,-3.4585596291962943,,-0.6765977142174298
福建省,漳州市,Medium/Small City,560.0,593.0,500.0,0.0,560.0,93.0,653.0,4984225.2727272725,1.123544722314645,0.18658867709868215,1.3101333994133273,0.9369560452159629,50685.0,68926.0,135.98895136628192,-12.662727272727269,-0.0244693820905695,498.0,9.600000000000025,0.0192771084337349,389.09090909090907,1689911.0,3393.395582329317,8.12958634576598,1.8676720431617075,0.6220637277924497,0.7505158700040532,0.4789915614120902,39.04654885195581,,,3.88304949325064,0.5673843118636506,0.6346927129171127,0.4178525973074116,29.94599170097577,,,2.0153774500889323,-0.0546794159287991,-0.11582315708694046,-0.06113896410467862,-9.100557150980041,,
福建省,福州市,Large City,3359.0,2907.0,158.0,0.0,3359.0,2749.0,6108.0,7330123.909090909,4.582460053416187,3.750277668008663,8.33273772142485,0.8321823854075241,69995.0,97792.0,139.71283663118794,111.16454545454545,0.157133329649614,775.0,75.10000000000002,0.0969032258064516,603.2727272727273,5108707.0,6591.88,8.79359386754012,28.47001964210257,0.3119101818619274,0.2268789111576095,0.1660161065961652,9.530312666374108,140.997853523049,4.941247772361852,36.76273157774444,0.2523380931035019,0.1513230397743706,0.1029306538032017,2.6996022909141253,8.748201411870939,2.684904749160639,8.292711935641869,-0.05957208875842551,-0.07555587138323891,-0.0630854527929635,-6.830710375459983,-132.24965211117805,-2.2563430232012136
福建省,莆田市,Large City,0.0,0.0,5.0,0.0,0.0,-5.0,-5.0,2872468.727272727,0.0,-0.017406629887829147,-0.017406629887829147,0.017406629887829147,52890.0,55185.0,104.33919455473624,-45.31090909090909,-0.1262647501405981,300.0,19.19999999999999,0.0639999999999999,883.8181818181819,1102982.0,3676.6066666666666,8.209745504316633,10.51909128057394,0.1851001641293088,0.086636061767918,0.0642482733884465,3.751066707255605,2.213808919911307,1.6203987441349792,10.803747996582846,0.2294639286921523,0.0943859504511139,0.054026216261517,0.8335756518367743,2.890071817644019,1.8945906651429665,0.2846567160089055,0.044363764562843494,0.007749888683195913,-0.010222057126929508,-2.9174910554188305,0.6762628977327121,0.2741919210079873
福建省,龙岩市,Medium/Small City,1762.0,0.0,228.0,0.0,1762.0,-228.0,1534.0,2667362.0,6.605777543505531,-0.8547771168667769,5.751000426638754,7.460554660372308,62716.0,64349.0,102.60380126283565,-44.607816124096274,-0.1418419281848405,265.0,3.8000000000000114,0.0143396226415094,161.0909090909091,1198424.0,4522.354716981132,8.416788092260608,3.3816919326782227,0.6021736749369077,0.7152968738767661,0.4646281294113786,37.01674465363946,,,6.430504419122424,0.5832274714064458,0.6850800389306837,0.4597555299204451,38.35347962774578,,,3.048812486444201,-0.018946203530461836,-0.030216834946082405,-0.0048725994909334935,1.3367349741063137,,
西藏自治区,山南市,Medium/Small City,561.0,225.0,232.0,0.0,561.0,-7.0,554.0,1094659.5454545454,5.1248810859001,-0.06394682281871782,5.060934263081382,5.188827908718817,23909.0,61698.0,258.053452674725,-0.3201801681430196,-0.0090348072536475,34.26,1.1117023415107,0.0324489883686719,14.090909090909092,132009.0,3853.152364273205,8.256646888166442,0.0,0.9758234115531657,3.564481881772819,0.970542842408502,96.86163676579012,,,0.0,0.8811879382114118,1.969687925960544,0.8547798363392202,84.57226490287383,,,0.0,-0.09463547334175382,-1.594793955812275,-0.1157630060692818,-12.289371862916298,,
西藏自治区,拉萨市,Medium/Small City,373.0,227.0,138.0,0.0,373.0,89.0,462.0,583171.5454545454,6.396059665587251,1.5261375609578158,7.922197226545067,4.869922104629436,56617.0,56946.0,100.58109755020575,24.69414583998477,0.440577525491769,65.6,22.040000000000006,0.3359756097560977,14.090909090909092,829378.0,12642.957317073171,9.444855605293636,39.53056035723005,0.359860993034242,0.3725804056063034,0.2966722766310459,26.819836494636245,,,47.31579577624552,0.3355458376075969,0.3176329086443698,0.2515066135789963,20.96765783812604,,,7.785235419015471,-0.02431515542664514,-0.05494749696193357,-0.04516566305204961,-5.852178656510205,,
西藏自治区,日喀则市,Medium/Small City,571.0,3.0,0.0,0.0,571.0,3.0,574.0,733322.8181818182,7.786475285410083,0.04090967750653284,7.827384962916616,7.745565607903551,15261.0,42270.0,276.980538627875,-1.8511043779406824,-0.0230593508966099,74.56,6.890000000000001,0.0924087982832618,14.090909090909092,158435.0,2124.932939914163,7.6614955231731106,0.0,0.0,0.0,0.0,100.0,,,0.0,0.7663306398244,1.271407173189781,0.698780542950979,66.02263037324346,,,0.0,0.7663306398244,1.271407173189781,0.698780542950979,-33.97736962675654,,
西藏自治区,昌都市,Medium/Small City,636.0,35.0,0.0,0.0,636.0,35.0,671.0,683688.7272727273,9.302478959058455,0.511928873533091,9.814407832591545,8.790550085525364,12462.0,38002.0,304.9430268014765,-2.095121226903638,-0.0274688888259104,70.21,5.79132825881041,0.0824858034298591,14.090909090909092,149592.0,2130.636661444239,7.6641761161276385,0.0,0.0,0.0,0.0,100.0,,,0.0,0.8605083529879975,1.8858479084401267,0.8426141905495492,82.61640906697208,,,0.0,0.8605083529879975,1.8858479084401267,0.8426141905495492,-17.383590933027918,,
西藏自治区,林芝市,Medium/Small City,300.0,0.0,0.0,0.0,300.0,0.0,300.0,516401.1818181818,5.809436743419888,0.0,5.809436743419888,5.809436743419888,50773.0,60488.0,119.1341854922892,2.9877688782397267,0.1481209892373185,21.19,2.8979729602084987,0.1367613478154081,14.090909090909092,185148.0,8737.517697026899,9.075381411950818,0.0,0.0,0.0,0.0,100.0,,,0.0,0.8887805289691864,2.063041663837176,0.8683710020606022,86.06711585158027,,,0.0,0.8887805289691864,2.063041663837176,0.8683710020606022,-13.932884148419731,,
贵州省,六盘水市,Medium/Small City,700.0,125.0,0.0,0.0,700.0,125.0,825.0,2959030.272727273,2.365639873480664,0.4224356916929756,2.7880755651736395,1.9432041817876884,36228.0,20176.0,55.69173015347245,-49.400909090909074,-0.1411615872982886,294.47,9.22999999999996,0.0313444493496789,350.0,1287414.0,4371.969979964003,8.382968982841932,0.0,0.6464371444189537,0.8986588832353668,0.5776018140614716,54.92260518008072,,,6.88992178440094,0.510149436304766,0.5352253809958237,0.375522473737837,29.33777993944529,,,6.88992178440094,-0.13628770811418778,-0.36343350223954307,-0.20207934032363462,-25.584825240635432,,
贵州省,安顺市,Medium/Small City,1200.0,0.0,0.0,0.0,1200.0,0.0,1200.0,2382762.0,5.036172307599332,0.0,5.036172307599332,5.036172307599332,22569.0,25601.0,113.43435686118126,-60.25197630681464,-0.1987368193831077,230.81,15.740000000000007,0.068194618950652,325.72727272727275,584796.0,2533.6683852519386,7.837423486197374,6.662093639373779,0.5253025681701409,0.5181383624541971,0.3325823244784172,23.464586135432484,,,10.794985645419947,0.4654867930331243,0.388827167303286,0.244832410402182,12.278930018824962,,8.813822845571138,4.132892006046168,-0.05981577513701658,-0.1293111951509111,-0.08774991407623517,-11.185656116607522,,
贵州省,毕节市,Medium/Small City,500.0,290.0,0.0,0.0,500.0,290.0,790.0,6809511.818181818,0.7342670272852293,0.42587487582543293,1.1601419031106621,0.30839215145979637,19369.0,17440.0,90.04078682430688,-255.21794111630263,-0.2737618908758988,654.12,8.039999999999964,0.0122913226930837,375.1818181818182,1161479.0,1775.6359689353635,7.481913930096088,0.0,0.7595911939754337,1.206794343655143,0.6754065633861894,63.03549468366708,,,1.910562641258481,0.6543074539417622,0.8074955218401141,0.4931266190777735,37.06453816305794,,,1.910562641258481,-0.10528374003367158,-0.39929882181502885,-0.18227994430841593,-25.970956520609143,,
贵州省,贵阳市,Large City,7458.0,3492.0,192.0,0.0,7458.0,3300.0,10758.0,4509195.545454546,16.539535544245737,7.3183785594007675,23.857914103646504,9.22115698484497,55018.0,33828.0,61.485332073139695,164.473893586546,0.3862903266835368,519.71,140.53999999999996,0.27042004194647,470.27272727272725,3315962.0,6380.408304631429,8.76098737188221,32.34381412077988,0.2023833381162819,0.1408543613129055,0.1100341941539695,5.771617210796851,13.816387866135262,1.752165790322508,54.89210401256208,0.1724422053238228,0.0851363785742151,0.0557961960648508,0.8539193692418269,3.5689230454633663,1.6876009391303923,22.548289891782197,-0.029941132792459108,-0.055717982738690386,-0.05423799808911871,-4.917697841555024,-10.247464820671896,-0.06456485119211575
贵州省,遵义市,Large City,4391.0,0.0,49.0,0.0,4391.0,-49.0,4342.0,6376587.090909091,6.886128798052671,-0.07684361446244158,6.80928518359023,6.9629724125151125,30484.0,46413.0,152.25364125442854,-165.43272727272725,-0.2030859747292016,615.49,33.96000000000004,0.0551755511868593,257.8181818181818,1596526.0,2593.910542819542,7.860921878090339,2.264865158116986,0.6107360330858255,0.7578967817149211,0.4949279084401178,41.164623881685,,,6.195634000706223,0.6075258140381673,0.7235968466139433,0.4698675933098267,37.07805329635864,,,3.9307688425892366,-0.0032102190476581693,-0.03429993510097784,-0.02506031513029111,-4.086570585326363,,
贵州省,铜仁市,Medium/Small City,3400.0,0.0,200.0,0.0,3400.0,-200.0,3200.0,3210941.727272727,10.58879384549857,-0.6228702262057982,9.965923619292772,11.211664071704368,20826.0,30931.0,148.52107941995584,-119.22454545454546,-0.2684654845590433,320.27,-4.1200000000000045,-0.0128641458769163,249.54545454545453,501321.0,1565.3073968838794,7.355837503420531,0.0,0.9998129603917146,8.321717143505191,0.9996815531790876,99.94325174194898,,,8.510132876309482,0.4492357305992207,0.3762773998076962,0.2580232476708013,17.038426019190847,,15.142557349889865,8.510132876309482,-0.550577229792494,-7.945439743697495,-0.7416583055082863,-82.90482572275813,,
贵州省,黔东南苗族侗族自治州,Medium/Small City,1300.0,260.0,700.0,0.0,1300.0,-440.0,860.0,3626636.4545454546,3.5845886851179736,-1.2132454011168525,2.371343284001121,4.797834086234826,,,,,,,,,,,,,0.0,0.7308852654170817,1.0885172817550457,0.6257125621440882,55.60795881166264,,,0.0,0.7354685538137805,1.1181328262241823,0.6415994481444307,57.64793343222119,,,0.0,0.004583288396698859,0.029615544469136612,0.015886886000342493,2.039974620558546,,
贵州省,黔南布依族苗族自治州,Medium/Small City,0.0,780.0,0.0,0.0,0.0,780.0,780.0,3372916.5454545454,0.0,2.3125386871820295,2.3125386871820295,-2.3125386871820295,,,,,,,,,,,,,1.8564257621765137,0.7204126227230279,1.0002420415176885,0.558861171238985,36.73358794620226,,,9.896093851403345,0.5943009894510536,0.6665708600349837,0.435129158510114,34.41655633202579,,,8.039668089226831,-0.12611163327197428,-0.3336711814827048,-0.12373201272887102,-2.3170316141764715,,
贵州省,黔西南布依族苗族自治州,Medium/Small City,1700.0,410.0,1.0,1000.0,700.0,409.0,1109.0,2922202.6363636362,2.39545331760796,1.3996291527166511,3.795082470324611,0.9958241648913091,,,,,,,,,,,,,0.0,0.8257980606543903,1.607481076096273,0.7746994603127242,68.1170133715267,,,0.5032771747231982,0.6595725729514226,0.8830712994872619,0.5534511479420352,48.52537654845302,,,0.5032771747231982,-0.16622548770296774,-0.7244097766090111,-0.22124831237068898,-19.591636823073678,,
辽宁省,丹东市,Medium/Small City,0.0,0.0,0.0,0.0,0.0,0.0,0.0,2528928.272727273,0.0,0.0,0.0,0.0,42291.0,6148.0,14.53737201768698,-4.595454545454544,-0.0198045015573272,241.8,-34.900000000000006,-0.1443341604631927,156.0909090909091,1260005.0,5210.938792390405,8.558515308993064,17.156369842139434,0.4205933566532864,0.3796921463223143,0.268682318274701,17.10969015135663,,30.96149846731015,16.109520161405523,0.4109710591475145,0.3528460973415121,0.24820816667641,14.893515114888103,,17.531699889669692,-1.04684968073391,-0.009622297505771926,-0.026846048980802173,-0.020474151598291024,-2.2161750364685275,,-13.429798577640458
辽宁省,大连市,Super City,500.0,200.0,200.0,0.0,500.0,0.0,500.0,6921326.181818182,0.7224049074777945,0.0,0.7224049074777945,0.7224049074777945,109939.0,16246.0,14.777285585642948,125.96262727272725,0.2098038477298219,698.4,56.0,0.0801832760595647,475.54545454545456,7808645.0,11180.763172966781,9.321950006719822,27.550334902643,0.4545555570544007,0.4837394002671961,0.3582036186967631,29.04378998339884,,,29.19836616308793,0.4313748813728232,0.4529774660898111,0.3411462506761944,27.148208053724648,,,1.6480312604449274,-0.0231806756815775,-0.030761934177384986,-0.017057368020568675,-1.8955819296741936,,
辽宁省,抚顺市,Large City,0.0,0.0,0.0,0.0,0.0,0.0,0.0,2228798.6363636362,0.0,0.0,0.0,0.0,61183.0,-2715.0,-4.43750715067911,-12.20545454545455,-0.0592900735716241,208.1,-37.1,-0.178279673234022,191.27272727272728,1342512.0,6451.283037001442,8.772034310473105,20.756124017404957,0.3796029621834089,0.3292324832225999,0.2544793938430113,20.920847270723986,,,25.997571905454,0.3761881290456551,0.3463686004315801,0.262418262535712,17.852095841598803,,79.83228741898098,5.241447888049041,-0.0034148331377538144,0.017136117208980173,0.007938868692700662,-3.0687514291251823,,
辽宁省,朝阳市,Medium/Small City,1200.0,392.0,0.0,0.0,1200.0,392.0,1592.0,3165491.5454545454,3.790880445481295,1.238354278857223,5.029234724338518,2.552526166624072,33379.0,8463.0,25.354264657419336,-43.95,-0.1321858722845776,297.3,-21.69999999999999,-0.0729902455432223,173.36363636363637,1017021.0,3420.8577194752775,8.13764659378101,2.567849606013368,0.6055007042168795,0.7445634267734826,0.4957229627102103,45.04360359707013,,,2.942508446133655,0.6148858317880446,0.7713797777154611,0.5058675757667861,43.870045567013314,,,0.37465884012028683,0.009385127571165053,0.02681635094197843,0.010144613056575769,-1.1735580300568174,,
辽宁省,本溪市,Medium/Small City,0.0,235.0,0.0,0.0,0.0,235.0,235.0,1779216.3636363635,0.0,1.3208061976212204,1.3208061976212204,-1.3208061976212204,67879.0,15229.0,22.435510246173337,5.893636363636369,0.0407743542330987,172.4,-49.5,-0.287122969837587,177.72727272727272,1298326.0,7530.893271461717,8.926768942106323,17.470914212472213,0.4028545736835028,0.3870556735246503,0.2995754236855399,26.45788896916732,,,17.620209105471346,0.4190851855220758,0.3799114034631142,0.2819427389209574,22.21039710697637,,,0.14929489299913357,0.016230611838572995,-0.007144270061536118,-0.017632684764582518,-4.247491862190952,,
辽宁省,沈阳市,Super City,3730.0,4089.0,211.0,0.0,3730.0,3878.0,7608.0,8443613.727272727,4.417539835997192,4.592820236996544,9.010360072993736,-0.17528040099935183,85816.0,12055.0,14.047496970261957,138.41682727272726,0.1844302475882202,836.6,87.69999999999993,0.1048290700454218,549.6363636363636,7855020.0,9389.218264403538,9.147317316809469,39.53490356181195,0.2183068474496431,0.1457769042507376,0.1038398493492656,3.4261995702553825,8.486119844522644,2.457758165008713,46.31620127309688,0.2080966897738865,0.1337259284681502,0.0945304942879884,2.652145255955557,8.417391338718971,2.162279989978373,6.781297711284928,-0.010210157675756587,-0.012050975782587403,-0.009309355061277197,-0.7740543142998253,-0.06872850580367285,-0.29547817503034013
辽宁省,盘锦市,Medium/Small City,0.0,300.0,6.0,0.0,0.0,294.0,294.0,1451123.0,0.0,2.026017091590444,2.026017091590444,-2.026017091590444,90615.0,11853.0,13.080615792087402,11.349999999999996,0.0877507415060655,144.0,-6.400000000000006,-0.0444444444444444,322.09090909090907,1511776.0,10498.444444444445,9.258982377022447,19.59636024451865,0.1182879270308087,0.0448941108433014,0.0325018574510869,1.508809059370666,1.658170685390174,1.292891861850355,18.50367630217686,0.0904112001946948,0.0187041298862643,0.0103242746818301,0.0148797144176992,1.5385273910317878,1.2599173278462563,-1.0926839423417896,-0.027876726836113905,-0.0261899809570371,-0.0221775827692568,-1.4939293449529667,-0.11964329435838628,-0.03297453400409878
辽宁省,营口市,Medium/Small City,0.0,0.0,0.0,0.0,0.0,0.0,0.0,2532666.5454545454,0.0,0.0,0.0,0.0,63234.0,6020.0,9.520194831894234,7.352747384097086,0.0320231495317662,244.6,-20.40000000000001,-0.0834014717906786,444.09090909090907,1603585.0,6555.948487326247,8.788128082500064,5.590947464927822,0.4144321445863262,0.2947163138018266,0.1775199468213666,6.389677244227503,13.08568088973703,4.797855888526526,5.180338548739592,0.3965146140850231,0.2711402055763624,0.1619569666665292,5.040496201519082,10.622212643907528,4.598154866282458,-0.41060891618823003,-0.017917530501303125,-0.023576108225464187,-0.015562980154837397,-1.3491810427084205,-2.463468245829503,-0.19970102224406805
辽宁省,葫芦岛市,Medium/Small City,0.0,1059.0,0.0,0.0,0.0,1059.0,1059.0,2729825.909090909,0.0,3.879368264742823,3.879368264742823,-3.879368264742823,28021.0,15133.0,54.005924128332325,-27.460000000000004,-0.1001007436471851,257.5,-25.69999999999999,-0.0998058252427184,268.3636363636364,816000.0,3168.9320388349515,8.061149913842453,2.800724029541016,0.6278362249299706,0.7613128594995611,0.4839486783310793,39.09883409608533,,,5.3717166149063615,0.5747245806665794,0.6484097923190975,0.4293126659756339,33.63268139845248,,,2.5709925853653455,-0.05311164426339121,-0.11290306718046361,-0.05463601235544541,-5.466152697632843,,
辽宁省,辽阳市,Medium/Small City,0.0,0.0,0.0,0.0,0.0,0.0,0.0,1944637.1818181819,0.0,0.0,0.0,0.0,54800.0,7858.0,14.33941605839416,-3.025454545454548,-0.0174014891658997,185.0,-34.099999999999994,-0.1843243243243243,366.6363636363636,1148000.0,6205.405405405405,8.733176030783325,15.457766257139497,0.2190564393727836,0.0829830526104887,0.0450823366871928,0.0625151383415544,3.327708968031184,1.862899173271968,17.712258338928223,0.261987860547796,0.1180053307476381,0.066450654249435,0.3132455517310459,4.378228156720212,2.3583836053593585,2.254492081788726,0.04293142117501239,0.03502227813714939,0.021368317562242195,0.25073041338949154,1.050519188689028,0.49548443208739057
辽宁省,铁岭市,Medium/Small City,0.0,0.0,0.0,0.0,0.0,0.0,0.0,2835344.5454545454,0.0,0.0,0.0,0.0,32562.0,2112.0,6.486088078127879,-39.961818181818174,-0.1385167072110112,266.1,-43.400000000000034,-0.1630965802329952,228.27272727272728,933917.0,3509.646749342352,8.16327067018224,2.2984801180222454,0.6501095334648339,0.7906738793247188,0.4741894240789763,32.60855028570953,,,2.5681051626438047,0.6474049656329399,0.7702207016842951,0.4572448108636439,30.16944600476853,,,0.26962504462155934,-0.002704567831893989,-0.020453177640423648,-0.016944613215332416,-2.4391042809410024,,
辽宁省,锦州市,Medium/Small City,0.0,1050.0,0.0,0.0,0.0,1050.0,1050.0,3258568.8181818184,0.0,3.222273515112895,3.222273515112895,-3.222273515112895,44264.0,7547.0,17.04997288993313,-5.232727272727268,-0.0179216379804219,307.6,-48.200000000000045,-0.1566970091027309,296.0,1368462.0,4448.8361508452535,8.400397801817064,17.052480723436183,0.4316183371958485,0.4174246574920288,0.3079539623642472,23.377067346403837,,,16.387484176486147,0.4376541586641423,0.3737460711572385,0.2508553293083653,13.068557805692391,,16.578817865232935,-0.6649965469500358,0.006035821468293789,-0.04367858633479027,-0.05709863305588192,-10.308509540711446,,
辽宁省,阜新市,Medium/Small City,0.0,0.0,289.0,0.0,0.0,-289.0,-289.0,1891654.1818181819,0.0,-1.5277633870807446,-1.5277633870807446,1.5277633870807446,33882.0,7979.0,23.54937725045747,-14.70742774962718,-0.0802177572441701,178.6,-24.5,-0.1371780515117581,184.54545454545453,712144.0,3987.3684210526317,8.29088674869352,21.464288858266976,0.3990891685336818,0.3876777678721501,0.2889317676439206,20.76963366949604,,,15.748317361711624,0.3821767291790771,0.3561891101110354,0.2697196222830182,20.24670500820086,,,-5.715971496555351,-0.016912439354604736,-0.0314886577611147,-0.019212145360902377,-0.5229286612951825,,
辽宁省,鞍山市,Large City,0.0,0.0,0.0,0.0,0.0,0.0,0.0,3792188.6363636362,0.0,0.0,0.0,0.0,66860.0,378.0,0.5653604546814238,5.965454545454535,0.0176593431434814,361.4,-42.19999999999999,-0.1167681239623685,374.1818181818182,2417012.0,6687.913669064748,8.808057246347603,13.26616439169068,0.2895654742123045,0.2206587490585309,0.1672433607041176,9.675676364102443,187.36580267754147,4.319167741823817,12.508050241863714,0.286997684567048,0.2114028075150626,0.1586172650018179,8.160361348604614,75.79046420564029,3.745028644708223,-0.7581141498269659,-0.002567789645256502,-0.009255941543468288,-0.008626095702299719,-1.5153150154978299,-111.57533847190118,-0.574139097115594
重庆市,重庆市,Mega City,26923.0,6705.0,4010.0,1450.0,25473.0,2695.0,28168.0,29979328.454545453,8.496854770653743,0.8989527580933473,9.39580752874709,7.597902012560395,47850.0,53039.0,110.8443051201672,-243.2644392356509,-0.0715283999644618,3043.48,146.98999999999978,0.0482966866876075,406.45454545454544,19220159.0,6315.191491319148,8.750713357574122,8.471071101249532,0.481646810268089,0.4322071291214637,0.2884154298042868,17.082226902220107,,41.55983902727396,14.844596219209077,0.4502535591566026,0.3669008193184953,0.2374377982709559,11.693264190646731,,11.049955954766292,6.373525117959545,-0.03139325111148639,-0.06530630980296842,-0.0509776315333309,-5.388962711573376,,-30.50988307250767
陕西省,咸阳市,Large City,6863.0,1985.0,234.0,0.0,6863.0,1751.0,8614.0,5288340.090909091,12.977607116830146,3.311057855394082,16.28866497222423,9.666549261436064,41971.0,31216.0,74.37516380357866,-117.03008733638865,-0.2149610438022367,480.0,-71.94,-0.149875,526.9090909090909,852961.0,1777.0020833333333,7.482683000541884,10.02818775177002,0.455245721356622,0.4087589774228684,0.2892206268339755,20.25734161703913,,,23.58912317152809,0.4575353437092267,0.4116882341381306,0.2847061887210615,16.371558708955007,,82.72830659601567,13.56093541975807,0.0022896223526047144,0.0029292567152622295,-0.0045144381129139655,-3.885782908084124,,
陕西省,商洛市,Medium/Small City,4215.0,0.0,17.0,1488.0,2727.0,-17.0,2710.0,2436896.909090909,11.190461072960673,-0.0697608501064655,11.120700222854207,11.260221923067139,24538.0,14235.0,58.01206292281359,-38.10078592530581,-0.1523893319891732,225.0,-24.849400643711988,-0.1104417806387199,130.63636363636363,290400.0,1290.6666666666667,7.162914159728358,0.0,0.9491964557686098,2.6832002640392183,0.9111612250821914,85.60932105409033,,,6.326961326599121,0.5784821982697423,0.6688856055398107,0.4525386768046617,38.13602337538235,,,6.326961326599121,-0.37071425749886744,-2.0143146584994076,-0.45862254827752974,-47.47329767870798,,
陕西省,安康市,Medium/Small City,0.0,0.0,0.0,0.0,0.0,0.0,0.0,2737923.727272727,0.0,0.0,0.0,0.0,26117.0,20353.0,77.9300838534288,-50.7257,-0.1672959698680422,259.68,-14.460000000000008,-0.0556839186691312,129.1818181818182,280886.0,1081.6620455945779,6.986254068283369,8.793272018432617,0.5311956024709426,0.5979398361737686,0.4248642881752005,37.52754451455435,,,5.9768618486059,0.5680844325863699,0.6487457920422359,0.442506860033024,37.56590059427879,,,-2.8164101698267174,0.03688883011542732,0.05080595586846737,0.017642571857823475,0.03835607972443711,,
陕西省,宝鸡市,Medium/Small City,1834.0,0.0,0.0,0.0,1834.0,0.0,1834.0,3858672.0,4.752930541906646,0.0,4.752930541906646,4.752930541906646,43824.0,34443.0,78.59392113910187,-34.58607338627754,-0.0916205730082034,368.0,-42.63,-0.1158423913043478,214.0909090909091,780571.0,2121.116847826087,7.659698043960052,8.822315216064453,0.394882504640578,0.3148448107062183,0.2218127015790747,13.151001747730648,,9.41363203749309,12.726609784343182,0.4036708048888477,0.3188651882219958,0.2171209557542878,9.867685971722626,1396.4457643324677,11.123021684092782,3.904294568278729,0.00878830024826971,0.004020377515777496,-0.004691745824786903,-3.2833157760080223,,1.7093896465996927
陕西省,延安市,Medium/Small City,1860.0,0.0,0.0,0.0,1860.0,0.0,1860.0,2278345.6363636362,8.16381838783979,0.0,8.16381838783979,8.16381838783979,62714.0,38391.0,61.215996428229744,-5.7345217315039125,-0.0244783564487825,227.0,-2.210000000000008,-0.0097356828193832,62.54545454545455,1681035.0,7405.440528634361,8.909970215632514,0.0,0.7284198825926786,1.116785998186241,0.6489915249943156,59.72643762069325,,,0.067035517558388,0.7229335008924487,1.0804221722073153,0.618512495942452,49.54877859702315,,,0.067035517558388,-0.00548638170022997,-0.036363825978925624,-0.030479029051863615,-10.177659023670095,,
陕西省,榆林市,Medium/Small City,1200.0,1766.0,0.0,0.0,1200.0,1766.0,2966.0,3474125.8181818184,3.4541063358149167,5.083293157540952,8.537399493355869,-1.6291868217260355,86482.0,122513.0,141.66300501838535,-25.044944235827,-0.0653267554726874,349.0,11.16102033819402,0.0319800009690373,87.18181818181819,2678400.0,7674.498567335244,8.945658237074866,1.442125916481018,0.7132051648037396,0.9783322636092784,0.5520422206032796,41.93727491263012,,,3.297383451461792,0.6551042229817248,0.8359904452416173,0.5249302757564404,44.868302108171314,,,1.8552575349807738,-0.05810094182201486,-0.14234181836766113,-0.02711194484683921,2.9310271955411906,,
陕西省,汉中市,Medium/Small City,0.0,0.0,0.0,0.0,0.0,0.0,0.0,3556354.8181818184,0.0,0.0,0.0,0.0,28908.0,31483.0,108.90756883907568,-54.85509171335891,-0.1439999877265507,337.0,-21.736145814820983,-0.0644989490054035,141.0,408910.0,1213.3827893175073,7.10116743155851,11.12295150756836,0.4220912186179854,0.3748534756301869,0.2791013422931532,22.21001460114678,,,10.158200568047125,0.4495680366621488,0.4281624673932522,0.3164504630617576,26.24228978322771,,,-0.9647509395212346,0.02747681804416341,0.053308991763065305,0.037349120768604416,4.03227518208093,,
陕西省,渭南市,Medium/Small City,0.0,450.0,0.0,0.0,0.0,450.0,450.0,5500804.090909091,0.0,0.8180622188375931,0.8180622188375931,-0.8180622188375931,26675.0,20295.0,76.08247422680412,-59.39874574773319,-0.1088792599616582,519.0,-60.63999999999999,-0.1168400770712909,423.09090909090907,674648.0,1299.8998073217726,7.170042469188539,0.5738758246524448,0.7372721913004252,1.047557472031831,0.5580602331903177,39.47891122939474,,,1.5622685569174148,0.71157289825,0.9482416811071456,0.4958451460408608,26.89080993693987,,,0.98839273226497,-0.025699293050425176,-0.09931579092468545,-0.06221508714945695,-12.58810129245487,,
陕西省,西安市,Super City,16631.0,6604.0,396.0,0.0,16631.0,6208.0,22839.0,8839016.181818182,18.815442417912863,7.023406080837175,25.83884849875004,11.792036337075688,63794.0,37691.0,59.08235884252437,254.93701754690449,0.2738270297884072,960.0,356.76,0.371625,837.8181818181819,5837888.0,6081.133333333333,8.712946361098009,23.15640673287612,0.1759461577259364,0.0792511597931275,0.0498782320718214,0.3390430725487341,3.0249786617946235,1.7383915107101249,53.775013669915154,0.1748149331258774,0.0772477029590518,0.0490125765318667,0.3093635781886023,2.9161716123976267,1.6899881514534287,30.618606937039033,-0.0011312246000589887,-0.002003456834075698,-0.0008656555399546989,-0.02967949436013184,-0.10880704939699681,-0.048403359256696143
陕西省,铜川市,Medium/Small City,3560.0,0.0,195.0,0.0,3560.0,-195.0,3365.0,873621.6363636364,40.749906502065905,-2.23208757525361,38.517818926812296,42.98199407731951,38552.0,45034.0,116.8136542851214,-6.253903919738,-0.0781059139900026,80.0,-9.5180995494039,-0.1189762443675487,217.36363636363637,220647.0,2758.0875,7.922292783738317,0.4325940478593111,0.7250497235055633,1.020816685575069,0.5643108202219633,42.39963191735468,,,14.4060505417962,0.309150011297699,0.1681567740128305,0.1019828466666663,2.9054782638942656,5.372173039374544,2.811978729230662,13.973456493936888,-0.4158997122078643,-0.8526599115622386,-0.46232797355529703,-39.494153653460415,,
青海省,西宁市,Large City,3521.0,977.0,249.0,0.0,3521.0,728.0,4249.0,2302177.3636363638,15.294216925313115,3.1622237777983377,18.456440703111454,12.131993147514777,46762.0,28354.0,60.63470339164279,33.25482662711063,0.1589333672791927,231.62,16.676021388074986,0.0719973291946938,270.8181818181818,838821.0,3621.5395907089196,8.19465451570566,46.364867071503575,0.1371106390026476,0.059381690628513,0.043430030459137,1.6208834362052476,1.955461945129283,1.470576999585272,59.203752110513406,0.118030936335013,0.0356651775144558,0.021998597472507,0.1749580390386041,1.7608192501640825,1.4334003918698304,12.838885039009831,-0.019079702667634604,-0.023716513114057203,-0.02143143298663,-1.4459253971666435,-0.19464269496520048,-0.03717660771544162
黑龙江省,七台河市,Medium/Small City,0.0,500.0,0.0,0.0,0.0,500.0,500.0,954283.7272727273,0.0,5.239531867833095,5.239531867833095,-5.239531867833095,25123.0,10996.0,43.768658201647895,-8.081473212155153,-0.1037790809873259,74.0875451747008,-9.066162940453792,-0.1223709453333282,125.81818181818181,180043.0,2430.1385553462846,7.795703553370115,23.922439575195312,0.3315155899240983,0.277048490618457,0.2130827776379779,15.60040840453544,,8.244039038981377,25.70583085929398,0.2298399179417157,0.1277608766580447,0.0906472405521005,3.541718678243288,5.496371715358114,2.047823238143633,1.7833912840986663,-0.10167567198238259,-0.1492876139604123,-0.1224355370858774,-12.058689726292151,,-6.196215800837744
黑龙江省,伊春市,Medium/Small City,650.0,0.0,0.0,0.0,650.0,0.0,650.0,1196716.6363636365,5.4315280681239715,0.0,5.4315280681239715,5.4315280681239715,20885.0,24627.0,117.91716542973424,-23.571153286250727,-0.2095179763953374,97.4772899766637,-16.477289976663698,-0.1690372186240344,37.63636363636363,146429.0,1502.1857915321143,7.314676520767634,0.0,0.6913729281529151,0.9821981398226703,0.5919108504484977,52.0024031405144,,,13.540293657327,0.5489139675837178,0.6433933854734551,0.4448274271755931,36.85358148197332,,,13.540293657327,-0.14245896056919727,-0.3388047543492152,-0.14708342327290458,-15.148821658541081,,
黑龙江省,佳木斯市,Medium/Small City,500.0,304.0,107.0,0.0,500.0,197.0,697.0,2664527.5454545454,1.876505277091081,0.739343079173886,2.615848356264967,1.137162197917195,32864.0,15701.0,47.77568159688413,-15.072655144024544,-0.0651508759197084,224.102448730373,-16.242351425215986,-0.072477349164345,73.81818181818181,420123.0,1874.691697391792,7.536199496827026,15.00934846156307,0.5169090879540812,0.5327687809409399,0.3638713532918868,26.136443817761823,,,18.783859347728328,0.4651644451873401,0.4120600060061548,0.278429861293914,16.963411056933968,,43.44533043193764,3.774510886165258,-0.05174464276674107,-0.12070877493478516,-0.0854414919979728,-9.173032760827855,,
黑龙江省,双鸭山市,Medium/Small City,1000.0,0.0,0.0,0.0,1000.0,0.0,1000.0,1525099.5454545454,6.556949039690108,0.0,6.556949039690108,6.556949039690108,28964.0,19934.0,68.8233669382682,-18.44588003222009,-0.1313964708984476,130.516810770274,-18.44736391486599,-0.1413409031832357,66.0,184569.0,1414.1396722056338,7.254276619658648,17.68534806106264,0.4938027973068325,0.5093140123775001,0.3749827818130634,34.444356786217625,,,20.72425649135928,0.4848171590331512,0.4929502048651354,0.3608667558999989,31.15176261267675,,,3.0389084302966403,-0.008985638273681318,-0.01636380751236466,-0.01411602591306449,-3.2925941735408735,,
黑龙江省,哈尔滨市,Super City,3098.0,4579.0,520.0,0.0,3098.0,4059.0,7157.0,11077305.909090908,2.7967088978354724,3.6642483590426673,6.46095725687814,-0.8675394612071949,53872.0,7394.0,13.725126225126225,93.14633017630246,0.0978862412645998,1109.70991518579,-137.18649447803887,-0.1236237440079742,183.9090909090909,4235203.0,3816.4955922656,8.247087896322517,33.92478942871094,0.4822596473342135,0.5230735668405986,0.3752170300228903,28.29126413425322,,,44.79718333973605,0.4512287699304965,0.4706565363909954,0.3426274940472228,25.475704554286803,,,10.872393911025114,-0.031030877403717017,-0.052417030449603164,-0.032589535975667494,-2.815559579966415,,
黑龙江省,大庆市,Large City,1486.0,650.0,0.0,0.0,1486.0,650.0,2136.0,3020147.272727273,4.920289859434909,2.1522129264015417,7.072502785836451,2.7680769330333677,146518.0,-41510.0,-28.330990049004217,9.546297684049453,0.0351281109536734,293.364287399232,-26.484809350588023,-0.0902795960114447,125.81818181818181,1410421.0,4807.746070606726,8.477983660886629,12.801610946655272,0.5350586465279971,0.6421321141979498,0.4533806050743766,40.15135321472898,,,23.55678087472916,0.4735816386801215,0.4977763803284522,0.3544606101724451,25.732361105383827,,,10.755169928073888,-0.061477007847875575,-0.14435573386949763,-0.09891999490193149,-14.418992109345151,,
黑龙江省,牡丹江市,Medium/Small City,0.0,1100.0,240.0,0.0,0.0,860.0,860.0,2917257.5454545454,0.0,2.947974207282413,2.947974207282413,-2.947974207282413,42792.0,4997.0,11.677416339502711,-22.763019062593727,-0.0910943080658236,230.229109392139,-8.25917644888301,-0.0358737280037665,67.9090909090909,881443.0,3828.54714734911,8.250240675313217,30.132858988958155,0.4756488035830443,0.5076714232347744,0.368921301067564,30.88662438457643,,,21.416318893432617,0.5062795088201802,0.5425687290788913,0.3723616302911295,25.512590378728788,,,-8.716540095525538,0.030630705237135958,0.03489730584411688,0.003440329223565519,-5.374034005847641,,
黑龙江省,绥化市,Medium/Small City,0.0,0.0,0.0,0.0,0.0,0.0,0.0,5655000.7272727275,0.0,0.0,0.0,0.0,21467.0,13974.0,65.09526249592398,-147.2065670888521,-0.2807568065508888,400.356753380909,-54.25675338090901,-0.135521014502003,156.0,615412.0,1537.1590332946932,7.3376912081239425,0.0,0.7483550696360664,1.1308758739784672,0.6243430796581884,51.5466680283328,,,1.97815534376329,0.6914770328132821,0.9090860094974724,0.5249960030845611,39.78797490988404,,,1.97815534376329,-0.05687803682278425,-0.2217898644809948,-0.09934707657362729,-11.758693118448761,,
黑龙江省,鸡西市,Medium/Small City,1900.0,46.0,240.0,0.0,1900.0,-194.0,1706.0,1939043.8181818181,9.798643961442664,-1.0004931202736194,8.798150841169045,10.799137081716284,27881.0,16276.0,58.37667228578602,-19.25827687023618,-0.1128452729615867,162.122092352987,-23.069795997049,-0.1422989036362751,76.9090909090909,429307.0,2648.047491672348,7.881577851817651,12.605110368664056,0.4408554220974217,0.4584006490498297,0.3456806453301979,30.53380726531388,,,20.37304182613597,0.4424304468957946,0.4358417270682305,0.325323411636149,27.356195927780703,,,7.767931457471915,0.0015750247983729038,-0.0225589219815992,-0.020357233694048904,-3.1776113375331754,,
黑龙江省,鹤岗市,Medium/Small City,0.0,10.0,0.0,0.0,0.0,10.0,10.0,1104154.7272727273,0.0,0.0905670170402666,0.0905670170402666,-0.0905670170402666,24154.0,20646.0,85.47652562722531,-9.38441104914438,-0.0948421831836568,94.6303258021902,-10.891099558109204,-0.1150910077270084,72.0909090909091,168062.0,1775.9845860755795,7.482110244502954,52.086257297014335,0.3846506725798044,0.3929269069410712,0.3032217574272555,25.428557900922705,,,49.733704110214994,0.3522186451402611,0.3372057056206857,0.2598366917218866,19.169685025389725,,96.1118776947914,-2.352553186799341,-0.03243202743954332,-0.055721201320385494,-0.043385065705368875,-6.25887287553298,,
黑龙江省,黑河市,Medium/Small City,386.0,0.0,0.0,0.0,386.0,0.0,386.0,1742521.5454545454,2.215180644433926,0.0,2.215180644433926,2.215180644433926,24731.0,33581.0,135.7850471068699,-29.227284389871823,-0.1847839943723324,135.973434933549,-14.873434933548992,-0.1093848584528126,25.0,263606.0,1938.6580925077446,7.569751307826255,0.0,0.7519050360271697,1.2241548992252074,0.6923120169605401,66.73696421648822,,,0.0,0.6822355649519698,0.9252101257200844,0.5691013484624041,51.44018842923224,,,0.0,-0.06966947107519994,-0.29894477350512294,-0.123210668498136,-15.296775787255974,,
黑龙江省,齐齐哈尔市,Large City,1200.0,1530.0,0.0,0.0,1200.0,1530.0,2730.0,5588920.181818182,2.1471052742957895,2.7375592247271316,4.8846644990229215,-0.5904539504313422,23099.0,12557.0,54.36166067795143,-121.00998929544376,-0.2293747567725243,428.342256640396,-51.00542415592696,-0.1190763305866114,130.54545454545453,960651.0,2242.718258839661,7.715443917553447,0.0,0.7186426919094151,1.079467012581778,0.6278781049270514,56.318397289955016,,,0.0,0.7016593775666198,1.020462006103397,0.5975694923937103,50.01043421072047,,,0.0,-0.01698331434279532,-0.05900500647838092,-0.03030861253334116,-6.307963079234547,,
