curve_family,group_name,rank_var,year,x,y,ci
national_gdp,National,GDP_per,2014,0.0,0.0,0.2364092376325958
national_gdp,National,GDP_per,2014,0.0020356874122093,8.895718248240406e-06,0.2364092376325958
national_gdp,National,GDP_per,2014,0.0041824943966313,0.0003263024567393,0.2364092376325958
national_gdp,National,GDP_per,2014,0.0045451580486953,0.0003263024567393,0.2364092376325958
national_gdp,National,GDP_per,2014,0.0050679995111218,0.0003263024567393,0.2364092376325958
national_gdp,National,GDP_per,2014,0.0091865795757422,0.0008442465797078,0.2364092376325958
national_gdp,National,GDP_per,2014,0.0117808001982579,0.0022295209902283,0.2364092376325958
national_gdp,National,GDP_per,2014,0.0123397359617956,0.0022295209902283,0.2364092376325958
national_gdp,National,GDP_per,2014,0.0183858121670583,0.0050223234665417,0.2364092376325958
national_gdp,National,GDP_per,2014,0.0209819562734963,0.0073871401721468,0.2364092376325958
national_gdp,National,GDP_per,2014,0.0218935678265322,0.0073871401721468,0.2364092376325958
national_gdp,National,GDP_per,2014,0.0235344836590047,0.0086865563254563,0.2364092376325958
national_gdp,National,GDP_per,2014,0.0262217410686015,0.0098197992558327,0.2364092376325958
national_gdp,National,GDP_per,2014,0.0318504494571048,0.0124423568646233,0.2364092376325958
national_gdp,National,GDP_per,2014,0.0356794026531083,0.0136701614272592,0.2364092376325958
national_gdp,National,GDP_per,2014,0.0377023062591025,0.0140138324686363,0.2364092376325958
national_gdp,National,GDP_per,2014,0.0396391973969485,0.0140138324686363,0.2364092376325958
national_gdp,National,GDP_per,2014,0.0429221403907558,0.0163103031671602,0.2364092376325958
national_gdp,National,GDP_per,2014,0.0465966635160167,0.019482574581328,0.2364092376325958
national_gdp,National,GDP_per,2014,0.0517965274047807,0.021307956733916,0.2364092376325958
national_gdp,National,GDP_per,2014,0.0537921419742154,0.021307956733916,0.2364092376325958
national_gdp,National,GDP_per,2014,0.0571681891083681,0.0235590692289087,0.2364092376325958
national_gdp,National,GDP_per,2014,0.0581510055926955,0.0235590692289087,0.2364092376325958
national_gdp,National,GDP_per,2014,0.0606144676841888,0.0235590724614352,0.2364092376325958
national_gdp,National,GDP_per,2014,0.0615295878723925,0.0245255224770528,0.2364092376325958
national_gdp,National,GDP_per,2014,0.0657967398401093,0.0269076705926693,0.2364092376325958
national_gdp,National,GDP_per,2014,0.0701219518880783,0.0286479243498272,0.2364092376325958
national_gdp,National,GDP_per,2014,0.0767827425410943,0.0351913501629484,0.2364092376325958
national_gdp,National,GDP_per,2014,0.0792251927636329,0.0358355921446926,0.2364092376325958
national_gdp,National,GDP_per,2014,0.0812085600034349,0.0404909983269162,0.2364092376325958
national_gdp,National,GDP_per,2014,0.0827723633967876,0.0408096886736994,0.2364092376325958
national_gdp,National,GDP_per,2014,0.084218690949396,0.0421360573710828,0.2364092376325958
national_gdp,National,GDP_per,2014,0.0860360018485745,0.0433965987667579,0.2364092376325958
national_gdp,National,GDP_per,2014,0.0910204206576634,0.0475811017486536,0.2364092376325958
national_gdp,National,GDP_per,2014,0.0980813625366144,0.0482861499117279,0.2364092376325958
national_gdp,National,GDP_per,2014,0.1037134111771244,0.049698166175614,0.2364092376325958
national_gdp,National,GDP_per,2014,0.1078156431947599,0.0509168444297054,0.2364092376325958
national_gdp,National,GDP_per,2014,0.1120880800441982,0.0559530986767338,0.2364092376325958
national_gdp,National,GDP_per,2014,0.1169934864255698,0.0570706204503623,0.2364092376325958
national_gdp,National,GDP_per,2014,0.1222304979891729,0.0588197510830977,0.2364092376325958
national_gdp,National,GDP_per,2014,0.1280785469822006,0.0588871255661157,0.2364092376325958
national_gdp,National,GDP_per,2014,0.1324306596106927,0.062003862743957,0.2364092376325958
national_gdp,National,GDP_per,2014,0.1331644984878127,0.0620215503356826,0.2364092376325958
national_gdp,National,GDP_per,2014,0.1339611857923758,0.0620480967491755,0.2364092376325958
national_gdp,National,GDP_per,2014,0.1362757501789357,0.0621327391490292,0.2364092376325958
national_gdp,National,GDP_per,2014,0.1371193568639157,0.0647521670920775,0.2364092376325958
national_gdp,National,GDP_per,2014,0.1412517419982019,0.0677812401527152,0.2364092376325958
national_gdp,National,GDP_per,2014,0.1450163790921407,0.0702361807388889,0.2364092376325958
national_gdp,National,GDP_per,2014,0.1493879403673118,0.0721027228680473,0.2364092376325958
national_gdp,National,GDP_per,2014,0.1551377279962038,0.0732093011261366,0.2364092376325958
national_gdp,National,GDP_per,2014,0.156999866408716,0.0732563083016797,0.2364092376325958
national_gdp,National,GDP_per,2014,0.1595789301972133,0.0762162683516079,0.2364092376325958
national_gdp,National,GDP_per,2014,0.160910266931262,0.0766143856277913,0.2364092376325958
national_gdp,National,GDP_per,2014,0.161638974429449,0.0776944644146086,0.2364092376325958
national_gdp,National,GDP_per,2014,0.1639842613026969,0.0779070786338063,0.2364092376325958
national_gdp,National,GDP_per,2014,0.1650974392470579,0.0790699436832411,0.2364092376325958
national_gdp,National,GDP_per,2014,0.1689225877668013,0.080605615543306,0.2364092376325958
national_gdp,National,GDP_per,2014,0.1706065172735341,0.0811871074699413,0.2364092376325958
national_gdp,National,GDP_per,2014,0.1751342684192742,0.0849199872295588,0.2364092376325958
national_gdp,National,GDP_per,2014,0.1778867919252345,0.0872224742479795,0.2364092376325958
national_gdp,National,GDP_per,2014,0.1813470776305141,0.0878622027332862,0.2364092376325958
national_gdp,National,GDP_per,2014,0.1834404687772164,0.0896565144094303,0.2364092376325958
national_gdp,National,GDP_per,2014,0.1865562307875204,0.0905087910059207,0.2364092376325958
national_gdp,National,GDP_per,2014,0.1879303814855688,0.0906888222845644,0.2364092376325958
national_gdp,National,GDP_per,2014,0.1888424660778103,0.0906931721840176,0.2364092376325958
national_gdp,National,GDP_per,2014,0.1954884194332249,0.0931453480257959,0.2364092376325958
national_gdp,National,GDP_per,2014,0.2043999126136819,0.0984607325374148,0.2364092376325958
national_gdp,National,GDP_per,2014,0.2125972967244177,0.1054738225913809,0.2364092376325958
national_gdp,National,GDP_per,2014,0.2167961563979389,0.1062526891716707,0.2364092376325958
national_gdp,National,GDP_per,2014,0.2192272685599141,0.1081759871282294,0.2364092376325958
national_gdp,National,GDP_per,2014,0.2204067182005393,0.1085192485016613,0.2364092376325958
national_gdp,National,GDP_per,2014,0.2222936778573311,0.1110979060244793,0.2364092376325958
national_gdp,National,GDP_per,2014,0.2271562420803134,0.1111291116511788,0.2364092376325958
national_gdp,National,GDP_per,2014,0.2318009842799298,0.1142447750953386,0.2364092376325958
national_gdp,National,GDP_per,2014,0.2352399299648852,0.1162509592428349,0.2364092376325958
national_gdp,National,GDP_per,2014,0.2395669433210877,0.1190383080072849,0.2364092376325958
national_gdp,National,GDP_per,2014,0.2410497959224283,0.1204115923572542,0.2364092376325958
national_gdp,National,GDP_per,2014,0.2448714130948567,0.1221972665407852,0.2364092376325958
national_gdp,National,GDP_per,2014,0.2469556026891959,0.1235072265135372,0.2364092376325958
national_gdp,National,GDP_per,2014,0.2494767833955544,0.1248418796488675,0.2364092376325958
national_gdp,National,GDP_per,2014,0.2505306873345495,0.1253929379214675,0.2364092376325958
national_gdp,National,GDP_per,2014,0.2539868002701473,0.126491696862467,0.2364092376325958
national_gdp,National,GDP_per,2014,0.2575445093396453,0.1287263621909361,0.2364092376325958
national_gdp,National,GDP_per,2014,0.2602639600432617,0.1310686574130878,0.2364092376325958
national_gdp,National,GDP_per,2014,0.2632420699942516,0.1326704947772886,0.2364092376325958
national_gdp,National,GDP_per,2014,0.2644134748356707,0.1342671462242982,0.2364092376325958
national_gdp,National,GDP_per,2014,0.269130029712313,0.1363836634527406,0.2364092376325958
national_gdp,National,GDP_per,2014,0.2717661096054645,0.1393189237103308,0.2364092376325958
national_gdp,National,GDP_per,2014,0.2751106761371162,0.1415639500220948,0.2364092376325958
national_gdp,National,GDP_per,2014,0.2760645299345819,0.1420125885795024,0.2364092376325958
national_gdp,National,GDP_per,2014,0.2772670496346129,0.1427168023863911,0.2364092376325958
national_gdp,National,GDP_per,2014,0.2790223908314952,0.1448380001803134,0.2364092376325958
national_gdp,National,GDP_per,2014,0.2838915353117721,0.1481451208730762,0.2364092376325958
national_gdp,National,GDP_per,2014,0.2873514466582101,0.1495196682544797,0.2364092376325958
national_gdp,National,GDP_per,2014,0.2904780282655774,0.1517701252869187,0.2364092376325958
national_gdp,National,GDP_per,2014,0.2933863524028928,0.1557424041038944,0.2364092376325958
national_gdp,National,GDP_per,2014,0.2976350981331736,0.1578111728812423,0.2364092376325958
national_gdp,National,GDP_per,2014,0.2999300940468981,0.1601596563650594,0.2364092376325958
national_gdp,National,GDP_per,2014,0.3020544301026963,0.1607505605404143,0.2364092376325958
national_gdp,National,GDP_per,2014,0.307590040616274,0.1647268322804427,0.2364092376325958
national_gdp,National,GDP_per,2014,0.3101814668614953,0.1673275436446568,0.2364092376325958
national_gdp,National,GDP_per,2014,0.3131333294019912,0.1682779056627643,0.2364092376325958
national_gdp,National,GDP_per,2014,0.31614942424456,0.1683997082001058,0.2364092376325958
national_gdp,National,GDP_per,2014,0.3185006123602162,0.170054994055281,0.2364092376325958
national_gdp,National,GDP_per,2014,0.3200899332426397,0.1701684959697977,0.2364092376325958
national_gdp,National,GDP_per,2014,0.3236491930035735,0.1710162018525328,0.2364092376325958
national_gdp,National,GDP_per,2014,0.3272402372398755,0.1742334843828707,0.2364092376325958
national_gdp,National,GDP_per,2014,0.3294069925382169,0.1752634962460407,0.2364092376325958
national_gdp,National,GDP_per,2014,0.3314382033078773,0.1790676921789007,0.2364092376325958
national_gdp,National,GDP_per,2014,0.3371133862319815,0.1844937455620037,0.2364092376325958
national_gdp,National,GDP_per,2014,0.3444017025501781,0.189249411750392,0.2364092376325958
national_gdp,National,GDP_per,2014,0.3482873139387217,0.1925520606788262,0.2364092376325958
national_gdp,National,GDP_per,2014,0.350009911267807,0.1928606397682403,0.2364092376325958
national_gdp,National,GDP_per,2014,0.3527540406773994,0.1941624620937637,0.2364092376325958
national_gdp,National,GDP_per,2014,0.355173069193838,0.1951975596860991,0.2364092376325958
national_gdp,National,GDP_per,2014,0.3588543072829223,0.198484156148775,0.2364092376325958
national_gdp,National,GDP_per,2014,0.360935545081291,0.1993766223959852,0.2364092376325958
national_gdp,National,GDP_per,2014,0.3654680164377803,0.2044036120681693,0.2364092376325958
national_gdp,National,GDP_per,2014,0.3669139414371574,0.2063350356803053,0.2364092376325958
national_gdp,National,GDP_per,2014,0.3685315632214611,0.2063939322522178,0.2364092376325958
national_gdp,National,GDP_per,2014,0.3713702174553709,0.2081330356222807,0.2364092376325958
national_gdp,National,GDP_per,2014,0.3793497247203165,0.2114045327707705,0.2364092376325958
national_gdp,National,GDP_per,2014,0.383500877136863,0.2149170483648043,0.2364092376325958
national_gdp,National,GDP_per,2014,0.3851445293914953,0.2176979728658317,0.2364092376325958
national_gdp,National,GDP_per,2014,0.3876793334703413,0.2200208685707611,0.2364092376325958
national_gdp,National,GDP_per,2014,0.3903428809645208,0.2258121988502793,0.2364092376325958
national_gdp,National,GDP_per,2014,0.392357010633063,0.2260514398894172,0.2364092376325958
national_gdp,National,GDP_per,2014,0.3946217492675301,0.2268694132509874,0.2364092376325958
national_gdp,National,GDP_per,2014,0.3957318931822839,0.2281269500338854,0.2364092376325958
national_gdp,National,GDP_per,2014,0.3977856571142048,0.2294218676739115,0.2364092376325958
national_gdp,National,GDP_per,2014,0.3996001344772144,0.2307538960018651,0.2364092376325958
national_gdp,National,GDP_per,2014,0.4033788162931318,0.2361510459946454,0.2364092376325958
national_gdp,National,GDP_per,2014,0.4059510421589394,0.2373800738582988,0.2364092376325958
national_gdp,National,GDP_per,2014,0.4097318542176373,0.2404721088737386,0.2364092376325958
national_gdp,National,GDP_per,2014,0.4108154625125796,0.2413507127031476,0.2364092376325958
national_gdp,National,GDP_per,2014,0.4113118513720089,0.2413507549956096,0.2364092376325958
national_gdp,National,GDP_per,2014,0.4140687841672537,0.243625932182783,0.2364092376325958
national_gdp,National,GDP_per,2014,0.4163213436085301,0.2467552542201802,0.2364092376325958
national_gdp,National,GDP_per,2014,0.4169902993630806,0.2468479882812548,0.2364092376325958
national_gdp,National,GDP_per,2014,0.4189462640055866,0.2478125127501979,0.2364092376325958
national_gdp,National,GDP_per,2014,0.4235714698426447,0.2517036279480794,0.2364092376325958
national_gdp,National,GDP_per,2014,0.4257335879470512,0.2552479581462723,0.2364092376325958
national_gdp,National,GDP_per,2014,0.4283886833897283,0.2581737735930697,0.2364092376325958
national_gdp,National,GDP_per,2014,0.4307642870637229,0.2597204480589818,0.2364092376325958
national_gdp,National,GDP_per,2014,0.4345213484817737,0.2605289453799383,0.2364092376325958
national_gdp,National,GDP_per,2014,0.4381697589030693,0.2630166941601856,0.2364092376325958
national_gdp,National,GDP_per,2014,0.4398728363163238,0.2630719830946222,0.2364092376325958
national_gdp,National,GDP_per,2014,0.4433342748588728,0.2645817563232982,0.2364092376325958
national_gdp,National,GDP_per,2014,0.4474406506686227,0.2680477186263738,0.2364092376325958
national_gdp,National,GDP_per,2014,0.4493757154365556,0.270761646363224,0.2364092376325958
national_gdp,National,GDP_per,2014,0.4539798827766244,0.2731064704589198,0.2364092376325958
national_gdp,National,GDP_per,2014,0.455224660384635,0.2744733725337113,0.2364092376325958
national_gdp,National,GDP_per,2014,0.460856116159783,0.2793341022247541,0.2364092376325958
national_gdp,National,GDP_per,2014,0.4630859994799325,0.2845099931165817,0.2364092376325958
national_gdp,National,GDP_per,2014,0.4659720751110321,0.2876608416375745,0.2364092376325958
national_gdp,National,GDP_per,2014,0.4705087865904676,0.2893601283494088,0.2364092376325958
national_gdp,National,GDP_per,2014,0.4758130190614562,0.3003886740847892,0.2364092376325958
national_gdp,National,GDP_per,2014,0.4774996379996993,0.3014901331781568,0.2364092376325958
national_gdp,National,GDP_per,2014,0.4804450722193341,0.3036320258837949,0.2364092376325958
national_gdp,National,GDP_per,2014,0.4829399193656744,0.3069538022645791,0.2364092376325958
national_gdp,National,GDP_per,2014,0.486414743194753,0.309081299879343,0.2364092376325958
national_gdp,National,GDP_per,2014,0.487502042605219,0.3104335371958358,0.2364092376325958
national_gdp,National,GDP_per,2014,0.4893171958504048,0.3122973878551511,0.2364092376325958
national_gdp,National,GDP_per,2014,0.4934532556534873,0.3165770661966903,0.2364092376325958
national_gdp,National,GDP_per,2014,0.494716172435409,0.3181306915621744,0.2364092376325958
national_gdp,National,GDP_per,2014,0.4991843864281455,0.3211082861222795,0.2364092376325958
national_gdp,National,GDP_per,2014,0.5023037032810895,0.3231001208937697,0.2364092376325958
national_gdp,National,GDP_per,2014,0.5037808347708452,0.3242870799546988,0.2364092376325958
national_gdp,National,GDP_per,2014,0.5101723971962221,0.3304481110500444,0.2364092376325958
national_gdp,National,GDP_per,2014,0.5137114157348541,0.3334712013238896,0.2364092376325958
national_gdp,National,GDP_per,2014,0.5154714450322083,0.3396132195315296,0.2364092376325958
national_gdp,National,GDP_per,2014,0.5173998527914523,0.340845948319445,0.2364092376325958
national_gdp,National,GDP_per,2014,0.5195036656810513,0.3417420983535251,0.2364092376325958
national_gdp,National,GDP_per,2014,0.526745512162712,0.350280951469146,0.2364092376325958
national_gdp,National,GDP_per,2014,0.5496662940224617,0.3699001817963822,0.2364092376325958
national_gdp,National,GDP_per,2014,0.5540368896397841,0.3726813219401758,0.2364092376325958
national_gdp,National,GDP_per,2014,0.5562225641568195,0.374365808987691,0.2364092376325958
national_gdp,National,GDP_per,2014,0.5596767755374648,0.3777163618009777,0.2364092376325958
national_gdp,National,GDP_per,2014,0.5631001250258284,0.380145588610173,0.2364092376325958
national_gdp,National,GDP_per,2014,0.571191369006851,0.3897573529510281,0.2364092376325958
national_gdp,National,GDP_per,2014,0.5764290039797384,0.3933414670959035,0.2364092376325958
national_gdp,National,GDP_per,2014,0.5781143721835253,0.396520749136116,0.2364092376325958
national_gdp,National,GDP_per,2014,0.5800554478387155,0.3978030158490526,0.2364092376325958
national_gdp,National,GDP_per,2014,0.5816895194830783,0.4028666545393988,0.2364092376325958
national_gdp,National,GDP_per,2014,0.5835293420361103,0.4039718163894,0.2364092376325958
national_gdp,National,GDP_per,2014,0.5873472876724524,0.4057163028165137,0.2364092376325958
national_gdp,National,GDP_per,2014,0.591166195833933,0.4079543446310906,0.2364092376325958
national_gdp,National,GDP_per,2014,0.5915740284647175,0.4079543446310906,0.2364092376325958
national_gdp,National,GDP_per,2014,0.5988129912868496,0.4133961064787335,0.2364092376325958
national_gdp,National,GDP_per,2014,0.6001416887127476,0.4134264862659665,0.2364092376325958
national_gdp,National,GDP_per,2014,0.6031212263963069,0.4163939782733206,0.2364092376325958
national_gdp,National,GDP_per,2014,0.6059202322696432,0.4186806272032311,0.2364092376325958
national_gdp,National,GDP_per,2014,0.6081173286472337,0.4205371967123089,0.2364092376325958
national_gdp,National,GDP_per,2014,0.6090136886017745,0.4212194668530194,0.2364092376325958
national_gdp,National,GDP_per,2014,0.6147948910462582,0.4225130750424676,0.2364092376325958
national_gdp,National,GDP_per,2014,0.6158130163046714,0.4225130750424676,0.2364092376325958
national_gdp,National,GDP_per,2014,0.6170350645354857,0.4236509749710304,0.2364092376325958
national_gdp,National,GDP_per,2014,0.621412603021282,0.427193927096809,0.2364092376325958
national_gdp,National,GDP_per,2014,0.6298749407769012,0.4524298036147449,0.2364092376325958
national_gdp,National,GDP_per,2014,0.6302489197773814,0.4524833313168981,0.2364092376325958
national_gdp,National,GDP_per,2014,0.630783179967653,0.4531437692755741,0.2364092376325958
national_gdp,National,GDP_per,2014,0.6338602608415871,0.455949525999529,0.2364092376325958
national_gdp,National,GDP_per,2014,0.6367293344724952,0.4626444918560914,0.2364092376325958
national_gdp,National,GDP_per,2014,0.638226407227573,0.4647014987975702,0.2364092376325958
national_gdp,National,GDP_per,2014,0.639098071246233,0.4653040251764049,0.2364092376325958
national_gdp,National,GDP_per,2014,0.6425527752455212,0.4733824892305636,0.2364092376325958
national_gdp,National,GDP_per,2014,0.6443301722869561,0.4737661415510506,0.2364092376325958
national_gdp,National,GDP_per,2014,0.64785156619929,0.4791827214009026,0.2364092376325958
national_gdp,National,GDP_per,2014,0.6522046993080551,0.4838966714275983,0.2364092376325958
national_gdp,National,GDP_per,2014,0.6543759030545557,0.4865300736995105,0.2364092376325958
national_gdp,National,GDP_per,2014,0.6591164302110756,0.4892236886957515,0.2364092376325958
national_gdp,National,GDP_per,2014,0.6642431946621931,0.4986560377853328,0.2364092376325958
national_gdp,National,GDP_per,2014,0.6664901011283263,0.5005061394851168,0.2364092376325958
national_gdp,National,GDP_per,2014,0.667419226879634,0.5009417599942081,0.2364092376325958
national_gdp,National,GDP_per,2014,0.6678647851702472,0.5019540235816716,0.2364092376325958
national_gdp,National,GDP_per,2014,0.6701581301458168,0.5028642705212808,0.2364092376325958
national_gdp,National,GDP_per,2014,0.6731467613032452,0.5079152848477205,0.2364092376325958
national_gdp,National,GDP_per,2014,0.6745101127668451,0.508237763376865,0.2364092376325958
national_gdp,National,GDP_per,2014,0.6812852496833441,0.5143702752466518,0.2364092376325958
national_gdp,National,GDP_per,2014,0.684630116955153,0.5250050109253039,0.2364092376325958
national_gdp,National,GDP_per,2014,0.6889077603685636,0.5279384740996343,0.2364092376325958
national_gdp,National,GDP_per,2014,0.6918959043895915,0.5300771521543396,0.2364092376325958
national_gdp,National,GDP_per,2014,0.6936444953796632,0.5325382801958085,0.2364092376325958
national_gdp,National,GDP_per,2014,0.6958244495682909,0.5325382801958085,0.2364092376325958
national_gdp,National,GDP_per,2014,0.6983297732799525,0.5333962613986865,0.2364092376325958
national_gdp,National,GDP_per,2014,0.6989110280356804,0.5335540240182648,0.2364092376325958
national_gdp,National,GDP_per,2014,0.7006141305106146,0.5361119368403119,0.2364092376325958
national_gdp,National,GDP_per,2014,0.7023564247536441,0.5378606631435056,0.2364092376325958
national_gdp,National,GDP_per,2014,0.7043943653675003,0.539045888703225,0.2364092376325958
national_gdp,National,GDP_per,2014,0.7063332136659008,0.5401819373357891,0.2364092376325958
national_gdp,National,GDP_per,2014,0.7100422247952353,0.5420828067866257,0.2364092376325958
national_gdp,National,GDP_per,2014,0.7167344232152455,0.5534353251757723,0.2364092376325958
national_gdp,National,GDP_per,2014,0.7195415952802993,0.5572137735052054,0.2364092376325958
national_gdp,National,GDP_per,2014,0.7215376562609047,0.5588717826550746,0.2364092376325958
national_gdp,National,GDP_per,2014,0.7223380526940739,0.560323838105023,0.2364092376325958
national_gdp,National,GDP_per,2014,0.7230153367580828,0.5611078168601067,0.2364092376325958
national_gdp,National,GDP_per,2014,0.7245603462411405,0.5636818306559636,0.2364092376325958
national_gdp,National,GDP_per,2014,0.7274505507839822,0.5663191150493024,0.2364092376325958
national_gdp,National,GDP_per,2014,0.729740612679502,0.5688970183476806,0.2364092376325958
national_gdp,National,GDP_per,2014,0.735579533738851,0.5803159843784528,0.2364092376325958
national_gdp,National,GDP_per,2014,0.7360239337099523,0.5803159843784528,0.2364092376325958
national_gdp,National,GDP_per,2014,0.7373832369290919,0.5819072560805623,0.2364092376325958
national_gdp,National,GDP_per,2014,0.7438830830409799,0.5847563335427078,0.2364092376325958
national_gdp,National,GDP_per,2014,0.7495083399662724,0.5962805045386312,0.2364092376325958
national_gdp,National,GDP_per,2014,0.7615461476905715,0.6154697106230215,0.2364092376325958
national_gdp,National,GDP_per,2014,0.765564096495963,0.6269066237594377,0.2364092376325958
national_gdp,National,GDP_per,2014,0.7680615406588694,0.6369023044971686,0.2364092376325958
national_gdp,National,GDP_per,2014,0.7745550814087628,0.6450953977236277,0.2364092376325958
national_gdp,National,GDP_per,2014,0.7755186614875118,0.6474569142297304,0.2364092376325958
national_gdp,National,GDP_per,2014,0.7825026976862011,0.661552246732839,0.2364092376325958
national_gdp,National,GDP_per,2014,0.7861817679399853,0.6635892134999182,0.2364092376325958
national_gdp,National,GDP_per,2014,0.79317719153942,0.6809620339500371,0.2364092376325958
national_gdp,National,GDP_per,2014,0.796740281821471,0.685381423040601,0.2364092376325958
national_gdp,National,GDP_per,2014,0.799965884475142,0.6901216795418776,0.2364092376325958
national_gdp,National,GDP_per,2014,0.8057669005270164,0.6936716551076568,0.2364092376325958
national_gdp,National,GDP_per,2014,0.8066665858531917,0.6943286161968635,0.2364092376325958
national_gdp,National,GDP_per,2014,0.8127405643229909,0.6977173481277712,0.2364092376325958
national_gdp,National,GDP_per,2014,0.8192382958556483,0.7111777867810388,0.2364092376325958
national_gdp,National,GDP_per,2014,0.8227930609609508,0.7142147776801251,0.2364092376325958
national_gdp,National,GDP_per,2014,0.8283055951497028,0.7181643121087098,0.2364092376325958
national_gdp,National,GDP_per,2014,0.8347602613183855,0.7360122109495032,0.2364092376325958
national_gdp,National,GDP_per,2014,0.8387041097852946,0.7406435651218161,0.2364092376325958
national_gdp,National,GDP_per,2014,0.8413489174084261,0.7418337545517076,0.2364092376325958
national_gdp,National,GDP_per,2014,0.8441236925533122,0.7463248593265666,0.2364092376325958
national_gdp,National,GDP_per,2014,0.8476855806579118,0.7487782244124428,0.2364092376325958
national_gdp,National,GDP_per,2014,0.8501998764509311,0.7525989773766537,0.2364092376325958
national_gdp,National,GDP_per,2014,0.8510112874923591,0.7529533489820177,0.2364092376325958
national_gdp,National,GDP_per,2014,0.852117010370166,0.7546963669719653,0.2364092376325958
national_gdp,National,GDP_per,2014,0.8544002202458011,0.7604824925152003,0.2364092376325958
national_gdp,National,GDP_per,2014,0.8611971326293102,0.768593667270455,0.2364092376325958
national_gdp,National,GDP_per,2014,0.8624593696131682,0.7698272439216253,0.2364092376325958
national_gdp,National,GDP_per,2014,0.8807798506801311,0.7974059092510981,0.2364092376325958
national_gdp,National,GDP_per,2014,0.8886163152750794,0.81894728799169,0.2364092376325958
national_gdp,National,GDP_per,2014,0.8946497376815907,0.8240203114209627,0.2364092376325958
national_gdp,National,GDP_per,2014,0.8968706301241228,0.8273575391733967,0.2364092376325958
national_gdp,National,GDP_per,2014,0.9124721053322852,0.8552361205960843,0.2364092376325958
national_gdp,National,GDP_per,2014,0.9180860500418716,0.8681123668956665,0.2364092376325958
national_gdp,National,GDP_per,2014,0.9182715879226286,0.8684772339953931,0.2364092376325958
national_gdp,National,GDP_per,2014,0.920752308896531,0.8715944795891477,0.2364092376325958
national_gdp,National,GDP_per,2014,0.9276575754525256,0.888345657748099,0.2364092376325958
national_gdp,National,GDP_per,2014,0.931324542481336,0.8913964263849693,0.2364092376325958
national_gdp,National,GDP_per,2014,0.941539822561177,0.9101068991173572,0.2364092376325958
national_gdp,National,GDP_per,2014,0.9478889023066338,0.9229251593886744,0.2364092376325958
national_gdp,National,GDP_per,2014,0.953497616956923,0.937615929259457,0.2364092376325958
national_gdp,National,GDP_per,2014,0.9539027037674176,0.937615929259457,0.2364092376325958
national_gdp,National,GDP_per,2014,0.95919538671992,0.948324824998266,0.2364092376325958
national_gdp,National,GDP_per,2014,0.9604079122955992,0.9492208819705342,0.2364092376325958
national_gdp,National,GDP_per,2014,0.9654767020328112,0.9538960459309088,0.2364092376325958
national_gdp,National,GDP_per,2014,0.9756995530894752,0.9791633871261134,0.2364092376325958
national_gdp,National,GDP_per,2014,0.9840063337819396,0.9835983271121196,0.2364092376325958
national_gdp,National,GDP_per,2014,0.9861186660763054,0.987126607421965,0.2364092376325958
national_gdp,National,GDP_per,2014,0.9884269078709658,0.9899603246448636,0.2364092376325958
national_gdp,National,GDP_per,2014,0.9965421507599004,0.997235148071238,0.2364092376325958
national_gdp,National,GDP_per,2014,0.996809544002674,0.997986715022816,0.2364092376325958
national_gdp,National,GDP_per,2014,0.9984332824031964,0.9990242872010844,0.2364092376325958
national_gdp,National,GDP_per,2014,1.0,1.0,0.2364092376325958
region_gdp,Eastern,GDP_per,2014,0.0,0.0,0.2121133523380182
region_gdp,Eastern,GDP_per,2014,0.0084806808525935,0.0056035648001192,0.2121133523380182
region_gdp,Eastern,GDP_per,2014,0.022628471202812,0.0091184156354764,0.2121133523380182
region_gdp,Eastern,GDP_per,2014,0.0244718854286154,0.0091624443397785,0.2121133523380182
region_gdp,Eastern,GDP_per,2014,0.030286105756472,0.0093731397952357,0.2121133523380182
region_gdp,Eastern,GDP_per,2014,0.0361775014300053,0.0099023881368229,0.2121133523380182
region_gdp,Eastern,GDP_per,2014,0.0448697908321296,0.0114948274439974,0.2121133523380182
region_gdp,Eastern,GDP_per,2014,0.0615645249779664,0.0175988876636692,0.2121133523380182
region_gdp,Eastern,GDP_per,2014,0.0839503290205054,0.0308301684702303,0.2121133523380182
region_gdp,Eastern,GDP_per,2014,0.0886903998770655,0.0372490722604971,0.2121133523380182
region_gdp,Eastern,GDP_per,2014,0.100538456211322,0.0425175968084825,0.2121133523380182
region_gdp,Eastern,GDP_per,2014,0.1092298052184419,0.0459391785107126,0.2121133523380182
region_gdp,Eastern,GDP_per,2014,0.1199027179861048,0.0510888455869328,0.2121133523380182
region_gdp,Eastern,GDP_per,2014,0.1252390819043187,0.0525597493487961,0.2121133523380182
region_gdp,Eastern,GDP_per,2014,0.1391446182385129,0.0624576537883535,0.2121133523380182
region_gdp,Eastern,GDP_per,2014,0.1465597410528316,0.0648233352742334,0.2121133523380182
region_gdp,Eastern,GDP_per,2014,0.16486810056064,0.0766613414661256,0.2121133523380182
region_gdp,Eastern,GDP_per,2014,0.1849127420558297,0.0848048910691528,0.2121133523380182
region_gdp,Eastern,GDP_per,2014,0.1918381984370505,0.0904683587227852,0.2121133523380182
region_gdp,Eastern,GDP_per,2014,0.1974966614157541,0.0982580000028196,0.2121133523380182
region_gdp,Eastern,GDP_per,2014,0.2091152475974565,0.1079439291620943,0.2121133523380182
region_gdp,Eastern,GDP_per,2014,0.2150827995275195,0.1117939769112433,0.2121133523380182
region_gdp,Eastern,GDP_per,2014,0.2245205939551373,0.1138065227696935,0.2121133523380182
region_gdp,Eastern,GDP_per,2014,0.2360863311180033,0.1196433584650837,0.2121133523380182
region_gdp,Eastern,GDP_per,2014,0.2502326321815726,0.1317428931885628,0.2121133523380182
region_gdp,Eastern,GDP_per,2014,0.2544694441592492,0.1344846919294498,0.2121133523380182
region_gdp,Eastern,GDP_per,2014,0.2631982535456142,0.1397805493212709,0.2121133523380182
region_gdp,Eastern,GDP_per,2014,0.2744224738682967,0.1471925041227947,0.2121133523380182
region_gdp,Eastern,GDP_per,2014,0.28225824441792,0.152150663805175,0.2121133523380182
region_gdp,Eastern,GDP_per,2014,0.2983139447458875,0.1674869639923542,0.2121133523380182
region_gdp,Eastern,GDP_per,2014,0.3072040122019753,0.1750121686561739,0.2121133523380182
region_gdp,Eastern,GDP_per,2014,0.312048201311295,0.1780807294941691,0.2121133523380182
region_gdp,Eastern,GDP_per,2014,0.3173330107293187,0.1803114642076793,0.2121133523380182
region_gdp,Eastern,GDP_per,2014,0.3355246373133042,0.2015667399251357,0.2121133523380182
region_gdp,Eastern,GDP_per,2014,0.3410150843627866,0.2057598366036487,0.2121133523380182
region_gdp,Eastern,GDP_per,2014,0.349692114970655,0.2141001749240285,0.2121133523380182
region_gdp,Eastern,GDP_per,2014,0.370017440766422,0.2380261868169305,0.2121133523380182
region_gdp,Eastern,GDP_per,2014,0.3742511108804542,0.2459401906571708,0.2121133523380182
region_gdp,Eastern,GDP_per,2014,0.3783559232706376,0.2585448150768126,0.2121133523380182
region_gdp,Eastern,GDP_per,2014,0.3879466597644558,0.2628872647584719,0.2121133523380182
region_gdp,Eastern,GDP_per,2014,0.3975398141358064,0.2684582934659461,0.2121133523380182
region_gdp,Eastern,GDP_per,2014,0.4157241969239628,0.282004158103058,0.2121133523380182
region_gdp,Eastern,GDP_per,2014,0.4232088401112339,0.2893909652013401,0.2121133523380182
region_gdp,Eastern,GDP_per,2014,0.4287279790451191,0.2940124168494403,0.2121133523380182
region_gdp,Eastern,GDP_per,2014,0.4432504459798717,0.2972325212785446,0.2121133523380182
region_gdp,Eastern,GDP_per,2014,0.4542468880740665,0.3060517881364566,0.2121133523380182
region_gdp,Eastern,GDP_per,2014,0.4555889576560059,0.3076957783440232,0.2121133523380182
region_gdp,Eastern,GDP_per,2014,0.467497232715556,0.3144008391579911,0.2121133523380182
region_gdp,Eastern,GDP_per,2014,0.4731414953362221,0.3190061908605874,0.2121133523380182
region_gdp,Eastern,GDP_per,2014,0.4901607405180203,0.3342714997806384,0.2121133523380182
region_gdp,Eastern,GDP_per,2014,0.5009062446975517,0.3415736008629644,0.2121133523380182
region_gdp,Eastern,GDP_per,2014,0.5084125071331568,0.346897289080586,0.2121133523380182
region_gdp,Eastern,GDP_per,2014,0.5135318444101199,0.349847602866067,0.2121133523380182
region_gdp,Eastern,GDP_per,2014,0.5228489357944189,0.3545793278100771,0.2121133523380182
region_gdp,Eastern,GDP_per,2014,0.5278630708068077,0.3587065145815729,0.2121133523380182
region_gdp,Eastern,GDP_per,2014,0.5336157405110067,0.3651235409243409,0.2121133523380182
region_gdp,Eastern,GDP_per,2014,0.5499434510776802,0.3722155855090538,0.2121133523380182
region_gdp,Eastern,GDP_per,2014,0.5640741805377766,0.4009020412445854,0.2121133523380182
region_gdp,Eastern,GDP_per,2014,0.5803860519408923,0.4212966367656899,0.2121133523380182
region_gdp,Eastern,GDP_per,2014,0.5896279313983733,0.4263671409277016,0.2121133523380182
region_gdp,Eastern,GDP_per,2014,0.5985784674336577,0.4373680718900588,0.2121133523380182
region_gdp,Eastern,GDP_per,2014,0.6131507064462698,0.4462048217930209,0.2121133523380182
region_gdp,Eastern,GDP_per,2014,0.6284086311318557,0.4546401971939894,0.2121133523380182
region_gdp,Eastern,GDP_per,2014,0.6447310298439017,0.4881464925921048,0.2121133523380182
region_gdp,Eastern,GDP_per,2014,0.6536606529107823,0.4957062992824662,0.2121133523380182
region_gdp,Eastern,GDP_per,2014,0.6675082211721621,0.5055376480711672,0.2121133523380182
region_gdp,Eastern,GDP_per,2014,0.6774152274578548,0.5170662115146132,0.2121133523380182
region_gdp,Eastern,GDP_per,2014,0.6843855040880102,0.5282456602032174,0.2121133523380182
region_gdp,Eastern,GDP_per,2014,0.6933330202355712,0.5343526807397908,0.2121133523380182
region_gdp,Eastern,GDP_per,2014,0.6996489688412372,0.5438634612395777,0.2121133523380182
region_gdp,Eastern,GDP_per,2014,0.7016872455030198,0.5447455780855356,0.2121133523380182
region_gdp,Eastern,GDP_per,2014,0.7187611909833597,0.5649362586700292,0.2121133523380182
region_gdp,Eastern,GDP_per,2014,0.7647825132045869,0.6335862433412759,0.2121133523380182
region_gdp,Eastern,GDP_per,2014,0.7799385604531246,0.64621422865151,0.2121133523380182
region_gdp,Eastern,GDP_per,2014,0.7855174754577512,0.654521397664661,0.2121133523380182
region_gdp,Eastern,GDP_per,2014,0.8247086143288856,0.7239179462089551,0.2121133523380182
region_gdp,Eastern,GDP_per,2014,0.8388109273340786,0.7559700451966765,0.2121133523380182
region_gdp,Eastern,GDP_per,2014,0.8450425354923814,0.7637296252804547,0.2121133523380182
region_gdp,Eastern,GDP_per,2014,0.8623886682732482,0.805427369174115,0.2121133523380182
region_gdp,Eastern,GDP_per,2014,0.8716001442487242,0.8130214719943426,0.2121133523380182
region_gdp,Eastern,GDP_per,2014,0.8972610804662895,0.859596375127799,0.2121133523380182
region_gdp,Eastern,GDP_per,2014,0.9132100636674372,0.8915041328319964,0.2121133523380182
region_gdp,Eastern,GDP_per,2014,0.9162559460335086,0.8937346358920933,0.2121133523380182
region_gdp,Eastern,GDP_per,2014,0.9289888216013092,0.905372252520056,0.2121133523380182
region_gdp,Eastern,GDP_per,2014,0.9546687762257944,0.9682687910222366,0.2121133523380182
region_gdp,Eastern,GDP_per,2014,0.975535533461681,0.9793084319337876,0.2121133523380182
region_gdp,Eastern,GDP_per,2014,0.995921144872763,0.9974172312806842,0.2121133523380182
region_gdp,Eastern,GDP_per,2014,1.0,1.0,0.2121133523380182
region_gdp,NotEastern,GDP_per,2014,0.0,0.0,0.285470711458532
region_gdp,NotEastern,GDP_per,2014,0.0033820282141345,1.4869035890948306e-05,0.285470711458532
region_gdp,NotEastern,GDP_per,2014,0.0069486670546903,0.0005454087916421,0.285470711458532
region_gdp,NotEastern,GDP_per,2014,0.0075511852488715,0.0005454087916421,0.285470711458532
region_gdp,NotEastern,GDP_per,2014,0.0084198179116468,0.0005454087916421,0.285470711458532
region_gdp,NotEastern,GDP_per,2014,0.01526229966851,0.0014111432426459,0.285470711458532
region_gdp,NotEastern,GDP_per,2014,0.0195722577133533,0.0037266049461363,0.285470711458532
region_gdp,NotEastern,GDP_per,2014,0.0205008563335716,0.0037266049461363,0.285470711458532
region_gdp,NotEastern,GDP_per,2014,0.0305456206664285,0.0083947249447488,0.285470711458532
region_gdp,NotEastern,GDP_per,2014,0.0348587743280722,0.012347474288863,0.285470711458532
region_gdp,NotEastern,GDP_per,2014,0.0363732976159833,0.012347474288863,0.285470711458532
region_gdp,NotEastern,GDP_per,2014,0.0390994645162438,0.0145194254322862,0.285470711458532
region_gdp,NotEastern,GDP_per,2014,0.0435639910066027,0.0164136209693652,0.285470711458532
region_gdp,NotEastern,GDP_per,2014,0.0529153533350623,0.0207971796796359,0.285470711458532
region_gdp,NotEastern,GDP_per,2014,0.0592766579547291,0.0228494333144128,0.285470711458532
region_gdp,NotEastern,GDP_per,2014,0.0626374475479219,0.0234238733884256,0.285470711458532
region_gdp,NotEastern,GDP_per,2014,0.0658553386821964,0.0234238733884256,0.285470711458532
region_gdp,NotEastern,GDP_per,2014,0.0713095188101766,0.0272623835891749,0.285470711458532
region_gdp,NotEastern,GDP_per,2014,0.0774142580783901,0.0325647792133193,0.285470711458532
region_gdp,NotEastern,GDP_per,2014,0.0860531513956963,0.0356158732322756,0.285470711458532
region_gdp,NotEastern,GDP_per,2014,0.089368603826107,0.0356158732322756,0.285470711458532
region_gdp,NotEastern,GDP_per,2014,0.0910014247883904,0.0356158732322756,0.285470711458532
region_gdp,NotEastern,GDP_per,2014,0.0950941446470051,0.0356158786353865,0.285470711458532
region_gdp,NotEastern,GDP_per,2014,0.0966144970730537,0.0372312827621829,0.285470711458532
region_gdp,NotEastern,GDP_per,2014,0.1037038116025156,0.0412130012519363,0.285470711458532
region_gdp,NotEastern,GDP_per,2014,0.1108895853566845,0.0441218046618979,0.285470711458532
region_gdp,NotEastern,GDP_per,2014,0.1219556172935305,0.0550590253055825,0.285470711458532
region_gdp,NotEastern,GDP_per,2014,0.1260134286818123,0.0561358643962208,0.285470711458532
region_gdp,NotEastern,GDP_per,2014,0.1293085337769116,0.0639172935825732,0.285470711458532
region_gdp,NotEastern,GDP_per,2014,0.1319065884516901,0.064449978866907,0.285470711458532
region_gdp,NotEastern,GDP_per,2014,0.1343094723917607,0.0666669807115783,0.285470711458532
region_gdp,NotEastern,GDP_per,2014,0.1373286966095917,0.0687739533844175,0.285470711458532
region_gdp,NotEastern,GDP_per,2014,0.1456096561234624,0.0757682761908861,0.285470711458532
region_gdp,NotEastern,GDP_per,2014,0.1573404869522777,0.0769467517393526,0.285470711458532
region_gdp,NotEastern,GDP_per,2014,0.1641558085686313,0.0789837509106322,0.285470711458532
region_gdp,NotEastern,GDP_per,2014,0.1712539032374128,0.087401760908849,0.285470711458532
region_gdp,NotEastern,GDP_per,2014,0.1794035939434083,0.0892696788101702,0.285470711458532
region_gdp,NotEastern,GDP_per,2014,0.1881042032607457,0.0921933197608314,0.285470711458532
region_gdp,NotEastern,GDP_per,2014,0.1978199712973498,0.0923059350188885,0.285470711458532
region_gdp,NotEastern,GDP_per,2014,0.2050504368454357,0.0975155061481384,0.285470711458532
region_gdp,NotEastern,GDP_per,2014,0.2063740285352576,0.0975598780092953,0.285470711458532
region_gdp,NotEastern,GDP_per,2014,0.207775570635053,0.1019382055385693,0.285470711458532
region_gdp,NotEastern,GDP_per,2014,0.214640987708423,0.1070012476446788,0.285470711458532
region_gdp,NotEastern,GDP_per,2014,0.2208954395419,0.1111046374629414,0.285470711458532
region_gdp,NotEastern,GDP_per,2014,0.228158216471095,0.1142245296555603,0.285470711458532
region_gdp,NotEastern,GDP_per,2014,0.2377107361111757,0.1160741556639974,0.285470711458532
region_gdp,NotEastern,GDP_per,2014,0.2408044353755951,0.1161527273274401,0.285470711458532
region_gdp,NotEastern,GDP_per,2014,0.2450892123243724,0.1211002482571706,0.285470711458532
region_gdp,NotEastern,GDP_per,2014,0.2473010540688669,0.1217656942507586,0.285470711458532
region_gdp,NotEastern,GDP_per,2014,0.2485117062072742,0.1235710268611315,0.285470711458532
region_gdp,NotEastern,GDP_per,2014,0.2503611056743049,0.1255147352468816,0.285470711458532
region_gdp,NotEastern,GDP_per,2014,0.2567160893223038,0.1280815836302082,0.285470711458532
region_gdp,NotEastern,GDP_per,2014,0.2595137178129191,0.1290535371123395,0.285470711458532
region_gdp,NotEastern,GDP_per,2014,0.2670359837706645,0.1352929796816145,0.285470711458532
region_gdp,NotEastern,GDP_per,2014,0.2716089413384098,0.1391415460547808,0.285470711458532
region_gdp,NotEastern,GDP_per,2014,0.2750868367554093,0.1421407063212846,0.285470711458532
region_gdp,NotEastern,GDP_per,2014,0.2802632675591645,0.1435652715951159,0.285470711458532
region_gdp,NotEastern,GDP_per,2014,0.2825462391015528,0.1438661906967495,0.285470711458532
region_gdp,NotEastern,GDP_per,2014,0.2840615482821949,0.1438734614768357,0.285470711458532
region_gdp,NotEastern,GDP_per,2014,0.2976804291468747,0.1555957176015169,0.285470711458532
region_gdp,NotEastern,GDP_per,2014,0.3046562849673065,0.1568975793302064,0.285470711458532
region_gdp,NotEastern,GDP_per,2014,0.3086952596518345,0.1601123378856176,0.285470711458532
region_gdp,NotEastern,GDP_per,2014,0.3106547608688785,0.1606860932068975,0.285470711458532
region_gdp,NotEastern,GDP_per,2014,0.3187332749356916,0.1607382528606147,0.285470711458532
region_gdp,NotEastern,GDP_per,2014,0.3264499062182103,0.1659460292629857,0.285470711458532
region_gdp,NotEastern,GDP_per,2014,0.3321632644006304,0.1692993306221957,0.285470711458532
region_gdp,NotEastern,GDP_per,2014,0.3393520307926824,0.1739583348377795,0.285470711458532
region_gdp,NotEastern,GDP_per,2014,0.3418155963209941,0.1762537553668874,0.285470711458532
region_gdp,NotEastern,GDP_per,2014,0.3481647130975952,0.1792384782170871,0.285470711458532
region_gdp,NotEastern,GDP_per,2014,0.3516273213395997,0.1814280531684305,0.285470711458532
region_gdp,NotEastern,GDP_per,2014,0.3558159331228706,0.1836589023047685,0.285470711458532
region_gdp,NotEastern,GDP_per,2014,0.3575668565874905,0.1845799864718524,0.285470711458532
region_gdp,NotEastern,GDP_per,2014,0.3633087359100834,0.1864165426299179,0.285470711458532
region_gdp,NotEastern,GDP_per,2014,0.3692194039127244,0.1901517462465384,0.285470711458532
region_gdp,NotEastern,GDP_per,2014,0.3737374153477889,0.194066851328948,0.285470711458532
region_gdp,NotEastern,GDP_per,2014,0.3786851552702516,0.1967442941834893,0.285470711458532
region_gdp,NotEastern,GDP_per,2014,0.3806312911062803,0.1994130688690653,0.285470711458532
region_gdp,NotEastern,GDP_per,2014,0.3850107928509394,0.2043193045322752,0.285470711458532
region_gdp,NotEastern,GDP_per,2014,0.3905673524220475,0.2080718263494251,0.285470711458532
region_gdp,NotEastern,GDP_per,2014,0.3921520556706113,0.208821717772018,0.285470711458532
region_gdp,NotEastern,GDP_per,2014,0.3941498847720565,0.2099987987088609,0.285470711458532
region_gdp,NotEastern,GDP_per,2014,0.3970661544398271,0.2135443433461216,0.285470711458532
region_gdp,NotEastern,GDP_per,2014,0.4051556007429419,0.2190721371570501,0.285470711458532
region_gdp,NotEastern,GDP_per,2014,0.4103500068911993,0.2228337363278638,0.285470711458532
region_gdp,NotEastern,GDP_per,2014,0.4151818068174828,0.2294733301920409,0.285470711458532
region_gdp,NotEastern,GDP_per,2014,0.4189946421698003,0.233398778844496,0.285470711458532
region_gdp,NotEastern,GDP_per,2014,0.4232999577224842,0.2377458219429155,0.285470711458532
region_gdp,NotEastern,GDP_per,2014,0.4283108045710201,0.2379494127321919,0.285470711458532
region_gdp,NotEastern,GDP_per,2014,0.4322169959126747,0.2407161937951204,0.285470711458532
region_gdp,NotEastern,GDP_per,2014,0.4348574445559346,0.2409059102399925,0.285470711458532
region_gdp,NotEastern,GDP_per,2014,0.4407706888294488,0.2423228356465328,0.285470711458532
region_gdp,NotEastern,GDP_per,2014,0.4467367388489839,0.2477004665561424,0.285470711458532
region_gdp,NotEastern,GDP_per,2014,0.4503365192023748,0.2494221131881731,0.285470711458532
region_gdp,NotEastern,GDP_per,2014,0.4537111100607964,0.2557807594810775,0.285470711458532
region_gdp,NotEastern,GDP_per,2014,0.4631396837477871,0.2648503118486469,0.285470711458532
region_gdp,NotEastern,GDP_per,2014,0.4695951185391998,0.2703706311845029,0.285470711458532
region_gdp,NotEastern,GDP_per,2014,0.4724569885559901,0.2708864156807804,0.285470711458532
region_gdp,NotEastern,GDP_per,2014,0.4770160004312,0.2730623886985492,0.285470711458532
region_gdp,NotEastern,GDP_per,2014,0.48103489972012,0.2747925360370302,0.285470711458532
region_gdp,NotEastern,GDP_per,2014,0.487150795021903,0.2802860239599707,0.285470711458532
region_gdp,NotEastern,GDP_per,2014,0.4906084992412199,0.2817777655249484,0.285470711458532
region_gdp,NotEastern,GDP_per,2014,0.498138607211366,0.2901802899499903,0.285470711458532
region_gdp,NotEastern,GDP_per,2014,0.5005408223619271,0.2934086303951428,0.285470711458532
region_gdp,NotEastern,GDP_per,2014,0.5032282892497714,0.2935070749745664,0.285470711458532
region_gdp,NotEastern,GDP_per,2014,0.5079443417496178,0.2964139555328227,0.285470711458532
region_gdp,NotEastern,GDP_per,2014,0.514840938206289,0.3022850632925064,0.285470711458532
region_gdp,NotEastern,GDP_per,2014,0.517571651313838,0.3069333294652771,0.285470711458532
region_gdp,NotEastern,GDP_per,2014,0.5217828965475335,0.3108160085973816,0.285470711458532
region_gdp,NotEastern,GDP_per,2014,0.5262080321164693,0.3204961148439486,0.285470711458532
region_gdp,NotEastern,GDP_per,2014,0.5295542449608776,0.3208960020141871,0.285470711458532
region_gdp,NotEastern,GDP_per,2014,0.5333168118036404,0.3222632300368859,0.285470711458532
region_gdp,NotEastern,GDP_per,2014,0.5351611706275584,0.3243651805525507,0.285470711458532
region_gdp,NotEastern,GDP_per,2014,0.5385732306134234,0.3265296125104962,0.285470711458532
region_gdp,NotEastern,GDP_per,2014,0.5415877472817496,0.3287560743276765,0.285470711458532
region_gdp,NotEastern,GDP_per,2014,0.5478655325826866,0.3377773151889591,0.285470711458532
region_gdp,NotEastern,GDP_per,2014,0.5521389492178301,0.3398316135497745,0.285470711458532
region_gdp,NotEastern,GDP_per,2014,0.5584202736383506,0.3449998954509845,0.285470711458532
region_gdp,NotEastern,GDP_per,2014,0.5602205470028098,0.346468466229515,0.285470711458532
region_gdp,NotEastern,GDP_per,2014,0.5610452321276982,0.3464685369206181,0.285470711458532
region_gdp,NotEastern,GDP_per,2014,0.5621566145640822,0.3466235402653681,0.285470711458532
region_gdp,NotEastern,GDP_per,2014,0.565406193830098,0.3482357258749168,0.285470711458532
region_gdp,NotEastern,GDP_per,2014,0.5689982700926602,0.3541600111833826,0.285470711458532
region_gdp,NotEastern,GDP_per,2014,0.5734093636841897,0.3590504600122141,0.285470711458532
region_gdp,NotEastern,GDP_per,2014,0.5794707201122734,0.3632086881472469,0.285470711458532
region_gdp,NotEastern,GDP_per,2014,0.582300160343586,0.3633011026243662,0.285470711458532
region_gdp,NotEastern,GDP_per,2014,0.5880508874651378,0.3658246619028781,0.285470711458532
region_gdp,NotEastern,GDP_per,2014,0.5948730934497695,0.3716179566591838,0.285470711458532
region_gdp,NotEastern,GDP_per,2014,0.5980879503094599,0.3761542389242667,0.285470711458532
region_gdp,NotEastern,GDP_per,2014,0.6001559853944959,0.3784389915931707,0.285470711458532
region_gdp,NotEastern,GDP_per,2014,0.6038606446942205,0.3870904017762033,0.285470711458532
region_gdp,NotEastern,GDP_per,2014,0.608655481639207,0.3923569894128846,0.285470711458532
region_gdp,NotEastern,GDP_per,2014,0.6161926340187005,0.395197317130354,0.285470711458532
region_gdp,NotEastern,GDP_per,2014,0.6250049220761009,0.4136313364853142,0.285470711458532
region_gdp,NotEastern,GDP_per,2014,0.629898375547364,0.4172114723018901,0.285470711458532
region_gdp,NotEastern,GDP_per,2014,0.6340432375670778,0.422763762836424,0.285470711458532
region_gdp,NotEastern,GDP_per,2014,0.6358496432369035,0.4250240036209148,0.285470711458532
region_gdp,NotEastern,GDP_per,2014,0.6388652827950093,0.4281393970692412,0.285470711458532
region_gdp,NotEastern,GDP_per,2014,0.6457368048496608,0.4352928038078875,0.285470711458532
region_gdp,NotEastern,GDP_per,2014,0.6478349757981796,0.437889661158337,0.285470711458532
region_gdp,NotEastern,GDP_per,2014,0.6502890364483451,0.4398736422586301,0.285470711458532
region_gdp,NotEastern,GDP_per,2014,0.6532130947814934,0.4501399171814358,0.285470711458532
region_gdp,NotEastern,GDP_per,2014,0.6912929740766972,0.4829331140597384,0.285470711458532
region_gdp,NotEastern,GDP_per,2014,0.6985541466917575,0.4875817406755829,0.285470711458532
region_gdp,NotEastern,GDP_per,2014,0.7042415938346975,0.4916421503699125,0.285470711458532
region_gdp,NotEastern,GDP_per,2014,0.7129432388649718,0.4976329338423937,0.285470711458532
region_gdp,NotEastern,GDP_per,2014,0.7161680820271634,0.4997762199992135,0.285470711458532
region_gdp,NotEastern,GDP_per,2014,0.7192247064116518,0.501623478506555,0.285470711458532
region_gdp,NotEastern,GDP_per,2014,0.7199022669524723,0.501623478506555,0.285470711458532
region_gdp,NotEastern,GDP_per,2014,0.7221097238318945,0.5016742577841943,0.285470711458532
region_gdp,NotEastern,GDP_per,2014,0.7267599057696399,0.5054963510722279,0.285470711458532
region_gdp,NotEastern,GDP_per,2014,0.7282490905227095,0.5066367535587336,0.285470711458532
region_gdp,NotEastern,GDP_per,2014,0.7299405723920893,0.5066367535587336,0.285470711458532
region_gdp,NotEastern,GDP_per,2014,0.7319708455916281,0.5085387331860057,0.285470711458532
region_gdp,NotEastern,GDP_per,2014,0.7460299122613872,0.5507200549425655,0.285470711458532
region_gdp,NotEastern,GDP_per,2014,0.7466512294260618,0.5508095255510388,0.285470711458532
region_gdp,NotEastern,GDP_per,2014,0.7517633965841446,0.5554992983457209,0.285470711458532
region_gdp,NotEastern,GDP_per,2014,0.7565299869309552,0.566689815494754,0.285470711458532
region_gdp,NotEastern,GDP_per,2014,0.7590171773836336,0.5701280662562175,0.285470711458532
region_gdp,NotEastern,GDP_per,2014,0.7604653330713257,0.5711351784535837,0.285470711458532
region_gdp,NotEastern,GDP_per,2014,0.7662048716306353,0.5846381883975849,0.285470711458532
region_gdp,NotEastern,GDP_per,2014,0.7691577841975643,0.585279456473279,0.285470711458532
region_gdp,NotEastern,GDP_per,2014,0.7750081193193349,0.5943331739973886,0.285470711458532
region_gdp,NotEastern,GDP_per,2014,0.7822402802618389,0.6022124581854799,0.285470711458532
region_gdp,NotEastern,GDP_per,2014,0.7858474511296542,0.6066141435585651,0.285470711458532
region_gdp,NotEastern,GDP_per,2014,0.7943648992982232,0.6223801484201377,0.285470711458532
region_gdp,NotEastern,GDP_per,2014,0.7959085201343864,0.62310828040496,0.285470711458532
region_gdp,NotEastern,GDP_per,2014,0.7966487569216543,0.6248002611077068,0.285470711458532
region_gdp,NotEastern,GDP_per,2014,0.8004588494562946,0.6263217227858969,0.285470711458532
region_gdp,NotEastern,GDP_per,2014,0.8054240689862885,0.6347644039960828,0.285470711458532
region_gdp,NotEastern,GDP_per,2014,0.8076890990139941,0.6353034211603076,0.285470711458532
region_gdp,NotEastern,GDP_per,2014,0.813246158225514,0.6530791939629033,0.285470711458532
region_gdp,NotEastern,GDP_per,2014,0.8161512133081046,0.6571929260033779,0.285470711458532
region_gdp,NotEastern,GDP_per,2014,0.8197729218902972,0.6571929260033779,0.285470711458532
region_gdp,NotEastern,GDP_per,2014,0.8239351893521684,0.6586270264260025,0.285470711458532
region_gdp,NotEastern,GDP_per,2014,0.8249008680569053,0.6588907238574295,0.285470711458532
region_gdp,NotEastern,GDP_per,2014,0.8277303499249189,0.6631662299487402,0.285470711458532
region_gdp,NotEastern,GDP_per,2014,0.8306249437863876,0.6660891950697156,0.285470711458532
region_gdp,NotEastern,GDP_per,2014,0.8338460864867794,0.667988080288433,0.285470711458532
region_gdp,NotEastern,GDP_per,2014,0.8449642983179846,0.6869636142105265,0.285470711458532
region_gdp,NotEastern,GDP_per,2014,0.8496280473145157,0.6932792238391866,0.285470711458532
region_gdp,NotEastern,GDP_per,2014,0.850957801236083,0.6957063088702575,0.285470711458532
region_gdp,NotEastern,GDP_per,2014,0.8520830200686622,0.6970167155087981,0.285470711458532
region_gdp,NotEastern,GDP_per,2014,0.8546498511211447,0.7013191340933753,0.285470711458532
region_gdp,NotEastern,GDP_per,2014,0.8594515477126179,0.7057273083638398,0.285470711458532
region_gdp,NotEastern,GDP_per,2014,0.8691521508820361,0.7248139083449775,0.285470711458532
region_gdp,NotEastern,GDP_per,2014,0.8698904632730304,0.7248139083449775,0.285470711458532
region_gdp,NotEastern,GDP_per,2014,0.8721487676723806,0.727473690881997,0.285470711458532
region_gdp,NotEastern,GDP_per,2014,0.892148009754308,0.7595481098356367,0.285470711458532
region_gdp,NotEastern,GDP_per,2014,0.8988233058441111,0.7786647080867861,0.285470711458532
region_gdp,NotEastern,GDP_per,2014,0.9029724824669642,0.7953723118458393,0.285470711458532
region_gdp,NotEastern,GDP_per,2014,0.9045733446589496,0.79931954496479,0.285470711458532
region_gdp,NotEastern,GDP_per,2014,0.916176406765066,0.8228796442209717,0.285470711458532
region_gdp,NotEastern,GDP_per,2014,0.9277983875471912,0.8519180066770795,0.285470711458532
region_gdp,NotEastern,GDP_per,2014,0.9331573042044708,0.8598412616726753,0.285470711458532
region_gdp,NotEastern,GDP_per,2014,0.934652013627302,0.8609393605267283,0.285470711458532
region_gdp,NotEastern,GDP_per,2014,0.945375596710037,0.8907718081196209,0.285470711458532
region_gdp,NotEastern,GDP_per,2014,0.9497695984358132,0.8927611887245637,0.285470711458532
region_gdp,NotEastern,GDP_per,2014,0.9516066122854486,0.8956746125007973,0.285470711458532
region_gdp,NotEastern,GDP_per,2014,0.9553998666779824,0.9053460191226192,0.285470711458532
region_gdp,NotEastern,GDP_per,2014,0.957496908230987,0.9074079207014056,0.285470711458532
region_gdp,NotEastern,GDP_per,2014,0.9705161685556446,0.9434139546939644,0.285470711458532
region_gdp,NotEastern,GDP_per,2014,0.9708244154621922,0.9440238236050368,0.285470711458532
region_gdp,NotEastern,GDP_per,2014,0.9801425608112964,0.9685791859016716,0.285470711458532
region_gdp,NotEastern,GDP_per,2014,0.9808155595310654,0.9685791859016716,0.285470711458532
region_gdp,NotEastern,GDP_per,2014,0.9896086595750474,0.9864789159346308,0.285470711458532
region_gdp,NotEastern,GDP_per,2014,0.9931180232299612,0.9923763741382782,0.285470711458532
region_gdp,NotEastern,GDP_per,2014,0.9969528648798948,0.9971128824129656,0.285470711458532
region_gdp,NotEastern,GDP_per,2014,0.9973971037575854,0.9983691132945663,0.285470711458532
region_gdp,NotEastern,GDP_per,2014,1.0,0.9999999999999992,0.285470711458532
citylevel_gdp,Mega City,GDP_per,2014,0.0,0.0,0.1131104396356973
citylevel_gdp,Mega City,GDP_per,2014,0.2352443777987542,0.134823094833908,0.1131104396356973
citylevel_gdp,Mega City,GDP_per,2014,0.3587928067088804,0.2666910686815654,0.1131104396356973
citylevel_gdp,Mega City,GDP_per,2014,0.5468226128447613,0.4562112970029757,0.1131104396356973
citylevel_gdp,Mega City,GDP_per,2014,0.7069462661539835,0.64779254480391,0.1131104396356973
citylevel_gdp,Mega City,GDP_per,2014,0.8117894264408572,0.7763706693027097,0.1131104396356973
citylevel_gdp,Mega City,GDP_per,2014,0.9167102904353512,0.9500075083295988,0.1131104396356973
citylevel_gdp,Mega City,GDP_per,2014,1.0,1.0,0.1131104396356973
citylevel_gdp,Medium/Small City,GDP_per,2014,0.0,0.0,0.1471101874188543
citylevel_gdp,Medium/Small City,GDP_per,2014,0.0043468418022371,2.9711964851769123e-05,0.1471101874188543
citylevel_gdp,Medium/Small City,GDP_per,2014,0.0089309593269864,0.001089859959043,0.1471101874188543
citylevel_gdp,Medium/Small City,GDP_per,2014,0.0097053618769501,0.001089859959043,0.1471101874188543
citylevel_gdp,Medium/Small City,GDP_per,2014,0.0108217951324623,0.001089859959043,0.1471101874188543
citylevel_gdp,Medium/Small City,GDP_per,2014,0.0196162769784363,0.0028198088116682,0.1471101874188543
citylevel_gdp,Medium/Small City,GDP_per,2014,0.0251557652999456,0.0074466667501581,0.1471101874188543
citylevel_gdp,Medium/Small City,GDP_per,2014,0.0263492713987401,0.0074466667501581,0.1471101874188543
citylevel_gdp,Medium/Small City,GDP_per,2014,0.0392595721801475,0.0167747105009334,0.1471101874188543
citylevel_gdp,Medium/Small City,GDP_per,2014,0.0448031677532267,0.0246732689845853,0.1471101874188543
citylevel_gdp,Medium/Small City,GDP_per,2014,0.0467497491302949,0.0246732689845853,0.1471101874188543
citylevel_gdp,Medium/Small City,GDP_per,2014,0.0502536277178246,0.0290133577775941,0.1471101874188543
citylevel_gdp,Medium/Small City,GDP_per,2014,0.0559917792490215,0.0327984230389088,0.1471101874188543
citylevel_gdp,Medium/Small City,GDP_per,2014,0.0680108666437776,0.041557843843355,0.1471101874188543
citylevel_gdp,Medium/Small City,GDP_per,2014,0.0761869027637506,0.0456587477829659,0.1471101874188543
citylevel_gdp,Medium/Small City,GDP_per,2014,0.0805064470629849,0.0468066193338648,0.1471101874188543
citylevel_gdp,Medium/Small City,GDP_per,2014,0.0846423273134967,0.0468066193338648,0.1471101874188543
citylevel_gdp,Medium/Small City,GDP_per,2014,0.091652457530078,0.0544769001109293,0.1471101874188543
citylevel_gdp,Medium/Small City,GDP_per,2014,0.0994987362015349,0.0650723814568757,0.1471101874188543
citylevel_gdp,Medium/Small City,GDP_per,2014,0.1106021038315839,0.0711692124091677,0.1471101874188543
citylevel_gdp,Medium/Small City,GDP_per,2014,0.1148633773353372,0.0711692124091677,0.1471101874188543
citylevel_gdp,Medium/Small City,GDP_per,2014,0.1220723145823045,0.0786879954306323,0.1471101874188543
citylevel_gdp,Medium/Small City,GDP_per,2014,0.1241709411948086,0.0786879954306323,0.1471101874188543
citylevel_gdp,Medium/Small City,GDP_per,2014,0.1294312183539172,0.0786880062273673,0.1471101874188543
citylevel_gdp,Medium/Small City,GDP_per,2014,0.1313852917859662,0.0819159781677671,0.1471101874188543
citylevel_gdp,Medium/Small City,GDP_per,2014,0.1404970220243722,0.0898724240789113,0.1471101874188543
citylevel_gdp,Medium/Small City,GDP_per,2014,0.149732729049375,0.0956849236458872,0.1471101874188543
citylevel_gdp,Medium/Small City,GDP_per,2014,0.154948139167617,0.0978367111220028,0.1471101874188543
citylevel_gdp,Medium/Small City,GDP_per,2014,0.1591832607169527,0.113385906925759,0.1471101874188543
citylevel_gdp,Medium/Small City,GDP_per,2014,0.1625224796559392,0.1144503422100141,0.1471101874188543
citylevel_gdp,Medium/Small City,GDP_per,2014,0.1656108502120956,0.1188804533058707,0.1471101874188543
citylevel_gdp,Medium/Small City,GDP_per,2014,0.1694913885191224,0.1230906992463722,0.1471101874188543
citylevel_gdp,Medium/Small City,GDP_per,2014,0.18456875115275,0.1254455811856928,0.1471101874188543
citylevel_gdp,Medium/Small City,GDP_per,2014,0.1933283247050474,0.1295160029819699,0.1471101874188543
citylevel_gdp,Medium/Small City,GDP_per,2014,0.2038029316548271,0.1332485591098243,0.1471101874188543
citylevel_gdp,Medium/Small City,GDP_per,2014,0.2162903811875797,0.1334735918970007,0.1471101874188543
citylevel_gdp,Medium/Small City,GDP_per,2014,0.2255835295305476,0.1438835872336378,0.1471101874188543
citylevel_gdp,Medium/Small City,GDP_per,2014,0.2271505095531385,0.1439426643187028,0.1471101874188543
citylevel_gdp,Medium/Small City,GDP_per,2014,0.2288516910105747,0.1440313301332701,0.1471101874188543
citylevel_gdp,Medium/Small City,GDP_per,2014,0.2337940240864316,0.1443140382788345,0.1471101874188543
citylevel_gdp,Medium/Small City,GDP_per,2014,0.2355953933835665,0.1530630059061517,0.1471101874188543
citylevel_gdp,Medium/Small City,GDP_per,2014,0.2444193534556897,0.163180200470954,0.1471101874188543
citylevel_gdp,Medium/Small City,GDP_per,2014,0.2524580541874616,0.1713797754096052,0.1471101874188543
citylevel_gdp,Medium/Small City,GDP_per,2014,0.2617927315932287,0.1776140819139584,0.1471101874188543
citylevel_gdp,Medium/Small City,GDP_per,2014,0.2740703617781738,0.1813100863727987,0.1471101874188543
citylevel_gdp,Medium/Small City,GDP_per,2014,0.2780466211215837,0.1814670917442079,0.1471101874188543
citylevel_gdp,Medium/Small City,GDP_per,2014,0.2835537447689757,0.1913534467873774,0.1471101874188543
citylevel_gdp,Medium/Small City,GDP_per,2014,0.2863965732571355,0.1926831703899865,0.1471101874188543
citylevel_gdp,Medium/Small City,GDP_per,2014,0.2879525961493168,0.19629066582268,0.1471101874188543
citylevel_gdp,Medium/Small City,GDP_per,2014,0.2929605315316002,0.1970008036700695,0.1471101874188543
citylevel_gdp,Medium/Small City,GDP_per,2014,0.2953375214333185,0.2008848076944765,0.1471101874188543
citylevel_gdp,Medium/Small City,GDP_per,2014,0.3035054333561717,0.2060139976099875,0.1471101874188543
citylevel_gdp,Medium/Small City,GDP_per,2014,0.3071011598552328,0.2079561980263722,0.1471101874188543
citylevel_gdp,Medium/Small City,GDP_per,2014,0.3167693524433425,0.2204241280033107,0.1471101874188543
citylevel_gdp,Medium/Small City,GDP_per,2014,0.3226468679035199,0.2281145034686648,0.1471101874188543
citylevel_gdp,Medium/Small City,GDP_per,2014,0.3300356813633766,0.2302512157317659,0.1471101874188543
citylevel_gdp,Medium/Small City,GDP_per,2014,0.3345057390403765,0.2362442703640054,0.1471101874188543
citylevel_gdp,Medium/Small City,GDP_per,2014,0.3411588845434543,0.2390908996717532,0.1471101874188543
citylevel_gdp,Medium/Small City,GDP_per,2014,0.3440931344980517,0.2396922095237528,0.1471101874188543
citylevel_gdp,Medium/Small City,GDP_per,2014,0.3460407259646753,0.2397067383179497,0.1471101874188543
citylevel_gdp,Medium/Small City,GDP_per,2014,0.3602319557614355,0.2478970789276789,0.1471101874188543
citylevel_gdp,Medium/Small City,GDP_per,2014,0.3777359849693724,0.2713210093367775,0.1471101874188543
citylevel_gdp,Medium/Small City,GDP_per,2014,0.3867018893813768,0.2739224469961105,0.1471101874188543
citylevel_gdp,Medium/Small City,GDP_per,2014,0.3918930891246281,0.2803463196604739,0.1471101874188543
citylevel_gdp,Medium/Small City,GDP_per,2014,0.3944115902317991,0.2814928229081904,0.1471101874188543
citylevel_gdp,Medium/Small City,GDP_per,2014,0.3984408508471978,0.2901056161132669,0.1471101874188543
citylevel_gdp,Medium/Small City,GDP_per,2014,0.4088239761265266,0.2902098438392132,0.1471101874188543
citylevel_gdp,Medium/Small City,GDP_per,2014,0.4187419819229055,0.3006162528732592,0.1471101874188543
citylevel_gdp,Medium/Small City,GDP_per,2014,0.4260852276340748,0.3073169678929122,0.1471101874188543
citylevel_gdp,Medium/Small City,GDP_per,2014,0.4353247810265901,0.3166267960830465,0.1471101874188543
citylevel_gdp,Medium/Small City,GDP_per,2014,0.4384911442095643,0.3212136068608994,0.1471101874188543
citylevel_gdp,Medium/Small City,GDP_per,2014,0.4466515155797593,0.3271778120096268,0.1471101874188543
citylevel_gdp,Medium/Small City,GDP_per,2014,0.4511019250081051,0.33155311747474,0.1471101874188543
citylevel_gdp,Medium/Small City,GDP_per,2014,0.4564854498163168,0.33601089884097,0.1471101874188543
citylevel_gdp,Medium/Small City,GDP_per,2014,0.4587358708142016,0.3378514499431821,0.1471101874188543
citylevel_gdp,Medium/Small City,GDP_per,2014,0.4661157740800989,0.3415213376492143,0.1471101874188543
citylevel_gdp,Medium/Small City,GDP_per,2014,0.473712617490703,0.3489851866428663,0.1471101874188543
citylevel_gdp,Medium/Small City,GDP_per,2014,0.479519511971017,0.3568085226985921,0.1471101874188543
citylevel_gdp,Medium/Small City,GDP_per,2014,0.485878726430457,0.3621587073756753,0.1471101874188543
citylevel_gdp,Medium/Small City,GDP_per,2014,0.4883800493258504,0.3674915709343271,0.1471101874188543
citylevel_gdp,Medium/Small City,GDP_per,2014,0.4984513980886172,0.3745608017423154,0.1471101874188543
citylevel_gdp,Medium/Small City,GDP_per,2014,0.5004881801285213,0.3760592679343491,0.1471101874188543
citylevel_gdp,Medium/Small City,GDP_per,2014,0.5030559431695253,0.3784113630990702,0.1471101874188543
citylevel_gdp,Medium/Small City,GDP_per,2014,0.5068041564001194,0.3854962271356684,0.1471101874188543
citylevel_gdp,Medium/Small City,GDP_per,2014,0.5134804051932778,0.3930128208926112,0.1471101874188543
citylevel_gdp,Medium/Small City,GDP_per,2014,0.5196906046859483,0.4062803508770229,0.1471101874188543
citylevel_gdp,Medium/Small City,GDP_per,2014,0.5245911528319497,0.4141243559116851,0.1471101874188543
citylevel_gdp,Medium/Small City,GDP_per,2014,0.5291272877581472,0.4160979935201359,0.1471101874188543
citylevel_gdp,Medium/Small City,GDP_per,2014,0.534660809193011,0.4247844472146886,0.1471101874188543
citylevel_gdp,Medium/Small City,GDP_per,2014,0.5409639770607926,0.4279586847625167,0.1471101874188543
citylevel_gdp,Medium/Small City,GDP_per,2014,0.5474043013770693,0.428365508878047,0.1471101874188543
citylevel_gdp,Medium/Small City,GDP_per,2014,0.5524248377937904,0.433894213112618,0.1471101874188543
citylevel_gdp,Medium/Small City,GDP_per,2014,0.5558185447094259,0.4342733128997987,0.1471101874188543
citylevel_gdp,Medium/Small City,GDP_per,2014,0.5604452582458757,0.4377135833109559,0.1471101874188543
citylevel_gdp,Medium/Small City,GDP_per,2014,0.5647825409886774,0.4504197114382419,0.1471101874188543
citylevel_gdp,Medium/Small City,GDP_per,2014,0.5730795604179223,0.4614506575789627,0.1471101874188543
citylevel_gdp,Medium/Small City,GDP_per,2014,0.5767578550488075,0.462481320961369,0.1471101874188543
citylevel_gdp,Medium/Small City,GDP_per,2014,0.5819232523553846,0.4659385778599567,0.1471101874188543
citylevel_gdp,Medium/Small City,GDP_per,2014,0.586367358758011,0.468919441802421,0.1471101874188543
citylevel_gdp,Medium/Small City,GDP_per,2014,0.589454869734645,0.4753704543992975,0.1471101874188543
citylevel_gdp,Medium/Small City,GDP_per,2014,0.5929090081009032,0.4755671707099673,0.1471101874188543
citylevel_gdp,Medium/Small City,GDP_per,2014,0.5989704401321919,0.4813758279496595,0.1471101874188543
citylevel_gdp,Medium/Small City,GDP_per,2014,0.6078344743367943,0.4931077350266252,0.1471101874188543
citylevel_gdp,Medium/Small City,GDP_per,2014,0.6113441960582757,0.5023961059848999,0.1471101874188543
citylevel_gdp,Medium/Small City,GDP_per,2014,0.6167568111112179,0.5101546470732307,0.1471101874188543
citylevel_gdp,Medium/Small City,GDP_per,2014,0.6210576202559988,0.5109537192951247,0.1471101874188543
citylevel_gdp,Medium/Small City,GDP_per,2014,0.6258935594617923,0.5136857747728785,0.1471101874188543
citylevel_gdp,Medium/Small City,GDP_per,2014,0.6282640707427525,0.517885985216893,0.1471101874188543
citylevel_gdp,Medium/Small City,GDP_per,2014,0.6326495116791446,0.5222110488410701,0.1471101874188543
citylevel_gdp,Medium/Small City,GDP_per,2014,0.6365239994828409,0.5266600632722034,0.1471101874188543
citylevel_gdp,Medium/Small City,GDP_per,2014,0.6445926901748744,0.5446867055747443,0.1471101874188543
citylevel_gdp,Medium/Small City,GDP_per,2014,0.6500852126767223,0.5487916953763193,0.1471101874188543
citylevel_gdp,Medium/Small City,GDP_per,2014,0.6523990619472221,0.5517262584289647,0.1471101874188543
citylevel_gdp,Medium/Small City,GDP_per,2014,0.6534590104596463,0.551726399687052,0.1471101874188543
citylevel_gdp,Medium/Small City,GDP_per,2014,0.6593459411585608,0.5593255594997195,0.1471101874188543
citylevel_gdp,Medium/Small City,GDP_per,2014,0.6641558739029685,0.569777588643449,0.1471101874188543
citylevel_gdp,Medium/Small City,GDP_per,2014,0.6655843077677588,0.5700873231793594,0.1471101874188543
citylevel_gdp,Medium/Small City,GDP_per,2014,0.669760916033227,0.5733088637363097,0.1471101874188543
citylevel_gdp,Medium/Small City,GDP_per,2014,0.679637205465432,0.5863053048068784,0.1471101874188543
citylevel_gdp,Medium/Small City,GDP_per,2014,0.6842540171140377,0.5981434736127083,0.1471101874188543
citylevel_gdp,Medium/Small City,GDP_per,2014,0.6922765413619189,0.6008438788315632,0.1471101874188543
citylevel_gdp,Medium/Small City,GDP_per,2014,0.7000670610831139,0.6091530341190924,0.1471101874188543
citylevel_gdp,Medium/Small City,GDP_per,2014,0.7037036744688331,0.609337700812757,0.1471101874188543
citylevel_gdp,Medium/Small City,GDP_per,2014,0.7078356548371539,0.6184023005760741,0.1471101874188543
citylevel_gdp,Medium/Small City,GDP_per,2014,0.7104936519876679,0.6229677943640599,0.1471101874188543
citylevel_gdp,Medium/Small City,GDP_per,2014,0.7225186059290474,0.6392027768246142,0.1471101874188543
citylevel_gdp,Medium/Small City,GDP_per,2014,0.7272801179234737,0.6564904071162989,0.1471101874188543
citylevel_gdp,Medium/Small City,GDP_per,2014,0.7334428097603636,0.6670143353586871,0.1471101874188543
citylevel_gdp,Medium/Small City,GDP_per,2014,0.7431301355183475,0.6726900037697326,0.1471101874188543
citylevel_gdp,Medium/Small City,GDP_per,2014,0.7467316048113382,0.6763689100653849,0.1471101874188543
citylevel_gdp,Medium/Small City,GDP_per,2014,0.7530210461641013,0.6835228957257073,0.1471101874188543
citylevel_gdp,Medium/Small City,GDP_per,2014,0.7583483404239474,0.6946177281290179,0.1471101874188543
citylevel_gdp,Medium/Small City,GDP_per,2014,0.7606700714031805,0.699134241185941,0.1471101874188543
citylevel_gdp,Medium/Small City,GDP_per,2014,0.7645460024308608,0.7053595581005674,0.1471101874188543
citylevel_gdp,Medium/Small City,GDP_per,2014,0.7733778090927095,0.719653811685526,0.1471101874188543
citylevel_gdp,Medium/Small City,GDP_per,2014,0.7760745391640744,0.7248429668457865,0.1471101874188543
citylevel_gdp,Medium/Small City,GDP_per,2014,0.785615600944227,0.7347882216800616,0.1471101874188543
citylevel_gdp,Medium/Small City,GDP_per,2014,0.792276337169974,0.7414410093549357,0.1471101874188543
citylevel_gdp,Medium/Small City,GDP_per,2014,0.7954304839552617,0.74540548809793,0.1471101874188543
citylevel_gdp,Medium/Small City,GDP_per,2014,0.7995482494871232,0.749522839097165,0.1471101874188543
citylevel_gdp,Medium/Small City,GDP_per,2014,0.8040405609086837,0.7525160069978869,0.1471101874188543
citylevel_gdp,Medium/Small City,GDP_per,2014,0.8087076730103507,0.7581422440877286,0.1471101874188543
citylevel_gdp,Medium/Small City,GDP_per,2014,0.8160835158500218,0.7693331906357561,0.1471101874188543
citylevel_gdp,Medium/Small City,GDP_per,2014,0.8233934587078676,0.7774468807906871,0.1471101874188543
citylevel_gdp,Medium/Small City,GDP_per,2014,0.8269922572839377,0.7880657778371777,0.1471101874188543
citylevel_gdp,Medium/Small City,GDP_per,2014,0.8311370728134143,0.7923485869867261,0.1471101874188543
citylevel_gdp,Medium/Small City,GDP_per,2014,0.8350656806803454,0.7960398606002137,0.1471101874188543
citylevel_gdp,Medium/Small City,GDP_per,2014,0.8432182121501495,0.8018664974113611,0.1471101874188543
citylevel_gdp,Medium/Small City,GDP_per,2014,0.84408906487399,0.8018664974113611,0.1471101874188543
citylevel_gdp,Medium/Small City,GDP_per,2014,0.8469262575975771,0.8019679668088043,0.1471101874188543
citylevel_gdp,Medium/Small City,GDP_per,2014,0.8529030277352481,0.8096054425851168,0.1471101874188543
citylevel_gdp,Medium/Small City,GDP_per,2014,0.8548170420858211,0.8118842452488829,0.1471101874188543
citylevel_gdp,Medium/Small City,GDP_per,2014,0.8569910641909053,0.8118842452488829,0.1471101874188543
citylevel_gdp,Medium/Small City,GDP_per,2014,0.8596005268727461,0.8156848650233428,0.1471101874188543
citylevel_gdp,Medium/Small City,GDP_per,2014,0.8603990913000232,0.8158636491485358,0.1471101874188543
citylevel_gdp,Medium/Small City,GDP_per,2014,0.8615399071808973,0.8180695316717188,0.1471101874188543
citylevel_gdp,Medium/Small City,GDP_per,2014,0.8647366349268824,0.8249399963424218,0.1471101874188543
citylevel_gdp,Medium/Small City,GDP_per,2014,0.8665979155788589,0.8269524524578954,0.1471101874188543
citylevel_gdp,Medium/Small City,GDP_per,2014,0.8703932250711433,0.8282338626761048,0.1471101874188543
citylevel_gdp,Medium/Small City,GDP_per,2014,0.8750294374630152,0.8370295049795354,0.1471101874188543
citylevel_gdp,Medium/Small City,GDP_per,2014,0.8798272993027685,0.8432088999583562,0.1471101874188543
citylevel_gdp,Medium/Small City,GDP_per,2014,0.8818112790783942,0.8446638854798897,0.1471101874188543
citylevel_gdp,Medium/Small City,GDP_per,2014,0.8827626881166163,0.848044876119672,0.1471101874188543
citylevel_gdp,Medium/Small City,GDP_per,2014,0.8876597109831759,0.8510851281062327,0.1471101874188543
citylevel_gdp,Medium/Small City,GDP_per,2014,0.8905709011283689,0.8521622160328075,0.1471101874188543
citylevel_gdp,Medium/Small City,GDP_per,2014,0.8997050339490347,0.8619600707194602,0.1471101874188543
citylevel_gdp,Medium/Small City,GDP_per,2014,0.9060856743478533,0.8691033193495774,0.1471101874188543
citylevel_gdp,Medium/Small City,GDP_per,2014,0.9098194737342776,0.8773235605738643,0.1471101874188543
citylevel_gdp,Medium/Small City,GDP_per,2014,0.9144743711105918,0.8773235605738643,0.1471101874188543
citylevel_gdp,Medium/Small City,GDP_per,2014,0.9198240361783576,0.8801892434374632,0.1471101874188543
citylevel_gdp,Medium/Small City,GDP_per,2014,0.9210652004429656,0.8807161753025502,0.1471101874188543
citylevel_gdp,Medium/Small City,GDP_per,2014,0.9247855542664334,0.8865569734265389,0.1471101874188543
citylevel_gdp,Medium/Small City,GDP_per,2014,0.9291372073727286,0.8905156622236766,0.1471101874188543
citylevel_gdp,Medium/Small City,GDP_per,2014,0.9332772667851594,0.894310098614164,0.1471101874188543
citylevel_gdp,Medium/Small City,GDP_per,2014,0.9375394935191224,0.8998478987344151,0.1471101874188543
citylevel_gdp,Medium/Small City,GDP_per,2014,0.939248595148967,0.9046978073407512,0.1471101874188543
citylevel_gdp,Medium/Small City,GDP_per,2014,0.9406948126103346,0.9073163198167044,0.1471101874188543
citylevel_gdp,Medium/Small City,GDP_per,2014,0.9455848250540192,0.915926593889607,0.1471101874188543
citylevel_gdp,Medium/Small City,GDP_per,2014,0.9465337607106974,0.915926593889607,0.1471101874188543
citylevel_gdp,Medium/Small City,GDP_per,2014,0.9494363065629896,0.921241488939486,0.1471101874188543
citylevel_gdp,Medium/Small City,GDP_per,2014,0.9514938573151274,0.9291290246581532,0.1471101874188543
citylevel_gdp,Medium/Small City,GDP_per,2014,0.9593498455560528,0.9359325545473386,0.1471101874188543
citylevel_gdp,Medium/Small City,GDP_per,2014,0.9669581795715172,0.9506934462101448,0.1471101874188543
citylevel_gdp,Medium/Small City,GDP_per,2014,0.968879294650985,0.952887715885373,0.1471101874188543
citylevel_gdp,Medium/Small City,GDP_per,2014,0.9745268023509152,0.956862984157261,0.1471101874188543
citylevel_gdp,Medium/Small City,GDP_per,2014,0.976259423681932,0.9580465959117276,0.1471101874188543
citylevel_gdp,Medium/Small City,GDP_per,2014,0.9786204946391496,0.9638683280988464,0.1471101874188543
citylevel_gdp,Medium/Small City,GDP_per,2014,0.981315773124862,0.967988510986696,0.1471101874188543
citylevel_gdp,Medium/Small City,GDP_per,2014,0.9860580867283996,0.9791349514331752,0.1471101874188543
citylevel_gdp,Medium/Small City,GDP_per,2014,0.9864542692715232,0.9803536184525344,0.1471101874188543
citylevel_gdp,Medium/Small City,GDP_per,2014,0.9917513996484028,0.9907653119135192,0.1471101874188543
citylevel_gdp,Medium/Small City,GDP_per,2014,0.9926163891702874,0.9907653119135192,0.1471101874188543
citylevel_gdp,Medium/Small City,GDP_per,2014,0.993187359014848,0.9932755679969388,0.1471101874188543
citylevel_gdp,Medium/Small City,GDP_per,2014,0.9966545583073118,0.9967410900865108,0.1471101874188543
citylevel_gdp,Medium/Small City,GDP_per,2014,1.0,1.0000000000000002,0.1471101874188543
citylevel_gdp,Super City,GDP_per,2014,0.0,0.0,0.0077134180436363
citylevel_gdp,Super City,GDP_per,2014,0.0928644183843828,0.1259319898236988,0.0077134180436363
citylevel_gdp,Super City,GDP_per,2014,0.1491247583395704,0.1730012679095421,0.0077134180436363
citylevel_gdp,Super City,GDP_per,2014,0.2225639345972735,0.2296525686574784,0.0077134180436363
citylevel_gdp,Super City,GDP_per,2014,0.2938230715412848,0.2705377161214767,0.0077134180436363
citylevel_gdp,Super City,GDP_per,2014,0.3705897951907313,0.3572315088486042,0.0077134180436363
citylevel_gdp,Super City,GDP_per,2014,0.4418949211528126,0.424401746518022,0.0077134180436363
citylevel_gdp,Super City,GDP_per,2014,0.5127274543050203,0.5134662739021115,0.0077134180436363
citylevel_gdp,Super City,GDP_per,2014,0.5873157458069829,0.5539426320746124,0.0077134180436363
citylevel_gdp,Super City,GDP_per,2014,0.6733119265097038,0.6614383509738796,0.0077134180436363
citylevel_gdp,Super City,GDP_per,2014,0.7349185091530909,0.7256933538391036,0.0077134180436363
citylevel_gdp,Super City,GDP_per,2014,0.8106958630037773,0.8092850292044803,0.0077134180436363
citylevel_gdp,Super City,GDP_per,2014,0.8803697066702512,0.8732506703779801,0.0077134180436363
citylevel_gdp,Super City,GDP_per,2014,0.9419188954316214,0.9465605029314412,0.0077134180436363
citylevel_gdp,Super City,GDP_per,2014,1.0,1.0,0.0077134180436363
citylevel_gdp,Large City,GDP_per,2014,0.0,0.0,0.107814916441246
citylevel_gdp,Large City,GDP_per,2014,0.0194120708906837,0.0184482815240732,0.107814916441246
citylevel_gdp,Large City,GDP_per,2014,0.0339385582570265,0.0302459073019245,0.107814916441246
citylevel_gdp,Large City,GDP_per,2014,0.0503524846457589,0.034226891314994,0.107814916441246
citylevel_gdp,Large City,GDP_per,2014,0.0628039864745565,0.0484259116492175,0.107814916441246
citylevel_gdp,Large City,GDP_per,2014,0.0780666249545638,0.0533573428683776,0.107814916441246
citylevel_gdp,Large City,GDP_per,2014,0.1040380968672181,0.0683433322689775,0.107814916441246
citylevel_gdp,Large City,GDP_per,2014,0.1117206337348486,0.0766188914523435,0.107814916441246
citylevel_gdp,Large City,GDP_per,2014,0.1214679694481595,0.0829484317590926,0.107814916441246
citylevel_gdp,Large City,GDP_per,2014,0.1356585036883128,0.0922723998633591,0.107814916441246
citylevel_gdp,Large City,GDP_per,2014,0.1457419979506831,0.0961477455591046,0.107814916441246
citylevel_gdp,Large City,GDP_per,2014,0.1581244548704717,0.101980352194026,0.107814916441246
citylevel_gdp,Large City,GDP_per,2014,0.1742573239712484,0.1131908988665602,0.107814916441246
citylevel_gdp,Large City,GDP_per,2014,0.1846303572036199,0.1155808880283462,0.107814916441246
citylevel_gdp,Large City,GDP_per,2014,0.1950960224554038,0.1246515698939736,0.107814916441246
citylevel_gdp,Large City,GDP_per,2014,0.2116356585105357,0.1399495748282399,0.107814916441246
citylevel_gdp,Large City,GDP_per,2014,0.2328765772561952,0.1533575160479564,0.107814916441246
citylevel_gdp,Large City,GDP_per,2014,0.2408740114058629,0.1570278235354228,0.107814916441246
citylevel_gdp,Large City,GDP_per,2014,0.2516025357618163,0.166293926419616,0.107814916441246
citylevel_gdp,Large City,GDP_per,2014,0.2648118767943744,0.1804668265700381,0.107814916441246
citylevel_gdp,Large City,GDP_per,2014,0.2880671881784233,0.1896903590321192,0.107814916441246
citylevel_gdp,Large City,GDP_per,2014,0.2958297760559303,0.2060182115128795,0.107814916441246
citylevel_gdp,Large City,GDP_per,2014,0.3068484967350682,0.2147357753817541,0.107814916441246
citylevel_gdp,Large City,GDP_per,2014,0.3145864521280125,0.2229847062310603,0.107814916441246
citylevel_gdp,Large City,GDP_per,2014,0.3215098624752318,0.2273453403680019,0.107814916441246
citylevel_gdp,Large City,GDP_per,2014,0.3315978075664473,0.2316019365846612,0.107814916441246
citylevel_gdp,Large City,GDP_per,2014,0.3435653445264268,0.2413737365782893,0.107814916441246
citylevel_gdp,Large City,GDP_per,2014,0.3569836348546954,0.2479846428951431,0.107814916441246
citylevel_gdp,Large City,GDP_per,2014,0.3724421805606585,0.2790780979656404,0.107814916441246
citylevel_gdp,Large City,GDP_per,2014,0.3825691354548451,0.2850762824121201,0.107814916441246
citylevel_gdp,Large City,GDP_per,2014,0.4011965731521201,0.3024464550665708,0.107814916441246
citylevel_gdp,Large City,GDP_per,2014,0.41151061578372,0.3109696387989745,0.107814916441246
citylevel_gdp,Large City,GDP_per,2014,0.4166400088647728,0.328286207253577,0.107814916441246
citylevel_gdp,Large City,GDP_per,2014,0.4377454968773395,0.3523603192965079,0.107814916441246
citylevel_gdp,Large City,GDP_per,2014,0.4504830705945917,0.3602013581950803,0.107814916441246
citylevel_gdp,Large City,GDP_per,2014,0.4740640251592435,0.3873003946275819,0.107814916441246
citylevel_gdp,Large City,GDP_per,2014,0.4893284804904103,0.3974053073518137,0.107814916441246
citylevel_gdp,Large City,GDP_per,2014,0.494090785185644,0.4116815343258212,0.107814916441246
citylevel_gdp,Large City,GDP_per,2014,0.5052205323609449,0.417991382811483,0.107814916441246
citylevel_gdp,Large City,GDP_per,2014,0.5263176162956612,0.4333336755827966,0.107814916441246
citylevel_gdp,Large City,GDP_per,2014,0.5350011194633413,0.441700107714162,0.107814916441246
citylevel_gdp,Large City,GDP_per,2014,0.5414042918278921,0.4469344479436787,0.107814916441246
citylevel_gdp,Large City,GDP_per,2014,0.5582529089864116,0.4505815968137603,0.107814916441246
citylevel_gdp,Large City,GDP_per,2014,0.571010716856337,0.460570458934213,0.107814916441246
citylevel_gdp,Large City,GDP_per,2014,0.5799784978860754,0.4684809008662949,0.107814916441246
citylevel_gdp,Large City,GDP_per,2014,0.5883400668971901,0.4873564285246439,0.107814916441246
citylevel_gdp,Large City,GDP_per,2014,0.5984083849744364,0.510132537463539,0.107814916441246
citylevel_gdp,Large City,GDP_per,2014,0.6086710627586862,0.5254038330847588,0.107814916441246
citylevel_gdp,Large City,GDP_per,2014,0.6213577441011887,0.5386941613725054,0.107814916441246
citylevel_gdp,Large City,GDP_per,2014,0.6351734386659031,0.5462884352570619,0.107814916441246
citylevel_gdp,Large City,GDP_per,2014,0.643883443666261,0.5605290695880012,0.107814916441246
citylevel_gdp,Large City,GDP_per,2014,0.6636287629486822,0.5778188362415311,0.107814916441246
citylevel_gdp,Large City,GDP_per,2014,0.6733769751329043,0.607801998477506,0.107814916441246
citylevel_gdp,Large City,GDP_per,2014,0.6783404618568943,0.6150136789034591,0.107814916441246
citylevel_gdp,Large City,GDP_per,2014,0.6891499273884935,0.6203729166744789,0.107814916441246
citylevel_gdp,Large City,GDP_per,2014,0.6973310917528917,0.6310257276784287,0.107814916441246
citylevel_gdp,Large City,GDP_per,2014,0.701833835522254,0.6382828025668758,0.107814916441246
citylevel_gdp,Large City,GDP_per,2014,0.7102569880272521,0.645718260129457,0.107814916441246
citylevel_gdp,Large City,GDP_per,2014,0.7272738191264049,0.6779124510725392,0.107814916441246
citylevel_gdp,Large City,GDP_per,2014,0.74621683656614,0.6859450298174771,0.107814916441246
citylevel_gdp,Large City,GDP_per,2014,0.762610969320131,0.7184358315681498,0.107814916441246
citylevel_gdp,Large City,GDP_per,2014,0.7743207964425434,0.7506806218863785,0.107814916441246
citylevel_gdp,Large City,GDP_per,2014,0.7815992961975103,0.7788620573516728,0.107814916441246
citylevel_gdp,Large City,GDP_per,2014,0.8019534272390962,0.8186018923584875,0.107814916441246
citylevel_gdp,Large City,GDP_per,2014,0.8113540570802229,0.8319663881026758,0.107814916441246
citylevel_gdp,Large City,GDP_per,2014,0.8282604186074373,0.8419750518380773,0.107814916441246
citylevel_gdp,Large City,GDP_per,2014,0.845962296175206,0.8515291115090287,0.107814916441246
citylevel_gdp,Large City,GDP_per,2014,0.8563222302759146,0.860091486126319,0.107814916441246
citylevel_gdp,Large City,GDP_per,2014,0.8723878462116019,0.8712266506576328,0.107814916441246
citylevel_gdp,Large City,GDP_per,2014,0.8838817168359682,0.8842841113897758,0.107814916441246
citylevel_gdp,Large City,GDP_per,2014,0.8919684642844632,0.8969461583980214,0.107814916441246
citylevel_gdp,Large City,GDP_per,2014,0.9023491575074012,0.903863080982338,0.107814916441246
citylevel_gdp,Large City,GDP_per,2014,0.9096767693055796,0.9146351640365018,0.107814916441246
citylevel_gdp,Large City,GDP_per,2014,0.916330909072616,0.930948342485195,0.107814916441246
citylevel_gdp,Large City,GDP_per,2014,0.9339145908860664,0.9452510284289668,0.107814916441246
citylevel_gdp,Large City,GDP_per,2014,0.9446015239583186,0.9538522474670031,0.107814916441246
citylevel_gdp,Large City,GDP_per,2014,0.9481352834859798,0.9563785558195584,0.107814916441246
citylevel_gdp,Large City,GDP_per,2014,0.962907659744972,0.9695595321728387,0.107814916441246
citylevel_gdp,Large City,GDP_per,2014,0.9871167700556926,0.9820632303488228,0.107814916441246
citylevel_gdp,Large City,GDP_per,2014,0.993272907724476,0.9920107273191948,0.107814916441246
citylevel_gdp,Large City,GDP_per,2014,1.0,1.0000000000000004,0.107814916441246
citylevel_gdp,Mega/Super City,GDP_per,2014,0.0,0.0,0.0595129244859416
citylevel_gdp,Mega/Super City,GDP_per,2014,0.1215571946813958,0.0567175310313467,0.0595129244859416
citylevel_gdp,Mega/Super City,GDP_per,2014,0.1664360319005534,0.1296723098700584,0.0595129244859416
citylevel_gdp,Mega/Super City,GDP_per,2014,0.1936251176954196,0.1569404311604305,0.0595129244859416
citylevel_gdp,Mega/Super City,GDP_per,2014,0.2291162659104044,0.1897595990523783,0.0595129244859416
citylevel_gdp,Mega/Super City,GDP_per,2014,0.2929571133140202,0.2452339664666493,0.0595129244859416
citylevel_gdp,Mega/Super City,GDP_per,2014,0.3273947080669505,0.2689195041540939,0.0595129244859416
citylevel_gdp,Mega/Super City,GDP_per,2014,0.3644939690589404,0.3191428547415907,0.0595129244859416
citylevel_gdp,Mega/Super City,GDP_per,2014,0.3989537890483147,0.3580558413510811,0.0595129244859416
citylevel_gdp,Mega/Super City,GDP_per,2014,0.4331852178394858,0.4096526032761265,0.0595129244859416
citylevel_gdp,Mega/Super City,GDP_per,2014,0.4692317020689568,0.4331013216105649,0.0595129244859416
citylevel_gdp,Mega/Super City,GDP_per,2014,0.5663918381123247,0.5128289042189424,0.0595129244859416
citylevel_gdp,Mega/Super City,GDP_per,2014,0.6079514436358513,0.5751032033019904,0.0595129244859416
citylevel_gdp,Mega/Super City,GDP_per,2014,0.6906917083789967,0.655697817900919,0.0595129244859416
citylevel_gdp,Mega/Super City,GDP_per,2014,0.7204644872557998,0.6929219539594047,0.0595129244859416
citylevel_gdp,Mega/Super City,GDP_per,2014,0.7570856128443642,0.7413481894026471,0.0595129244859416
citylevel_gdp,Mega/Super City,GDP_per,2014,0.8112609370976258,0.7954385792961368,0.0595129244859416
citylevel_gdp,Mega/Super City,GDP_per,2014,0.8449324029048845,0.8324950826645198,0.0595129244859416
citylevel_gdp,Mega/Super City,GDP_per,2014,0.8746774448859721,0.8749648524833578,0.0595129244859416
citylevel_gdp,Mega/Super City,GDP_per,2014,0.90274645649216,0.9059233618767748,0.0595129244859416
citylevel_gdp,Mega/Super City,GDP_per,2014,0.9569619323732864,0.9789691024290508,0.0595129244859416
citylevel_gdp,Mega/Super City,GDP_per,2014,1.0,1.0000000000000002,0.0595129244859416
national_gdp,National,GDP_per,2024,0.0,0.0,0.1856688162671902
national_gdp,National,GDP_per,2024,0.0020457926623747,0.0005251188369211,0.1856688162671902
national_gdp,National,GDP_per,2024,0.0041944353819032,0.0011024367585218,0.1856688162671902
national_gdp,National,GDP_per,2024,0.0067863716001401,0.0033453690953132,0.1856688162671902
national_gdp,National,GDP_per,2024,0.0093851554866609,0.0053033981102514,0.1856688162671902
national_gdp,National,GDP_per,2024,0.0115527013115151,0.0059894722242938,0.1856688162671902
national_gdp,National,GDP_per,2024,0.0133672043752675,0.0070901559828364,0.1856688162671902
national_gdp,National,GDP_per,2024,0.0176885241697664,0.0085872436053135,0.1856688162671902
national_gdp,National,GDP_per,2024,0.0219591736195505,0.012671776244514,0.1856688162671902
national_gdp,National,GDP_per,2024,0.0226893572627312,0.0135517041173583,0.1856688162671902
national_gdp,National,GDP_per,2024,0.0259735231274925,0.0152622161432358,0.1856688162671902
national_gdp,National,GDP_per,2024,0.0311815484482853,0.0168092465082373,0.1856688162671902
national_gdp,National,GDP_per,2024,0.0330452447468871,0.0178249148656882,0.1856688162671902
national_gdp,National,GDP_per,2024,0.0364213237542636,0.0198177870914503,0.1856688162671902
national_gdp,National,GDP_per,2024,0.0420761369250867,0.0220163118382826,0.1856688162671902
national_gdp,National,GDP_per,2024,0.046431862351761,0.0262251482199711,0.1856688162671902
national_gdp,National,GDP_per,2024,0.0473511003038648,0.0265720955125269,0.1856688162671902
national_gdp,National,GDP_per,2024,0.0490002833410298,0.0273892894429931,0.1856688162671902
national_gdp,National,GDP_per,2024,0.0531303928013374,0.0285715004097784,0.1856688162671902
national_gdp,National,GDP_per,2024,0.0555519775171785,0.0297889225989854,0.1856688162671902
national_gdp,National,GDP_per,2024,0.056998672722638,0.0307800216990083,0.1856688162671902
national_gdp,National,GDP_per,2024,0.0641213655100364,0.0328797982400652,0.1856688162671902
national_gdp,National,GDP_per,2024,0.0657350138899639,0.0332674332517616,0.1856688162671902
national_gdp,National,GDP_per,2024,0.0684244371087639,0.0345426441587564,0.1856688162671902
national_gdp,National,GDP_per,2024,0.0687915300428812,0.0345426441587564,0.1856688162671902
national_gdp,National,GDP_per,2024,0.0746338678999687,0.0358081243805159,0.1856688162671902
national_gdp,National,GDP_per,2024,0.0767193234753396,0.0370123703446214,0.1856688162671902
national_gdp,National,GDP_per,2024,0.0778966633082884,0.0380816067568158,0.1856688162671902
national_gdp,National,GDP_per,2024,0.0793786366084796,0.0394914545456965,0.1856688162671902
national_gdp,National,GDP_per,2024,0.0840640486060338,0.042094608702574,0.1856688162671902
national_gdp,National,GDP_per,2024,0.0901096394812475,0.0456202185646135,0.1856688162671902
national_gdp,National,GDP_per,2024,0.0909546753556475,0.0472334700169068,0.1856688162671902
national_gdp,National,GDP_per,2024,0.0920665594917558,0.0482764848536136,0.1856688162671902
national_gdp,National,GDP_per,2024,0.0929817179499807,0.0491186795407325,0.1856688162671902
national_gdp,National,GDP_per,2024,0.0986132086888064,0.0520915249425807,0.1856688162671902
national_gdp,National,GDP_per,2024,0.1007069282775224,0.0530677085148703,0.1856688162671902
national_gdp,National,GDP_per,2024,0.1042258923457004,0.0565818959241047,0.1856688162671902
national_gdp,National,GDP_per,2024,0.1083125572216908,0.0582468438345264,0.1856688162671902
national_gdp,National,GDP_per,2024,0.1125699419398149,0.0596428466325105,0.1856688162671902
national_gdp,National,GDP_per,2024,0.1167777853382864,0.0608360436408338,0.1856688162671902
national_gdp,National,GDP_per,2024,0.1205264756242033,0.0638428456183394,0.1856688162671902
national_gdp,National,GDP_per,2024,0.1239827259135488,0.0650695102714513,0.1856688162671902
national_gdp,National,GDP_per,2024,0.1262744022300665,0.0656043773733086,0.1856688162671902
national_gdp,National,GDP_per,2024,0.1297340786041021,0.0665620506165012,0.1856688162671902
national_gdp,National,GDP_per,2024,0.1319645092494594,0.0699271787721271,0.1856688162671902
national_gdp,National,GDP_per,2024,0.1408540429887852,0.0744571192287281,0.1856688162671902
national_gdp,National,GDP_per,2024,0.142679192646346,0.0757068993823678,0.1856688162671902
national_gdp,National,GDP_per,2024,0.1442379921635548,0.0765229472446264,0.1856688162671902
national_gdp,National,GDP_per,2024,0.1461645095171246,0.0781414411442565,0.1856688162671902
national_gdp,National,GDP_per,2024,0.1481976886064798,0.0807577095968407,0.1856688162671902
national_gdp,National,GDP_per,2024,0.1500401862404934,0.0819131936524108,0.1856688162671902
national_gdp,National,GDP_per,2024,0.1521153200511934,0.0830341382797246,0.1856688162671902
national_gdp,National,GDP_per,2024,0.1532849345020228,0.0843087162971813,0.1856688162671902
national_gdp,National,GDP_per,2024,0.1556286817544784,0.0850898074063898,0.1856688162671902
national_gdp,National,GDP_per,2024,0.1613757501512578,0.0879768444833987,0.1856688162671902
national_gdp,National,GDP_per,2024,0.16550421971204,0.0908872340993134,0.1856688162671902
national_gdp,National,GDP_per,2024,0.1668625388866238,0.0918259443858391,0.1856688162671902
national_gdp,National,GDP_per,2024,0.1695925522443181,0.0933293831929819,0.1856688162671902
national_gdp,National,GDP_per,2024,0.1701139337674559,0.0936035570459916,0.1856688162671902
national_gdp,National,GDP_per,2024,0.1717894174621974,0.0945032965169566,0.1856688162671902
national_gdp,National,GDP_per,2024,0.1738134878324136,0.0959169959865107,0.1856688162671902
national_gdp,National,GDP_per,2024,0.1775954044631985,0.1000071382258797,0.1856688162671902
national_gdp,National,GDP_per,2024,0.1824416533951333,0.1012779904971357,0.1856688162671902
national_gdp,National,GDP_per,2024,0.1897367921952089,0.1047669406384478,0.1856688162671902
national_gdp,National,GDP_per,2024,0.1921777563824319,0.1053874801980376,0.1856688162671902
national_gdp,National,GDP_per,2024,0.2003635744269104,0.1120353740373417,0.1856688162671902
national_gdp,National,GDP_per,2024,0.2042138379589142,0.113834885892998,0.1856688162671902
national_gdp,National,GDP_per,2024,0.2066678710800955,0.1150957005878839,0.1856688162671902
national_gdp,National,GDP_per,2024,0.2091585116198689,0.1176299696692077,0.1856688162671902
national_gdp,National,GDP_per,2024,0.2141490687093115,0.1226330867073892,0.1856688162671902
national_gdp,National,GDP_per,2024,0.2160874862120908,0.1233741212104061,0.1856688162671902
national_gdp,National,GDP_per,2024,0.2175328573449692,0.125603405987891,0.1856688162671902
national_gdp,National,GDP_per,2024,0.2218909098385821,0.1284024748622154,0.1856688162671902
national_gdp,National,GDP_per,2024,0.2280266494265465,0.1313210874256304,0.1856688162671902
national_gdp,National,GDP_per,2024,0.2316944955165537,0.1340886005864284,0.1856688162671902
national_gdp,National,GDP_per,2024,0.2371825175523862,0.1386108866822749,0.1856688162671902
national_gdp,National,GDP_per,2024,0.2417724057776748,0.1420009078404635,0.1856688162671902
national_gdp,National,GDP_per,2024,0.2446288789445194,0.1436017544964664,0.1856688162671902
national_gdp,National,GDP_per,2024,0.246514860172354,0.1446585001181798,0.1856688162671902
national_gdp,National,GDP_per,2024,0.2531788642103298,0.1501947042584962,0.1856688162671902
national_gdp,National,GDP_per,2024,0.2580997833340141,0.1523133488599926,0.1856688162671902
national_gdp,National,GDP_per,2024,0.2590082989238502,0.1525660586127394,0.1856688162671902
national_gdp,National,GDP_per,2024,0.2613157515839269,0.1528887928014261,0.1856688162671902
national_gdp,National,GDP_per,2024,0.2679343245536223,0.1552257494741937,0.1856688162671902
national_gdp,National,GDP_per,2024,0.2701954759334107,0.1561006946428848,0.1856688162671902
national_gdp,National,GDP_per,2024,0.2731440985504416,0.1576246941442944,0.1856688162671902
national_gdp,National,GDP_per,2024,0.2755914737995788,0.1606923716901045,0.1856688162671902
national_gdp,National,GDP_per,2024,0.2765255953777507,0.1612103006833794,0.1856688162671902
national_gdp,National,GDP_per,2024,0.2775151419590052,0.1615052338644889,0.1856688162671902
national_gdp,National,GDP_per,2024,0.2801810004367744,0.1631672654936641,0.1856688162671902
national_gdp,National,GDP_per,2024,0.2844519049486988,0.1661155491464537,0.1856688162671902
national_gdp,National,GDP_per,2024,0.2862083828759033,0.1675951145571388,0.1856688162671902
national_gdp,National,GDP_per,2024,0.2892259435381723,0.1692944128094005,0.1856688162671902
national_gdp,National,GDP_per,2024,0.2912161063975694,0.172529506207987,0.1856688162671902
national_gdp,National,GDP_per,2024,0.2935109867446786,0.1743518970480262,0.1856688162671902
national_gdp,National,GDP_per,2024,0.2956251945749039,0.1754635776809647,0.1856688162671902
national_gdp,National,GDP_per,2024,0.2983790502412521,0.1776425967881481,0.1856688162671902
national_gdp,National,GDP_per,2024,0.2989403354860538,0.1778772849171934,0.1856688162671902
national_gdp,National,GDP_per,2024,0.3011936437050285,0.1799107523309212,0.1856688162671902
national_gdp,National,GDP_per,2024,0.3050956578449294,0.1823048444196325,0.1856688162671902
national_gdp,National,GDP_per,2024,0.306426667366117,0.182678565194793,0.1856688162671902
national_gdp,National,GDP_per,2024,0.3109633878882644,0.1873792266842535,0.1856688162671902
national_gdp,National,GDP_per,2024,0.3162014077665713,0.1893223347290133,0.1856688162671902
national_gdp,National,GDP_per,2024,0.3179054464180999,0.1911889208837375,0.1856688162671902
national_gdp,National,GDP_per,2024,0.3215444344774829,0.1940528377152814,0.1856688162671902
national_gdp,National,GDP_per,2024,0.3250049998180956,0.197913579525275,0.1856688162671902
national_gdp,National,GDP_per,2024,0.3276460369987019,0.1995984921930906,0.1856688162671902
national_gdp,National,GDP_per,2024,0.3304059391381403,0.2011504035515661,0.1856688162671902
national_gdp,National,GDP_per,2024,0.3383923833595731,0.2051171779339022,0.1856688162671902
national_gdp,National,GDP_per,2024,0.3408986689609216,0.2067096740836379,0.1856688162671902
national_gdp,National,GDP_per,2024,0.3436159374636124,0.2081005791123581,0.1856688162671902
national_gdp,National,GDP_per,2024,0.3470602816022862,0.2091524412413247,0.1856688162671902
national_gdp,National,GDP_per,2024,0.3501787786054741,0.209704564890679,0.1856688162671902
national_gdp,National,GDP_per,2024,0.3586492812570941,0.2272732060577914,0.1856688162671902
national_gdp,National,GDP_per,2024,0.3596053659360922,0.2280890992836401,0.1856688162671902
national_gdp,National,GDP_per,2024,0.3615190394105335,0.22951922053889,0.1856688162671902
national_gdp,National,GDP_per,2024,0.3630019436875367,0.2309303551375599,0.1856688162671902
national_gdp,National,GDP_per,2024,0.3659734393770885,0.2337314912159885,0.1856688162671902
national_gdp,National,GDP_per,2024,0.3694145674822465,0.2352546349852901,0.1856688162671902
national_gdp,National,GDP_per,2024,0.3723296794351414,0.2391974790685303,0.1856688162671902
national_gdp,National,GDP_per,2024,0.3733434426662499,0.2394242836600555,0.1856688162671902
national_gdp,National,GDP_per,2024,0.3749339966697406,0.2399828931263899,0.1856688162671902
national_gdp,National,GDP_per,2024,0.377289698084565,0.2421148460871537,0.1856688162671902
national_gdp,National,GDP_per,2024,0.3819468829552006,0.2450027000505993,0.1856688162671902
national_gdp,National,GDP_per,2024,0.3865715346498437,0.2489034537069381,0.1856688162671902
national_gdp,National,GDP_per,2024,0.3922500603477024,0.2534210422874922,0.1856688162671902
national_gdp,National,GDP_per,2024,0.3932861550193751,0.2540470112385358,0.1856688162671902
national_gdp,National,GDP_per,2024,0.3943749552816053,0.2548250420303645,0.1856688162671902
national_gdp,National,GDP_per,2024,0.3977130217780698,0.2578310050637847,0.1856688162671902
national_gdp,National,GDP_per,2024,0.4015443566985338,0.2593678681543147,0.1856688162671902
national_gdp,National,GDP_per,2024,0.4068444204424635,0.2698702384318006,0.1856688162671902
national_gdp,National,GDP_per,2024,0.4097509097946514,0.2714819662142892,0.1856688162671902
national_gdp,National,GDP_per,2024,0.4112221907398856,0.2725803430866565,0.1856688162671902
national_gdp,National,GDP_per,2024,0.4140337782213205,0.27544528303952,0.1856688162671902
national_gdp,National,GDP_per,2024,0.4166201878431238,0.2775788187335868,0.1856688162671902
national_gdp,National,GDP_per,2024,0.4210007435691543,0.2811143385601383,0.1856688162671902
national_gdp,National,GDP_per,2024,0.4255313756079766,0.2851117309406963,0.1856688162671902
national_gdp,National,GDP_per,2024,0.4279047505785739,0.2862935908894812,0.1856688162671902
national_gdp,National,GDP_per,2024,0.4298404036578623,0.2869894069494434,0.1856688162671902
national_gdp,National,GDP_per,2024,0.4355266232301643,0.2913209095131318,0.1856688162671902
national_gdp,National,GDP_per,2024,0.4367822828940169,0.2924685103475172,0.1856688162671902
national_gdp,National,GDP_per,2024,0.4399075630497707,0.2937964293321641,0.1856688162671902
national_gdp,National,GDP_per,2024,0.4424246557840393,0.2968019493096559,0.1856688162671902
national_gdp,National,GDP_per,2024,0.4454115407228432,0.3011296918368069,0.1856688162671902
national_gdp,National,GDP_per,2024,0.448874460887157,0.3039198859186701,0.1856688162671902
national_gdp,National,GDP_per,2024,0.4552914192378861,0.3098359635978757,0.1856688162671902
national_gdp,National,GDP_per,2024,0.4570163977409488,0.3109495919931395,0.1856688162671902
national_gdp,National,GDP_per,2024,0.460668019628286,0.3131799244370286,0.1856688162671902
national_gdp,National,GDP_per,2024,0.462317119395164,0.3148276157267526,0.1856688162671902
national_gdp,National,GDP_per,2024,0.4635807249948691,0.3158345153640015,0.1856688162671902
national_gdp,National,GDP_per,2024,0.4716906665537111,0.3263636558942764,0.1856688162671902
national_gdp,National,GDP_per,2024,0.4757050910799296,0.33163179131966,0.1856688162671902
national_gdp,National,GDP_per,2024,0.4782873972020055,0.3338191324988132,0.1856688162671902
national_gdp,National,GDP_per,2024,0.4827130426631579,0.3372862919374784,0.1856688162671902
national_gdp,National,GDP_per,2024,0.4846707263597216,0.3379962473745257,0.1856688162671902
national_gdp,National,GDP_per,2024,0.4864317203871744,0.343045123409589,0.1856688162671902
national_gdp,National,GDP_per,2024,0.4907516650966642,0.3457300049707938,0.1856688162671902
national_gdp,National,GDP_per,2024,0.4919539109974284,0.3465097279905338,0.1856688162671902
national_gdp,National,GDP_per,2024,0.4925344294279726,0.3470395893083844,0.1856688162671902
national_gdp,National,GDP_per,2024,0.4942399301857113,0.3476732913944487,0.1856688162671902
national_gdp,National,GDP_per,2024,0.4977999660101191,0.3495480243966688,0.1856688162671902
national_gdp,National,GDP_per,2024,0.5026709694729508,0.353188766307927,0.1856688162671902
national_gdp,National,GDP_per,2024,0.5048221875699133,0.356492580682085,0.1856688162671902
national_gdp,National,GDP_per,2024,0.5086636244514978,0.3588410936690706,0.1856688162671902
national_gdp,National,GDP_per,2024,0.5116138036977673,0.3608413219240322,0.1856688162671902
national_gdp,National,GDP_per,2024,0.5150170123146762,0.3636220871366322,0.1856688162671902
national_gdp,National,GDP_per,2024,0.5179929175785238,0.365093094632924,0.1856688162671902
national_gdp,National,GDP_per,2024,0.5200265392757106,0.3667255369581879,0.1856688162671902
national_gdp,National,GDP_per,2024,0.5221330464798478,0.367219074066008,0.1856688162671902
national_gdp,National,GDP_per,2024,0.5243167564927508,0.3688969313420196,0.1856688162671902
national_gdp,National,GDP_per,2024,0.5261004518008714,0.3711395428093447,0.1856688162671902
national_gdp,National,GDP_per,2024,0.5286825253662899,0.372246966201849,0.1856688162671902
national_gdp,National,GDP_per,2024,0.5303032217132996,0.3765680570730982,0.1856688162671902
national_gdp,National,GDP_per,2024,0.5329591987836813,0.3803892812570458,0.1856688162671902
national_gdp,National,GDP_per,2024,0.538191722823048,0.3838162151687389,0.1856688162671902
national_gdp,National,GDP_per,2024,0.540203901296065,0.3844836751356189,0.1856688162671902
national_gdp,National,GDP_per,2024,0.5415348260466001,0.3853555682774597,0.1856688162671902
national_gdp,National,GDP_per,2024,0.5428952569856689,0.3863899264911952,0.1856688162671902
national_gdp,National,GDP_per,2024,0.5455524178444546,0.3889051932621421,0.1856688162671902
national_gdp,National,GDP_per,2024,0.5462209904774681,0.3894392258548655,0.1856688162671902
national_gdp,National,GDP_per,2024,0.5532107141198596,0.3991028376240637,0.1856688162671902
national_gdp,National,GDP_per,2024,0.5545777219112338,0.3993262383090587,0.1856688162671902
national_gdp,National,GDP_per,2024,0.5574606952842707,0.4075068294740098,0.1856688162671902
national_gdp,National,GDP_per,2024,0.5583412853206601,0.4077480093657676,0.1856688162671902
national_gdp,National,GDP_per,2024,0.5594242341573192,0.4082505449468724,0.1856688162671902
national_gdp,National,GDP_per,2024,0.5611130628532768,0.4102571430207767,0.1856688162671902
national_gdp,National,GDP_per,2024,0.5646782809402289,0.4125553969448231,0.1856688162671902
national_gdp,National,GDP_per,2024,0.5668998376736527,0.4138836938543507,0.1856688162671902
national_gdp,National,GDP_per,2024,0.5704367528652271,0.4163685330010422,0.1856688162671902
national_gdp,National,GDP_per,2024,0.5779600492508788,0.421460515424085,0.1856688162671902
national_gdp,National,GDP_per,2024,0.5852279324107174,0.428198431781511,0.1856688162671902
national_gdp,National,GDP_per,2024,0.5889048129517698,0.4328005307852085,0.1856688162671902
national_gdp,National,GDP_per,2024,0.592349127083133,0.4415616473750582,0.1856688162671902
national_gdp,National,GDP_per,2024,0.5934721521834921,0.4425622086769747,0.1856688162671902
national_gdp,National,GDP_per,2024,0.5972364507720287,0.4467961171357006,0.1856688162671902
national_gdp,National,GDP_per,2024,0.5977328729643746,0.4470455144669056,0.1856688162671902
national_gdp,National,GDP_per,2024,0.6002206027950178,0.451129059313602,0.1856688162671902
national_gdp,National,GDP_per,2024,0.6031202902400706,0.4550277617270798,0.1856688162671902
national_gdp,National,GDP_per,2024,0.6050651810699337,0.4568911449037976,0.1856688162671902
national_gdp,National,GDP_per,2024,0.6101889391108577,0.4677515504568957,0.1856688162671902
national_gdp,National,GDP_per,2024,0.6110959550853455,0.4682235906209832,0.1856688162671902
national_gdp,National,GDP_per,2024,0.6116209569905097,0.4691591592171603,0.1856688162671902
national_gdp,National,GDP_per,2024,0.6158914218953335,0.4734806538906499,0.1856688162671902
national_gdp,National,GDP_per,2024,0.6181789879604789,0.4767451296678508,0.1856688162671902
national_gdp,National,GDP_per,2024,0.6218987917088264,0.4785511094587928,0.1856688162671902
national_gdp,National,GDP_per,2024,0.6283522164437878,0.4917269049674401,0.1856688162671902
national_gdp,National,GDP_per,2024,0.6300410511412075,0.4927117635461596,0.1856688162671902
national_gdp,National,GDP_per,2024,0.633384236134681,0.5012665257651365,0.1856688162671902
national_gdp,National,GDP_per,2024,0.6380999180068242,0.504693041730284,0.1856688162671902
national_gdp,National,GDP_per,2024,0.6453339544206476,0.5110613884973874,0.1856688162671902
national_gdp,National,GDP_per,2024,0.6484569622728046,0.51284975034957,0.1856688162671902
national_gdp,National,GDP_per,2024,0.6491862074373456,0.5135221361914826,0.1856688162671902
national_gdp,National,GDP_per,2024,0.6503887106507984,0.5147838973438306,0.1856688162671902
national_gdp,National,GDP_per,2024,0.6512619203891405,0.5160227539819365,0.1856688162671902
national_gdp,National,GDP_per,2024,0.6549145137631591,0.5187210665023764,0.1856688162671902
national_gdp,National,GDP_per,2024,0.6573949908268252,0.5283250501362049,0.1856688162671902
national_gdp,National,GDP_per,2024,0.6803185453965779,0.5509211322255626,0.1856688162671902
national_gdp,National,GDP_per,2024,0.6818869532546475,0.5543849836308133,0.1856688162671902
national_gdp,National,GDP_per,2024,0.6836288176215796,0.5561832981672559,0.1856688162671902
national_gdp,National,GDP_per,2024,0.6904164187712724,0.5731139175019277,0.1856688162671902
national_gdp,National,GDP_per,2024,0.6934899093096253,0.5761089640492072,0.1856688162671902
national_gdp,National,GDP_per,2024,0.6969877654853297,0.5787538229151431,0.1856688162671902
national_gdp,National,GDP_per,2024,0.6982259233852625,0.5799303958540638,0.1856688162671902
national_gdp,National,GDP_per,2024,0.6993350858582975,0.5809905906110634,0.1856688162671902
national_gdp,National,GDP_per,2024,0.7036930295754094,0.584049625369561,0.1856688162671902
national_gdp,National,GDP_per,2024,0.707284340519312,0.5878513099190328,0.1856688162671902
national_gdp,National,GDP_per,2024,0.7095947526503987,0.5903118147845421,0.1856688162671902
national_gdp,National,GDP_per,2024,0.7163700260467057,0.5989565809318573,0.1856688162671902
national_gdp,National,GDP_per,2024,0.716790517740256,0.5995646682362579,0.1856688162671902
national_gdp,National,GDP_per,2024,0.7189808346127751,0.6008438563583395,0.1856688162671902
national_gdp,National,GDP_per,2024,0.719642683357661,0.6016564822392316,0.1856688162671902
national_gdp,National,GDP_per,2024,0.721826428629154,0.6045794564439793,0.1856688162671902
national_gdp,National,GDP_per,2024,0.7338555980216348,0.6314193899166799,0.1856688162671902
national_gdp,National,GDP_per,2024,0.7342451761837833,0.6315420401768355,0.1856688162671902
national_gdp,National,GDP_per,2024,0.7360598450379269,0.6327240042695892,0.1856688162671902
national_gdp,National,GDP_per,2024,0.743033470508353,0.6501576930211539,0.1856688162671902
national_gdp,National,GDP_per,2024,0.7453193186549653,0.6563895202029859,0.1856688162671902
national_gdp,National,GDP_per,2024,0.7457653390680264,0.6571848762095277,0.1856688162671902
national_gdp,National,GDP_per,2024,0.7476182934996087,0.6585772335867716,0.1856688162671902
national_gdp,National,GDP_per,2024,0.7485856534255728,0.6603504240785173,0.1856688162671902
national_gdp,National,GDP_per,2024,0.7529590321530854,0.6644106951460871,0.1856688162671902
national_gdp,National,GDP_per,2024,0.7587374499374534,0.667315230927877,0.1856688162671902
national_gdp,National,GDP_per,2024,0.7652779363830852,0.677643473750891,0.1856688162671902
national_gdp,National,GDP_per,2024,0.7654626816422031,0.678348096383462,0.1856688162671902
national_gdp,National,GDP_per,2024,0.769480240432016,0.6887354382294424,0.1856688162671902
national_gdp,National,GDP_per,2024,0.7733178393785721,0.6907307187304221,0.1856688162671902
national_gdp,National,GDP_per,2024,0.7771127641785113,0.6923655171349934,0.1856688162671902
national_gdp,National,GDP_per,2024,0.7780088754963194,0.6927667599863118,0.1856688162671902
national_gdp,National,GDP_per,2024,0.7800041771076603,0.6937570594394336,0.1856688162671902
national_gdp,National,GDP_per,2024,0.7823061031713034,0.6965232495910622,0.1856688162671902
national_gdp,National,GDP_per,2024,0.7844744179334923,0.6977334486491299,0.1856688162671902
national_gdp,National,GDP_per,2024,0.7852968327967806,0.699435385217944,0.1856688162671902
national_gdp,National,GDP_per,2024,0.7905772605068228,0.7060343453187877,0.1856688162671902
national_gdp,National,GDP_per,2024,0.7923375178547999,0.7087373204843247,0.1856688162671902
national_gdp,National,GDP_per,2024,0.7943765408678986,0.7099726334168017,0.1856688162671902
national_gdp,National,GDP_per,2024,0.796556045356218,0.7130617642977916,0.1856688162671902
national_gdp,National,GDP_per,2024,0.8025223936757264,0.7164353479219164,0.1856688162671902
national_gdp,National,GDP_per,2024,0.8127920656553714,0.7315610950136082,0.1856688162671902
national_gdp,National,GDP_per,2024,0.816360372994952,0.7352307289506922,0.1856688162671902
national_gdp,National,GDP_per,2024,0.8191869851368149,0.7396570634130729,0.1856688162671902
national_gdp,National,GDP_per,2024,0.8251229157957295,0.7517055931076315,0.1856688162671902
national_gdp,National,GDP_per,2024,0.8308488477930901,0.7622630486224324,0.1856688162671902
national_gdp,National,GDP_per,2024,0.8373197067755223,0.7743037327296449,0.1856688162671902
national_gdp,National,GDP_per,2024,0.8376888417071274,0.7747946953608394,0.1856688162671902
national_gdp,National,GDP_per,2024,0.8433055013326787,0.7892839155782774,0.1856688162671902
national_gdp,National,GDP_per,2024,0.8498114133550129,0.7930522674670054,0.1856688162671902
national_gdp,National,GDP_per,2024,0.8575968528560676,0.8140820407345332,0.1856688162671902
national_gdp,National,GDP_per,2024,0.8630692193277664,0.8185522844485564,0.1856688162671902
national_gdp,National,GDP_per,2024,0.8670071432162875,0.8232170666291145,0.1856688162671902
national_gdp,National,GDP_per,2024,0.8706913590444213,0.8265632112220477,0.1856688162671902
national_gdp,National,GDP_per,2024,0.8739206437886049,0.830563619011457,0.1856688162671902
national_gdp,National,GDP_per,2024,0.8797201259548462,0.8337863637097948,0.1856688162671902
national_gdp,National,GDP_per,2024,0.8865490231654157,0.8419726942336312,0.1856688162671902
national_gdp,National,GDP_per,2024,0.8893003724711444,0.8457418519859851,0.1856688162671902
national_gdp,National,GDP_per,2024,0.889733587264398,0.8463556461651192,0.1856688162671902
national_gdp,National,GDP_per,2024,0.8998537710745393,0.8670312879704434,0.1856688162671902
national_gdp,National,GDP_per,2024,0.901965437285555,0.8702062504553298,0.1856688162671902
national_gdp,National,GDP_per,2024,0.9075410334068869,0.8796867717950305,0.1856688162671902
national_gdp,National,GDP_per,2024,0.911093607163326,0.8822725886302825,0.1856688162671902
national_gdp,National,GDP_per,2024,0.9135769649288116,0.8856579826353358,0.1856688162671902
national_gdp,National,GDP_per,2024,0.9204995397118608,0.8998994369806123,0.1856688162671902
national_gdp,National,GDP_per,2024,0.9217138688064296,0.9011456842632186,0.1856688162671902
national_gdp,National,GDP_per,2024,0.927710745813581,0.9070724956906482,0.1856688162671902
national_gdp,National,GDP_per,2024,0.928453009649835,0.9076600834200664,0.1856688162671902
national_gdp,National,GDP_per,2024,0.9348124117282444,0.9209667051191563,0.1856688162671902
national_gdp,National,GDP_per,2024,0.9364263549299988,0.9227879312602668,0.1856688162671902
national_gdp,National,GDP_per,2024,0.940083051053562,0.9269269942100404,0.1856688162671902
national_gdp,National,GDP_per,2024,0.9481988477888892,0.9387049620027474,0.1856688162671902
national_gdp,National,GDP_per,2024,0.9564865811627956,0.9483013915854326,0.1856688162671902
national_gdp,National,GDP_per,2024,0.9591438200405888,0.9501970843813652,0.1856688162671902
national_gdp,National,GDP_per,2024,0.9642243075395972,0.9574603902535912,0.1856688162671902
national_gdp,National,GDP_per,2024,0.982531803758286,0.9762709314968792,0.1856688162671902
national_gdp,National,GDP_per,2024,0.9981392886786222,0.9982302422000352,0.1856688162671902
national_gdp,National,GDP_per,2024,0.9984192478845236,0.9989074370237184,0.1856688162671902
national_gdp,National,GDP_per,2024,1.0,1.0,0.1856688162671902
region_gdp,Eastern,GDP_per,2024,0.0,0.0,0.1692088371240016
region_gdp,Eastern,GDP_per,2024,0.0084905753286027,0.005043493292099,0.1692088371240016
region_gdp,Eastern,GDP_per,2024,0.02271198930948,0.0106074449944827,0.1692088371240016
region_gdp,Eastern,GDP_per,2024,0.0344954349645885,0.0171954190546315,0.1692088371240016
region_gdp,Eastern,GDP_per,2024,0.0431876348130149,0.0202998202649294,0.1692088371240016
region_gdp,Eastern,GDP_per,2024,0.0518884509971611,0.0227234671579045,0.1692088371240016
region_gdp,Eastern,GDP_per,2024,0.0742449348605397,0.0341876864947655,0.1692088371240016
region_gdp,Eastern,GDP_per,2024,0.0801392763598651,0.0361644453250036,0.1692088371240016
region_gdp,Eastern,GDP_per,2024,0.0984859813330963,0.0449941617547392,0.1692088371240016
region_gdp,Eastern,GDP_per,2024,0.1122879286211957,0.0564390096955711,0.1692088371240016
region_gdp,Eastern,GDP_per,2024,0.1238311394410645,0.0650183600173707,0.1692088371240016
region_gdp,Eastern,GDP_per,2024,0.1285742350997482,0.067692735918479,0.1692088371240016
region_gdp,Eastern,GDP_per,2024,0.1343772985306572,0.0685095006336125,0.1692088371240016
region_gdp,Eastern,GDP_per,2024,0.1510224932207908,0.0744237911489125,0.1692088371240016
region_gdp,Eastern,GDP_per,2024,0.1584380490744372,0.0782806772870002,0.1692088371240016
region_gdp,Eastern,GDP_per,2024,0.1691790407397785,0.0857420933446018,0.1692088371240016
region_gdp,Eastern,GDP_per,2024,0.1744961084990426,0.0885554969049016,0.1692088371240016
region_gdp,Eastern,GDP_per,2024,0.1801630028845009,0.0937017271188914,0.1692088371240016
region_gdp,Eastern,GDP_per,2024,0.1871039414594793,0.0976292516361296,0.1692088371240016
region_gdp,Eastern,GDP_per,2024,0.2071892256372494,0.1076682294140108,0.1692088371240016
region_gdp,Eastern,GDP_per,2024,0.212001965135819,0.111287531677598,0.1692088371240016
region_gdp,Eastern,GDP_per,2024,0.2194750449824796,0.1183765516554887,0.1692088371240016
region_gdp,Eastern,GDP_per,2024,0.2311056832158044,0.1282484464240316,0.1692088371240016
region_gdp,Eastern,GDP_per,2024,0.2453867323523124,0.1396814060528278,0.1692088371240016
region_gdp,Eastern,GDP_per,2024,0.2564034882670109,0.1486289794590838,0.1692088371240016
region_gdp,Eastern,GDP_per,2024,0.2623723411661428,0.1516199904465631,0.1692088371240016
region_gdp,Eastern,GDP_per,2024,0.270232176948255,0.1549806426775191,0.1692088371240016
region_gdp,Eastern,GDP_per,2024,0.2789411510118959,0.1620419710224158,0.1692088371240016
region_gdp,Eastern,GDP_per,2024,0.295079300663705,0.1770141793280434,0.1692088371240016
region_gdp,Eastern,GDP_per,2024,0.3154751710107752,0.2036609703011582,0.1692088371240016
region_gdp,Eastern,GDP_per,2024,0.3266053240917614,0.2124355395612916,0.1692088371240016
region_gdp,Eastern,GDP_per,2024,0.3319030253771557,0.2136845664986512,0.1692088371240016
region_gdp,Eastern,GDP_per,2024,0.3359789502559903,0.2246202364036101,0.1692088371240016
region_gdp,Eastern,GDP_per,2024,0.3402262226772825,0.2296984666056518,0.1692088371240016
region_gdp,Eastern,GDP_per,2024,0.3458132645535797,0.2330600752760502,0.1692088371240016
region_gdp,Eastern,GDP_per,2024,0.3547083303382746,0.239348621729896,0.1692088371240016
region_gdp,Eastern,GDP_per,2024,0.3622168094201246,0.2469497909716706,0.1692088371240016
region_gdp,Eastern,GDP_per,2024,0.3804949685844286,0.2640018806701995,0.1692088371240016
region_gdp,Eastern,GDP_per,2024,0.3867514150355152,0.2743363771703061,0.1692088371240016
region_gdp,Eastern,GDP_per,2024,0.3880717538705119,0.2767040823739417,0.1692088371240016
region_gdp,Eastern,GDP_per,2024,0.3988116399582899,0.2876407742078858,0.1692088371240016
region_gdp,Eastern,GDP_per,2024,0.4081666561957529,0.2922112864783348,0.1692088371240016
region_gdp,Eastern,GDP_per,2024,0.4124139437102541,0.2947037330944436,0.1692088371240016
region_gdp,Eastern,GDP_per,2024,0.424273515738538,0.3033754432332523,0.1692088371240016
region_gdp,Eastern,GDP_per,2024,0.4424665529770694,0.319492238774102,0.1692088371240016
region_gdp,Eastern,GDP_per,2024,0.4443005476759571,0.3211938900087123,0.1692088371240016
region_gdp,Eastern,GDP_per,2024,0.4534865350652036,0.3280226876209732,0.1692088371240016
region_gdp,Eastern,GDP_per,2024,0.4622833704720608,0.3347162065412817,0.1692088371240016
region_gdp,Eastern,GDP_per,2024,0.4713152373303358,0.3443373805814816,0.1692088371240016
region_gdp,Eastern,GDP_per,2024,0.488354521368871,0.3662152609152674,0.1692088371240016
region_gdp,Eastern,GDP_per,2024,0.4938629974320791,0.369452586735584,0.1692088371240016
region_gdp,Eastern,GDP_per,2024,0.5083952673733685,0.3768032871682308,0.1692088371240016
region_gdp,Eastern,GDP_per,2024,0.5248440805471741,0.4029416530522354,0.1692088371240016
region_gdp,Eastern,GDP_per,2024,0.534495342518683,0.407991241125399,0.1692088371240016
region_gdp,Eastern,GDP_per,2024,0.5440392823405492,0.4121285333616015,0.1692088371240016
region_gdp,Eastern,GDP_per,2024,0.5490573102354409,0.4146347495577147,0.1692088371240016
region_gdp,Eastern,GDP_per,2024,0.5548464747074606,0.4216353295718569,0.1692088371240016
region_gdp,Eastern,GDP_per,2024,0.5602996171796188,0.4246980602138752,0.1692088371240016
region_gdp,Eastern,GDP_per,2024,0.5654276009891335,0.4278243481956388,0.1692088371240016
region_gdp,Eastern,GDP_per,2024,0.5709088847495764,0.4356422156310338,0.1692088371240016
region_gdp,Eastern,GDP_per,2024,0.5859137853258917,0.4441799664003297,0.1692088371240016
region_gdp,Eastern,GDP_per,2024,0.6117412091962168,0.4824596930224215,0.1692088371240016
region_gdp,Eastern,GDP_per,2024,0.6207152237841806,0.4917466778611333,0.1692088371240016
region_gdp,Eastern,GDP_per,2024,0.6351154960656721,0.5184651274346723,0.1692088371240016
region_gdp,Eastern,GDP_per,2024,0.651389201601314,0.5489372815155928,0.1692088371240016
region_gdp,Eastern,GDP_per,2024,0.6677510627977489,0.5584740983909446,0.1692088371240016
region_gdp,Eastern,GDP_per,2024,0.681513637563375,0.5697872392407565,0.1692088371240016
region_gdp,Eastern,GDP_per,2024,0.6914172089373682,0.5815927114293965,0.1692088371240016
region_gdp,Eastern,GDP_per,2024,0.7006827243317811,0.5900610204311931,0.1692088371240016
region_gdp,Eastern,GDP_per,2024,0.7152679695502054,0.5982170331740562,0.1692088371240016
region_gdp,Eastern,GDP_per,2024,0.7324421132983058,0.6189347202139693,0.1692088371240016
region_gdp,Eastern,GDP_per,2024,0.7393615421637285,0.6284735765415947,0.1692088371240016
region_gdp,Eastern,GDP_per,2024,0.7648130149496349,0.6807987880664416,0.1692088371240016
region_gdp,Eastern,GDP_per,2024,0.7788352042309283,0.7047917692341613,0.1692088371240016
region_gdp,Eastern,GDP_per,2024,0.7877696500847012,0.7113358665900278,0.1692088371240016
region_gdp,Eastern,GDP_per,2024,0.7940151011329906,0.7199035066699476,0.1692088371240016
region_gdp,Eastern,GDP_per,2024,0.8114248366678949,0.7559452952661374,0.1692088371240016
region_gdp,Eastern,GDP_per,2024,0.8144787796083953,0.759099255529555,0.1692088371240016
region_gdp,Eastern,GDP_per,2024,0.8295604574525267,0.7740986284403524,0.1692088371240016
region_gdp,Eastern,GDP_per,2024,0.8314271930951587,0.7755856754941127,0.1692088371240016
region_gdp,Eastern,GDP_per,2024,0.8474205932121688,0.8092616214038885,0.1692088371240016
region_gdp,Eastern,GDP_per,2024,0.8514795344575132,0.8138707186191266,0.1692088371240016
region_gdp,Eastern,GDP_per,2024,0.8606758399418006,0.8243457184474647,0.1692088371240016
region_gdp,Eastern,GDP_per,2024,0.8810864356009559,0.854152999009248,0.1692088371240016
region_gdp,Eastern,GDP_per,2024,0.9019294384930034,0.8784393168186421,0.1692088371240016
region_gdp,Eastern,GDP_per,2024,0.9147064682136072,0.896821044443466,0.1692088371240016
region_gdp,Eastern,GDP_per,2024,0.960748392997732,0.9444261228598684,0.1692088371240016
region_gdp,Eastern,GDP_per,2024,1.0,1.0,0.1692088371240016
region_gdp,NotEastern,GDP_per,2024,0.0,0.0,0.232085294190585
region_gdp,NotEastern,GDP_per,2024,0.0033962203931022,0.0008681620148734,0.232085294190585
region_gdp,NotEastern,GDP_per,2024,0.0069631821657986,0.0018226230907284,0.232085294190585
region_gdp,NotEastern,GDP_per,2024,0.0112660554744645,0.0055307906898012,0.232085294190585
region_gdp,NotEastern,GDP_per,2024,0.0155802965972291,0.0087679368275332,0.232085294190585
region_gdp,NotEastern,GDP_per,2024,0.019178639415024,0.0099022010041752,0.232085294190585
region_gdp,NotEastern,GDP_per,2024,0.0221908959460985,0.0117219259166493,0.232085294190585
region_gdp,NotEastern,GDP_per,2024,0.0293647189248933,0.0141970125358847,0.232085294190585
region_gdp,NotEastern,GDP_per,2024,0.0364544240645685,0.0209498384422184,0.232085294190585
region_gdp,NotEastern,GDP_per,2024,0.037666601928576,0.0224045947779668,0.232085294190585
region_gdp,NotEastern,GDP_per,2024,0.0431186456715062,0.0252325290710079,0.232085294190585
region_gdp,NotEastern,GDP_per,2024,0.0517644884920285,0.027790184413606,0.232085294190585
region_gdp,NotEastern,GDP_per,2024,0.0548584107121393,0.0294693561089459,0.232085294190585
region_gdp,NotEastern,GDP_per,2024,0.0620893504808124,0.0364276893784651,0.232085294190585
region_gdp,NotEastern,GDP_per,2024,0.063615377402536,0.0370012861329183,0.232085294190585
region_gdp,NotEastern,GDP_per,2024,0.0663531861579338,0.0383523264676652,0.232085294190585
region_gdp,NotEastern,GDP_per,2024,0.0732095808614709,0.0403068376806844,0.232085294190585
region_gdp,NotEastern,GDP_per,2024,0.0772296536414847,0.0423195624706205,0.232085294190585
region_gdp,NotEastern,GDP_per,2024,0.079631312348033,0.0439581146060953,0.232085294190585
region_gdp,NotEastern,GDP_per,2024,0.0914556946245268,0.0474296073511592,0.232085294190585
region_gdp,NotEastern,GDP_per,2024,0.0941345122955438,0.0480704717976967,0.232085294190585
region_gdp,NotEastern,GDP_per,2024,0.0985992237735723,0.0501787368085204,0.232085294190585
region_gdp,NotEastern,GDP_per,2024,0.0992086347524767,0.0501787368085204,0.232085294190585
region_gdp,NotEastern,GDP_per,2024,0.1089074998127324,0.0522709143916876,0.232085294190585
region_gdp,NotEastern,GDP_per,2024,0.112369564607589,0.054261855354177,0.232085294190585
region_gdp,NotEastern,GDP_per,2024,0.1143240664609836,0.0560295893844957,0.232085294190585
region_gdp,NotEastern,GDP_per,2024,0.1167842903324975,0.0583604452041726,0.232085294190585
region_gdp,NotEastern,GDP_per,2024,0.1268205757275778,0.0641892221328999,0.232085294190585
region_gdp,NotEastern,GDP_per,2024,0.1282234197803123,0.066856358660571,0.232085294190585
region_gdp,NotEastern,GDP_per,2024,0.1300692586315645,0.0685807414069366,0.232085294190585
region_gdp,NotEastern,GDP_per,2024,0.1315885131855111,0.0699731146852821,0.232085294190585
region_gdp,NotEastern,GDP_per,2024,0.1409373509453286,0.0748880239829723,0.232085294190585
region_gdp,NotEastern,GDP_per,2024,0.1444131348287163,0.0765019167581283,0.232085294190585
region_gdp,NotEastern,GDP_per,2024,0.1502549670684836,0.0823118093145101,0.232085294190585
region_gdp,NotEastern,GDP_per,2024,0.157039239417717,0.0850644139269177,0.232085294190585
region_gdp,NotEastern,GDP_per,2024,0.1641069237764004,0.0873723802702559,0.232085294190585
region_gdp,NotEastern,GDP_per,2024,0.1710923645904666,0.089345054350966,0.232085294190585
region_gdp,NotEastern,GDP_per,2024,0.1773155653236617,0.0943161029585956,0.232085294190585
region_gdp,NotEastern,GDP_per,2024,0.1811199771703208,0.0952003814650771,0.232085294190585
region_gdp,NotEastern,GDP_per,2024,0.1848227150784574,0.1007638391711934,0.232085294190585
region_gdp,NotEastern,GDP_per,2024,0.1878526460198834,0.1028300603387568,0.232085294190585
region_gdp,NotEastern,GDP_per,2024,0.190440409094054,0.1041792059159474,0.232085294190585
region_gdp,NotEastern,GDP_per,2024,0.1936386205473419,0.1068550096125008,0.232085294190585
region_gdp,NotEastern,GDP_per,2024,0.1970139011479096,0.1111804017552827,0.232085294190585
region_gdp,NotEastern,GDP_per,2024,0.2000726314649965,0.1130907262291095,0.232085294190585
region_gdp,NotEastern,GDP_per,2024,0.2035175610983518,0.1149439477816179,0.232085294190585
region_gdp,NotEastern,GDP_per,2024,0.2054592380449115,0.1170511664566067,0.232085294190585
region_gdp,NotEastern,GDP_per,2024,0.2149999462743755,0.1218242116219374,0.232085294190585
region_gdp,NotEastern,GDP_per,2024,0.221853618580715,0.1266358647856933,0.232085294190585
region_gdp,NotEastern,GDP_per,2024,0.2241085642386532,0.1281878041876597,0.232085294190585
region_gdp,NotEastern,GDP_per,2024,0.228640659406147,0.1306733910153973,0.232085294190585
region_gdp,NotEastern,GDP_per,2024,0.2295062048712538,0.1311266737923972,0.232085294190585
region_gdp,NotEastern,GDP_per,2024,0.2322876753482211,0.132614184003522,0.232085294190585
region_gdp,NotEastern,GDP_per,2024,0.2356478345641715,0.1349514076824699,0.232085294190585
region_gdp,NotEastern,GDP_per,2024,0.2419261943523892,0.1417135077596056,0.232085294190585
region_gdp,NotEastern,GDP_per,2024,0.2499714521907773,0.1438145667787202,0.232085294190585
region_gdp,NotEastern,GDP_per,2024,0.254023696831178,0.1448404847928613,0.232085294190585
region_gdp,NotEastern,GDP_per,2024,0.2676129733439853,0.1558312329900396,0.232085294190585
region_gdp,NotEastern,GDP_per,2024,0.2740047958227258,0.15880630782749,0.232085294190585
region_gdp,NotEastern,GDP_per,2024,0.2780787362003541,0.160890772045746,0.232085294190585
region_gdp,NotEastern,GDP_per,2024,0.2822134485534852,0.1650805972761139,0.232085294190585
region_gdp,NotEastern,GDP_per,2024,0.2904982723637495,0.1733520891044826,0.232085294190585
region_gdp,NotEastern,GDP_per,2024,0.2937162392547069,0.1745772175173233,0.232085294190585
region_gdp,NotEastern,GDP_per,2024,0.296115699868367,0.1782628220473295,0.232085294190585
region_gdp,NotEastern,GDP_per,2024,0.3033505028008585,0.1828904322240105,0.232085294190585
region_gdp,NotEastern,GDP_per,2024,0.3135364440737246,0.1877156801213163,0.232085294190585
region_gdp,NotEastern,GDP_per,2024,0.3196254353575154,0.1922911202558857,0.232085294190585
region_gdp,NotEastern,GDP_per,2024,0.3243674664538272,0.1949377483344511,0.232085294190585
region_gdp,NotEastern,GDP_per,2024,0.3354303795386838,0.2040905758532436,0.232085294190585
region_gdp,NotEastern,GDP_per,2024,0.3435995973621869,0.2075932625533061,0.232085294190585
region_gdp,NotEastern,GDP_per,2024,0.3451078240903398,0.2080110594265038,0.232085294190585
region_gdp,NotEastern,GDP_per,2024,0.3488615614896198,0.2094575780183873,0.232085294190585
region_gdp,NotEastern,GDP_per,2024,0.3529244491338864,0.2145292702371769,0.232085294190585
region_gdp,NotEastern,GDP_per,2024,0.3544751843632041,0.2153855455157391,0.232085294190585
region_gdp,NotEastern,GDP_per,2024,0.3561179306399846,0.2158731490194838,0.232085294190585
region_gdp,NotEastern,GDP_per,2024,0.3605435222914939,0.2186209322382848,0.232085294190585
region_gdp,NotEastern,GDP_per,2024,0.3634594512935469,0.2210670499506272,0.232085294190585
region_gdp,NotEastern,GDP_per,2024,0.3684689037405633,0.2238764448738874,0.232085294190585
region_gdp,NotEastern,GDP_per,2024,0.3717727730978976,0.2292249203155379,0.232085294190585
region_gdp,NotEastern,GDP_per,2024,0.3755825039557328,0.2322378202390139,0.232085294190585
region_gdp,NotEastern,GDP_per,2024,0.3801541797397567,0.2358403221595921,0.232085294190585
region_gdp,NotEastern,GDP_per,2024,0.3810859693730863,0.2362283244643151,0.232085294190585
region_gdp,NotEastern,GDP_per,2024,0.3875637030358524,0.2401863995996782,0.232085294190585
region_gdp,NotEastern,GDP_per,2024,0.3897733119382636,0.2408042600882977,0.232085294190585
region_gdp,NotEastern,GDP_per,2024,0.3973047216644269,0.2485757119254771,0.232085294190585
region_gdp,NotEastern,GDP_per,2024,0.4060003584497946,0.2517881897050715,0.232085294190585
region_gdp,NotEastern,GDP_per,2024,0.4088292330104444,0.2548741563150709,0.232085294190585
region_gdp,NotEastern,GDP_per,2024,0.4148703170776763,0.2596089775252206,0.232085294190585
region_gdp,NotEastern,GDP_per,2024,0.4206152015899756,0.2659918172807362,0.232085294190585
region_gdp,NotEastern,GDP_per,2024,0.4249995874061337,0.2687774289818002,0.232085294190585
region_gdp,NotEastern,GDP_per,2024,0.429160272125942,0.2714102514380254,0.232085294190585
region_gdp,NotEastern,GDP_per,2024,0.4336712095596801,0.2737097898040672,0.232085294190585
region_gdp,NotEastern,GDP_per,2024,0.4393891652546857,0.275448799493011,0.232085294190585
region_gdp,NotEastern,GDP_per,2024,0.44456618212098,0.2763616076921857,0.232085294190585
region_gdp,NotEastern,GDP_per,2024,0.4586280635493088,0.305407274771389,0.232085294190585
region_gdp,NotEastern,GDP_per,2024,0.460215259722247,0.3067561646931971,0.232085294190585
region_gdp,NotEastern,GDP_per,2024,0.462677029108364,0.3090891479539423,0.232085294190585
region_gdp,NotEastern,GDP_per,2024,0.468389645866139,0.3116073123592644,0.232085294190585
region_gdp,NotEastern,GDP_per,2024,0.473229023211009,0.3181258891517247,0.232085294190585
region_gdp,NotEastern,GDP_per,2024,0.4749119715481447,0.3185008578584569,0.232085294190585
region_gdp,NotEastern,GDP_per,2024,0.4775524502449034,0.3194243888493917,0.232085294190585
region_gdp,NotEastern,GDP_per,2024,0.4814631501570828,0.3229490778300504,0.232085294190585
region_gdp,NotEastern,GDP_per,2024,0.4891945427478354,0.3277234735273464,0.232085294190585
region_gdp,NotEastern,GDP_per,2024,0.4909145635093894,0.3287583677790411,0.232085294190585
region_gdp,NotEastern,GDP_per,2024,0.4927220808216811,0.3300446609614147,0.232085294190585
region_gdp,NotEastern,GDP_per,2024,0.4982636050031513,0.3350143225698809,0.232085294190585
region_gdp,NotEastern,GDP_per,2024,0.5046240040939275,0.3375551686859374,0.232085294190585
region_gdp,NotEastern,GDP_per,2024,0.5134226399004427,0.3549183983017492,0.232085294190585
region_gdp,NotEastern,GDP_per,2024,0.5182477028659032,0.3575830157953377,0.232085294190585
region_gdp,NotEastern,GDP_per,2024,0.5206901763589827,0.359398926807397,0.232085294190585
region_gdp,NotEastern,GDP_per,2024,0.5253576927290708,0.3641354395109835,0.232085294190585
region_gdp,NotEastern,GDP_per,2024,0.5296513913350127,0.3676627451734992,0.232085294190585
region_gdp,NotEastern,GDP_per,2024,0.5371726935700251,0.3742715049043303,0.232085294190585
region_gdp,NotEastern,GDP_per,2024,0.5403860712415529,0.3754218751255549,0.232085294190585
region_gdp,NotEastern,GDP_per,2024,0.5498257643376717,0.3825830084323879,0.232085294190585
region_gdp,NotEastern,GDP_per,2024,0.5519102849421311,0.3844802998312112,0.232085294190585
region_gdp,NotEastern,GDP_per,2024,0.55608891058327,0.3894492289496189,0.232085294190585
region_gdp,NotEastern,GDP_per,2024,0.5610474382618474,0.3966041459094716,0.232085294190585
region_gdp,NotEastern,GDP_per,2024,0.5639110750699707,0.3984452717718025,0.232085294190585
region_gdp,NotEastern,GDP_per,2024,0.5699731325549542,0.4021326083748413,0.232085294190585
region_gdp,NotEastern,GDP_per,2024,0.5727108030733489,0.4048566831735351,0.232085294190585
region_gdp,NotEastern,GDP_per,2024,0.5748085147258948,0.4065213578269426,0.232085294190585
region_gdp,NotEastern,GDP_per,2024,0.5814728608706732,0.4152309959963584,0.232085294190585
region_gdp,NotEastern,GDP_per,2024,0.585759747256729,0.4188472565297708,0.232085294190585
region_gdp,NotEastern,GDP_per,2024,0.589009697955934,0.4200210029265125,0.232085294190585
region_gdp,NotEastern,GDP_per,2024,0.591933124135997,0.4283681466266829,0.232085294190585
region_gdp,NotEastern,GDP_per,2024,0.5991046643361718,0.4328069746061528,0.232085294190585
region_gdp,NotEastern,GDP_per,2024,0.6011005127526774,0.4340960654942834,0.232085294190585
region_gdp,NotEastern,GDP_per,2024,0.6020642313976047,0.4349720680997238,0.232085294190585
region_gdp,NotEastern,GDP_per,2024,0.6048955332007696,0.4360197472938139,0.232085294190585
region_gdp,NotEastern,GDP_per,2024,0.6108055486629396,0.4391191828236837,0.232085294190585
region_gdp,NotEastern,GDP_per,2024,0.6188919014980004,0.4451383038513055,0.232085294190585
region_gdp,NotEastern,GDP_per,2024,0.6224631386547679,0.4506003934625904,0.232085294190585
region_gdp,NotEastern,GDP_per,2024,0.6288403080111721,0.4544831141410037,0.232085294190585
region_gdp,NotEastern,GDP_per,2024,0.6337379005696754,0.4577900269194824,0.232085294190585
region_gdp,NotEastern,GDP_per,2024,0.6393875671851139,0.4623873762433338,0.232085294190585
region_gdp,NotEastern,GDP_per,2024,0.6443278675053271,0.4648193454321794,0.232085294190585
region_gdp,NotEastern,GDP_per,2024,0.6477038828791549,0.4675182096103822,0.232085294190585
region_gdp,NotEastern,GDP_per,2024,0.6513290598654845,0.4702921568600237,0.232085294190585
region_gdp,NotEastern,GDP_per,2024,0.6542901724415204,0.47399979397597,0.232085294190585
region_gdp,NotEastern,GDP_per,2024,0.65857667276027,0.4758306613076231,0.232085294190585
region_gdp,NotEastern,GDP_per,2024,0.6629858602874027,0.4821481678481809,0.232085294190585
region_gdp,NotEastern,GDP_per,2024,0.6716723734305611,0.4878138070148455,0.232085294190585
region_gdp,NotEastern,GDP_per,2024,0.6750127909080044,0.48891729702311,0.232085294190585
region_gdp,NotEastern,GDP_per,2024,0.6772222590826555,0.4903587697975644,0.232085294190585
region_gdp,NotEastern,GDP_per,2024,0.6794807104808093,0.4920688408287287,0.232085294190585
region_gdp,NotEastern,GDP_per,2024,0.6838918632150682,0.4962272501530119,0.232085294190585
region_gdp,NotEastern,GDP_per,2024,0.685001760641269,0.4971101489924921,0.232085294190585
region_gdp,NotEastern,GDP_per,2024,0.6966054008405079,0.5130866862534518,0.232085294190585
region_gdp,NotEastern,GDP_per,2024,0.6988747704711554,0.5134560273914436,0.232085294190585
region_gdp,NotEastern,GDP_per,2024,0.703660794559693,0.5269807345801268,0.232085294190585
region_gdp,NotEastern,GDP_per,2024,0.7051226620766469,0.5273794695064971,0.232085294190585
region_gdp,NotEastern,GDP_per,2024,0.7069204654373643,0.5282102953538339,0.232085294190585
region_gdp,NotEastern,GDP_per,2024,0.7128390839735695,0.532009924346558,0.232085294190585
region_gdp,NotEastern,GDP_per,2024,0.7203721612614197,0.5354627360527002,0.232085294190585
region_gdp,NotEastern,GDP_per,2024,0.7264761506373655,0.5430712377151485,0.232085294190585
region_gdp,NotEastern,GDP_per,2024,0.7321940565172348,0.557555708841306,0.232085294190585
region_gdp,NotEastern,GDP_per,2024,0.7340583904832088,0.5592099045295987,0.232085294190585
region_gdp,NotEastern,GDP_per,2024,0.740307502559539,0.5662096886544054,0.232085294190585
region_gdp,NotEastern,GDP_per,2024,0.7411316130396679,0.5666220092080394,0.232085294190585
region_gdp,NotEastern,GDP_per,2024,0.7459453841591125,0.5730676080033945,0.232085294190585
region_gdp,NotEastern,GDP_per,2024,0.7491740974203436,0.5761482792332929,0.232085294190585
region_gdp,NotEastern,GDP_per,2024,0.7576800481297906,0.5941034370078693,0.232085294190585
region_gdp,NotEastern,GDP_per,2024,0.759185785346508,0.5948838457670717,0.232085294190585
region_gdp,NotEastern,GDP_per,2024,0.7629833737648755,0.6002808981464096,0.232085294190585
region_gdp,NotEastern,GDP_per,2024,0.7736967041493852,0.6220640153612019,0.232085294190585
region_gdp,NotEastern,GDP_per,2024,0.779246725547726,0.6362073274700113,0.232085294190585
region_gdp,NotEastern,GDP_per,2024,0.7844312308743814,0.6391639683667975,0.232085294190585
region_gdp,NotEastern,GDP_per,2024,0.7864275064556805,0.6412499973326103,0.232085294190585
region_gdp,NotEastern,GDP_per,2024,0.7878771219398668,0.6432981590047063,0.232085294190585
region_gdp,NotEastern,GDP_per,2024,0.7919949619063403,0.6591761149950927,0.232085294190585
region_gdp,NotEastern,GDP_per,2024,0.8300503547836496,0.6965334877946708,0.232085294190585
region_gdp,NotEastern,GDP_per,2024,0.8326540686644566,0.7022601614612194,0.232085294190585
region_gdp,NotEastern,GDP_per,2024,0.8355457376951421,0.7052332568094799,0.232085294190585
region_gdp,NotEastern,GDP_per,2024,0.8468138343448156,0.7332241029974114,0.232085294190585
region_gdp,NotEastern,GDP_per,2024,0.8519161359789628,0.7381757167318783,0.232085294190585
region_gdp,NotEastern,GDP_per,2024,0.8539716019051878,0.7401209067755037,0.232085294190585
region_gdp,NotEastern,GDP_per,2024,0.8558129225235797,0.7418736925292801,0.232085294190585
region_gdp,NotEastern,GDP_per,2024,0.8630475448762022,0.7469310959069162,0.232085294190585
region_gdp,NotEastern,GDP_per,2024,0.8668830600485751,0.7509989691414227,0.232085294190585
region_gdp,NotEastern,GDP_per,2024,0.8675811183078651,0.752004300244193,0.232085294190585
region_gdp,NotEastern,GDP_per,2024,0.8686798534074044,0.7533477883701,0.232085294190585
region_gdp,NotEastern,GDP_per,2024,0.8723050889265191,0.7581802472281661,0.232085294190585
region_gdp,NotEastern,GDP_per,2024,0.8922747130014252,0.802553842468723,0.232085294190585
region_gdp,NotEastern,GDP_per,2024,0.8929214517073214,0.8027566161829658,0.232085294190585
region_gdp,NotEastern,GDP_per,2024,0.8959339834670238,0.8047107192471211,0.232085294190585
region_gdp,NotEastern,GDP_per,2024,0.9075108990910276,0.8335332738558581,0.232085294190585
region_gdp,NotEastern,GDP_per,2024,0.9113056355928432,0.8438361524847106,0.232085294190585
region_gdp,NotEastern,GDP_per,2024,0.912046074079322,0.8451510888850683,0.232085294190585
region_gdp,NotEastern,GDP_per,2024,0.9151221637260236,0.847453028372022,0.232085294190585
region_gdp,NotEastern,GDP_per,2024,0.9167280779364184,0.8503845869485424,0.232085294190585
region_gdp,NotEastern,GDP_per,2024,0.923988323949764,0.8570973019820031,0.232085294190585
region_gdp,NotEastern,GDP_per,2024,0.9242950195539106,0.858262231825322,0.232085294190585
region_gdp,NotEastern,GDP_per,2024,0.9309645688896732,0.8754352886500583,0.232085294190585
region_gdp,NotEastern,GDP_per,2024,0.9324522032858672,0.8760986504983906,0.232085294190585
region_gdp,NotEastern,GDP_per,2024,0.9338174941981182,0.878912407265205,0.232085294190585
region_gdp,NotEastern,GDP_per,2024,0.9425835322248312,0.889822254892855,0.232085294190585
region_gdp,NotEastern,GDP_per,2024,0.9455057354432986,0.8942909964440517,0.232085294190585
region_gdp,NotEastern,GDP_per,2024,0.9501981942521214,0.9016089122664876,0.232085294190585
region_gdp,NotEastern,GDP_per,2024,0.9600524327224292,0.9215283573148132,0.232085294190585
region_gdp,NotEastern,GDP_per,2024,0.9606652336213574,0.9223400499778008,0.232085294190585
region_gdp,NotEastern,GDP_per,2024,0.9699894502500692,0.9462946098478476,0.232085294190585
region_gdp,NotEastern,GDP_per,2024,0.9829140583440557,0.9810624548547322,0.232085294190585
region_gdp,NotEastern,GDP_per,2024,0.988274993938868,0.9876761998636374,0.232085294190585
region_gdp,NotEastern,GDP_per,2024,0.98899417381594,0.9886909659581068,0.232085294190585
region_gdp,NotEastern,GDP_per,2024,0.9924997508869572,0.9939400289020072,0.232085294190585
region_gdp,NotEastern,GDP_per,2024,0.9969110331405704,0.9970741165819452,0.232085294190585
region_gdp,NotEastern,GDP_per,2024,0.9973757934175066,0.9981937009145851,0.232085294190585
region_gdp,NotEastern,GDP_per,2024,1.0,1.0,0.232085294190585
citylevel_gdp,Mega City,GDP_per,2024,0.0,0.0,0.00085540688007
citylevel_gdp,Mega City,GDP_per,2024,0.2354191652475614,0.1639949582463919,0.00085540688007
citylevel_gdp,Mega City,GDP_per,2024,0.3589557227383434,0.3587903989685932,0.00085540688007
citylevel_gdp,Mega City,GDP_per,2024,0.4644226823871057,0.4685681141024811,0.00085540688007
citylevel_gdp,Mega City,GDP_per,2024,0.5683544359677221,0.6186251461655067,0.00085540688007
citylevel_gdp,Mega City,GDP_per,2024,0.6517016361995133,0.7041057763364362,0.00085540688007
citylevel_gdp,Mega City,GDP_per,2024,0.839715038067978,0.8406265197815121,0.00085540688007
citylevel_gdp,Mega City,GDP_per,2024,1.0,1.0,0.00085540688007
citylevel_gdp,Medium/Small City,GDP_per,2024,0.0,0.0,0.1153982951311658
citylevel_gdp,Medium/Small City,GDP_per,2024,0.0043673828223589,0.0016720834960279,0.1153982951311658
citylevel_gdp,Medium/Small City,GDP_per,2024,0.0089543311858173,0.0035103793269861,0.1153982951311658
citylevel_gdp,Medium/Small City,GDP_per,2024,0.0144876278509046,0.0106523248817208,0.1153982951311658
citylevel_gdp,Medium/Small City,GDP_per,2024,0.0200355430007413,0.0168870812271951,0.1153982951311658
citylevel_gdp,Medium/Small City,GDP_per,2024,0.0246628459411846,0.0190716785459056,0.1153982951311658
citylevel_gdp,Medium/Small City,GDP_per,2024,0.0285364689419393,0.0225764759700388,0.1153982951311658
citylevel_gdp,Medium/Small City,GDP_per,2024,0.037761674500408,0.0273435026498067,0.1153982951311658
citylevel_gdp,Medium/Small City,GDP_per,2024,0.0393204793387696,0.0301453691425506,0.1153982951311658
citylevel_gdp,Medium/Small City,GDP_per,2024,0.0463315561929052,0.0355919818464416,0.1153982951311658
citylevel_gdp,Medium/Small City,GDP_per,2024,0.0574497113915059,0.0405180362160389,0.1153982951311658
citylevel_gdp,Medium/Small City,GDP_per,2024,0.0614283527026734,0.0437521275845541,0.1153982951311658
citylevel_gdp,Medium/Small City,GDP_per,2024,0.0686356468409889,0.0500978316882708,0.1153982951311658
citylevel_gdp,Medium/Small City,GDP_per,2024,0.077934301957528,0.063499609260307,0.1153982951311658
citylevel_gdp,Medium/Small City,GDP_per,2024,0.0798967022122137,0.0646043588923629,0.1153982951311658
citylevel_gdp,Medium/Small City,GDP_per,2024,0.0834173980285138,0.0672064679543768,0.1153982951311658
citylevel_gdp,Medium/Small City,GDP_per,2024,0.0922344054619412,0.0709708643298241,0.1153982951311658
citylevel_gdp,Medium/Small City,GDP_per,2024,0.0974040336874012,0.0748473802861102,0.1153982951311658
citylevel_gdp,Medium/Small City,GDP_per,2024,0.1004924560411009,0.0780032382206549,0.1153982951311658
citylevel_gdp,Medium/Small City,GDP_per,2024,0.1156980664143994,0.0846893470645762,0.1153982951311658
citylevel_gdp,Medium/Small City,GDP_per,2024,0.1191429024163245,0.0859236545393193,0.1153982951311658
citylevel_gdp,Medium/Small City,GDP_per,2024,0.1248843155046898,0.0899841813412955,0.1153982951311658
citylevel_gdp,Medium/Small City,GDP_per,2024,0.1256679899230018,0.0899841813412955,0.1153982951311658
citylevel_gdp,Medium/Small City,GDP_per,2024,0.1381402831659751,0.0940137236935756,0.1153982951311658
citylevel_gdp,Medium/Small City,GDP_per,2024,0.1425923388528379,0.0978482839114973,0.1153982951311658
citylevel_gdp,Medium/Small City,GDP_per,2024,0.1451057381122383,0.1012529466896696,0.1153982951311658
citylevel_gdp,Medium/Small City,GDP_per,2024,0.1482694725675846,0.1057421842754333,0.1153982951311658
citylevel_gdp,Medium/Small City,GDP_per,2024,0.1582719465475425,0.1140311482152001,0.1153982951311658
citylevel_gdp,Medium/Small City,GDP_per,2024,0.171178146782306,0.1252573957791109,0.1153982951311658
citylevel_gdp,Medium/Small City,GDP_per,2024,0.1729821395475589,0.1303943113469063,0.1153982951311658
citylevel_gdp,Medium/Small City,GDP_per,2024,0.1753558031967657,0.1337154793796419,0.1153982951311658
citylevel_gdp,Medium/Small City,GDP_per,2024,0.1773094944987709,0.1363971958555362,0.1153982951311658
citylevel_gdp,Medium/Small City,GDP_per,2024,0.1893316687734949,0.1458633307247746,0.1153982951311658
citylevel_gdp,Medium/Small City,GDP_per,2024,0.1938013665756075,0.1489716946331983,0.1153982951311658
citylevel_gdp,Medium/Small City,GDP_per,2024,0.2025256279870352,0.1542732220723685,0.1153982951311658
citylevel_gdp,Medium/Small City,GDP_per,2024,0.2116143441742001,0.1587183744356012,0.1153982951311658
citylevel_gdp,Medium/Small City,GDP_per,2024,0.2205972989553207,0.1625177525665117,0.1153982951311658
citylevel_gdp,Medium/Small City,GDP_per,2024,0.2286000481401052,0.172092011970134,0.1153982951311658
citylevel_gdp,Medium/Small City,GDP_per,2024,0.2334923463496158,0.1737951358931445,0.1153982951311658
citylevel_gdp,Medium/Small City,GDP_per,2024,0.2408781051534161,0.1768445592082911,0.1153982951311658
citylevel_gdp,Medium/Small City,GDP_per,2024,0.2456396553662752,0.187559800893453,0.1153982951311658
citylevel_gdp,Medium/Small City,GDP_per,2024,0.249536006843757,0.1915393510859707,0.1153982951311658
citylevel_gdp,Medium/Small City,GDP_per,2024,0.2528637508327576,0.1941378108373896,0.1153982951311658
citylevel_gdp,Medium/Small City,GDP_per,2024,0.2569765032889084,0.1992914194069485,0.1153982951311658
citylevel_gdp,Medium/Small City,GDP_per,2024,0.2613169585036229,0.2076221418894894,0.1153982951311658
citylevel_gdp,Medium/Small City,GDP_per,2024,0.2652503446502361,0.2113014344293843,0.1153982951311658
citylevel_gdp,Medium/Small City,GDP_per,2024,0.2696803653095279,0.2148707465155438,0.1153982951311658
citylevel_gdp,Medium/Small City,GDP_per,2024,0.2721772723301082,0.2189292580705376,0.1153982951311658
citylevel_gdp,Medium/Small City,GDP_per,2024,0.2771807322009846,0.221416408522537,0.1153982951311658
citylevel_gdp,Medium/Small City,GDP_per,2024,0.2894496430523318,0.2306093125082158,0.1153982951311658
citylevel_gdp,Medium/Small City,GDP_per,2024,0.2982631496084956,0.2398765756525258,0.1153982951311658
citylevel_gdp,Medium/Small City,GDP_per,2024,0.3011629057467702,0.2428656171176049,0.1153982951311658
citylevel_gdp,Medium/Small City,GDP_per,2024,0.3069909711526576,0.2476528672407402,0.1153982951311658
citylevel_gdp,Medium/Small City,GDP_per,2024,0.3081040227096047,0.248525891673358,0.1153982951311658
citylevel_gdp,Medium/Small City,GDP_per,2024,0.3116808654865568,0.2513908422604409,0.1153982951311658
citylevel_gdp,Medium/Small City,GDP_per,2024,0.3160018752979159,0.2558923443685054,0.1153982951311658
citylevel_gdp,Medium/Small City,GDP_per,2024,0.3263477059030753,0.2599389924017695,0.1153982951311658
citylevel_gdp,Medium/Small City,GDP_per,2024,0.3315587056575158,0.2619149145802732,0.1153982951311658
citylevel_gdp,Medium/Small City,GDP_per,2024,0.3490338886376483,0.2830831393524418,0.1153982951311658
citylevel_gdp,Medium/Small City,GDP_per,2024,0.3572534776118843,0.288813145330501,0.1153982951311658
citylevel_gdp,Medium/Small City,GDP_per,2024,0.362492377083987,0.292827831711262,0.1153982951311658
citylevel_gdp,Medium/Small City,GDP_per,2024,0.3678094265143289,0.3008974517809221,0.1153982951311658
citylevel_gdp,Medium/Small City,GDP_per,2024,0.3719475835523796,0.303257053980201,0.1153982951311658
citylevel_gdp,Medium/Small City,GDP_per,2024,0.3750331792599812,0.3103555429741098,0.1153982951311658
citylevel_gdp,Medium/Small City,GDP_per,2024,0.3843368022270563,0.319268338592802,0.1153982951311658
citylevel_gdp,Medium/Small City,GDP_per,2024,0.3974354530198679,0.3285617852480377,0.1153982951311658
citylevel_gdp,Medium/Small City,GDP_per,2024,0.4052656150412523,0.3373741011579802,0.1153982951311658
citylevel_gdp,Medium/Small City,GDP_per,2024,0.4113636483712406,0.3424715173711719,0.1153982951311658
citylevel_gdp,Medium/Small City,GDP_per,2024,0.4153898638178122,0.3458364069720225,0.1153982951311658
citylevel_gdp,Medium/Small City,GDP_per,2024,0.4258951012479088,0.3525825954974265,0.1153982951311658
citylevel_gdp,Medium/Small City,GDP_per,2024,0.4278346112744478,0.3533872739380835,0.1153982951311658
citylevel_gdp,Medium/Small City,GDP_per,2024,0.4327605890122539,0.3544149242003953,0.1153982951311658
citylevel_gdp,Medium/Small City,GDP_per,2024,0.4468899983253283,0.3618562620628459,0.1153982951311658
citylevel_gdp,Medium/Small City,GDP_per,2024,0.4517171315321595,0.3646422626281188,0.1153982951311658
citylevel_gdp,Medium/Small City,GDP_per,2024,0.4580118866185774,0.3694949821176782,0.1153982951311658
citylevel_gdp,Medium/Small City,GDP_per,2024,0.4632365727852298,0.3792630815169672,0.1153982951311658
citylevel_gdp,Medium/Small City,GDP_per,2024,0.4652307467841564,0.3809122711115491,0.1153982951311658
citylevel_gdp,Medium/Small City,GDP_per,2024,0.4673432427473974,0.3818513974004777,0.1153982951311658
citylevel_gdp,Medium/Small City,GDP_per,2024,0.4710929929875907,0.3865626298502704,0.1153982951311658
citylevel_gdp,Medium/Small City,GDP_per,2024,0.4775349178435151,0.3919735356541746,0.1153982951311658
citylevel_gdp,Medium/Small City,GDP_per,2024,0.4817835414922764,0.4022747206423221,0.1153982951311658
citylevel_gdp,Medium/Small City,GDP_per,2024,0.4866826797048945,0.4080775778866145,0.1153982951311658
citylevel_gdp,Medium/Small City,GDP_per,2024,0.4911961160518135,0.4116173915601993,0.1153982951311658
citylevel_gdp,Medium/Small City,GDP_per,2024,0.497075080305456,0.4185558245975923,0.1153982951311658
citylevel_gdp,Medium/Small City,GDP_per,2024,0.4982733188081519,0.4193031185807812,0.1153982951311658
citylevel_gdp,Medium/Small City,GDP_per,2024,0.5030837083407877,0.4257780858894012,0.1153982951311658
citylevel_gdp,Medium/Small City,GDP_per,2024,0.5114137751362287,0.4334013543536909,0.1153982951311658
citylevel_gdp,Medium/Small City,GDP_per,2024,0.5142552302974195,0.4345913561139257,0.1153982951311658
citylevel_gdp,Medium/Small City,GDP_per,2024,0.5201471026346598,0.4395329525438306,0.1153982951311658
citylevel_gdp,Medium/Small City,GDP_per,2024,0.5254975513309362,0.4446037790734472,0.1153982951311658
citylevel_gdp,Medium/Small City,GDP_per,2024,0.5312984088668182,0.4490326991188628,0.1153982951311658
citylevel_gdp,Medium/Small City,GDP_per,2024,0.5386514362298527,0.452382038701221,0.1153982951311658
citylevel_gdp,Medium/Small City,GDP_per,2024,0.545308841202403,0.4541401109259101,0.1153982951311658
citylevel_gdp,Medium/Small City,GDP_per,2024,0.5473499022935744,0.4567380782840448,0.1153982951311658
citylevel_gdp,Medium/Small City,GDP_per,2024,0.5514352354818247,0.4612918706451084,0.1153982951311658
citylevel_gdp,Medium/Small City,GDP_per,2024,0.5546009573976852,0.465785205690837,0.1153982951311658
citylevel_gdp,Medium/Small City,GDP_per,2024,0.5619471191336249,0.4706352003580625,0.1153982951311658
citylevel_gdp,Medium/Small City,GDP_per,2024,0.5681703352505248,0.4831900052050035,0.1153982951311658
citylevel_gdp,Medium/Small City,GDP_per,2024,0.5703345292096247,0.4839121964265869,0.1153982951311658
citylevel_gdp,Medium/Small City,GDP_per,2024,0.5737300630585027,0.4856909207908836,0.1153982951311658
citylevel_gdp,Medium/Small City,GDP_per,2024,0.5787590428192219,0.4924794857962875,0.1153982951311658
citylevel_gdp,Medium/Small City,GDP_per,2024,0.5887012571885674,0.5016749909119066,0.1153982951311658
citylevel_gdp,Medium/Small City,GDP_per,2024,0.59857401934186,0.5140957714138532,0.1153982951311658
citylevel_gdp,Medium/Small City,GDP_per,2024,0.6106966044137822,0.52848067779367,0.1153982951311658
citylevel_gdp,Medium/Small City,GDP_per,2024,0.6129084718012368,0.5304738882414286,0.1153982951311658
citylevel_gdp,Medium/Small City,GDP_per,2024,0.6152328557183854,0.5329512940302703,0.1153982951311658
citylevel_gdp,Medium/Small City,GDP_per,2024,0.6234120356646634,0.5378449737626458,0.1153982951311658
citylevel_gdp,Medium/Small City,GDP_per,2024,0.626552943951831,0.5413424255994004,0.1153982951311658
citylevel_gdp,Medium/Small City,GDP_per,2024,0.6325551547798455,0.5504649679183568,0.1153982951311658
citylevel_gdp,Medium/Small City,GDP_per,2024,0.6380766532002844,0.5572585726634318,0.1153982951311658
citylevel_gdp,Medium/Small City,GDP_per,2024,0.6477487010596277,0.5699870702086132,0.1153982951311658
citylevel_gdp,Medium/Small City,GDP_per,2024,0.6518809565731053,0.5722026878332935,0.1153982951311658
citylevel_gdp,Medium/Small City,GDP_per,2024,0.6545615539510786,0.5758568786188585,0.1153982951311658
citylevel_gdp,Medium/Small City,GDP_per,2024,0.6612334396794467,0.5800852384912808,0.1153982951311658
citylevel_gdp,Medium/Small City,GDP_per,2024,0.6666069595732803,0.5896554157502257,0.1153982951311658
citylevel_gdp,Medium/Small City,GDP_per,2024,0.6739996432596459,0.5985399522531489,0.1153982951311658
citylevel_gdp,Medium/Small City,GDP_per,2024,0.6776821481496916,0.6020859679918843,0.1153982951311658
citylevel_gdp,Medium/Small City,GDP_per,2024,0.6854776745477548,0.609187792965348,0.1153982951311658
citylevel_gdp,Medium/Small City,GDP_per,2024,0.6889981925976429,0.6144343718697537,0.1153982951311658
citylevel_gdp,Medium/Small City,GDP_per,2024,0.6916957530552028,0.6176405418778071,0.1153982951311658
citylevel_gdp,Medium/Small City,GDP_per,2024,0.6972084912749866,0.6246054740582796,0.1153982951311658
citylevel_gdp,Medium/Small City,GDP_per,2024,0.7066564125234925,0.6356456037734518,0.1153982951311658
citylevel_gdp,Medium/Small City,GDP_per,2024,0.7108356992641436,0.637906244005218,0.1153982951311658
citylevel_gdp,Medium/Small City,GDP_per,2024,0.7200579692745683,0.6464554443607073,0.1153982951311658
citylevel_gdp,Medium/Small City,GDP_per,2024,0.7226245383075975,0.6489382385419724,0.1153982951311658
citylevel_gdp,Medium/Small City,GDP_per,2024,0.7238638360469288,0.6506254230466385,0.1153982951311658
citylevel_gdp,Medium/Small City,GDP_per,2024,0.7275047596115981,0.6526432573443361,0.1153982951311658
citylevel_gdp,Medium/Small City,GDP_per,2024,0.7351047669791351,0.6586127825109642,0.1153982951311658
citylevel_gdp,Medium/Small City,GDP_per,2024,0.7396972132893667,0.6691327888420247,0.1153982951311658
citylevel_gdp,Medium/Small City,GDP_per,2024,0.7478979590239484,0.6766109243223097,0.1153982951311658
citylevel_gdp,Medium/Small City,GDP_per,2024,0.7541960372212182,0.6829800514955414,0.1153982951311658
citylevel_gdp,Medium/Small City,GDP_per,2024,0.761461247976808,0.691834564591242,0.1153982951311658
citylevel_gdp,Medium/Small City,GDP_per,2024,0.7678142463863383,0.6965185469284673,0.1153982951311658
citylevel_gdp,Medium/Small City,GDP_per,2024,0.7721556464855842,0.701716570077466,0.1153982951311658
citylevel_gdp,Medium/Small City,GDP_per,2024,0.7766526434431569,0.7032880910259467,0.1153982951311658
citylevel_gdp,Medium/Small City,GDP_per,2024,0.7813144538869852,0.7086307244693756,0.1153982951311658
citylevel_gdp,Medium/Small City,GDP_per,2024,0.78512230811986,0.7157716483114973,0.1153982951311658
citylevel_gdp,Medium/Small City,GDP_per,2024,0.79063454987489,0.7192979060793174,0.1153982951311658
citylevel_gdp,Medium/Small City,GDP_per,2024,0.7949301727208405,0.7214232322272482,0.1153982951311658
citylevel_gdp,Medium/Small City,GDP_per,2024,0.7977714469126211,0.7241995145280697,0.1153982951311658
citylevel_gdp,Medium/Small City,GDP_per,2024,0.8006757112711597,0.7274931181403654,0.1153982951311658
citylevel_gdp,Medium/Small City,GDP_per,2024,0.8021029881827567,0.72919358481924,0.1153982951311658
citylevel_gdp,Medium/Small City,GDP_per,2024,0.8050212928848316,0.7299049373210311,0.1153982951311658
citylevel_gdp,Medium/Small City,GDP_per,2024,0.8069011871034388,0.7306729023762298,0.1153982951311658
citylevel_gdp,Medium/Small City,GDP_per,2024,0.8092130793267831,0.7322730762649801,0.1153982951311658
citylevel_gdp,Medium/Small City,GDP_per,2024,0.8128184111731052,0.7386624862168474,0.1153982951311658
citylevel_gdp,Medium/Small City,GDP_per,2024,0.8175610172518604,0.7428920494777431,0.1153982951311658
citylevel_gdp,Medium/Small City,GDP_per,2024,0.8336218410129889,0.7591059408352777,0.1153982951311658
citylevel_gdp,Medium/Small City,GDP_per,2024,0.8360192885268992,0.7622919283148128,0.1153982951311658
citylevel_gdp,Medium/Small City,GDP_per,2024,0.8440553585041572,0.7757735403991116,0.1153982951311658
citylevel_gdp,Medium/Small City,GDP_per,2024,0.8451151265810318,0.7765676714264926,0.1153982951311658
citylevel_gdp,Medium/Small City,GDP_per,2024,0.8513054142727636,0.7889819203605485,0.1153982951311658
citylevel_gdp,Medium/Small City,GDP_per,2024,0.8554573906474602,0.7949153054107478,0.1153982951311658
citylevel_gdp,Medium/Small City,GDP_per,2024,0.857393699277087,0.7964183757870855,0.1153982951311658
citylevel_gdp,Medium/Small City,GDP_per,2024,0.8585144796692006,0.7993974134811851,0.1153982951311658
citylevel_gdp,Medium/Small City,GDP_per,2024,0.8676311195965158,0.8131579176064637,0.1153982951311658
citylevel_gdp,Medium/Small City,GDP_per,2024,0.8725146431918785,0.8235526619699388,0.1153982951311658
citylevel_gdp,Medium/Small City,GDP_per,2024,0.8804557250482488,0.8293032631487113,0.1153982951311658
citylevel_gdp,Medium/Small City,GDP_per,2024,0.8840610697065645,0.8324392500141867,0.1153982951311658
citylevel_gdp,Medium/Small City,GDP_per,2024,0.8907281044938387,0.8381337521491571,0.1153982951311658
citylevel_gdp,Medium/Small City,GDP_per,2024,0.892284905856694,0.8402747632692624,0.1153982951311658
citylevel_gdp,Medium/Small City,GDP_per,2024,0.8948520242039507,0.844292463360046,0.1153982951311658
citylevel_gdp,Medium/Small City,GDP_per,2024,0.8967161628733724,0.8482372308924148,0.1153982951311658
citylevel_gdp,Medium/Small City,GDP_per,2024,0.9004347159090389,0.8539634243664156,0.1153982951311658
citylevel_gdp,Medium/Small City,GDP_per,2024,0.9030779503105436,0.8577098681325112,0.1153982951311658
citylevel_gdp,Medium/Small City,GDP_per,2024,0.905445803720632,0.8610857404705673,0.1153982951311658
citylevel_gdp,Medium/Small City,GDP_per,2024,0.906343474453904,0.8630220121758326,0.1153982951311658
citylevel_gdp,Medium/Small City,GDP_per,2024,0.9077563971281204,0.8656095756535622,0.1153982951311658
citylevel_gdp,Medium/Small City,GDP_per,2024,0.9124182828424114,0.8749169106479228,0.1153982951311658
citylevel_gdp,Medium/Small City,GDP_per,2024,0.9132499589964156,0.8753074536286166,0.1153982951311658
citylevel_gdp,Medium/Small City,GDP_per,2024,0.9171239359284946,0.8790710639077277,0.1153982951311658
citylevel_gdp,Medium/Small City,GDP_per,2024,0.918076105679736,0.8816036366484103,0.1153982951311658
citylevel_gdp,Medium/Small City,GDP_per,2024,0.9220318151237772,0.8860371812622588,0.1153982951311658
citylevel_gdp,Medium/Small City,GDP_per,2024,0.9240969467480102,0.8916833747485668,0.1153982951311658
citylevel_gdp,Medium/Small City,GDP_per,2024,0.9244913431528968,0.8939270342633499,0.1153982951311658
citylevel_gdp,Medium/Small City,GDP_per,2024,0.932592794335227,0.8991325596405072,0.1153982951311658
citylevel_gdp,Medium/Small City,GDP_per,2024,0.9345058235724,0.9004101972006495,0.1153982951311658
citylevel_gdp,Medium/Small City,GDP_per,2024,0.93876541749072,0.9035635088993864,0.1153982951311658
citylevel_gdp,Medium/Small City,GDP_per,2024,0.943679596983878,0.9123716120832908,0.1153982951311658
citylevel_gdp,Medium/Small City,GDP_per,2024,0.9483085414610072,0.9162251281440896,0.1153982951311658
citylevel_gdp,Medium/Small City,GDP_per,2024,0.950064242619212,0.92164443487604,0.1153982951311658
citylevel_gdp,Medium/Small City,GDP_per,2024,0.9538220612124032,0.9302512488897344,0.1153982951311658
citylevel_gdp,Medium/Small City,GDP_per,2024,0.9581749921059302,0.9341847325539946,0.1153982951311658
citylevel_gdp,Medium/Small City,GDP_per,2024,0.9628278245452112,0.9440211436670648,0.1153982951311658
citylevel_gdp,Medium/Small City,GDP_per,2024,0.9704454900429902,0.9557059927169268,0.1153982951311658
citylevel_gdp,Medium/Small City,GDP_per,2024,0.97123352374214,0.957269316016468,0.1153982951311658
citylevel_gdp,Medium/Small City,GDP_per,2024,0.9790986320776918,0.9679241102378512,0.1153982951311658
citylevel_gdp,Medium/Small City,GDP_per,2024,0.9800234642374922,0.9698785537746812,0.1153982951311658
citylevel_gdp,Medium/Small City,GDP_per,2024,0.9853249663135452,0.9806583259812756,0.1153982951311658
citylevel_gdp,Medium/Small City,GDP_per,2024,0.986909560093616,0.982529322936154,0.1153982951311658
citylevel_gdp,Medium/Small City,GDP_per,2024,0.990355025484729,0.9883284715459052,0.1153982951311658
citylevel_gdp,Medium/Small City,GDP_per,2024,0.996027731054172,0.994364736891484,0.1153982951311658
citylevel_gdp,Medium/Small City,GDP_per,2024,0.9966253913397436,0.9965210607722192,0.1153982951311658
citylevel_gdp,Medium/Small City,GDP_per,2024,1.0,1.0,0.1153982951311658
citylevel_gdp,Super City,GDP_per,2024,0.0,0.0,-0.0131003194292397
citylevel_gdp,Super City,GDP_per,2024,0.0927363765944227,0.0940767839088304,-0.0131003194292397
citylevel_gdp,Super City,GDP_per,2024,0.148832074194016,0.1522322221503298,-0.0131003194292397
citylevel_gdp,Super City,GDP_per,2024,0.2194851689581948,0.2227861400716715,-0.0131003194292397
citylevel_gdp,Super City,GDP_per,2024,0.2937968789333132,0.3134464365305802,-0.0131003194292397
citylevel_gdp,Super City,GDP_per,2024,0.3701452120195685,0.4068005755225563,-0.0131003194292397
citylevel_gdp,Super City,GDP_per,2024,0.4417514718932754,0.462106381986262,-0.0131003194292397
citylevel_gdp,Super City,GDP_per,2024,0.499562413325947,0.4974425777412414,-0.0131003194292397
citylevel_gdp,Super City,GDP_per,2024,0.5622508047828267,0.5539757752518291,-0.0131003194292397
citylevel_gdp,Super City,GDP_per,2024,0.6330947723919349,0.6184513841560155,-0.0131003194292397
citylevel_gdp,Super City,GDP_per,2024,0.6945868329768156,0.6960384454681344,-0.0131003194292397
citylevel_gdp,Super City,GDP_per,2024,0.7798230319625777,0.8086489437145434,-0.0131003194292397
citylevel_gdp,Super City,GDP_per,2024,0.8545868576161674,0.8524852108664331,-0.0131003194292397
citylevel_gdp,Super City,GDP_per,2024,0.9303762798603278,0.9287455323246496,-0.0131003194292397
citylevel_gdp,Super City,GDP_per,2024,1.0,1.0,-0.0131003194292397
citylevel_gdp,Large City,GDP_per,2024,0.0,0.0,0.0873866819046271
citylevel_gdp,Large City,GDP_per,2024,0.0124558938926015,0.0113014629167753,0.0873866819046271
citylevel_gdp,Large City,GDP_per,2024,0.0289488778442155,0.017384544652854,0.0873866819046271
citylevel_gdp,Large City,GDP_per,2024,0.0392123854349212,0.0271079236037037,0.0873866819046271
citylevel_gdp,Large City,GDP_per,2024,0.0492929802897709,0.0305019728898852,0.0873866819046271
citylevel_gdp,Large City,GDP_per,2024,0.0752204394066368,0.0430358313769355,0.0873866819046271
citylevel_gdp,Large City,GDP_per,2024,0.0862508816889232,0.0543528154546079,0.0873866819046271
citylevel_gdp,Large City,GDP_per,2024,0.1075280845813626,0.0640063655969406,0.0873866819046271
citylevel_gdp,Large City,GDP_per,2024,0.1220836809378393,0.0778494528409107,0.0873866819046271
citylevel_gdp,Large City,GDP_per,2024,0.1380901972680533,0.0903621325342383,0.0873866819046271
citylevel_gdp,Large City,GDP_per,2024,0.1514771917721292,0.0997419568104989,0.0873866819046271
citylevel_gdp,Large City,GDP_per,2024,0.1709136096221332,0.1150600387841884,0.0873866819046271
citylevel_gdp,Large City,GDP_per,2024,0.1786889259346121,0.1196587017115845,0.0873866819046271
citylevel_gdp,Large City,GDP_per,2024,0.191145563748482,0.1278162857764921,0.0873866819046271
citylevel_gdp,Large City,GDP_per,2024,0.2043774878641716,0.1408225110169519,0.0873866819046271
citylevel_gdp,Large City,GDP_per,2024,0.2196548410112032,0.146198882183725,0.0873866819046271
citylevel_gdp,Large City,GDP_per,2024,0.2246248871088535,0.1513635255032874,0.0873866819046271
citylevel_gdp,Large City,GDP_per,2024,0.2352384599804009,0.1592876756392889,0.0873866819046271
citylevel_gdp,Large City,GDP_per,2024,0.245331640232708,0.1699699333786777,0.0873866819046271
citylevel_gdp,Large City,GDP_per,2024,0.2530345620657583,0.1746319056813522,0.0873866819046271
citylevel_gdp,Large City,GDP_per,2024,0.276328045403843,0.1856075441548794,0.0873866819046271
citylevel_gdp,Large City,GDP_per,2024,0.28499479163216,0.1933579866930001,0.0873866819046271
citylevel_gdp,Large City,GDP_per,2024,0.2947306883793187,0.2016751634062816,0.0873866819046271
citylevel_gdp,Large City,GDP_per,2024,0.310189000374875,0.2307340934513316,0.0873866819046271
citylevel_gdp,Large City,GDP_per,2024,0.3186661473279359,0.2351935710402528,0.0873866819046271
citylevel_gdp,Large City,GDP_per,2024,0.3314425968950669,0.2449759744975835,0.0873866819046271
citylevel_gdp,Large City,GDP_per,2024,0.3383648477491169,0.2482460539812985,0.0873866819046271
citylevel_gdp,Large City,GDP_per,2024,0.3549494324769052,0.2602308561414355,0.0873866819046271
citylevel_gdp,Large City,GDP_per,2024,0.3636610634137481,0.2722052546845017,0.0873866819046271
citylevel_gdp,Large City,GDP_per,2024,0.3823769410032713,0.2885744059216898,0.0873866819046271
citylevel_gdp,Large City,GDP_per,2024,0.4060306200794695,0.3177074063796588,0.0873866819046271
citylevel_gdp,Large City,GDP_per,2024,0.4177392012979448,0.3322837710239569,0.0873866819046271
citylevel_gdp,Large City,GDP_per,2024,0.4228753650148163,0.3462534684953504,0.0873866819046271
citylevel_gdp,Large City,GDP_per,2024,0.4370822679687903,0.3563270101546205,0.0873866819046271
citylevel_gdp,Large City,GDP_per,2024,0.4418092356040053,0.3682830042805475,0.0873866819046271
citylevel_gdp,Large City,GDP_per,2024,0.4495557315313471,0.3788559209949608,0.0873866819046271
citylevel_gdp,Large City,GDP_per,2024,0.4648170553630496,0.3883378788937767,0.0873866819046271
citylevel_gdp,Large City,GDP_per,2024,0.472567003960278,0.3952973517756528,0.0873866819046271
citylevel_gdp,Large City,GDP_per,2024,0.4929534245859835,0.4220355271555131,0.0873866819046271
citylevel_gdp,Large City,GDP_per,2024,0.5013619841861068,0.444670343878655,0.0873866819046271
citylevel_gdp,Large City,GDP_per,2024,0.5117603975228192,0.4510293655318712,0.0873866819046271
citylevel_gdp,Large City,GDP_per,2024,0.5220762618547902,0.4579046484469769,0.0873866819046271
citylevel_gdp,Large City,GDP_per,2024,0.5432739701956958,0.4765477389976474,0.0873866819046271
citylevel_gdp,Large City,GDP_per,2024,0.5539980613236707,0.4892812524308506,0.0873866819046271
citylevel_gdp,Large City,GDP_per,2024,0.5640438428511656,0.5135223206254025,0.0873866819046271
citylevel_gdp,Large City,GDP_per,2024,0.5712996242418665,0.5248210504264601,0.0873866819046271
citylevel_gdp,Large City,GDP_per,2024,0.581050449738478,0.5484911582502334,0.0873866819046271
citylevel_gdp,Large City,GDP_per,2024,0.5948043374600863,0.5579719597358676,0.0873866819046271
citylevel_gdp,Large City,GDP_per,2024,0.6159033274486827,0.5755924909415312,0.0873866819046271
citylevel_gdp,Large City,GDP_per,2024,0.626556581955885,0.5830584317434122,0.0873866819046271
citylevel_gdp,Large City,GDP_per,2024,0.6337912097265203,0.6096316224799356,0.0873866819046271
citylevel_gdp,Large City,GDP_per,2024,0.6383656713137211,0.6192157271165247,0.0873866819046271
citylevel_gdp,Large City,GDP_per,2024,0.6473298985292265,0.6275026990856654,0.0873866819046271
citylevel_gdp,Large City,GDP_per,2024,0.6575318422589693,0.6348207393692973,0.0873866819046271
citylevel_gdp,Large City,GDP_per,2024,0.6702423410176579,0.6432847598431437,0.0873866819046271
citylevel_gdp,Large City,GDP_per,2024,0.6807168575001219,0.6538036124885577,0.0873866819046271
citylevel_gdp,Large City,GDP_per,2024,0.6874554692010775,0.6606115650624272,0.0873866819046271
citylevel_gdp,Large City,GDP_per,2024,0.7072164183283891,0.6845307040847073,0.0873866819046271
citylevel_gdp,Large City,GDP_per,2024,0.7136047568881486,0.6880700801657159,0.0873866819046271
citylevel_gdp,Large City,GDP_per,2024,0.7202717245949553,0.7053128763483929,0.0873866819046271
citylevel_gdp,Large City,GDP_per,2024,0.7330272415303973,0.7165472101034482,0.0873866819046271
citylevel_gdp,Large City,GDP_per,2024,0.7498807341046583,0.7245837485101463,0.0873866819046271
citylevel_gdp,Large City,GDP_per,2024,0.7615984568027193,0.7533244072453874,0.0873866819046271
citylevel_gdp,Large City,GDP_per,2024,0.7727913036618964,0.7588451339924263,0.0873866819046271
citylevel_gdp,Large City,GDP_per,2024,0.7901929196146772,0.7681794773781976,0.0873866819046271
citylevel_gdp,Large City,GDP_per,2024,0.7984370944945336,0.7804266692120303,0.0873866819046271
citylevel_gdp,Large City,GDP_per,2024,0.8157499934600568,0.8137636562244229,0.0873866819046271
citylevel_gdp,Large City,GDP_per,2024,0.8347253157799188,0.824190280979258,0.0873866819046271
citylevel_gdp,Large City,GDP_per,2024,0.8506861706602825,0.8365589649941988,0.0873866819046271
citylevel_gdp,Large City,GDP_per,2024,0.8621716280103442,0.8494659160422704,0.0873866819046271
citylevel_gdp,Large City,GDP_per,2024,0.8715902489005654,0.8605346145391536,0.0873866819046271
citylevel_gdp,Large City,GDP_per,2024,0.888505178431573,0.869451602825389,0.0873866819046271
citylevel_gdp,Large City,GDP_per,2024,0.8965298396491709,0.8798804573182843,0.0873866819046271
citylevel_gdp,Large City,GDP_per,2024,0.9026887835218254,0.8886652373542497,0.0873866819046271
citylevel_gdp,Large City,GDP_per,2024,0.9189507208435178,0.9148968211893336,0.0873866819046271
citylevel_gdp,Large City,GDP_per,2024,0.929312255377354,0.9220514985183152,0.0873866819046271
citylevel_gdp,Large City,GDP_per,2024,0.932854001083832,0.9254997308360928,0.0873866819046271
citylevel_gdp,Large City,GDP_per,2024,0.9503446578484224,0.9418985812012416,0.0873866819046271
citylevel_gdp,Large City,GDP_per,2024,0.9610098785480264,0.9533509236279188,0.0873866819046271
citylevel_gdp,Large City,GDP_per,2024,0.9851821101323276,0.9799032131166352,0.0873866819046271
citylevel_gdp,Large City,GDP_per,2024,1.0,0.9999999999999998,0.0873866819046271
citylevel_gdp,Mega/Super City,GDP_per,2024,0.0,0.0,-0.035975005434633
citylevel_gdp,Mega/Super City,GDP_per,2024,0.0448856463800065,0.0541351259416455,-0.035975005434633
citylevel_gdp,Mega/Super City,GDP_per,2024,0.0720367141525482,0.0875998325630594,-0.035975005434633
citylevel_gdp,Mega/Super City,GDP_per,2024,0.1062337568201474,0.128199065164907,-0.035975005434633
citylevel_gdp,Mega/Super City,GDP_per,2024,0.2277068979676701,0.1978254943269408,-0.035975005434633
citylevel_gdp,Mega/Super City,GDP_per,2024,0.2636747593218452,0.2499946519319264,-0.035975005434633
citylevel_gdp,Mega/Super City,GDP_per,2024,0.3274179710063164,0.3326978709793931,-0.035975005434633
citylevel_gdp,Mega/Super City,GDP_per,2024,0.3643715851808291,0.3864171613454634,-0.035975005434633
citylevel_gdp,Mega/Super City,GDP_per,2024,0.3990299725075489,0.4182420885359853,-0.035975005434633
citylevel_gdp,Mega/Super City,GDP_per,2024,0.4270112412322343,0.4385757917942542,-0.035975005434633
citylevel_gdp,Mega/Super City,GDP_per,2024,0.4814307820641882,0.4851835069830091,-0.035975005434633
citylevel_gdp,Mega/Super City,GDP_per,2024,0.5117728018238232,0.5177147186163218,-0.035975005434633
citylevel_gdp,Mega/Super City,GDP_per,2024,0.546062229500797,0.5548162761225282,-0.035975005434633
citylevel_gdp,Mega/Super City,GDP_per,2024,0.5758252091205646,0.5994626294634771,-0.035975005434633
citylevel_gdp,Mega/Super City,GDP_per,2024,0.6170806692425733,0.6642627135185252,-0.035975005434633
citylevel_gdp,Mega/Super City,GDP_per,2024,0.653267360631002,0.6894876600407076,-0.035975005434633
citylevel_gdp,Mega/Super City,GDP_per,2024,0.7068947556611886,0.7531965412460916,-0.035975005434633
citylevel_gdp,Mega/Super City,GDP_per,2024,0.7435778495141457,0.7970794413087863,-0.035975005434633
citylevel_gdp,Mega/Super City,GDP_per,2024,0.7772766610982702,0.8380817951440127,-0.035975005434633
citylevel_gdp,Mega/Super City,GDP_per,2024,0.8202827018654294,0.8743738318319954,-0.035975005434633
citylevel_gdp,Mega/Super City,GDP_per,2024,0.9172951030383644,0.932335686112573,-0.035975005434633
citylevel_gdp,Mega/Super City,GDP_per,2024,1.0,1.0,-0.035975005434633
