variable,year,x,density,bw_adjust,n_grid_rows,population_weight_sum
GDP_per,2014,0.0,2.0748917718225814e-06,5.0,6293289,1276849768.0
GDP_per,2014,1005.7889447236181,2.3545187110216814e-06,5.0,6293289,1276849768.0
GDP_per,2014,2011.5778894472362,2.659669832983887e-06,5.0,6293289,1276849768.0
GDP_per,2014,3017.3668341708544,2.990745045956552e-06,5.0,6293289,1276849768.0
GDP_per,2014,4023.1557788944724,3.347841965892109e-06,5.0,6293289,1276849768.0
GDP_per,2014,5028.94472361809,3.7307220911410135e-06,5.0,6293289,1276849768.0
GDP_per,2014,6034.733668341709,4.13878169730687e-06,5.0,6293289,1276849768.0
GDP_per,2014,7040.522613065326,4.571028834588711e-06,5.0,6293289,1276849768.0
GDP_per,2014,8046.311557788945,5.0260677360387466e-06,5.0,6293289,1276849768.0
GDP_per,2014,9052.100502512563,5.502091810363509e-06,5.0,6293289,1276849768.0
GDP_per,2014,10057.88944723618,5.996886189218905e-06,5.0,6293289,1276849768.0
GDP_per,2014,11063.678391959798,6.507840541375038e-06,5.0,6293289,1276849768.0
GDP_per,2014,12069.467336683418,7.031972550477362e-06,5.0,6293289,1276849768.0
GDP_per,2014,13075.256281407035,7.565962093819487e-06,5.0,6293289,1276849768.0
GDP_per,2014,14081.045226130653,8.106195772735872e-06,5.0,6293289,1276849768.0
GDP_per,2014,15086.834170854272,8.648821039940907e-06,5.0,6293289,1276849768.0
GDP_per,2014,16092.62311557789,9.189808769400011e-06,5.0,6293289,1276849768.0
GDP_per,2014,17098.412060301507,9.72502273866628e-06,5.0,6293289,1276849768.0
GDP_per,2014,18104.201005025127,1.025029415803882e-05,5.0,6293289,1276849768.0
GDP_per,2014,19109.989949748742,1.0761499110580601e-05,5.0,6293289,1276849768.0
GDP_per,2014,20115.77889447236,1.1254636569117532e-05,5.0,6293289,1276849768.0
GDP_per,2014,21121.56783919598,1.1725904559830492e-05,5.0,6293289,1276849768.0
GDP_per,2014,22127.356783919597,1.2171772031363224e-05,5.0,6293289,1276849768.0
GDP_per,2014,23133.145728643216,1.2589044101711435e-05,5.0,6293289,1276849768.0
GDP_per,2014,24138.934673366835,1.2974918553354855e-05,5.0,6293289,1276849768.0
GDP_per,2014,25144.72361809045,1.3327031761394038e-05,5.0,6293289,1276849768.0
GDP_per,2014,26150.51256281407,1.3643492618032485e-05,5.0,6293289,1276849768.0
GDP_per,2014,27156.30150753769,1.392290348583247e-05,5.0,6293289,1276849768.0
GDP_per,2014,28162.090452261305,1.4164367707943916e-05,5.0,6293289,1276849768.0
GDP_per,2014,29167.879396984925,1.4367483731281368e-05,5.0,6293289,1276849768.0
GDP_per,2014,30173.668341708544,1.4532326426099823e-05,5.0,6293289,1276849768.0
GDP_per,2014,31179.45728643216,1.4659416669771475e-05,5.0,6293289,1276849768.0
GDP_per,2014,32185.24623115578,1.474968070699143e-05,5.0,6293289,1276849768.0
GDP_per,2014,33191.0351758794,1.4804401158390077e-05,5.0,6293289,1276849768.0
GDP_per,2014,34196.824120603014,1.4825161817614702e-05,5.0,6293289,1276849768.0
GDP_per,2014,35202.61306532663,1.481378854138434e-05,5.0,6293289,1276849768.0
GDP_per,2014,36208.40201005025,1.4772288586864658e-05,5.0,6293289,1276849768.0
GDP_per,2014,37214.19095477387,1.4702790687425935e-05,5.0,6293289,1276849768.0
GDP_per,2014,38219.979899497484,1.4607488001550042e-05,5.0,6293289,1276849768.0
GDP_per,2014,39225.76884422111,1.4488585794047095e-05,5.0,6293289,1276849768.0
GDP_per,2014,40231.55778894472,1.4348255388837196e-05,5.0,6293289,1276849768.0
GDP_per,2014,41237.34673366834,1.4188595535046728e-05,5.0,6293289,1276849768.0
GDP_per,2014,42243.13567839196,1.4011601903508617e-05,5.0,6293289,1276849768.0
GDP_per,2014,43248.92462311558,1.3819145007732002e-05,5.0,6293289,1276849768.0
GDP_per,2014,44254.71356783919,1.3612956427498878e-05,5.0,6293289,1276849768.0
GDP_per,2014,45260.502512562816,1.3394622836178961e-05,5.0,6293289,1276849768.0
GDP_per,2014,46266.29145728643,1.3165587016929145e-05,5.0,6293289,1276849768.0
GDP_per,2014,47272.08040201005,1.2927154804471854e-05,5.0,6293289,1276849768.0
GDP_per,2014,48277.86934673367,1.268050671999227e-05,5.0,6293289,1276849768.0
GDP_per,2014,49283.65829145729,1.242671297821003e-05,5.0,6293289,1276849768.0
GDP_per,2014,50289.4472361809,1.21667505454802e-05,5.0,6293289,1276849768.0
GDP_per,2014,51295.236180904525,1.1901520990945125e-05,5.0,6293289,1276849768.0
GDP_per,2014,52301.02512562814,1.1631868013266466e-05,5.0,6293289,1276849768.0
GDP_per,2014,53306.81407035176,1.1358593696863888e-05,5.0,6293289,1276849768.0
GDP_per,2014,54312.60301507538,1.1082472777736312e-05,5.0,6293289,1276849768.0
GDP_per,2014,55318.391959798995,1.0804264421672321e-05,5.0,6293289,1276849768.0
GDP_per,2014,56324.18090452261,1.0524721250655728e-05,5.0,6293289,1276849768.0
GDP_per,2014,57329.969849246234,1.0244595568803732e-05,5.0,6293289,1276849768.0
GDP_per,2014,58335.75879396985,9.964642919585308e-06,5.0,6293289,1276849768.0
GDP_per,2014,59341.547738693465,9.685623257457889e-06,5.0,6293289,1276849768.0
GDP_per,2014,60347.33668341709,9.408300116901624e-06,5.0,6293289,1276849768.0
GDP_per,2014,61353.125628140704,9.133438215113407e-06,5.0,6293289,1276849768.0
GDP_per,2014,62358.91457286432,8.861799938262225e-06,5.0,6293289,1276849768.0
GDP_per,2014,63364.70351758794,8.59414112875221e-06,5.0,6293289,1276849768.0
GDP_per,2014,64370.49246231156,8.331206527478696e-06,5.0,6293289,1276849768.0
GDP_per,2014,65376.281407035174,8.07372513709533e-06,5.0,6293289,1276849768.0
GDP_per,2014,66382.0703517588,7.82240567416948e-06,5.0,6293289,1276849768.0
GDP_per,2014,67387.8592964824,7.577932172689621e-06,5.0,6293289,1276849768.0
GDP_per,2014,68393.64824120603,7.340959707572551e-06,5.0,6293289,1276849768.0
GDP_per,2014,69399.43718592965,7.112110127455395e-06,5.0,6293289,1276849768.0
GDP_per,2014,70405.22613065326,6.8919676313976e-06,5.0,6293289,1276849768.0
GDP_per,2014,71411.01507537688,6.68107399452255e-06,5.0,6293289,1276849768.0
GDP_per,2014,72416.8040201005,6.479923253496874e-06,5.0,6293289,1276849768.0
GDP_per,2014,73422.59296482411,6.2889556919900466e-06,5.0,6293289,1276849768.0
GDP_per,2014,74428.38190954774,6.108551026238325e-06,5.0,6293289,1276849768.0
GDP_per,2014,75434.17085427136,5.939020774913762e-06,5.0,6293289,1276849768.0
GDP_per,2014,76439.95979899497,5.78059988917979e-06,5.0,6293289,1276849768.0
GDP_per,2014,77445.74874371859,5.633437828687333e-06,5.0,6293289,1276849768.0
GDP_per,2014,78451.53768844221,5.497589372747858e-06,5.0,6293289,1276849768.0
GDP_per,2014,79457.32663316582,5.373005551712237e-06,5.0,6293289,1276849768.0
GDP_per,2014,80463.11557788945,5.259525167550605e-06,5.0,6293289,1276849768.0
GDP_per,2014,81468.90452261307,5.1568674279074554e-06,5.0,6293289,1276849768.0
GDP_per,2014,82474.69346733668,5.064626252923484e-06,5.0,6293289,1276849768.0
GDP_per,2014,83480.4824120603,4.9822668094991945e-06,5.0,6293289,1276849768.0
GDP_per,2014,84486.27135678392,4.909124796262844e-06,5.0,6293289,1276849768.0
GDP_per,2014,85492.06030150753,4.8444089333485895e-06,5.0,6293289,1276849768.0
GDP_per,2014,86497.84924623116,4.787207011580829e-06,5.0,6293289,1276849768.0
GDP_per,2014,87503.63819095478,4.736495728134234e-06,5.0,6293289,1276849768.0
GDP_per,2014,88509.42713567839,4.691154386920594e-06,5.0,6293289,1276849768.0
GDP_per,2014,89515.21608040201,4.649982372151082e-06,5.0,6293289,1276849768.0
GDP_per,2014,90521.00502512563,4.611720133919011e-06,5.0,6293289,1276849768.0
GDP_per,2014,91526.79396984924,4.575073245951479e-06,5.0,6293289,1276849768.0
GDP_per,2014,92532.58291457286,4.538738935493026e-06,5.0,6293289,1276849768.0
GDP_per,2014,93538.37185929649,4.50143433488902e-06,5.0,6293289,1276849768.0
GDP_per,2014,94544.1608040201,4.4619255866663226e-06,5.0,6293289,1276849768.0
GDP_per,2014,95549.94974874372,4.419056846262639e-06,5.0,6293289,1276849768.0
GDP_per,2014,96555.73869346734,4.371778177010817e-06,5.0,6293289,1276849768.0
GDP_per,2014,97561.52763819095,4.319171331255455e-06,5.0,6293289,1276849768.0
GDP_per,2014,98567.31658291457,4.260472446671658e-06,5.0,6293289,1276849768.0
GDP_per,2014,99573.1055276382,4.195090777202337e-06,5.0,6293289,1276849768.0
GDP_per,2014,100578.8944723618,4.122622702147896e-06,5.0,6293289,1276849768.0
GDP_per,2014,101584.68341708543,4.042860422983093e-06,5.0,6293289,1276849768.0
GDP_per,2014,102590.47236180905,3.955794954651457e-06,5.0,6293289,1276849768.0
GDP_per,2014,103596.26130653266,3.861613233505564e-06,5.0,6293289,1276849768.0
GDP_per,2014,104602.05025125628,3.760689396343041e-06,5.0,6293289,1276849768.0
GDP_per,2014,105607.8391959799,3.653570514711021e-06,5.0,6293289,1276849768.0
GDP_per,2014,106613.62814070351,3.5409572913870477e-06,5.0,6293289,1276849768.0
GDP_per,2014,107619.41708542714,3.4236804262909747e-06,5.0,6293289,1276849768.0
GDP_per,2014,108625.20603015076,3.3026735309957106e-06,5.0,6293289,1276849768.0
GDP_per,2014,109630.99497487437,3.178943602202699e-06,5.0,6293289,1276849768.0
GDP_per,2014,110636.78391959799,3.0535401525176994e-06,5.0,6293289,1276849768.0
GDP_per,2014,111642.57286432161,2.927524134253141e-06,5.0,6293289,1276849768.0
GDP_per,2014,112648.36180904522,2.801937779559085e-06,5.0,6293289,1276849768.0
GDP_per,2014,113654.15075376884,2.6777764168652005e-06,5.0,6293289,1276849768.0
GDP_per,2014,114659.93969849247,2.5559632146974223e-06,5.0,6293289,1276849768.0
GDP_per,2014,115665.72864321608,2.437327654874081e-06,5.0,6293289,1276849768.0
GDP_per,2014,116671.5175879397,2.3225883551073773e-06,5.0,6293289,1276849768.0
GDP_per,2014,117677.30653266332,2.21234065666157e-06,5.0,6293289,1276849768.0
GDP_per,2014,118683.09547738693,2.107049176118092e-06,5.0,6293289,1276849768.0
GDP_per,2014,119688.88442211055,2.0070453024863572e-06,5.0,6293289,1276849768.0
GDP_per,2014,120694.67336683418,1.912529412869462e-06,5.0,6293289,1276849768.0
GDP_per,2014,121700.46231155779,1.8235773910178813e-06,5.0,6293289,1276849768.0
GDP_per,2014,122706.25125628141,1.7401508733928834e-06,5.0,6293289,1276849768.0
GDP_per,2014,123712.04020100503,1.6621105223869416e-06,5.0,6293289,1276849768.0
GDP_per,2014,124717.82914572864,1.5892315416135777e-06,5.0,6293289,1276849768.0
GDP_per,2014,125723.61809045226,1.5212206062935748e-06,5.0,6293289,1276849768.0
GDP_per,2014,126729.40703517589,1.45773338196515e-06,5.0,6293289,1276849768.0
GDP_per,2014,127735.1959798995,1.3983918460398227e-06,5.0,6293289,1276849768.0
GDP_per,2014,128740.98492462312,1.34280070308861e-06,5.0,6293289,1276849768.0
GDP_per,2014,129746.77386934674,1.290562291785648e-06,5.0,6293289,1276849768.0
GDP_per,2014,130752.56281407035,1.2412895096346494e-06,5.0,6293289,1276849768.0
GDP_per,2014,131758.35175879396,1.1946164246544946e-06,5.0,6293289,1276849768.0
GDP_per,2014,132764.1407035176,1.1502063902727625e-06,5.0,6293289,1276849768.0
GDP_per,2014,133769.9296482412,1.1077576241283867e-06,5.0,6293289,1276849768.0
GDP_per,2014,134775.7185929648,1.067006344038303e-06,5.0,6293289,1276849768.0
GDP_per,2014,135781.50753768845,1.0277276695827411e-06,5.0,6293289,1276849768.0
GDP_per,2014,136787.29648241206,9.89734589823761e-07,5.0,6293289,1276849768.0
GDP_per,2014,137793.08542713567,9.528753630437836e-07,5.0,6293289,1276849768.0
GDP_per,2014,138798.8743718593,9.170297528266188e-07,5.0,6293289,1276849768.0
GDP_per,2014,139804.6633165829,8.821045146181084e-07,5.0,6293289,1276849768.0
GDP_per,2014,140810.45226130652,8.480285320739935e-07,5.0,6293289,1276849768.0
GDP_per,2014,141816.24120603016,8.147479650085994e-07,5.0,6293289,1276849768.0
GDP_per,2014,142822.03015075377,7.822217159751933e-07,5.0,6293289,1276849768.0
GDP_per,2014,143827.81909547737,7.504174552767578e-07,5.0,6293289,1276849768.0
GDP_per,2014,144833.608040201,7.19308370291001e-07,5.0,6293289,1276849768.0
GDP_per,2014,145839.39698492462,6.888707298470859e-07,5.0,6293289,1276849768.0
GDP_per,2014,146845.18592964823,6.590822830603615e-07,5.0,6293289,1276849768.0
GDP_per,2014,147850.97487437187,6.299214487725051e-07,5.0,6293289,1276849768.0
GDP_per,2014,148856.76381909547,6.013671998978199e-07,5.0,6293289,1276849768.0
GDP_per,2014,149862.55276381908,5.733995087818945e-07,5.0,6293289,1276849768.0
GDP_per,2014,150868.34170854272,5.460001959113896e-07,5.0,6293289,1276849768.0
GDP_per,2014,151874.13065326633,5.191540152423296e-07,5.0,6293289,1276849768.0
GDP_per,2014,152879.91959798994,4.928498134430958e-07,5.0,6293289,1276849768.0
GDP_per,2014,153885.70854271358,4.6708161603435005e-07,5.0,6293289,1276849768.0
GDP_per,2014,154891.49748743718,4.4184951774157475e-07,5.0,6293289,1276849768.0
GDP_per,2014,155897.2864321608,4.171602848749703e-07,5.0,6293289,1276849768.0
GDP_per,2014,156903.07537688443,3.9302761102565725e-07,5.0,6293289,1276849768.0
GDP_per,2014,157908.86432160804,3.6947200103131337e-07,5.0,6293289,1276849768.0
GDP_per,2014,158914.65326633165,3.465202895977805e-07,5.0,6293289,1276849768.0
GDP_per,2014,159920.44221105528,3.2420482804882244e-07,5.0,6293289,1276849768.0
GDP_per,2014,160926.2311557789,3.0256239406273373e-07,5.0,6293289,1276849768.0
GDP_per,2014,161932.0201005025,2.8163289402753527e-07,5.0,6293289,1276849768.0
GDP_per,2014,162937.80904522614,2.6145793565938967e-07,5.0,6293289,1276849768.0
GDP_per,2014,163943.59798994975,2.4207934997638343e-07,5.0,6293289,1276849768.0
GDP_per,2014,164949.38693467336,2.2353773749029756e-07,5.0,6293289,1276849768.0
GDP_per,2014,165955.175879397,2.0587110450574832e-07,5.0,6293289,1276849768.0
GDP_per,2014,166960.9648241206,1.8911364310973734e-07,5.0,6293289,1276849768.0
GDP_per,2014,167966.7537688442,1.7329469406682494e-07,5.0,6293289,1276849768.0
GDP_per,2014,168972.54271356785,1.5843791679942995e-07,5.0,6293289,1276849768.0
GDP_per,2014,169978.33165829146,1.4456067607133178e-07,5.0,6293289,1276849768.0
GDP_per,2014,170984.12060301506,1.3167364193286945e-07,5.0,6293289,1276849768.0
GDP_per,2014,171989.9095477387,1.1978058865401435e-07,5.0,6293289,1276849768.0
GDP_per,2014,172995.6984924623,1.088783702220312e-07,5.0,6293289,1276849768.0
GDP_per,2014,174001.48743718592,9.895704474761786e-08,5.0,6293289,1276849768.0
GDP_per,2014,175007.27638190956,9.00001177215796e-08,5.0,6293289,1276849768.0
GDP_per,2014,176013.06532663316,8.198487427789478e-08,5.0,6293289,1276849768.0
GDP_per,2014,177018.85427135677,7.488277301037875e-08,5.0,6293289,1276849768.0
GDP_per,2014,178024.6432160804,6.865987796478393e-08,5.0,6293289,1276849768.0
GDP_per,2014,179030.43216080402,6.327731059365158e-08,5.0,6293289,1276849768.0
GDP_per,2014,180036.22110552763,5.869170915433216e-08,5.0,6293289,1276849768.0
GDP_per,2014,181042.01005025127,5.485568870149205e-08,5.0,6293289,1276849768.0
GDP_per,2014,182047.79899497487,5.171829999619374e-08,5.0,6293289,1276849768.0
GDP_per,2014,183053.58793969848,4.922548995120782e-08,5.0,6293289,1276849768.0
GDP_per,2014,184059.37688442212,4.732056936580258e-08,5.0,6293289,1276849768.0
GDP_per,2014,185065.16582914573,4.59446955263263e-08,5.0,6293289,1276849768.0
GDP_per,2014,186070.95477386934,4.503737769211671e-08,5.0,6293289,1276849768.0
GDP_per,2014,187076.74371859297,4.453701261654635e-08,5.0,6293289,1276849768.0
GDP_per,2014,188082.53266331658,4.438145520552477e-08,5.0,6293289,1276849768.0
GDP_per,2014,189088.3216080402,4.450862640619913e-08,5.0,6293289,1276849768.0
GDP_per,2014,190094.11055276383,4.485715673382665e-08,5.0,6293289,1276849768.0
GDP_per,2014,191099.89949748744,4.536705977369921e-08,5.0,6293289,1276849768.0
GDP_per,2014,192105.68844221105,4.5980425890114755e-08,5.0,6293289,1276849768.0
GDP_per,2014,193111.47738693468,4.664212252471267e-08,5.0,6293289,1276849768.0
GDP_per,2014,194117.2663316583,4.7300484199175776e-08,5.0,6293289,1276849768.0
GDP_per,2014,195123.0552763819,4.7907972882419375e-08,5.0,6293289,1276849768.0
GDP_per,2014,196128.84422110554,4.8421787949603155e-08,5.0,6293289,1276849768.0
GDP_per,2014,197134.63316582915,4.880440468599663e-08,5.0,6293289,1276849768.0
GDP_per,2014,198140.42211055275,4.902402121312163e-08,5.0,6293289,1276849768.0
GDP_per,2014,199146.2110552764,4.905489584208883e-08,5.0,6293289,1276849768.0
GDP_per,2014,200152.0,4.887756006795144e-08,5.0,6293289,1276849768.0
GDP_per,2015,0.0,1.897947154352179e-06,5.0,6274592,1287950711.0
GDP_per,2015,1041.0201005025126,2.1574343925209093e-06,5.0,6274592,1287950711.0
GDP_per,2015,2082.040201005025,2.441216109097733e-06,5.0,6274592,1287950711.0
GDP_per,2015,3123.0603015075376,2.7497667670122326e-06,5.0,6274592,1287950711.0
GDP_per,2015,4164.08040201005,3.0832796588907236e-06,5.0,6274592,1287950711.0
GDP_per,2015,5205.100502512563,3.4416324001567236e-06,5.0,6274592,1287950711.0
GDP_per,2015,6246.120603015075,3.824356500577683e-06,5.0,6274592,1287950711.0
GDP_per,2015,7287.140703517588,4.230612399722181e-06,5.0,6274592,1287950711.0
GDP_per,2015,8328.1608040201,4.659171307383227e-06,5.0,6274592,1287950711.0
GDP_per,2015,9369.180904522613,5.1084050856674575e-06,5.0,6274592,1287950711.0
GDP_per,2015,10410.201005025127,5.576285240236077e-06,5.0,6274592,1287950711.0
GDP_per,2015,11451.221105527638,6.0603918569395185e-06,5.0,6274592,1287950711.0
GDP_per,2015,12492.24120603015,6.557933031321708e-06,5.0,6274592,1287950711.0
GDP_per,2015,13533.261306532664,7.065775000206767e-06,5.0,6274592,1287950711.0
GDP_per,2015,14574.281407035176,7.580482805980214e-06,5.0,6274592,1287950711.0
GDP_per,2015,15615.30150753769,8.098370926529793e-06,5.0,6274592,1287950711.0
GDP_per,2015,16656.3216080402,8.615562891823296e-06,5.0,6274592,1287950711.0
GDP_per,2015,17697.341708542714,9.128058517364378e-06,5.0,6274592,1287950711.0
GDP_per,2015,18738.361809045226,9.63180701912065e-06,5.0,6274592,1287950711.0
GDP_per,2015,19779.38190954774,1.0122783962606025e-05,5.0,6274592,1287950711.0
GDP_per,2015,20820.402010050253,1.0597069757627089e-05,5.0,6274592,1287950711.0
GDP_per,2015,21861.422110552765,1.1050927254414821e-05,5.0,6274592,1287950711.0
GDP_per,2015,22902.442211055277,1.1480875934392553e-05,5.0,6274592,1287950711.0
GDP_per,2015,23943.46231155779,1.1883760238876766e-05,5.0,6274592,1287950711.0
GDP_per,2015,24984.4824120603,1.2256809728095156e-05,5.0,6274592,1287950711.0
GDP_per,2015,26025.502512562816,1.2597689024882733e-05,5.0,6274592,1287950711.0
GDP_per,2015,27066.52261306533,1.2904535846244101e-05,5.0,6274592,1287950711.0
GDP_per,2015,28107.54271356784,1.3175985867416051e-05,5.0,6274592,1287950711.0
GDP_per,2015,29148.562814070352,1.3411183654122044e-05,5.0,6274592,1287950711.0
GDP_per,2015,30189.582914572864,1.3609779442717549e-05,5.0,6274592,1287950711.0
GDP_per,2015,31230.60301507538,1.3771912098181887e-05,5.0,6274592,1287950711.0
GDP_per,2015,32271.62311557789,1.389817912210508e-05,5.0,6274592,1287950711.0
GDP_per,2015,33312.6432160804,1.3989595083436212e-05,5.0,6274592,1287950711.0
GDP_per,2015,34353.66331658292,1.4047540287950065e-05,5.0,6274592,1287950711.0
GDP_per,2015,35394.68341708543,1.4073701853077071e-05,5.0,6274592,1287950711.0
GDP_per,2015,36435.70351758794,1.407000961066415e-05,5.0,6274592,1287950711.0
GDP_per,2015,37476.72361809045,1.4038569396720391e-05,5.0,6274592,1287950711.0
GDP_per,2015,38517.74371859297,1.3981596307522854e-05,5.0,6274592,1287950711.0
GDP_per,2015,39558.76381909548,1.3901350401627388e-05,5.0,6274592,1287950711.0
GDP_per,2015,40599.78391959799,1.3800077115838194e-05,5.0,6274592,1287950711.0
GDP_per,2015,41640.804020100506,1.3679954354072759e-05,5.0,6274592,1287950711.0
GDP_per,2015,42681.824120603014,1.3543047814993658e-05,5.0,6274592,1287950711.0
GDP_per,2015,43722.84422110553,1.3391275681080836e-05,5.0,6274592,1287950711.0
GDP_per,2015,44763.864321608045,1.3226383300627171e-05,5.0,6274592,1287950711.0
GDP_per,2015,45804.884422110554,1.3049928015508586e-05,5.0,6274592,1287950711.0
GDP_per,2015,46845.90452261307,1.2863273806037053e-05,5.0,6274592,1287950711.0
GDP_per,2015,47886.92462311558,1.2667595003180975e-05,5.0,6274592,1287950711.0
GDP_per,2015,48927.94472361809,1.2463887946397502e-05,5.0,6274592,1287950711.0
GDP_per,2015,49968.9648241206,1.225298918267117e-05,5.0,6274592,1287950711.0
GDP_per,2015,51009.98492462312,1.2035598605101195e-05,5.0,6274592,1287950711.0
GDP_per,2015,52051.00502512563,1.1812305826148275e-05,5.0,6274592,1287950711.0
GDP_per,2015,53092.02512562814,1.1583618084532585e-05,5.0,6274592,1287950711.0
GDP_per,2015,54133.04522613066,1.1349988062078772e-05,5.0,6274592,1287950711.0
GDP_per,2015,55174.065326633165,1.1111840162226415e-05,5.0,6274592,1287950711.0
GDP_per,2015,56215.08542713568,1.0869594027021812e-05,5.0,6274592,1287950711.0
GDP_per,2015,57256.105527638196,1.062368435322383e-05,5.0,6274592,1287950711.0
GDP_per,2015,58297.125628140704,1.0374576372319414e-05,5.0,6274592,1287950711.0
GDP_per,2015,59338.14572864322,1.0122776675007113e-05,5.0,6274592,1287950711.0
GDP_per,2015,60379.16582914573,9.868839360932183e-06,5.0,6274592,1287950711.0
GDP_per,2015,61420.18592964824,9.613367773366019e-06,5.0,6274592,1287950711.0
GDP_per,2015,62461.20603015076,9.357012301387524e-06,5.0,6274592,1287950711.0
GDP_per,2015,63502.22613065327,9.10046491163516e-06,5.0,6274592,1287950711.0
GDP_per,2015,64543.24623115578,8.844451185655188e-06,5.0,6274592,1287950711.0
GDP_per,2015,65584.26633165829,8.589720686882109e-06,5.0,6274592,1287950711.0
GDP_per,2015,66625.2864321608,8.337036472929869e-06,5.0,6274592,1287950711.0
GDP_per,2015,67666.30653266332,8.087164501099844e-06,5.0,6274592,1287950711.0
GDP_per,2015,68707.32663316584,7.8408635635187e-06,5.0,6274592,1287950711.0
GDP_per,2015,69748.34673366834,7.598876240020099e-06,5.0,6274592,1287950711.0
GDP_per,2015,70789.36683417085,7.361921188358972e-06,5.0,6274592,1287950711.0
GDP_per,2015,71830.38693467337,7.130686916583368e-06,5.0,6274592,1287950711.0
GDP_per,2015,72871.40703517589,6.905827010985052e-06,5.0,6274592,1287950711.0
GDP_per,2015,73912.4271356784,6.6879566428396166e-06,5.0,6274592,1287950711.0
GDP_per,2015,74953.4472361809,6.477650053596328e-06,5.0,6274592,1287950711.0
GDP_per,2015,75994.46733668342,6.275438632674046e-06,5.0,6274592,1287950711.0
GDP_per,2015,77035.48743718593,6.081809158160003e-06,5.0,6274592,1287950711.0
GDP_per,2015,78076.50753768845,5.897201768892383e-06,5.0,6274592,1287950711.0
GDP_per,2015,79117.52763819096,5.722007278339632e-06,5.0,6274592,1287950711.0
GDP_per,2015,80158.54773869347,5.556563518660917e-06,5.0,6274592,1287950711.0
GDP_per,2015,81199.56783919598,5.4011505153963236e-06,5.0,6274592,1287950711.0
GDP_per,2015,82240.5879396985,5.255984424994591e-06,5.0,6274592,1287950711.0
GDP_per,2015,83281.60804020101,5.121210314470516e-06,5.0,6274592,1287950711.0
GDP_per,2015,84322.62814070353,4.9968940098919335e-06,5.0,6274592,1287950711.0
GDP_per,2015,85363.64824120603,4.8830133814579135e-06,5.0,6274592,1287950711.0
GDP_per,2015,86404.66834170854,4.7794495538697665e-06,5.0,6274592,1287950711.0
GDP_per,2015,87445.68844221106,4.6859786237221944e-06,5.0,6274592,1287950711.0
GDP_per,2015,88486.70854271358,4.602264527259231e-06,5.0,6274592,1287950711.0
GDP_per,2015,89527.72864321609,4.527853720687397e-06,5.0,6274592,1287950711.0
GDP_per,2015,90568.74874371859,4.462172312567735e-06,5.0,6274592,1287950711.0
GDP_per,2015,91609.76884422111,4.40452622356793e-06,5.0,6274592,1287950711.0
GDP_per,2015,92650.78894472362,4.35410484434859e-06,5.0,6274592,1287950711.0
GDP_per,2015,93691.80904522614,4.309988521275939e-06,5.0,6274592,1287950711.0
GDP_per,2015,94732.82914572865,4.271160029868597e-06,5.0,6274592,1287950711.0
GDP_per,2015,95773.84924623116,4.236520008419907e-06,5.0,6274592,1287950711.0
GDP_per,2015,96814.86934673367,4.20490612422852e-06,5.0,6274592,1287950711.0
GDP_per,2015,97855.88944723619,4.1751155456960155e-06,5.0,6274592,1287950711.0
GDP_per,2015,98896.9095477387,4.1459301096074855e-06,5.0,6274592,1287950711.0
GDP_per,2015,99937.9296482412,4.1161434057705e-06,5.0,6274592,1287950711.0
GDP_per,2015,100978.94974874372,4.084588870954289e-06,5.0,6274592,1287950711.0
GDP_per,2015,102019.96984924623,4.050167891991187e-06,5.0,6274592,1287950711.0
GDP_per,2015,103060.98994974875,4.011876870397894e-06,5.0,6274592,1287950711.0
GDP_per,2015,104102.01005025127,3.968832205925841e-06,5.0,6274592,1287950711.0
GDP_per,2015,105143.03015075377,3.920292210854031e-06,5.0,6274592,1287950711.0
GDP_per,2015,106184.05025125628,3.865675068690782e-06,5.0,6274592,1287950711.0
GDP_per,2015,107225.0703517588,3.8045721007265734e-06,5.0,6274592,1287950711.0
GDP_per,2015,108266.09045226131,3.736755787497019e-06,5.0,6274592,1287950711.0
GDP_per,2015,109307.11055276383,3.6621822070994673e-06,5.0,6274592,1287950711.0
GDP_per,2015,110348.13065326633,3.580987784103128e-06,5.0,6274592,1287950711.0
GDP_per,2015,111389.15075376884,3.4934804805073173e-06,5.0,6274592,1287950711.0
GDP_per,2015,112430.17085427136,3.4001257927088567e-06,5.0,6274592,1287950711.0
GDP_per,2015,113471.19095477388,3.301528134059685e-06,5.0,6274592,1287950711.0
GDP_per,2015,114512.21105527639,3.198408368484581e-06,5.0,6274592,1287950711.0
GDP_per,2015,115553.23115577889,3.091578411151295e-06,5.0,6274592,1287950711.0
GDP_per,2015,116594.25125628141,2.9819139170327914e-06,5.0,6274592,1287950711.0
GDP_per,2015,117635.27135678392,2.870326134524058e-06,5.0,6274592,1287950711.0
GDP_per,2015,118676.29145728644,2.7577340065623335e-06,5.0,6274592,1287950711.0
GDP_per,2015,119717.31155778895,2.6450375573174195e-06,5.0,6274592,1287950711.0
GDP_per,2015,120758.33165829146,2.5330935103527853e-06,5.0,6274592,1287950711.0
GDP_per,2015,121799.35175879397,2.4226939518462497e-06,5.0,6274592,1287950711.0
GDP_per,2015,122840.37185929649,2.3145486869793986e-06,5.0,6274592,1287950711.0
GDP_per,2015,123881.391959799,2.2092717476924374e-06,5.0,6274592,1287950711.0
GDP_per,2015,124922.41206030152,2.1073723072855496e-06,5.0,6274592,1287950711.0
GDP_per,2015,125963.43216080402,2.009250051707235e-06,5.0,6274592,1287950711.0
GDP_per,2015,127004.45226130653,1.9151948585032126e-06,5.0,6274592,1287950711.0
GDP_per,2015,128045.47236180905,1.8253904546970605e-06,5.0,6274592,1287950711.0
GDP_per,2015,129086.49246231157,1.7399215685829896e-06,5.0,6274592,1287950711.0
GDP_per,2015,130127.51256281408,1.658783968364689e-06,5.0,6274592,1287950711.0
GDP_per,2015,131168.53266331658,1.581896694168988e-06,5.0,6274592,1287950711.0
GDP_per,2015,132209.5527638191,1.5091157437645028e-06,5.0,6274592,1287950711.0
GDP_per,2015,133250.5728643216,1.4402484650681e-06,5.0,6274592,1287950711.0
GDP_per,2015,134291.5929648241,1.3750679393881283e-06,5.0,6274592,1287950711.0
GDP_per,2015,135332.61306532664,1.3133267040593858e-06,5.0,6274592,1287950711.0
GDP_per,2015,136373.63316582915,1.2547692553910027e-06,5.0,6274592,1287950711.0
GDP_per,2015,137414.65326633168,1.1991428878382845e-06,5.0,6274592,1287950711.0
GDP_per,2015,138455.67336683418,1.1462065529952218e-06,5.0,6274592,1287950711.0
GDP_per,2015,139496.69346733668,1.0957375568075797e-06,5.0,6274592,1287950711.0
GDP_per,2015,140537.7135678392,1.0475360457040355e-06,5.0,6274592,1287950711.0
GDP_per,2015,141578.7336683417,1.0014273564022477e-06,5.0,6274592,1287950711.0
GDP_per,2015,142619.75376884424,9.572624125319972e-07,5.0,6274592,1287950711.0
GDP_per,2015,143660.77386934674,9.149164399658163e-07,5.0,6274592,1287950711.0
GDP_per,2015,144701.79396984924,8.742863376427669e-07,5.0,6274592,1287950711.0
GDP_per,2015,145742.81407035177,8.352870802354234e-07,5.0,6274592,1287950711.0
GDP_per,2015,146783.83417085427,7.978475430685181e-07,5.0,6274592,1287950711.0
GDP_per,2015,147824.8542713568,7.619061290382014e-07,5.0,6274592,1287950711.0
GDP_per,2015,148865.8743718593,7.274065453145142e-07,5.0,6274592,1287950711.0
GDP_per,2015,149906.8944723618,6.942940273764669e-07,5.0,6274592,1287950711.0
GDP_per,2015,150947.91457286433,6.625122444373557e-07,5.0,6274592,1287950711.0
GDP_per,2015,151988.93467336684,6.320010485124484e-07,5.0,6274592,1287950711.0
GDP_per,2015,153029.95477386937,6.026951542649303e-07,5.0,6274592,1287950711.0
GDP_per,2015,154070.97487437187,5.745237634366613e-07,5.0,6274592,1287950711.0
GDP_per,2015,155111.99497487437,5.474110805366459e-07,5.0,6274592,1287950711.0
GDP_per,2015,156153.0150753769,5.21277609029508e-07,5.0,6274592,1287950711.0
GDP_per,2015,157194.0351758794,4.960420725338468e-07,5.0,6274592,1287950711.0
GDP_per,2015,158235.05527638193,4.716237749886594e-07,5.0,6274592,1287950711.0
GDP_per,2015,159276.07537688443,4.4794519814183216e-07,5.0,6274592,1287950711.0
GDP_per,2015,160317.09547738693,4.249346337119293e-07,5.0,6274592,1287950711.0
GDP_per,2015,161358.11557788946,4.0252865972091794e-07,5.0,6274592,1287950711.0
GDP_per,2015,162399.13567839196,3.8067429409466413e-07,5.0,6274592,1287950711.0
GDP_per,2015,163440.1557788945,3.593306907871624e-07,5.0,6274592,1287950711.0
GDP_per,2015,164481.175879397,3.384702817583616e-07,5.0,6274592,1287950711.0
GDP_per,2015,165522.1959798995,3.180793090067036e-07,5.0,6274592,1287950711.0
GDP_per,2015,166563.21608040202,2.9815773175166846e-07,5.0,6274592,1287950711.0
GDP_per,2015,167604.23618090453,2.787185320256098e-07,5.0,6274592,1287950711.0
GDP_per,2015,168645.25628140706,2.5978647537837983e-07,5.0,6274592,1287950711.0
GDP_per,2015,169686.27638190956,2.4139641035094966e-07,5.0,6274592,1287950711.0
GDP_per,2015,170727.29648241206,2.2359120985890684e-07,5.0,6274592,1287950711.0
GDP_per,2015,171768.3165829146,2.0641946916604855e-07,5.0,6274592,1287950711.0
GDP_per,2015,172809.3366834171,1.899330788687025e-07,5.0,6274592,1287950711.0
GDP_per,2015,173850.35678391962,1.7418478781452548e-07,5.0,6274592,1287950711.0
GDP_per,2015,174891.37688442212,1.5922586121279466e-07,5.0,6274592,1287950711.0
GDP_per,2015,175932.39698492462,1.4510392461464254e-07,5.0,6274592,1287950711.0
GDP_per,2015,176973.41708542715,1.3186106644061534e-07,5.0,6274592,1287950711.0
GDP_per,2015,178014.43718592965,1.1953225181537382e-07,5.0,6274592,1287950711.0
GDP_per,2015,179055.45728643218,1.0814408008769247e-07,5.0,6274592,1287950711.0
GDP_per,2015,180096.47738693468,9.771389889017485e-08,5.0,6274592,1287950711.0
GDP_per,2015,181137.49748743718,8.824926998544449e-08,5.0,6274592,1287950711.0
GDP_per,2015,182178.5175879397,7.974776728498762e-08,5.0,6274592,1287950711.0
GDP_per,2015,183219.53768844221,7.21970758377889e-08,5.0,6274592,1287950711.0
GDP_per,2015,184260.55778894474,6.557535248950773e-08,5.0,6274592,1287950711.0
GDP_per,2015,185301.57788944725,5.98518042906789e-08,5.0,6274592,1287950711.0
GDP_per,2015,186342.59798994975,5.4987439302094955e-08,5.0,6274592,1287950711.0
GDP_per,2015,187383.61809045228,5.093594577633905e-08,5.0,6274592,1287950711.0
GDP_per,2015,188424.63819095478,4.764465918970696e-08,5.0,6274592,1287950711.0
GDP_per,2015,189465.6582914573,4.505558163478921e-08,5.0,6274592,1287950711.0
GDP_per,2015,190506.6783919598,4.310642398973227e-08,5.0,6274592,1287950711.0
GDP_per,2015,191547.6984924623,4.1731647443467166e-08,5.0,6274592,1287950711.0
GDP_per,2015,192588.71859296484,4.086348683414908e-08,5.0,6274592,1287950711.0
GDP_per,2015,193629.73869346734,4.043294342010414e-08,5.0,6274592,1287950711.0
GDP_per,2015,194670.75879396987,4.037073884703562e-08,5.0,6274592,1287950711.0
GDP_per,2015,195711.77889447237,4.060822503041502e-08,5.0,6274592,1287950711.0
GDP_per,2015,196752.79899497487,4.1078246415381256e-08,5.0,6274592,1287950711.0
GDP_per,2015,197793.8190954774,4.171595168162338e-08,5.0,6274592,1287950711.0
GDP_per,2015,198834.8391959799,4.2459551616479496e-08,5.0,6274592,1287950711.0
GDP_per,2015,199875.8592964824,4.325101885274576e-08,5.0,6274592,1287950711.0
GDP_per,2015,200916.87939698494,4.403672373953275e-08,5.0,6274592,1287950711.0
GDP_per,2015,201957.89949748744,4.476799912001715e-08,5.0,6274592,1287950711.0
GDP_per,2015,202998.91959798997,4.540162551461664e-08,5.0,6274592,1287950711.0
GDP_per,2015,204039.93969849247,4.590022741586626e-08,5.0,6274592,1287950711.0
GDP_per,2015,205080.95979899497,4.623257128916348e-08,5.0,6274592,1287950711.0
GDP_per,2015,206121.9798994975,4.6373756571267545e-08,5.0,6274592,1287950711.0
GDP_per,2015,207163.0,4.630529250275987e-08,5.0,6274592,1287950711.0
GDP_per,2016,0.0,1.7672108125769949e-06,5.0,6273638,1293658702.0
GDP_per,2016,1082.854271356784,2.0049464027810534e-06,5.0,6273638,1293658702.0
GDP_per,2016,2165.708542713568,2.264688608448888e-06,5.0,6273638,1293658702.0
GDP_per,2016,3248.562814070352,2.546896674301257e-06,5.0,6273638,1293658702.0
GDP_per,2016,4331.417085427136,2.8517900630916007e-06,5.0,6273638,1293658702.0
GDP_per,2016,5414.27135678392,3.179318511648235e-06,5.0,6273638,1293658702.0
GDP_per,2016,6497.125628140704,3.529135252227319e-06,5.0,6273638,1293658702.0
GDP_per,2016,7579.979899497488,3.900574521933793e-06,5.0,6273638,1293658702.0
GDP_per,2016,8662.834170854272,4.29263445974598e-06,5.0,6273638,1293658702.0
GDP_per,2016,9745.688442211056,4.703966415846463e-06,5.0,6273638,1293658702.0
GDP_per,2016,10828.54271356784,5.132871580674473e-06,5.0,6273638,1293658702.0
GDP_per,2016,11911.396984924624,5.57730567191869e-06,5.0,6273638,1293658702.0
GDP_per,2016,12994.251256281408,6.034892204309944e-06,5.0,6273638,1293658702.0
GDP_per,2016,14077.105527638192,6.502944614840634e-06,5.0,6273638,1293658702.0
GDP_per,2016,15159.959798994976,6.978497230215274e-06,5.0,6273638,1293658702.0
GDP_per,2016,16242.81407035176,7.458344756382359e-06,5.0,6273638,1293658702.0
GDP_per,2016,17325.668341708544,7.939089652141823e-06,5.0,6273638,1293658702.0
GDP_per,2016,18408.52261306533,8.4171964329083e-06,5.0,6273638,1293658702.0
GDP_per,2016,19491.376884422112,8.889051655713567e-06,5.0,6273638,1293658702.0
GDP_per,2016,20574.231155778896,9.351028069668186e-06,5.0,6273638,1293658702.0
GDP_per,2016,21657.08542713568,9.799551194935303e-06,5.0,6273638,1293658702.0
GDP_per,2016,22739.939698492464,1.0231166431909047e-05,5.0,6273638,1293658702.0
GDP_per,2016,23822.79396984925,1.064260471064852e-05,5.0,6273638,1293658702.0
GDP_per,2016,24905.648241206032,1.1030844664859298e-05,5.0,6273638,1293658702.0
GDP_per,2016,25988.502512562816,1.1393169385058957e-05,5.0,6273638,1293658702.0
GDP_per,2016,27071.3567839196,1.1727215937618345e-05,5.0,6273638,1293658702.0
GDP_per,2016,28154.211055276384,1.203101606156424e-05,5.0,6273638,1293658702.0
GDP_per,2016,29237.06532663317,1.2303026735613673e-05,5.0,6273638,1293658702.0
GDP_per,2016,30319.919597989952,1.2542149660062685e-05,5.0,6273638,1293658702.0
GDP_per,2016,31402.773869346736,1.2747739079779131e-05,5.0,6273638,1293658702.0
GDP_per,2016,32485.62814070352,1.2919597801460434e-05,5.0,6273638,1293658702.0
GDP_per,2016,33568.4824120603,1.3057961677049221e-05,5.0,6273638,1293658702.0
GDP_per,2016,34651.33668341709,1.3163473248156845e-05,5.0,6273638,1293658702.0
GDP_per,2016,35734.190954773876,1.3237145636868248e-05,5.0,6273638,1293658702.0
GDP_per,2016,36817.04522613066,1.32803181052301e-05,5.0,6273638,1293658702.0
GDP_per,2016,37899.89949748744,1.3294604999217052e-05,5.0,6273638,1293658702.0
GDP_per,2016,38982.753768844224,1.3281839993969506e-05,5.0,6273638,1293658702.0
GDP_per,2016,40065.60804020101,1.3244017684084146e-05,5.0,6273638,1293658702.0
GDP_per,2016,41148.46231155779,1.318323461067e-05,5.0,6273638,1293658702.0
GDP_per,2016,42231.31658291457,1.3101631754462453e-05,5.0,6273638,1293658702.0
GDP_per,2016,43314.17085427136,1.3001340401398298e-05,5.0,6273638,1293658702.0
GDP_per,2016,44397.02512562815,1.2884433074585413e-05,5.0,6273638,1293658702.0
GDP_per,2016,45479.87939698493,1.275288094630028e-05,5.0,6273638,1293658702.0
GDP_per,2016,46562.73366834171,1.2608518827815132e-05,5.0,6273638,1293658702.0
GDP_per,2016,47645.5879396985,1.2453018463299883e-05,5.0,6273638,1293658702.0
GDP_per,2016,48728.442211055284,1.2287870486936393e-05,5.0,6273638,1293658702.0
GDP_per,2016,49811.296482412065,1.2114375024916794e-05,5.0,6273638,1293658702.0
GDP_per,2016,50894.150753768845,1.1933640566114643e-05,5.0,6273638,1293658702.0
GDP_per,2016,51977.00502512563,1.1746590409743951e-05,5.0,6273638,1293658702.0
GDP_per,2016,53059.85929648242,1.1553975728257323e-05,5.0,6273638,1293658702.0
GDP_per,2016,54142.7135678392,1.1356394066196411e-05,5.0,6273638,1293658702.0
GDP_per,2016,55225.56783919598,1.1154311962070475e-05,5.0,6273638,1293658702.0
GDP_per,2016,56308.42211055277,1.0948090296991881e-05,5.0,6273638,1293658702.0
GDP_per,2016,57391.276381909556,1.0738010976618866e-05,5.0,6273638,1293658702.0
GDP_per,2016,58474.13065326634,1.0524303611882242e-05,5.0,6273638,1293658702.0
GDP_per,2016,59556.98492462312,1.0307170983786765e-05,5.0,6273638,1293658702.0
GDP_per,2016,60639.839195979905,1.0086812251604008e-05,5.0,6273638,1293658702.0
GDP_per,2016,61722.69346733669,9.863443067303993e-06,5.0,6273638,1293658702.0
GDP_per,2016,62805.54773869347,9.637311984142711e-06,5.0,6273638,1293658702.0
GDP_per,2016,63888.40201005025,9.408712802691736e-06,5.0,6273638,1293658702.0
GDP_per,2016,64971.25628140704,9.177992713141164e-06,5.0,6273638,1293658702.0
GDP_per,2016,66054.11055276383,8.945556334848532e-06,5.0,6273638,1293658702.0
GDP_per,2016,67136.9648241206,8.71186593276243e-06,5.0,6273638,1293658702.0
GDP_per,2016,68219.81909547739,8.477438261310588e-06,5.0,6273638,1293658702.0
GDP_per,2016,69302.67336683418,8.242838599767256e-06,5.0,6273638,1293658702.0
GDP_per,2016,70385.52763819096,8.008672624184385e-06,5.0,6273638,1293658702.0
GDP_per,2016,71468.38190954775,7.775576789014299e-06,5.0,6273638,1293658702.0
GDP_per,2016,72551.23618090453,7.5442078862215005e-06,5.0,6273638,1293658702.0
GDP_per,2016,73634.09045226131,7.315232398817129e-06,5.0,6273638,1293658702.0
GDP_per,2016,74716.9447236181,7.0893161902627205e-06,5.0,6273638,1293658702.0
GDP_per,2016,75799.79899497487,6.867114968709539e-06,5.0,6273638,1293658702.0
GDP_per,2016,76882.65326633166,6.649265845574997e-06,5.0,6273638,1293658702.0
GDP_per,2016,77965.50753768845,6.436380188247272e-06,5.0,6273638,1293658702.0
GDP_per,2016,79048.36180904524,6.2290378391398686e-06,5.0,6273638,1293658702.0
GDP_per,2016,80131.21608040202,6.027782663482913e-06,5.0,6273638,1293658702.0
GDP_per,2016,81214.0703517588,5.833119289978955e-06,5.0,6273638,1293658702.0
GDP_per,2016,82296.92462311558,5.645510828240876e-06,5.0,6273638,1293658702.0
GDP_per,2016,83379.77889447237,5.465377298560829e-06,5.0,6273638,1293658702.0
GDP_per,2016,84462.63316582915,5.293094476451923e-06,5.0,6273638,1293658702.0
GDP_per,2016,85545.48743718593,5.128992858733029e-06,5.0,6273638,1293658702.0
GDP_per,2016,86628.34170854272,4.973356475994778e-06,5.0,6273638,1293658702.0
GDP_per,2016,87711.19597989951,4.826421323460375e-06,5.0,6273638,1293658702.0
GDP_per,2016,88794.0502512563,4.688373246859282e-06,5.0,6273638,1293658702.0
GDP_per,2016,89876.90452261307,4.559345191680425e-06,5.0,6273638,1293658702.0
GDP_per,2016,90959.75879396986,4.439413812470535e-06,5.0,6273638,1293658702.0
GDP_per,2016,92042.61306532664,4.328595522923477e-06,5.0,6273638,1293658702.0
GDP_per,2016,93125.46733668342,4.226842151864535e-06,5.0,6273638,1293658702.0
GDP_per,2016,94208.3216080402,4.134036446351853e-06,5.0,6273638,1293658702.0
GDP_per,2016,95291.175879397,4.049987722064287e-06,5.0,6273638,1293658702.0
GDP_per,2016,96374.03015075378,3.9744280101636e-06,5.0,6273638,1293658702.0
GDP_per,2016,97456.88442211057,3.907009071033603e-06,5.0,6273638,1293658702.0
GDP_per,2016,98539.73869346734,3.8473006499511855e-06,5.0,6273638,1293658702.0
GDP_per,2016,99622.59296482413,3.794790328140654e-06,5.0,6273638,1293658702.0
GDP_per,2016,100705.44723618092,3.74888527868415e-06,5.0,6273638,1293658702.0
GDP_per,2016,101788.30150753769,3.708916173085079e-06,5.0,6273638,1293658702.0
GDP_per,2016,102871.15577889448,3.6741433984364386e-06,5.0,6273638,1293658702.0
GDP_per,2016,103954.01005025127,3.643765649147646e-06,5.0,6273638,1293658702.0
GDP_per,2016,105036.86432160805,3.616930845578789e-06,5.0,6273638,1293658702.0
GDP_per,2016,106119.71859296484,3.592749220124546e-06,5.0,6273638,1293658702.0
GDP_per,2016,107202.57286432161,3.5703082976855722e-06,5.0,6273638,1293658702.0
GDP_per,2016,108285.4271356784,3.5486893911568372e-06,5.0,6273638,1293658702.0
GDP_per,2016,109368.28140703519,3.5269851415193596e-06,5.0,6273638,1293658702.0
GDP_per,2016,110451.13567839196,3.504317556144766e-06,5.0,6273638,1293658702.0
GDP_per,2016,111533.98994974875,3.47985594856118e-06,5.0,6273638,1293658702.0
GDP_per,2016,112616.84422110554,3.4528341581218917e-06,5.0,6273638,1293658702.0
GDP_per,2016,113699.69849246232,3.422566432161455e-06,5.0,6273638,1293658702.0
GDP_per,2016,114782.55276381911,3.3884613879210167e-06,5.0,6273638,1293658702.0
GDP_per,2016,115865.40703517589,3.3500335321654105e-06,5.0,6273638,1293658702.0
GDP_per,2016,116948.26130653267,3.3069119071701936e-06,5.0,6273638,1293658702.0
GDP_per,2016,118031.11557788946,3.2588455410815125e-06,5.0,6273638,1293658702.0
GDP_per,2016,119113.96984924623,3.2057055084979505e-06,5.0,6273638,1293658702.0
GDP_per,2016,120196.82412060302,3.147483545079142e-06,5.0,6273638,1293658702.0
GDP_per,2016,121279.67839195981,3.0842873014636115e-06,5.0,6273638,1293658702.0
GDP_per,2016,122362.5326633166,3.0163324584029505e-06,5.0,6273638,1293658702.0
GDP_per,2016,123445.38693467338,2.943932051929865e-06,5.0,6273638,1293658702.0
GDP_per,2016,124528.24120603016,2.8674834654761025e-06,5.0,6273638,1293658702.0
GDP_per,2016,125611.09547738695,2.787453631843443e-06,5.0,6273638,1293658702.0
GDP_per,2016,126693.94974874373,2.7043630454075956e-06,5.0,6273638,1293658702.0
GDP_per,2016,127776.8040201005,2.618769214134215e-06,5.0,6273638,1293658702.0
GDP_per,2016,128859.6582914573,2.531250177259793e-06,5.0,6273638,1293658702.0
GDP_per,2016,129942.51256281408,2.4423886829033525e-06,5.0,6273638,1293658702.0
GDP_per,2016,131025.36683417087,2.3527575596670787e-06,5.0,6273638,1293658702.0
GDP_per,2016,132108.22110552766,2.2629067325402684e-06,5.0,6273638,1293658702.0
GDP_per,2016,133191.07537688443,2.173352233441436e-06,5.0,6273638,1293658702.0
GDP_per,2016,134273.9296482412,2.084567442447037e-06,5.0,6273638,1293658702.0
GDP_per,2016,135356.783919598,1.9969766787511183e-06,5.0,6273638,1293658702.0
GDP_per,2016,136439.63819095478,1.910951143268296e-06,5.0,6273638,1293658702.0
GDP_per,2016,137522.49246231158,1.8268071062617122e-06,5.0,6273638,1293658702.0
GDP_per,2016,138605.34673366835,1.7448061389446103e-06,5.0,6273638,1293658702.0
GDP_per,2016,139688.20100502513,1.6651571099672025e-06,5.0,6273638,1293658702.0
GDP_per,2016,140771.05527638193,1.5880196130395166e-06,5.0,6273638,1293658702.0
GDP_per,2016,141853.9095477387,1.5135084584991182e-06,5.0,6273638,1293658702.0
GDP_per,2016,142936.7638190955,1.4416988526166474e-06,5.0,6273638,1293658702.0
GDP_per,2016,144019.61809045228,1.3726319011985913e-06,5.0,6273638,1293658702.0
GDP_per,2016,145102.47236180905,1.3063201062278194e-06,5.0,6273638,1293658702.0
GDP_per,2016,146185.32663316585,1.2427525730151073e-06,5.0,6273638,1293658702.0
GDP_per,2016,147268.18090452263,1.181899705500624e-06,5.0,6273638,1293658702.0
GDP_per,2016,148351.0351758794,1.1237172347722367e-06,5.0,6273638,1293658702.0
GDP_per,2016,149433.8894472362,1.0681494951099176e-06,5.0,6273638,1293658702.0
GDP_per,2016,150516.74371859297,1.0151319289426151e-06,5.0,6273638,1293658702.0
GDP_per,2016,151599.59798994975,9.645928621566174e-07,5.0,6273638,1293658702.0
GDP_per,2016,152682.45226130655,9.164546412180678e-07,5.0,6273638,1293658702.0
GDP_per,2016,153765.30653266332,8.706342611115867e-07,5.0,6273638,1293658702.0
GDP_per,2016,154848.16080402012,8.270436364863825e-07,5.0,6273638,1293658702.0
GDP_per,2016,155931.0150753769,7.855896775978061e-07,5.0,6273638,1293658702.0
GDP_per,2016,157013.86934673367,7.461743279463371e-07,5.0,6273638,1293658702.0
GDP_per,2016,158096.72361809047,7.086947038744477e-07,5.0,6273638,1293658702.0
GDP_per,2016,159179.57788944725,6.73043449812944e-07,5.0,6273638,1293658702.0
GDP_per,2016,160262.43216080405,6.391093892354031e-07,5.0,6273638,1293658702.0
GDP_per,2016,161345.28643216082,6.067785138456008e-07,5.0,6273638,1293658702.0
GDP_per,2016,162428.1407035176,5.75935315116826e-07,5.0,6273638,1293658702.0
GDP_per,2016,163510.9949748744,5.46464425939018e-07,5.0,6273638,1293658702.0
GDP_per,2016,164593.84924623117,5.182525085463263e-07,5.0,6273638,1293658702.0
GDP_per,2016,165676.70351758794,4.911902998277274e-07,5.0,6273638,1293658702.0
GDP_per,2016,166759.55778894474,4.651747082742977e-07,5.0,6273638,1293658702.0
GDP_per,2016,167842.41206030152,4.401108486281421e-07,5.0,6273638,1293658702.0
GDP_per,2016,168925.2663316583,4.1591390100702867e-07,5.0,6273638,1293658702.0
GDP_per,2016,170008.1206030151,3.9251069010737564e-07,5.0,6273638,1293658702.0
GDP_per,2016,171090.97487437187,3.6984089600955734e-07,5.0,6273638,1293658702.0
GDP_per,2016,172173.82914572867,3.4785782954143474e-07,5.0,6273638,1293658702.0
GDP_per,2016,173256.68341708544,3.265287302096384e-07,5.0,6273638,1293658702.0
GDP_per,2016,174339.53768844221,3.0583457158255786e-07,5.0,6273638,1293658702.0
GDP_per,2016,175422.39195979902,2.8576938563279946e-07,5.0,6273638,1293658702.0
GDP_per,2016,176505.2462311558,2.663391423246147e-07,5.0,6273638,1293658702.0
GDP_per,2016,177588.1005025126,2.4756024209316717e-07,5.0,6273638,1293658702.0
GDP_per,2016,178670.95477386937,2.2945769575165274e-07,5.0,6273638,1293658702.0
GDP_per,2016,179753.80904522614,2.1206307797654105e-07,5.0,6273638,1293658702.0
GDP_per,2016,180836.66331658294,1.954123466996376e-07,5.0,6273638,1293658702.0
GDP_per,2016,181919.5175879397,1.7954362135891836e-07,5.0,6273638,1293658702.0
GDP_per,2016,183002.3718592965,1.6449500865373682e-07,5.0,6273638,1293658702.0
GDP_per,2016,184085.2261306533,1.5030255581680276e-07,5.0,6273638,1293658702.0
GDP_per,2016,185168.08040201006,1.3699839941806628e-07,5.0,6273638,1293658702.0
GDP_per,2016,186250.93467336684,1.2460916341417797e-07,5.0,6273638,1293658702.0
GDP_per,2016,187333.78894472364,1.131546446020131e-07,5.0,6273638,1293658702.0
GDP_per,2016,188416.6432160804,1.0264680789918914e-07,5.0,6273638,1293658702.0
GDP_per,2016,189499.4974874372,9.308909886104199e-08,5.0,6273638,1293658702.0
GDP_per,2016,190582.351758794,8.447606733172779e-08,5.0,6273638,1293658702.0
GDP_per,2016,191665.20603015076,7.67932847001924e-08,5.0,6273638,1293658702.0
GDP_per,2016,192748.06030150756,7.001752822477833e-08,5.0,6273638,1293658702.0
GDP_per,2016,193830.91457286433,6.411719948702185e-08,5.0,6273638,1293658702.0
GDP_per,2016,194913.76884422114,5.905294017579904e-08,5.0,6273638,1293658702.0
GDP_per,2016,195996.6231155779,5.477840688644824e-08,5.0,6273638,1293658702.0
GDP_per,2016,197079.47738693468,5.124116712923324e-08,5.0,6273638,1293658702.0
GDP_per,2016,198162.33165829148,4.838368083870414e-08,5.0,6273638,1293658702.0
GDP_per,2016,199245.18592964826,4.6144334930074734e-08,5.0,6273638,1293658702.0
GDP_per,2016,200328.04020100503,4.4458502381685435e-08,5.0,6273638,1293658702.0
GDP_per,2016,201410.89447236183,4.325960152435236e-08,5.0,6273638,1293658702.0
GDP_per,2016,202493.7487437186,4.248013532465995e-08,5.0,6273638,1293658702.0
GDP_per,2016,203576.60301507538,4.2052694181207096e-08,5.0,6273638,1293658702.0
GDP_per,2016,204659.45728643218,4.191090892912809e-08,5.0,6273638,1293658702.0
GDP_per,2016,205742.31155778895,4.1990343276111844e-08,5.0,6273638,1293658702.0
GDP_per,2016,206825.16582914576,4.222931676599429e-08,5.0,6273638,1293658702.0
GDP_per,2016,207908.02010050253,4.256965066820928e-08,5.0,6273638,1293658702.0
GDP_per,2016,208990.8743718593,4.29573300330244e-08,5.0,6273638,1293658702.0
GDP_per,2016,210073.7286432161,4.3343075715474325e-08,5.0,6273638,1293658702.0
GDP_per,2016,211156.58291457288,4.368282062500939e-08,5.0,6273638,1293658702.0
GDP_per,2016,212239.43718592968,4.393808497889028e-08,5.0,6273638,1293658702.0
GDP_per,2016,213322.29145728645,4.4076246075196385e-08,5.0,6273638,1293658702.0
GDP_per,2016,214405.14572864323,4.407069916753255e-08,5.0,6273638,1293658702.0
GDP_per,2016,215488.0,4.390090748203475e-08,5.0,6273638,1293658702.0
GDP_per,2017,0.0,1.6432218358529659e-06,5.0,6283102,1299236494.0
GDP_per,2017,997.4221105527638,1.8316346419129837e-06,5.0,6283102,1299236494.0
GDP_per,2017,1994.8442211055276,2.0351573729738308e-06,5.0,6283102,1299236494.0
GDP_per,2017,2992.266331658291,2.2541177992933513e-06,5.0,6283102,1299236494.0
GDP_per,2017,3989.688442211055,2.488730800750199e-06,5.0,6283102,1299236494.0
GDP_per,2017,4987.110552763819,2.739084869632456e-06,5.0,6283102,1299236494.0
GDP_per,2017,5984.532663316582,3.0051295046325923e-06,5.0,6283102,1299236494.0
GDP_per,2017,6981.954773869346,3.286663844990614e-06,5.0,6283102,1299236494.0
GDP_per,2017,7979.37688442211,3.583326896659136e-06,5.0,6283102,1299236494.0
GDP_per,2017,8976.798994974873,3.8945896921651065e-06,5.0,6283102,1299236494.0
GDP_per,2017,9974.221105527638,4.219749709213765e-06,5.0,6283102,1299236494.0
GDP_per,2017,10971.643216080402,4.557927841787107e-06,5.0,6283102,1299236494.0
GDP_per,2017,11969.065326633165,4.908068177118235e-06,5.0,6283102,1299236494.0
GDP_per,2017,12966.48743718593,5.26894077993065e-06,5.0,6283102,1299236494.0
GDP_per,2017,13963.909547738693,5.639147625132905e-06,5.0,6283102,1299236494.0
GDP_per,2017,14961.331658291458,6.017131749812646e-06,5.0,6283102,1299236494.0
GDP_per,2017,15958.75376884422,6.4011896179709e-06,5.0,6283102,1299236494.0
GDP_per,2017,16956.175879396986,6.78948661191184e-06,5.0,6283102,1299236494.0
GDP_per,2017,17953.597989949747,7.18007547942881e-06,5.0,6283102,1299236494.0
GDP_per,2017,18951.020100502512,7.570917483434989e-06,5.0,6283102,1299236494.0
GDP_per,2017,19948.442211055277,7.959905918316731e-06,5.0,6283102,1299236494.0
GDP_per,2017,20945.864321608038,8.344891585238591e-06,5.0,6283102,1299236494.0
GDP_per,2017,21943.286432160803,8.723709751288731e-06,5.0,6283102,1299236494.0
GDP_per,2017,22940.708542713568,9.094208061976735e-06,5.0,6283102,1299236494.0
GDP_per,2017,23938.13065326633,9.454274836204143e-06,5.0,6283102,1299236494.0
GDP_per,2017,24935.552763819094,9.801867144640374e-06,5.0,6283102,1299236494.0
GDP_per,2017,25932.97487437186,1.0135038066387433e-05,5.0,6283102,1299236494.0
GDP_per,2017,26930.396984924624,1.0451962522902097e-05,5.0,6283102,1299236494.0
GDP_per,2017,27927.819095477385,1.0750961115987644e-05,5.0,6283102,1299236494.0
GDP_per,2017,28925.24120603015,1.1030521441471129e-05,5.0,6283102,1299236494.0
GDP_per,2017,29922.663316582915,1.1289316405062554e-05,5.0,6283102,1299236494.0
GDP_per,2017,30920.085427135677,1.1526219148431911e-05,5.0,6283102,1299236494.0
GDP_per,2017,31917.50753768844,1.174031427171598e-05,5.0,6283102,1299236494.0
GDP_per,2017,32914.9296482412,1.1930905144845251e-05,5.0,6283102,1299236494.0
GDP_per,2017,33912.35175879397,1.2097517193266647e-05,5.0,6283102,1299236494.0
GDP_per,2017,34909.77386934673,1.2239897161071868e-05,5.0,6283102,1299236494.0
GDP_per,2017,35907.195979899494,1.2358008448490841e-05,5.0,6283102,1299236494.0
GDP_per,2017,36904.61809045226,1.2452022734350784e-05,5.0,6283102,1299236494.0
GDP_per,2017,37902.040201005024,1.2522308182216788e-05,5.0,6283102,1299236494.0
GDP_per,2017,38899.462311557785,1.2569414614351952e-05,5.0,6283102,1299236494.0
GDP_per,2017,39896.884422110554,1.2594056111947843e-05,5.0,6283102,1299236494.0
GDP_per,2017,40894.306532663315,1.2597091551550627e-05,5.0,6283102,1299236494.0
GDP_per,2017,41891.728643216076,1.2579503631288706e-05,5.0,6283102,1299236494.0
GDP_per,2017,42889.150753768845,1.2542376956216453e-05,5.0,6283102,1299236494.0
GDP_per,2017,43886.572864321606,1.2486875757403562e-05,5.0,6283102,1299236494.0
GDP_per,2017,44883.99497487437,1.2414221803082828e-05,5.0,6283102,1299236494.0
GDP_per,2017,45881.417085427136,1.23256730242956e-05,5.0,6283102,1299236494.0
GDP_per,2017,46878.8391959799,1.222250333346777e-05,5.0,6283102,1299236494.0
GDP_per,2017,47876.26130653266,1.2105984048336352e-05,5.0,6283102,1299236494.0
GDP_per,2017,48873.68341708543,1.1977367262925567e-05,5.0,6283102,1299236494.0
GDP_per,2017,49871.10552763819,1.1837871426720518e-05,5.0,6283102,1299236494.0
GDP_per,2017,50868.52763819096,1.168866930931505e-05,5.0,6283102,1299236494.0
GDP_per,2017,51865.94974874372,1.1530878439230339e-05,5.0,6283102,1299236494.0
GDP_per,2017,52863.37185929648,1.1365554024830936e-05,5.0,6283102,1299236494.0
GDP_per,2017,53860.79396984925,1.1193684280303027e-05,5.0,6283102,1299236494.0
GDP_per,2017,54858.21608040201,1.1016188016932592e-05,5.0,6283102,1299236494.0
GDP_per,2017,55855.63819095477,1.083391428525365e-05,5.0,6283102,1299236494.0
GDP_per,2017,56853.06030150754,1.0647643815107568e-05,5.0,6283102,1299236494.0
GDP_per,2017,57850.4824120603,1.04580919569592e-05,5.0,6283102,1299236494.0
GDP_per,2017,58847.90452261306,1.0265912801617477e-05,5.0,6283102,1299236494.0
GDP_per,2017,59845.32663316583,1.0071704153930532e-05,5.0,6283102,1299236494.0
GDP_per,2017,60842.74874371859,9.87601303090258e-06,5.0,6283102,1299236494.0
GDP_per,2017,61840.17085427135,9.67934137291561e-06,5.0,6283102,1299236494.0
GDP_per,2017,62837.59296482412,9.482151689733404e-06,5.0,6283102,1299236494.0
GDP_per,2017,63835.01507537688,9.28487238755987e-06,5.0,6283102,1299236494.0
GDP_per,2017,64832.437185929644,9.087902578710904e-06,5.0,6283102,1299236494.0
GDP_per,2017,65829.8592964824,8.891616216584573e-06,5.0,6283102,1299236494.0
GDP_per,2017,66827.28140703517,8.696365453965053e-06,5.0,6283102,1299236494.0
GDP_per,2017,67824.70351758794,8.50248316984259e-06,5.0,6283102,1299236494.0
GDP_per,2017,68822.1256281407,8.310284667009417e-06,5.0,6283102,1299236494.0
GDP_per,2017,69819.54773869347,8.120068580890533e-06,5.0,6283102,1299236494.0
GDP_per,2017,70816.96984924623,7.932117083910302e-06,5.0,6283102,1299236494.0
GDP_per,2017,71814.39195979899,7.746695504504227e-06,5.0,6283102,1299236494.0
GDP_per,2017,72811.81407035176,7.5640514992111785e-06,5.0,6283102,1299236494.0
GDP_per,2017,73809.23618090453,7.384413938740428e-06,5.0,6283102,1299236494.0
GDP_per,2017,74806.65829145728,7.207991669106201e-06,5.0,6283102,1299236494.0
GDP_per,2017,75804.08040201005,7.034972312949621e-06,5.0,6283102,1299236494.0
GDP_per,2017,76801.50251256282,6.865521260918835e-06,5.0,6283102,1299236494.0
GDP_per,2017,77798.92462311557,6.699780986432773e-06,5.0,6283102,1299236494.0
GDP_per,2017,78796.34673366834,6.537870794120273e-06,5.0,6283102,1299236494.0
GDP_per,2017,79793.76884422111,6.37988707989786e-06,5.0,6283102,1299236494.0
GDP_per,2017,80791.19095477386,6.2259041502327104e-06,5.0,6283102,1299236494.0
GDP_per,2017,81788.61306532663,6.075975612542667e-06,5.0,6283102,1299236494.0
GDP_per,2017,82786.0351758794,5.9301363137310175e-06,5.0,6283102,1299236494.0
GDP_per,2017,83783.45728643215,5.78840477098204e-06,5.0,6283102,1299236494.0
GDP_per,2017,84780.87939698492,5.650786009470329e-06,5.0,6283102,1299236494.0
GDP_per,2017,85778.30150753769,5.517274695412697e-06,5.0,6283102,1299236494.0
GDP_per,2017,86775.72361809044,5.387858431296293e-06,5.0,6283102,1299236494.0
GDP_per,2017,87773.14572864321,5.2625210696647905e-06,5.0,6283102,1299236494.0
GDP_per,2017,88770.56783919598,5.141245891567671e-06,5.0,6283102,1299236494.0
GDP_per,2017,89767.98994974873,5.024018496622544e-06,5.0,6283102,1299236494.0
GDP_per,2017,90765.4120603015,4.910829261569134e-06,5.0,6283102,1299236494.0
GDP_per,2017,91762.83417085427,4.801675233671481e-06,5.0,6283102,1299236494.0
GDP_per,2017,92760.25628140703,4.6965613508086054e-06,5.0,6283102,1299236494.0
GDP_per,2017,93757.6783919598,4.5955009018201e-06,5.0,6283102,1299236494.0
GDP_per,2017,94755.10050251256,4.498515172778048e-06,5.0,6283102,1299236494.0
GDP_per,2017,95752.52261306532,4.405632257422902e-06,5.0,6283102,1299236494.0
GDP_per,2017,96749.94472361809,4.316885045089043e-06,5.0,6283102,1299236494.0
GDP_per,2017,97747.36683417085,4.232308434553088e-06,5.0,6283102,1299236494.0
GDP_per,2017,98744.78894472362,4.151935855956902e-06,5.0,6283102,1299236494.0
GDP_per,2017,99742.21105527638,4.075795215923573e-06,5.0,6283102,1299236494.0
GDP_per,2017,100739.63316582915,4.003904407805968e-06,5.0,6283102,1299236494.0
GDP_per,2017,101737.05527638191,3.9362665522985365e-06,5.0,6283102,1299236494.0
GDP_per,2017,102734.47738693467,3.872865151452518e-06,5.0,6283102,1299236494.0
GDP_per,2017,103731.89949748744,3.813659349095279e-06,5.0,6283102,1299236494.0
GDP_per,2017,104729.3216080402,3.7585794944568106e-06,5.0,6283102,1299236494.0
GDP_per,2017,105726.74371859296,3.7075232012888106e-06,5.0,6283102,1299236494.0
GDP_per,2017,106724.16582914573,3.6603520845497608e-06,5.0,6283102,1299236494.0
GDP_per,2017,107721.5879396985,3.6168893368128216e-06,5.0,6283102,1299236494.0
GDP_per,2017,108719.01005025125,3.5769182831022864e-06,5.0,6283102,1299236494.0
GDP_per,2017,109716.43216080402,3.5401820212811136e-06,5.0,6283102,1299236494.0
GDP_per,2017,110713.85427135679,3.5063842205064397e-06,5.0,6283102,1299236494.0
GDP_per,2017,111711.27638190954,3.475191111434972e-06,5.0,6283102,1299236494.0
GDP_per,2017,112708.69849246231,3.4462346617952394e-06,5.0,6283102,1299236494.0
GDP_per,2017,113706.12060301508,3.4191168888993346e-06,5.0,6283102,1299236494.0
GDP_per,2017,114703.54271356783,3.3934152217626634e-06,5.0,6283102,1299236494.0
GDP_per,2017,115700.9648241206,3.3686887874608623e-06,5.0,6283102,1299236494.0
GDP_per,2017,116698.38693467337,3.344485462414508e-06,5.0,6283102,1299236494.0
GDP_per,2017,117695.80904522612,3.3203495006426255e-06,5.0,6283102,1299236494.0
GDP_per,2017,118693.23115577889,3.295829530017126e-06,5.0,6283102,1299236494.0
GDP_per,2017,119690.65326633166,3.2704866909032417e-06,5.0,6283102,1299236494.0
GDP_per,2017,120688.07537688442,3.2439026851352816e-06,5.0,6283102,1299236494.0
GDP_per,2017,121685.49748743718,3.2156875035914467e-06,5.0,6283102,1299236494.0
GDP_per,2017,122682.91959798995,3.1854866095156566e-06,5.0,6283102,1299236494.0
GDP_per,2017,123680.3417085427,3.152987371277612e-06,5.0,6283102,1299236494.0
GDP_per,2017,124677.76381909547,3.117924560941474e-06,5.0,6283102,1299236494.0
GDP_per,2017,125675.18592964824,3.080084766392322e-06,5.0,6283102,1299236494.0
GDP_per,2017,126672.608040201,3.039309597961699e-06,5.0,6283102,1299236494.0
GDP_per,2017,127670.03015075377,2.995497610373345e-06,5.0,6283102,1299236494.0
GDP_per,2017,128667.45226130653,2.9486049010619985e-06,5.0,6283102,1299236494.0
GDP_per,2017,129664.87437185929,2.898644388854887e-06,5.0,6283102,1299236494.0
GDP_per,2017,130662.29648241206,2.8456838165035423e-06,5.0,6283102,1299236494.0
GDP_per,2017,131659.7185929648,2.789842561139448e-06,5.0,6283102,1299236494.0
GDP_per,2017,132657.1407035176,2.731287370925821e-06,5.0,6283102,1299236494.0
GDP_per,2017,133654.56281407035,2.6702271768950984e-06,5.0,6283102,1299236494.0
GDP_per,2017,134651.9849246231,2.606907153562271e-06,5.0,6283102,1299236494.0
GDP_per,2017,135649.4070351759,2.5416022195619234e-06,5.0,6283102,1299236494.0
GDP_per,2017,136646.82914572864,2.474610180789655e-06,5.0,6283102,1299236494.0
GDP_per,2017,137644.2512562814,2.406244721210128e-06,5.0,6283102,1299236494.0
GDP_per,2017,138641.67336683418,2.3368284430897632e-06,5.0,6283102,1299236494.0
GDP_per,2017,139639.09547738693,2.2666861480208666e-06,5.0,6283102,1299236494.0
GDP_per,2017,140636.51758793968,2.1961385320889305e-06,5.0,6283102,1299236494.0
GDP_per,2017,141633.93969849247,2.125496447513894e-06,5.0,6283102,1299236494.0
GDP_per,2017,142631.36180904522,2.05505585535906e-06,5.0,6283102,1299236494.0
GDP_per,2017,143628.78391959798,1.985093564789596e-06,5.0,6283102,1299236494.0
GDP_per,2017,144626.20603015076,1.9158638222941318e-06,5.0,6283102,1299236494.0
GDP_per,2017,145623.6281407035,1.8475957822452174e-06,5.0,6283102,1299236494.0
GDP_per,2017,146621.05025125627,1.780491858452605e-06,5.0,6283102,1299236494.0
GDP_per,2017,147618.47236180905,1.7147269266465169e-06,5.0,6283102,1299236494.0
GDP_per,2017,148615.8944723618,1.6504483210837347e-06,5.0,6283102,1299236494.0
GDP_per,2017,149613.31658291456,1.5877765452541863e-06,5.0,6283102,1299236494.0
GDP_per,2017,150610.73869346734,1.5268065981798026e-06,5.0,6283102,1299236494.0
GDP_per,2017,151608.1608040201,1.4676098045462383e-06,5.0,6283102,1299236494.0
GDP_per,2017,152605.58291457285,1.4102360280048542e-06,5.0,6283102,1299236494.0
GDP_per,2017,153603.00502512563,1.3547161443077212e-06,5.0,6283102,1299236494.0
GDP_per,2017,154600.4271356784,1.3010646529276745e-06,5.0,6283102,1299236494.0
GDP_per,2017,155597.84924623114,1.2492823121448262e-06,5.0,6283102,1299236494.0
GDP_per,2017,156595.27135678392,1.199358693606194e-06,5.0,6283102,1299236494.0
GDP_per,2017,157592.69346733668,1.1512745664530626e-06,5.0,6283102,1299236494.0
GDP_per,2017,158590.11557788943,1.1050040377009176e-06,5.0,6283102,1299236494.0
GDP_per,2017,159587.53768844221,1.0605163940732993e-06,5.0,6283102,1299236494.0
GDP_per,2017,160584.95979899497,1.0177776098615678e-06,5.0,6283102,1299236494.0
GDP_per,2017,161582.38190954772,9.76751504282864e-07,5.0,6283102,1299236494.0
GDP_per,2017,162579.8040201005,9.37400550392437e-07,5.0,6283102,1299236494.0
GDP_per,2017,163577.22613065326,8.996863540631844e-07,5.0,6283102,1299236494.0
GDP_per,2017,164574.648241206,8.635698361455853e-07,5.0,6283102,1299236494.0
GDP_per,2017,165572.0703517588,8.290111624579075e-07,5.0,6283102,1299236494.0
GDP_per,2017,166569.49246231155,7.959694750208976e-07,5.0,6283102,1299236494.0
GDP_per,2017,167566.9145728643,7.644024832797816e-07,5.0,6283102,1299236494.0
GDP_per,2017,168564.3366834171,7.34265976188062e-07,5.0,6283102,1299236494.0
GDP_per,2017,169561.75879396984,7.055133150488279e-07,5.0,6283102,1299236494.0
GDP_per,2017,170559.1809045226,6.780949631457124e-07,5.0,6283102,1299236494.0
GDP_per,2017,171556.60301507538,6.519581017389452e-07,5.0,6283102,1299236494.0
GDP_per,2017,172554.02512562813,6.270463737184307e-07,5.0,6283102,1299236494.0
GDP_per,2017,173551.4472361809,6.03299786199018e-07,5.0,6283102,1299236494.0
GDP_per,2017,174548.86934673367,5.806547925877141e-07,5.0,6283102,1299236494.0
GDP_per,2017,175546.29145728642,5.590445633799487e-07,5.0,6283102,1299236494.0
GDP_per,2017,176543.71356783918,5.383994440099026e-07,5.0,6283102,1299236494.0
GDP_per,2017,177541.13567839196,5.186475877678525e-07,5.0,6283102,1299236494.0
GDP_per,2017,178538.55778894472,4.997157426295295e-07,5.0,6283102,1299236494.0
GDP_per,2017,179535.97989949747,4.815301632642388e-07,5.0,6283102,1299236494.0
GDP_per,2017,180533.40201005025,4.640176135835313e-07,5.0,6283102,1299236494.0
GDP_per,2017,181530.824120603,4.471064213553512e-07,5.0,6283102,1299236494.0
GDP_per,2017,182528.24623115576,4.3072754444929786e-07,5.0,6283102,1299236494.0
GDP_per,2017,183525.66834170854,4.148156084166603e-07,5.0,6283102,1299236494.0
GDP_per,2017,184523.0904522613,3.9930987701569777e-07,5.0,6283102,1299236494.0
GDP_per,2017,185520.51256281405,3.8415512086837955e-07,5.0,6283102,1299236494.0
GDP_per,2017,186517.93467336684,3.693023544221795e-07,5.0,6283102,1299236494.0
GDP_per,2017,187515.3567839196,3.547094173746565e-07,5.0,6283102,1299236494.0
GDP_per,2017,188512.77889447234,3.4034138349845303e-07,5.0,6283102,1299236494.0
GDP_per,2017,189510.20100502513,3.261707869179428e-07,5.0,6283102,1299236494.0
GDP_per,2017,190507.62311557788,3.121776630366313e-07,5.0,6283102,1299236494.0
GDP_per,2017,191505.04522613063,2.983494082146043e-07,5.0,6283102,1299236494.0
GDP_per,2017,192502.46733668342,2.846804685624334e-07,5.0,6283102,1299236494.0
GDP_per,2017,193499.88944723617,2.711718737684129e-07,5.0,6283102,1299236494.0
GDP_per,2017,194497.31155778895,2.5783063639210955e-07,5.0,6283102,1299236494.0
GDP_per,2017,195494.7336683417,2.4466904048950626e-07,5.0,6283102,1299236494.0
GDP_per,2017,196492.15577889446,2.3170384575259144e-07,5.0,6283102,1299236494.0
GDP_per,2017,197489.57788944725,2.1895543444567062e-07,5.0,6283102,1299236494.0
GDP_per,2017,198487.0,2.064469284728493e-07,5.0,6283102,1299236494.0
GDP_per,2018,0.0,1.5304428771321405e-06,5.0,6269193,1304311398.0
GDP_per,2018,964.5326633165829,1.691468505954646e-06,5.0,6269193,1304311398.0
GDP_per,2018,1929.0653266331658,1.8644787239841514e-06,5.0,6269193,1304311398.0
GDP_per,2018,2893.597989949749,2.049743608388405e-06,5.0,6269193,1304311398.0
GDP_per,2018,3858.1306532663316,2.2474616672764153e-06,5.0,6269193,1304311398.0
GDP_per,2018,4822.663316582914,2.4577513225199616e-06,5.0,6269193,1304311398.0
GDP_per,2018,5787.195979899498,2.68064277840448e-06,5.0,6269193,1304311398.0
GDP_per,2018,6751.72864321608,2.916070452239965e-06,5.0,6269193,1304311398.0
GDP_per,2018,7716.261306532663,3.163866146546523e-06,5.0,6269193,1304311398.0
GDP_per,2018,8680.793969849246,3.4237531417141884e-06,5.0,6269193,1304311398.0
GDP_per,2018,9645.326633165829,3.6953413841526114e-06,5.0,6269193,1304311398.0
GDP_per,2018,10609.859296482411,3.978123936476559e-06,5.0,6269193,1304311398.0
GDP_per,2018,11574.391959798995,4.271474839448911e-06,5.0,6269193,1304311398.0
GDP_per,2018,12538.924623115578,4.574648521378811e-06,5.0,6269193,1304311398.0
GDP_per,2018,13503.45728643216,4.886780863872245e-06,5.0,6269193,1304311398.0
GDP_per,2018,14467.989949748744,5.20689200700157e-06,5.0,6269193,1304311398.0
GDP_per,2018,15432.522613065326,5.533890946283095e-06,5.0,6269193,1304311398.0
GDP_per,2018,16397.05527638191,5.866581939080182e-06,5.0,6269193,1304311398.0
GDP_per,2018,17361.587939698493,6.203672700773746e-06,5.0,6269193,1304311398.0
GDP_per,2018,18326.120603015075,6.543784334926854e-06,5.0,6269193,1304311398.0
GDP_per,2018,19290.653266331658,6.885462899886084e-06,5.0,6269193,1304311398.0
GDP_per,2018,20255.18592964824,7.227192478508518e-06,5.0,6269193,1304311398.0
GDP_per,2018,21219.718592964822,7.567409579484501e-06,5.0,6269193,1304311398.0
GDP_per,2018,22184.251256281408,7.904518664103215e-06,5.0,6269193,1304311398.0
GDP_per,2018,23148.78391959799,8.236908561847778e-06,5.0,6269193,1304311398.0
GDP_per,2018,24113.316582914573,8.562969513663925e-06,5.0,6269193,1304311398.0
GDP_per,2018,25077.849246231155,8.8811105572511e-06,5.0,6269193,1304311398.0
GDP_per,2018,26042.381909547737,9.189776958397936e-06,5.0,6269193,1304311398.0
GDP_per,2018,27006.91457286432,9.487467382232244e-06,5.0,6269193,1304311398.0
GDP_per,2018,27971.447236180906,9.772750498137783e-06,5.0,6269193,1304311398.0
GDP_per,2018,28935.979899497488,1.0044280719869409e-05,5.0,6269193,1304311398.0
GDP_per,2018,29900.51256281407,1.0300812795789501e-05,5.0,6269193,1304311398.0
GDP_per,2018,30865.045226130653,1.0541214985363502e-05,5.0,6269193,1304311398.0
GDP_per,2018,31829.577889447235,1.0764480588424493e-05,5.0,6269193,1304311398.0
GDP_per,2018,32794.11055276382,1.0969737622879275e-05,5.0,6269193,1304311398.0
GDP_per,2018,33758.6432160804,1.1156256491949446e-05,5.0,6269193,1304311398.0
GDP_per,2018,34723.175879396986,1.1323455519577304e-05,5.0,6269193,1304311398.0
GDP_per,2018,35687.70854271357,1.147090427961048e-05,5.0,6269193,1304311398.0
GDP_per,2018,36652.24120603015,1.1598324698729636e-05,5.0,6269193,1304311398.0
GDP_per,2018,37616.77386934673,1.1705589947973908e-05,5.0,6269193,1304311398.0
GDP_per,2018,38581.306532663315,1.1792721199089526e-05,5.0,6269193,1304311398.0
GDP_per,2018,39545.8391959799,1.185988235508108e-05,5.0,6269193,1304311398.0
GDP_per,2018,40510.37185929648,1.1907372913312719e-05,5.0,6269193,1304311398.0
GDP_per,2018,41474.90452261306,1.1935619152478705e-05,5.0,6269193,1304311398.0
GDP_per,2018,42439.437185929644,1.1945163864324463e-05,5.0,6269193,1304311398.0
GDP_per,2018,43403.969849246234,1.1936654882995584e-05,5.0,6269193,1304311398.0
GDP_per,2018,44368.502512562816,1.1910832673187923e-05,5.0,6269193,1304311398.0
GDP_per,2018,45333.0351758794,1.1868517255510387e-05,5.0,6269193,1304311398.0
GDP_per,2018,46297.56783919598,1.1810594752499156e-05,5.0,6269193,1304311398.0
GDP_per,2018,47262.10050251256,1.1738003824725843e-05,5.0,6269193,1304311398.0
GDP_per,2018,48226.633165829146,1.1651722270542199e-05,5.0,6269193,1304311398.0
GDP_per,2018,49191.16582914573,1.1552754031439677e-05,5.0,6269193,1304311398.0
GDP_per,2018,50155.69849246231,1.1442116832190667e-05,5.0,6269193,1304311398.0
GDP_per,2018,51120.23115577889,1.132083065190291e-05,5.0,6269193,1304311398.0
GDP_per,2018,52084.763819095475,1.1189907193686704e-05,5.0,6269193,1304311398.0
GDP_per,2018,53049.29648241206,1.105034048104558e-05,5.0,6269193,1304311398.0
GDP_per,2018,54013.82914572864,1.090309867868722e-05,5.0,6269193,1304311398.0
GDP_per,2018,54978.36180904522,1.0749117197258983e-05,5.0,6269193,1304311398.0
GDP_per,2018,55942.89447236181,1.0589293096553461e-05,5.0,6269193,1304311398.0
GDP_per,2018,56907.427135678394,1.0424480783409511e-05,5.0,6269193,1304311398.0
GDP_per,2018,57871.959798994976,1.02554889505095e-05,5.0,6269193,1304311398.0
GDP_per,2018,58836.49246231156,1.008307868498703e-05,5.0,6269193,1304311398.0
GDP_per,2018,59801.02512562814,9.907962645845089e-06,5.0,6269193,1304311398.0
GDP_per,2018,60765.55778894472,9.73080518877587e-06,5.0,6269193,1304311398.0
GDP_per,2018,61730.090452261305,9.552223303687484e-06,5.0,6269193,1304311398.0
GDP_per,2018,62694.62311557789,9.372788217307688e-06,5.0,6269193,1304311398.0
GDP_per,2018,63659.15577889447,9.193027509127422e-06,5.0,6269193,1304311398.0
GDP_per,2018,64623.68844221105,9.01342759213154e-06,5.0,6269193,1304311398.0
GDP_per,2018,65588.22110552764,8.834436406621209e-06,5.0,6269193,1304311398.0
GDP_per,2018,66552.75376884422,8.656466196150733e-06,5.0,6269193,1304311398.0
GDP_per,2018,67517.2864321608,8.479896236176319e-06,5.0,6269193,1304311398.0
GDP_per,2018,68481.81909547739,8.305075412287735e-06,5.0,6269193,1304311398.0
GDP_per,2018,69446.35175879397,8.132324556731496e-06,5.0,6269193,1304311398.0
GDP_per,2018,70410.88442211055,7.961938476696983e-06,5.0,6269193,1304311398.0
GDP_per,2018,71375.41708542714,7.79418762733861e-06,5.0,6269193,1304311398.0
GDP_per,2018,72339.94974874372,7.629319406962848e-06,5.0,6269193,1304311398.0
GDP_per,2018,73304.4824120603,7.467559067854952e-06,5.0,6269193,1304311398.0
GDP_per,2018,74269.01507537688,7.309110262903665e-06,5.0,6269193,1304311398.0
GDP_per,2018,75233.54773869347,7.154155260117223e-06,5.0,6269193,1304311398.0
GDP_per,2018,76198.08040201005,7.0028548751196224e-06,5.0,6269193,1304311398.0
GDP_per,2018,77162.61306532663,6.855348185598972e-06,5.0,6269193,1304311398.0
GDP_per,2018,78127.14572864321,6.711752096752623e-06,5.0,6269193,1304311398.0
GDP_per,2018,79091.6783919598,6.572160837092667e-06,5.0,6269193,1304311398.0
GDP_per,2018,80056.21105527638,6.436645463701015e-06,5.0,6269193,1304311398.0
GDP_per,2018,81020.74371859296,6.305253454390218e-06,5.0,6269193,1304311398.0
GDP_per,2018,81985.27638190954,6.178008463132934e-06,5.0,6269193,1304311398.0
GDP_per,2018,82949.80904522612,6.054910301986642e-06,5.0,6269193,1304311398.0
GDP_per,2018,83914.3417085427,5.93593520964319e-06,5.0,6269193,1304311398.0
GDP_per,2018,84878.87437185929,5.821036448011457e-06,5.0,6269193,1304311398.0
GDP_per,2018,85843.40703517587,5.710145258677572e-06,5.0,6269193,1304311398.0
GDP_per,2018,86807.93969849247,5.603172193670575e-06,5.0,6269193,1304311398.0
GDP_per,2018,87772.47236180905,5.500008820019523e-06,5.0,6269193,1304311398.0
GDP_per,2018,88737.00502512563,5.400529783031781e-06,5.0,6269193,1304311398.0
GDP_per,2018,89701.53768844221,5.3045951959446734e-06,5.0,6269193,1304311398.0
GDP_per,2018,90666.0703517588,5.212053311334134e-06,5.0,6269193,1304311398.0
GDP_per,2018,91630.60301507538,5.122743417868722e-06,5.0,6269193,1304311398.0
GDP_per,2018,92595.13567839196,5.036498893494769e-06,5.0,6269193,1304311398.0
GDP_per,2018,93559.66834170854,4.953150340311235e-06,5.0,6269193,1304311398.0
GDP_per,2018,94524.20100502513,4.872528720346704e-06,5.0,6269193,1304311398.0
GDP_per,2018,95488.73366834171,4.794468408739796e-06,5.0,6269193,1304311398.0
GDP_per,2018,96453.26633165829,4.718810081115246e-06,5.0,6269193,1304311398.0
GDP_per,2018,97417.79899497487,4.645403354693386e-06,5.0,6269193,1304311398.0
GDP_per,2018,98382.33165829146,4.574109110367571e-06,5.0,6269193,1304311398.0
GDP_per,2018,99346.86432160804,4.504801428019094e-06,5.0,6269193,1304311398.0
GDP_per,2018,100311.39698492462,4.4373690811166864e-06,5.0,6269193,1304311398.0
GDP_per,2018,101275.9296482412,4.371716546056132e-06,5.0,6269193,1304311398.0
GDP_per,2018,102240.46231155779,4.307764498842804e-06,5.0,6269193,1304311398.0
GDP_per,2018,103204.99497487437,4.2454497832480755e-06,5.0,6269193,1304311398.0
GDP_per,2018,104169.52763819095,4.1847248520499875e-06,5.0,6269193,1304311398.0
GDP_per,2018,105134.06030150753,4.125556698481483e-06,5.0,6269193,1304311398.0
GDP_per,2018,106098.59296482411,4.067925309175711e-06,5.0,6269193,1304311398.0
GDP_per,2018,107063.1256281407,4.011821684289171e-06,5.0,6269193,1304311398.0
GDP_per,2018,108027.65829145728,3.957245484976468e-06,5.0,6269193,1304311398.0
GDP_per,2018,108992.19095477386,3.904202377238085e-06,5.0,6269193,1304311398.0
GDP_per,2018,109956.72361809044,3.852701152634589e-06,5.0,6269193,1304311398.0
GDP_per,2018,110921.25628140703,3.8027507116822853e-06,5.0,6269193,1304311398.0
GDP_per,2018,111885.78894472362,3.7543570014331576e-06,5.0,6269193,1304311398.0
GDP_per,2018,112850.3216080402,3.707519999739157e-06,5.0,6269193,1304311398.0
GDP_per,2018,113814.85427135679,3.662230838109867e-06,5.0,6269193,1304311398.0
GDP_per,2018,114779.38693467337,3.6184691515030115e-06,5.0,6269193,1304311398.0
GDP_per,2018,115743.91959798995,3.5762007374599814e-06,5.0,6269193,1304311398.0
GDP_per,2018,116708.45226130653,3.535375598056172e-06,5.0,6269193,1304311398.0
GDP_per,2018,117672.98492462312,3.4959264286030273e-06,5.0,6269193,1304311398.0
GDP_per,2018,118637.5175879397,3.4577676026377897e-06,5.0,6269193,1304311398.0
GDP_per,2018,119602.05025125628,3.420794691951458e-06,5.0,6269193,1304311398.0
GDP_per,2018,120566.58291457286,3.3848845417863804e-06,5.0,6269193,1304311398.0
GDP_per,2018,121531.11557788945,3.349895909871709e-06,5.0,6269193,1304311398.0
GDP_per,2018,122495.64824120603,3.315670658667833e-06,5.0,6269193,1304311398.0
GDP_per,2018,123460.18090452261,3.2820354770118474e-06,5.0,6269193,1304311398.0
GDP_per,2018,124424.7135678392,3.248804093126718e-06,5.0,6269193,1304311398.0
GDP_per,2018,125389.24623115578,3.215779925172245e-06,5.0,6269193,1304311398.0
GDP_per,2018,126353.77889447236,3.1827591061026934e-06,5.0,6269193,1304311398.0
GDP_per,2018,127318.31155778894,3.149533808636743e-06,5.0,6269193,1304311398.0
GDP_per,2018,128282.84422110552,3.1158957873264344e-06,5.0,6269193,1304311398.0
GDP_per,2018,129247.3768844221,3.081640051106484e-06,5.0,6269193,1304311398.0
GDP_per,2018,130211.90954773869,3.0465685749648263e-06,5.0,6269193,1304311398.0
GDP_per,2018,131176.44221105528,3.0104939593867205e-06,5.0,6269193,1304311398.0
GDP_per,2018,132140.97487437187,2.973242948818594e-06,5.0,6269193,1304311398.0
GDP_per,2018,133105.50753768845,2.9346597233945705e-06,5.0,6269193,1304311398.0
GDP_per,2018,134070.04020100503,2.894608886233235e-06,5.0,6269193,1304311398.0
GDP_per,2018,135034.5728643216,2.85297807612621e-06,5.0,6269193,1304311398.0
GDP_per,2018,135999.1055276382,2.809680146339034e-06,5.0,6269193,1304311398.0
GDP_per,2018,136963.63819095478,2.7646548615508277e-06,5.0,6269193,1304311398.0
GDP_per,2018,137928.17085427136,2.7178700778707956e-06,5.0,6269193,1304311398.0
GDP_per,2018,138892.70351758794,2.669322384205476e-06,5.0,6269193,1304311398.0
GDP_per,2018,139857.23618090453,2.619037196335468e-06,5.0,6269193,1304311398.0
GDP_per,2018,140821.7688442211,2.5670683088834094e-06,5.0,6269193,1304311398.0
GDP_per,2018,141786.3015075377,2.5134969228032335e-06,5.0,6269193,1304311398.0
GDP_per,2018,142750.83417085427,2.4584301781002286e-06,5.0,6269193,1304311398.0
GDP_per,2018,143715.36683417085,2.4019992321502334e-06,5.0,6269193,1304311398.0
GDP_per,2018,144679.89949748744,2.3443569330787142e-06,5.0,6269193,1304311398.0
GDP_per,2018,145644.43216080402,2.2856751459254724e-06,5.0,6269193,1304311398.0
GDP_per,2018,146608.9648241206,2.226141794368442e-06,5.0,6269193,1304311398.0
GDP_per,2018,147573.49748743718,2.165957685581875e-06,5.0,6269193,1304311398.0
GDP_per,2018,148538.03015075377,2.1053331879840572e-06,5.0,6269193,1304311398.0
GDP_per,2018,149502.56281407035,2.0444848313398015e-06,5.0,6269193,1304311398.0
GDP_per,2018,150467.09547738693,1.9836318985164036e-06,5.0,6269193,1304311398.0
GDP_per,2018,151431.6281407035,1.9229930745090004e-06,5.0,6269193,1304311398.0
GDP_per,2018,152396.1608040201,1.8627832143200483e-06,5.0,6269193,1304311398.0
GDP_per,2018,153360.69346733668,1.8032102861435e-06,5.0,6269193,1304311398.0
GDP_per,2018,154325.22613065326,1.7444725394251879e-06,5.0,6269193,1304311398.0
GDP_per,2018,155289.75879396984,1.6867559406005463e-06,5.0,6269193,1304311398.0
GDP_per,2018,156254.29145728642,1.6302319113483223e-06,5.0,6269193,1304311398.0
GDP_per,2018,157218.824120603,1.5750553964801723e-06,5.0,6269193,1304311398.0
GDP_per,2018,158183.3567839196,1.5213632805033988e-06,5.0,6269193,1304311398.0
GDP_per,2018,159147.88944723617,1.4692731639513152e-06,5.0,6269193,1304311398.0
GDP_per,2018,160112.42211055275,1.4188825031531677e-06,5.0,6269193,1304311398.0
GDP_per,2018,161076.95477386934,1.3702681099208801e-06,5.0,6269193,1304311398.0
GDP_per,2018,162041.48743718592,1.3234860011716265e-06,5.0,6269193,1304311398.0
GDP_per,2018,163006.0201005025,1.2785715826466882e-06,5.0,6269193,1304311398.0
GDP_per,2018,163970.55276381908,1.2355401458631673e-06,5.0,6269193,1304311398.0
GDP_per,2018,164935.08542713567,1.1943876529962084e-06,5.0,6269193,1304311398.0
GDP_per,2018,165899.61809045225,1.155091781173329e-06,5.0,6269193,1304311398.0
GDP_per,2018,166864.15075376883,1.117613194587763e-06,5.0,6269193,1304311398.0
GDP_per,2018,167828.6834170854,1.0818970112967597e-06,5.0,6269193,1304311398.0
GDP_per,2018,168793.216080402,1.0478744302111523e-06,5.0,6269193,1304311398.0
GDP_per,2018,169757.74874371858,1.0154644832576014e-06,5.0,6269193,1304311398.0
GDP_per,2018,170722.28140703516,9.845758780764092e-07,5.0,6269193,1304311398.0
GDP_per,2018,171686.81407035174,9.551088970702702e-07,5.0,6269193,1304311398.0
GDP_per,2018,172651.34673366832,9.269573200999018e-07,5.0,6269193,1304311398.0
GDP_per,2018,173615.87939698494,9.000103396438002e-07,5.0,6269193,1304311398.0
GDP_per,2018,174580.41206030152,8.741544393428472e-07,5.0,6269193,1304311398.0
GDP_per,2018,175544.9447236181,8.492752091818797e-07,5.0,6269193,1304311398.0
GDP_per,2018,176509.47738693468,8.252590731620203e-07,5.0,6269193,1304311398.0
GDP_per,2018,177474.01005025127,8.01994908068529e-07,5.0,6269193,1304311398.0
GDP_per,2018,178438.54271356785,7.79375534862061e-07,5.0,6269193,1304311398.0
GDP_per,2018,179403.07537688443,7.572990671573012e-07,5.0,6269193,1304311398.0
GDP_per,2018,180367.608040201,7.356701043157045e-07,5.0,6269193,1304311398.0
GDP_per,2018,181332.1407035176,7.144007596065445e-07,5.0,6269193,1304311398.0
GDP_per,2018,182296.67336683418,6.934115169269019e-07,5.0,6269193,1304311398.0
GDP_per,2018,183261.20603015076,6.726319123393491e-07,5.0,6269193,1304311398.0
GDP_per,2018,184225.73869346734,6.520010395485994e-07,5.0,6269193,1304311398.0
GDP_per,2018,185190.27135678392,6.314678809948509e-07,5.0,6269193,1304311398.0
GDP_per,2018,186154.8040201005,6.109914687415376e-07,5.0,6269193,1304311398.0
GDP_per,2018,187119.3366834171,5.905408816214979e-07,5.0,6269193,1304311398.0
GDP_per,2018,188083.86934673367,5.700950871777824e-07,5.0,6269193,1304311398.0
GDP_per,2018,189048.40201005025,5.496426388693156e-07,5.0,6269193,1304311398.0
GDP_per,2018,190012.93467336684,5.29181240593339e-07,5.0,6269193,1304311398.0
GDP_per,2018,190977.46733668342,5.087171920598752e-07,5.0,6269193,1304311398.0
GDP_per,2018,191942.0,4.882647296870803e-07,5.0,6269193,1304311398.0
GDP_per,2019,0.0,1.4129380960857028e-06,5.0,6259968,1308949623.0
GDP_per,2019,1022.5577889447236,1.5654781461221854e-06,5.0,6259968,1308949623.0
GDP_per,2019,2045.1155778894472,1.7298338897282727e-06,5.0,6259968,1308949623.0
GDP_per,2019,3067.673366834171,1.9063261047440828e-06,5.0,6259968,1308949623.0
GDP_per,2019,4090.2311557788944,2.095209092611348e-06,5.0,6259968,1308949623.0
GDP_per,2019,5112.7889447236175,2.2966616252671487e-06,5.0,6259968,1308949623.0
GDP_per,2019,6135.346733668342,2.510778115298346e-06,5.0,6259968,1308949623.0
GDP_per,2019,7157.904522613066,2.73756018221466e-06,5.0,6259968,1308949623.0
GDP_per,2019,8180.462311557789,2.9769087956631913e-06,5.0,6259968,1308949623.0
GDP_per,2019,9203.020100502512,3.2286171813545263e-06,5.0,6259968,1308949623.0
GDP_per,2019,10225.577889447235,3.492364676573618e-06,5.0,6259968,1308949623.0
GDP_per,2019,11248.13567839196,3.767711716137266e-06,5.0,6259968,1308949623.0
GDP_per,2019,12270.693467336683,4.054096124895809e-06,5.0,6259968,1308949623.0
GDP_per,2019,13293.251256281406,4.3508308771387525e-06,5.0,6259968,1308949623.0
GDP_per,2019,14315.809045226131,4.6571034665452465e-06,5.0,6259968,1308949623.0
GDP_per,2019,15338.366834170854,4.971977008222072e-06,5.0,6259968,1308949623.0
GDP_per,2019,16360.924623115578,5.294393166896595e-06,5.0,6259968,1308949623.0
GDP_per,2019,17383.4824120603,5.623176975566958e-06,5.0,6259968,1308949623.0
GDP_per,2019,18406.040201005024,5.95704357322654e-06,5.0,6259968,1308949623.0
GDP_per,2019,19428.597989949747,6.2946068550817936e-06,5.0,6259968,1308949623.0
GDP_per,2019,20451.15577889447,6.634389987900059e-06,5.0,6259968,1308949623.0
GDP_per,2019,21473.713567839197,6.974837704145566e-06,5.0,6259968,1308949623.0
GDP_per,2019,22496.27135678392,7.314330248240135e-06,5.0,6259968,1308949623.0
GDP_per,2019,23518.829145728643,7.65119880940305e-06,5.0,6259968,1308949623.0
GDP_per,2019,24541.386934673366,7.983742236273413e-06,5.0,6259968,1308949623.0
GDP_per,2019,25563.94472361809,8.310244797825526e-06,5.0,6259968,1308949623.0
GDP_per,2019,26586.502512562813,8.628994722577563e-06,5.0,6259968,1308949623.0
GDP_per,2019,27609.060301507536,8.93830322298275e-06,5.0,6259968,1308949623.0
GDP_per,2019,28631.618090452263,9.23652369461525e-06,5.0,6259968,1308949623.0
GDP_per,2019,29654.175879396986,9.522070765438664e-06,5.0,6259968,1308949623.0
GDP_per,2019,30676.73366834171,9.793438865759967e-06,5.0,6259968,1308949623.0
GDP_per,2019,31699.291457286432,1.0049219990639784e-05,5.0,6259968,1308949623.0
GDP_per,2019,32721.849246231155,1.0288120335380917e-05,5.0,6259968,1308949623.0
GDP_per,2019,33744.40703517588,1.0508975505138551e-05,5.0,6259968,1308949623.0
GDP_per,2019,34766.9648241206,1.071076401830548e-05,5.0,6259968,1308949623.0
GDP_per,2019,35789.522613065325,1.0892618854908469e-05,5.0,6259968,1308949623.0
GDP_per,2019,36812.08040201005,1.1053836844553147e-05,5.0,6259968,1308949623.0
GDP_per,2019,37834.63819095477,1.1193885719713794e-05,5.0,6259968,1308949623.0
GDP_per,2019,38857.195979899494,1.1312408711642432e-05,5.0,6259968,1308949623.0
GDP_per,2019,39879.75376884422,1.1409226617809367e-05,5.0,6259968,1308949623.0
GDP_per,2019,40902.31155778894,1.1484337310197335e-05,5.0,6259968,1308949623.0
GDP_per,2019,41924.86934673367,1.1537912716143048e-05,5.0,6259968,1308949623.0
GDP_per,2019,42947.427135678394,1.1570293345329802e-05,5.0,6259968,1308949623.0
GDP_per,2019,43969.98492462312,1.158198048723841e-05,5.0,6259968,1308949623.0
GDP_per,2019,44992.54271356784,1.1573626248851309e-05,5.0,6259968,1308949623.0
GDP_per,2019,46015.10050251256,1.1546021641856312e-05,5.0,6259968,1308949623.0
GDP_per,2019,47037.65829145729,1.150008296378639e-05,5.0,6259968,1308949623.0
GDP_per,2019,48060.21608040201,1.1436836747989768e-05,5.0,6259968,1308949623.0
GDP_per,2019,49082.77386934673,1.1357403577274862e-05,5.0,6259968,1308949623.0
GDP_per,2019,50105.331658291456,1.1262981076473753e-05,5.0,6259968,1308949623.0
GDP_per,2019,51127.88944723618,1.1154826401157404e-05,5.0,6259968,1308949623.0
GDP_per,2019,52150.4472361809,1.1034238546744833e-05,5.0,6259968,1308949623.0
GDP_per,2019,53173.005025125625,1.0902540791813886e-05,5.0,6259968,1308949623.0
GDP_per,2019,54195.56281407035,1.0761063579702657e-05,5.0,6259968,1308949623.0
GDP_per,2019,55218.12060301507,1.0611128120131387e-05,5.0,6259968,1308949623.0
GDP_per,2019,56240.678391959795,1.0454030971948713e-05,5.0,6259968,1308949623.0
GDP_per,2019,57263.236180904525,1.0291029832729752e-05,5.0,6259968,1308949623.0
GDP_per,2019,58285.79396984925,1.012333073306845e-05,5.0,6259968,1308949623.0
GDP_per,2019,59308.35175879397,9.952076793491041e-06,5.0,6259968,1308949623.0
GDP_per,2019,60330.909547738695,9.778338665062521e-06,5.0,6259968,1308949623.0
GDP_per,2019,61353.46733668342,9.603106728987757e-06,5.0,6259968,1308949623.0
GDP_per,2019,62376.02512562814,9.427285103347414e-06,5.0,6259968,1308949623.0
GDP_per,2019,63398.582914572864,9.25168745155951e-06,5.0,6259968,1308949623.0
GDP_per,2019,64421.14070351759,9.077034558841194e-06,5.0,6259968,1308949623.0
GDP_per,2019,65443.69849246231,8.903953608548722e-06,5.0,6259968,1308949623.0
GDP_per,2019,66466.25628140704,8.73297905203891e-06,5.0,6259968,1308949623.0
GDP_per,2019,67488.81407035176,8.564554947356915e-06,5.0,6259968,1308949623.0
GDP_per,2019,68511.37185929649,8.399038610608795e-06,5.0,6259968,1308949623.0
GDP_per,2019,69533.9296482412,8.236705413195657e-06,5.0,6259968,1308949623.0
GDP_per,2019,70556.48743718593,8.077754537005693e-06,5.0,6259968,1308949623.0
GDP_per,2019,71579.04522613065,7.922315499080938e-06,5.0,6259968,1308949623.0
GDP_per,2019,72601.60301507538,7.770455247030249e-06,5.0,6259968,1308949623.0
GDP_per,2019,73624.1608040201,7.6221856332131486e-06,5.0,6259968,1308949623.0
GDP_per,2019,74646.71859296483,7.47747107766149e-06,5.0,6259968,1308949623.0
GDP_per,2019,75669.27638190954,7.336236243465773e-06,5.0,6259968,1308949623.0
GDP_per,2019,76691.83417085427,7.19837355853785e-06,5.0,6259968,1308949623.0
GDP_per,2019,77714.39195979899,7.0637504381622975e-06,5.0,6259968,1308949623.0
GDP_per,2019,78736.94974874372,6.9322160790257946e-06,5.0,6259968,1308949623.0
GDP_per,2019,79759.50753768843,6.803607719184528e-06,5.0,6259968,1308949623.0
GDP_per,2019,80782.06532663316,6.6777562796126184e-06,5.0,6259968,1308949623.0
GDP_per,2019,81804.62311557788,6.554491327027884e-06,5.0,6259968,1308949623.0
GDP_per,2019,82827.18090452261,6.433645319573726e-06,5.0,6259968,1308949623.0
GDP_per,2019,83849.73869346734,6.315057120629568e-06,5.0,6259968,1308949623.0
GDP_per,2019,84872.29648241206,6.198574786356433e-06,5.0,6259968,1308949623.0
GDP_per,2019,85894.85427135679,6.084057651550488e-06,5.0,6259968,1308949623.0
GDP_per,2019,86917.4120603015,5.971377756919871e-06,5.0,6259968,1308949623.0
GDP_per,2019,87939.96984924623,5.860420672549978e-06,5.0,6259968,1308949623.0
GDP_per,2019,88962.52763819095,5.751085788546947e-06,5.0,6259968,1308949623.0
GDP_per,2019,89985.08542713568,5.643286146194179e-06,5.0,6259968,1308949623.0
GDP_per,2019,91007.6432160804,5.536947896966491e-06,5.0,6259968,1308949623.0
GDP_per,2019,92030.20100502513,5.432009469125775e-06,5.0,6259968,1308949623.0
GDP_per,2019,93052.75879396984,5.328420532604828e-06,5.0,6259968,1308949623.0
GDP_per,2019,94075.31658291457,5.226140838646503e-06,5.0,6259968,1308949623.0
GDP_per,2019,95097.87437185929,5.125139015437943e-06,5.0,6259968,1308949623.0
GDP_per,2019,96120.43216080402,5.025391385070887e-06,5.0,6259968,1308949623.0
GDP_per,2019,97142.98994974873,4.926880863202042e-06,5.0,6259968,1308949623.0
GDP_per,2019,98165.54773869347,4.829595989705371e-06,5.0,6259968,1308949623.0
GDP_per,2019,99188.1055276382,4.733530127780599e-06,5.0,6259968,1308949623.0
GDP_per,2019,100210.66331658291,4.638680856259774e-06,5.0,6259968,1308949623.0
GDP_per,2019,101233.22110552764,4.545049568971955e-06,5.0,6259968,1308949623.0
GDP_per,2019,102255.77889447236,4.452641281328655e-06,5.0,6259968,1308949623.0
GDP_per,2019,103278.33668341709,4.361464636735222e-06,5.0,6259968,1308949623.0
GDP_per,2019,104300.8944723618,4.271532090512921e-06,5.0,6259968,1308949623.0
GDP_per,2019,105323.45226130653,4.182860245560537e-06,5.0,6259968,1308949623.0
GDP_per,2019,106346.01005025125,4.095470303613403e-06,5.0,6259968,1308949623.0
GDP_per,2019,107368.56783919598,4.009388591804597e-06,5.0,6259968,1308949623.0
GDP_per,2019,108391.1256281407,3.92464712071854e-06,5.0,6259968,1308949623.0
GDP_per,2019,109413.68341708543,3.841284128554843e-06,5.0,6259968,1308949623.0
GDP_per,2019,110436.24120603014,3.7593445657298154e-06,5.0,6259968,1308949623.0
GDP_per,2019,111458.79899497487,3.6788804758857047e-06,5.0,6259968,1308949623.0
GDP_per,2019,112481.35678391959,3.599951234474648e-06,5.0,6259968,1308949623.0
GDP_per,2019,113503.91457286432,3.52262360779513e-06,5.0,6259968,1308949623.0
GDP_per,2019,114526.47236180905,3.446971604117639e-06,5.0,6259968,1308949623.0
GDP_per,2019,115549.03015075377,3.373076094402803e-06,5.0,6259968,1308949623.0
GDP_per,2019,116571.5879396985,3.30102418698068e-06,5.0,6259968,1308949623.0
GDP_per,2019,117594.14572864321,3.230908350118464e-06,5.0,6259968,1308949623.0
GDP_per,2019,118616.70351758794,3.162825283360495e-06,5.0,6259968,1308949623.0
GDP_per,2019,119639.26130653266,3.096874547038504e-06,5.0,6259968,1308949623.0
GDP_per,2019,120661.81909547739,3.033156967986613e-06,5.0,6259968,1308949623.0
GDP_per,2019,121684.3768844221,2.971772844749328e-06,5.0,6259968,1308949623.0
GDP_per,2019,122706.93467336684,2.912819984842116e-06,5.0,6259968,1308949623.0
GDP_per,2019,123729.49246231155,2.8563916103271285e-06,5.0,6259968,1308949623.0
GDP_per,2019,124752.05025125628,2.8025741735596007e-06,5.0,6259968,1308949623.0
GDP_per,2019,125774.608040201,2.751445128395329e-06,5.0,6259968,1308949623.0
GDP_per,2019,126797.16582914573,2.703070705195438e-06,5.0,6259968,1308949623.0
GDP_per,2019,127819.72361809044,2.6575037389030504e-06,5.0,6259968,1308949623.0
GDP_per,2019,128842.28140703517,2.614781599082876e-06,5.0,6259968,1308949623.0
GDP_per,2019,129864.83919597989,2.5749242718121167e-06,5.0,6259968,1308949623.0
GDP_per,2019,130887.39698492462,2.5379326387507506e-06,5.0,6259968,1308949623.0
GDP_per,2019,131909.95477386934,2.5037869976547876e-06,5.0,6259968,1308949623.0
GDP_per,2019,132932.51256281408,2.4724458627509e-06,5.0,6259968,1308949623.0
GDP_per,2019,133955.0703517588,2.443845080433326e-06,5.0,6259968,1308949623.0
GDP_per,2019,134977.6281407035,2.41789728790972e-06,5.0,6259968,1308949623.0
GDP_per,2019,136000.18592964823,2.3944917374991066e-06,5.0,6259968,1308949623.0
GDP_per,2019,137022.74371859297,2.3734945015300873e-06,5.0,6259968,1308949623.0
GDP_per,2019,138045.3015075377,2.354749066110232e-06,5.0,6259968,1308949623.0
GDP_per,2019,139067.8592964824,2.3380773138507843e-06,5.0,6259968,1308949623.0
GDP_per,2019,140090.41708542712,2.3232808886496188e-06,5.0,6259968,1308949623.0
GDP_per,2019,141112.97487437187,2.3101429270471083e-06,5.0,6259968,1308949623.0
GDP_per,2019,142135.53266331658,2.2984301348065885e-06,5.0,6259968,1308949623.0
GDP_per,2019,143158.0904522613,2.287895178554969e-06,5.0,6259968,1308949623.0
GDP_per,2019,144180.648241206,2.2782793569003354e-06,5.0,6259968,1308949623.0
GDP_per,2019,145203.20603015076,2.2693155093807784e-06,5.0,6259968,1308949623.0
GDP_per,2019,146225.76381909547,2.260731116169372e-06,5.0,6259968,1308949623.0
GDP_per,2019,147248.3216080402,2.2522515370463715e-06,5.0,6259968,1308949623.0
GDP_per,2019,148270.87939698494,2.243603335727768e-06,5.0,6259968,1308949623.0
GDP_per,2019,149293.43718592965,2.2345176322641734e-06,5.0,6259968,1308949623.0
GDP_per,2019,150315.99497487437,2.22473342631604e-06,5.0,6259968,1308949623.0
GDP_per,2019,151338.55276381908,2.2140008334437642e-06,5.0,6259968,1308949623.0
GDP_per,2019,152361.11055276383,2.2020841784149534e-06,5.0,6259968,1308949623.0
GDP_per,2019,153383.66834170854,2.1887648917298276e-06,5.0,6259968,1308949623.0
GDP_per,2019,154406.22613065326,2.1738441597148908e-06,5.0,6259968,1308949623.0
GDP_per,2019,155428.78391959798,2.1571452826191203e-06,5.0,6259968,1308949623.0
GDP_per,2019,156451.34170854272,2.1385157014511535e-06,5.0,6259968,1308949623.0
GDP_per,2019,157473.89949748744,2.1178286608308344e-06,5.0,6259968,1308949623.0
GDP_per,2019,158496.45728643215,2.094984481477308e-06,5.0,6259968,1308949623.0
GDP_per,2019,159519.01507537687,2.0699114252859457e-06,5.0,6259968,1308949623.0
GDP_per,2019,160541.5728643216,2.0425661420529022e-06,5.0,6259968,1308949623.0
GDP_per,2019,161564.13065326633,2.012933696763071e-06,5.0,6259968,1308949623.0
GDP_per,2019,162586.68844221105,1.981027183348286e-06,5.0,6259968,1308949623.0
GDP_per,2019,163609.24623115576,1.946886938944044e-06,5.0,6259968,1308949623.0
GDP_per,2019,164631.8040201005,1.9105793801423525e-06,5.0,6259968,1308949623.0
GDP_per,2019,165654.36180904522,1.8721954892032632e-06,5.0,6259968,1308949623.0
GDP_per,2019,166676.91959798994,1.8318489841302042e-06,5.0,6259968,1308949623.0
GDP_per,2019,167699.47738693468,1.7896742118284113e-06,5.0,6259968,1308949623.0
GDP_per,2019,168722.0351758794,1.745823807136999e-06,5.0,6259968,1308949623.0
GDP_per,2019,169744.5929648241,1.7004661639399275e-06,5.0,6259968,1308949623.0
GDP_per,2019,170767.15075376883,1.653782766180679e-06,5.0,6259968,1308949623.0
GDP_per,2019,171789.70854271358,1.605965427587569e-06,5.0,6259968,1308949623.0
GDP_per,2019,172812.2663316583,1.5572134887571823e-06,5.0,6259968,1308949623.0
GDP_per,2019,173834.824120603,1.5077310187501091e-06,5.0,6259968,1308949623.0
GDP_per,2019,174857.38190954772,1.4577240666970578e-06,5.0,6259968,1308949623.0
GDP_per,2019,175879.93969849247,1.4073980055519836e-06,5.0,6259968,1308949623.0
GDP_per,2019,176902.49748743718,1.3569550069590807e-06,5.0,6259968,1308949623.0
GDP_per,2019,177925.0552763819,1.3065916816232885e-06,5.0,6259968,1308949623.0
GDP_per,2019,178947.61306532662,1.2564969153117728e-06,5.0,6259968,1308949623.0
GDP_per,2019,179970.17085427136,1.206849925549584e-06,5.0,6259968,1308949623.0
GDP_per,2019,180992.72864321608,1.1578185589151549e-06,5.0,6259968,1308949623.0
GDP_per,2019,182015.2864321608,1.109557843882725e-06,5.0,6259968,1308949623.0
GDP_per,2019,183037.84422110554,1.0622088087898446e-06,5.0,6259968,1308949623.0
GDP_per,2019,184060.40201005025,1.0158975697206671e-06,5.0,6259968,1308949623.0
GDP_per,2019,185082.95979899497,9.70734688127481e-07,5.0,6259968,1308949623.0
GDP_per,2019,186105.51758793968,9.268147937225688e-07,5.0,6259968,1308949623.0
GDP_per,2019,187128.07537688443,8.842164638217466e-07,5.0,6259968,1308949623.0
GDP_per,2019,188150.63316582915,8.430023466458123e-07,5.0,6259968,1308949623.0
GDP_per,2019,189173.19095477386,8.032195127216e-07,5.0,6259968,1308949623.0
GDP_per,2019,190195.74874371858,7.649000155545056e-07,5.0,6259968,1308949623.0
GDP_per,2019,191218.30653266332,7.280616403100607e-07,5.0,6259968,1308949623.0
GDP_per,2019,192240.86432160804,6.927088172521556e-07,5.0,6259968,1308949623.0
GDP_per,2019,193263.42211055275,6.588336751097905e-07,5.0,6259968,1308949623.0
GDP_per,2019,194285.97989949747,6.264172084753219e-07,5.0,6259968,1308949623.0
GDP_per,2019,195308.53768844221,5.95430532805185e-07,5.0,6259968,1308949623.0
GDP_per,2019,196331.09547738693,5.65836200338076e-07,5.0,6259968,1308949623.0
GDP_per,2019,197353.65326633165,5.375895506530778e-07,5.0,6259968,1308949623.0
GDP_per,2019,198376.2110552764,5.106400702391545e-07,5.0,6259968,1308949623.0
GDP_per,2019,199398.7688442211,4.84932736624256e-07,5.0,6259968,1308949623.0
GDP_per,2019,200421.32663316582,4.6040932416916446e-07,5.0,6259968,1308949623.0
GDP_per,2019,201443.88442211054,4.37009650449638e-07,5.0,6259968,1308949623.0
GDP_per,2019,202466.44221105528,4.146727444299768e-07,5.0,6259968,1308949623.0
GDP_per,2019,203489.0,3.933379200449148e-07,5.0,6259968,1308949623.0
GDP_per,2020,0.0,5.921273307661923e-07,5.0,6245589,1312554908.0
GDP_per,2020,908.8994974874372,6.73208094127281e-07,5.0,6245589,1312554908.0
GDP_per,2020,1817.7989949748744,7.632220690176829e-07,5.0,6245589,1312554908.0
GDP_per,2020,2726.6984924623116,8.628240404083722e-07,5.0,6245589,1312554908.0
GDP_per,2020,3635.597989949749,9.72669911774427e-07,5.0,6245589,1312554908.0
GDP_per,2020,4544.497487437186,1.0934091680866032e-06,5.0,6245589,1312554908.0
GDP_per,2020,5453.396984924623,1.225676484760138e-06,5.0,6245589,1312554908.0
GDP_per,2020,6362.296482412061,1.3700825282255437e-06,5.0,6245589,1312554908.0
GDP_per,2020,7271.195979899498,1.5272040170588913e-06,5.0,6245589,1312554908.0
GDP_per,2020,8180.095477386934,1.6975731379383333e-06,5.0,6245589,1312554908.0
GDP_per,2020,9088.994974874371,1.8816664364606308e-06,5.0,6245589,1312554908.0
GDP_per,2020,9997.89447236181,2.0798933286048346e-06,5.0,6245589,1312554908.0
GDP_per,2020,10906.793969849246,2.2925844040077407e-06,5.0,6245589,1312554908.0
GDP_per,2020,11815.693467336683,2.5199797166721127e-06,5.0,6245589,1312554908.0
GDP_per,2020,12724.592964824122,2.7622172800171384e-06,5.0,6245589,1312554908.0
GDP_per,2020,13633.492462311558,3.019322001566201e-06,5.0,6245589,1312554908.0
GDP_per,2020,14542.391959798995,3.2911953082327294e-06,5.0,6245589,1312554908.0
GDP_per,2020,15451.291457286432,3.577605721046413e-06,5.0,6245589,1312554908.0
GDP_per,2020,16360.190954773869,3.878180643175234e-06,5.0,6245589,1312554908.0
GDP_per,2020,17269.090452261305,4.192399622370401e-06,5.0,6245589,1312554908.0
GDP_per,2020,18177.989949748742,4.519589338602791e-06,5.0,6245589,1312554908.0
GDP_per,2020,19086.889447236183,4.858920551258162e-06,5.0,6245589,1312554908.0
GDP_per,2020,19995.78894472362,5.209407215699477e-06,5.0,6245589,1312554908.0
GDP_per,2020,20904.688442211056,5.569907946735819e-06,5.0,6245589,1312554908.0
GDP_per,2020,21813.587939698493,5.939129966755759e-06,5.0,6245589,1312554908.0
GDP_per,2020,22722.48743718593,6.315635633706043e-06,5.0,6245589,1312554908.0
GDP_per,2020,23631.386934673366,6.69785158697424e-06,5.0,6245589,1312554908.0
GDP_per,2020,24540.286432160803,7.084080500894821e-06,5.0,6245589,1312554908.0
GDP_per,2020,25449.185929648243,7.472515369819607e-06,5.0,6245589,1312554908.0
GDP_per,2020,26358.08542713568,7.86125619279437e-06,5.0,6245589,1312554908.0
GDP_per,2020,27266.984924623117,8.248328862637248e-06,5.0,6245589,1312554908.0
GDP_per,2020,28175.884422110554,8.631706008121403e-06,5.0,6245589,1312554908.0
GDP_per,2020,29084.78391959799,9.009329478451029e-06,5.0,6245589,1312554908.0
GDP_per,2020,29993.683417085427,9.37913411704239e-06,5.0,6245589,1312554908.0
GDP_per,2020,30902.582914572864,9.73907241923311e-06,5.0,6245589,1312554908.0
GDP_per,2020,31811.4824120603,1.0087139644497965e-05,5.0,6245589,1312554908.0
GDP_per,2020,32720.381909547737,1.0421398924160448e-05,5.0,6245589,1312554908.0
GDP_per,2020,33629.281407035174,1.0740005890049445e-05,5.0,6245589,1312554908.0
GDP_per,2020,34538.18090452261,1.104123235758772e-05,5.0,6245589,1312554908.0
GDP_per,2020,35447.08040201005,1.1323488595531396e-05,5.0,6245589,1312554908.0
GDP_per,2020,36355.979899497484,1.1585343743787112e-05,5.0,6245589,1312554908.0
GDP_per,2020,37264.87939698493,1.182554397298805e-05,5.0,6245589,1312554908.0
GDP_per,2020,38173.778894472365,1.2043028020117166e-05,5.0,6245589,1312554908.0
GDP_per,2020,39082.6783919598,1.2236939792623692e-05,5.0,6245589,1312554908.0
GDP_per,2020,39991.57788944724,1.2406637788786522e-05,5.0,6245589,1312554908.0
GDP_per,2020,40900.477386934675,1.2551701154905522e-05,5.0,6245589,1312554908.0
GDP_per,2020,41809.37688442211,1.2671932268404159e-05,5.0,6245589,1312554908.0
GDP_per,2020,42718.27638190955,1.2767355809431756e-05,5.0,6245589,1312554908.0
GDP_per,2020,43627.175879396986,1.2838214362026632e-05,5.0,6245589,1312554908.0
GDP_per,2020,44536.07537688442,1.288496065287448e-05,5.0,6245589,1312554908.0
GDP_per,2020,45444.97487437186,1.2908246611895837e-05,5.0,6245589,1312554908.0
GDP_per,2020,46353.874371859296,1.2908909495471657e-05,5.0,6245589,1312554908.0
GDP_per,2020,47262.77386934673,1.2887955379779981e-05,5.0,6245589,1312554908.0
GDP_per,2020,48171.67336683417,1.2846540370238109e-05,5.0,6245589,1312554908.0
GDP_per,2020,49080.572864321606,1.2785949923583666e-05,5.0,6245589,1312554908.0
GDP_per,2020,49989.47236180904,1.2707576704149735e-05,5.0,6245589,1312554908.0
GDP_per,2020,50898.37185929649,1.2612897414907374e-05,5.0,6245589,1312554908.0
GDP_per,2020,51807.271356783924,1.2503449060965906e-05,5.0,6245589,1312554908.0
GDP_per,2020,52716.17085427136,1.2380805095176066e-05,5.0,6245589,1312554908.0
GDP_per,2020,53625.0703517588,1.2246551889160405e-05,5.0,6245589,1312554908.0
GDP_per,2020,54533.969849246234,1.2102265956623107e-05,5.0,6245589,1312554908.0
GDP_per,2020,55442.86934673367,1.194949232238051e-05,5.0,6245589,1312554908.0
GDP_per,2020,56351.76884422111,1.178972440185315e-05,5.0,6245589,1312554908.0
GDP_per,2020,57260.668341708544,1.162438570792464e-05,5.0,6245589,1312554908.0
GDP_per,2020,58169.56783919598,1.1454813663025461e-05,5.0,6245589,1312554908.0
GDP_per,2020,59078.46733668342,1.1282245737579179e-05,5.0,6245589,1312554908.0
GDP_per,2020,59987.366834170854,1.1107808081620816e-05,5.0,6245589,1312554908.0
GDP_per,2020,60896.26633165829,1.0932506771208347e-05,5.0,6245589,1312554908.0
GDP_per,2020,61805.16582914573,1.075722171925082e-05,5.0,6245589,1312554908.0
GDP_per,2020,62714.065326633165,1.0582703259862577e-05,5.0,6245589,1312554908.0
GDP_per,2020,63622.9648241206,1.0409571354577584e-05,5.0,6245589,1312554908.0
GDP_per,2020,64531.86432160804,1.0238317315590864e-05,5.0,6245589,1312554908.0
GDP_per,2020,65440.763819095475,1.006930790119452e-05,5.0,6245589,1312554908.0
GDP_per,2020,66349.66331658291,9.90279158811822e-06,5.0,6245589,1312554908.0
GDP_per,2020,67258.56281407035,9.73890679370506e-06,5.0,6245589,1312554908.0
GDP_per,2020,68167.46231155779,9.577691783269347e-06,5.0,6245589,1312554908.0
GDP_per,2020,69076.36180904522,9.419095975950463e-06,5.0,6245589,1312554908.0
GDP_per,2020,69985.26130653266,9.262992343616063e-06,5.0,6245589,1312554908.0
GDP_per,2020,70894.1608040201,9.109190583226708e-06,5.0,6245589,1312554908.0
GDP_per,2020,71803.06030150753,8.95745074178539e-06,5.0,6245589,1312554908.0
GDP_per,2020,72711.95979899497,8.807496969293617e-06,5.0,6245589,1312554908.0
GDP_per,2020,73620.85929648242,8.659031096439686e-06,5.0,6245589,1312554908.0
GDP_per,2020,74529.75879396986,8.511745736460848e-06,5.0,6245589,1312554908.0
GDP_per,2020,75438.6582914573,8.365336643047288e-06,5.0,6245589,1312554908.0
GDP_per,2020,76347.55778894473,8.219514083105084e-06,5.0,6245589,1312554908.0
GDP_per,2020,77256.45728643217,8.074013011266119e-06,5.0,6245589,1312554908.0
GDP_per,2020,78165.3567839196,7.928601876657591e-06,5.0,6245589,1312554908.0
GDP_per,2020,79074.25628140704,7.783089929700874e-06,5.0,6245589,1312554908.0
GDP_per,2020,79983.15577889448,7.63733293726121e-06,5.0,6245589,1312554908.0
GDP_per,2020,80892.05527638191,7.491237262495031e-06,5.0,6245589,1312554908.0
GDP_per,2020,81800.95477386935,7.34476230006447e-06,5.0,6245589,1312554908.0
GDP_per,2020,82709.85427135679,7.197921307400348e-06,5.0,6245589,1312554908.0
GDP_per,2020,83618.75376884422,7.050780704219493e-06,5.0,6245589,1312554908.0
GDP_per,2020,84527.65326633166,6.9034579494992445e-06,5.0,6245589,1312554908.0
GDP_per,2020,85436.5527638191,6.756118136208362e-06,5.0,6245589,1312554908.0
GDP_per,2020,86345.45226130653,6.6089694684792025e-06,5.0,6245589,1312554908.0
GDP_per,2020,87254.35175879397,6.4622578038547014e-06,5.0,6245589,1312554908.0
GDP_per,2020,88163.25125628141,6.3162604601409074e-06,5.0,6245589,1312554908.0
GDP_per,2020,89072.15075376884,6.171279489848342e-06,5.0,6245589,1312554908.0
GDP_per,2020,89981.05025125628,6.027634628736294e-06,5.0,6245589,1312554908.0
GDP_per,2020,90889.94974874372,5.885656120388256e-06,5.0,6245589,1312554908.0
GDP_per,2020,91798.84924623116,5.745677606104677e-06,5.0,6245589,1312554908.0
GDP_per,2020,92707.74874371859,5.608029257592698e-06,5.0,6245589,1312554908.0
GDP_per,2020,93616.64824120603,5.473031308656271e-06,5.0,6245589,1312554908.0
GDP_per,2020,94525.54773869347,5.340988120850155e-06,5.0,6245589,1312554908.0
GDP_per,2020,95434.4472361809,5.212182892641283e-06,5.0,6245589,1312554908.0
GDP_per,2020,96343.34673366834,5.086873095632466e-06,5.0,6245589,1312554908.0
GDP_per,2020,97252.24623115578,4.965286695319208e-06,5.0,6245589,1312554908.0
GDP_per,2020,98161.14572864321,4.847619186950827e-06,5.0,6245589,1312554908.0
GDP_per,2020,99070.04522613065,4.734031451864297e-06,5.0,6245589,1312554908.0
GDP_per,2020,99978.94472361809,4.624648419212423e-06,5.0,6245589,1312554908.0
GDP_per,2020,100887.84422110552,4.519558492838659e-06,5.0,6245589,1312554908.0
GDP_per,2020,101796.74371859297,4.418813691975646e-06,5.0,6245589,1312554908.0
GDP_per,2020,102705.64321608041,4.322430436735046e-06,5.0,6245589,1312554908.0
GDP_per,2020,103614.54271356785,4.230390900571254e-06,5.0,6245589,1312554908.0
GDP_per,2020,104523.44221105528,4.142644846981394e-06,5.0,6245589,1312554908.0
GDP_per,2020,105432.34170854272,4.059111863694844e-06,5.0,6245589,1312554908.0
GDP_per,2020,106341.24120603016,3.979683910449495e-06,5.0,6245589,1312554908.0
GDP_per,2020,107250.1407035176,3.9042280978858774e-06,5.0,6245589,1312554908.0
GDP_per,2020,108159.04020100503,3.832589624386065e-06,5.0,6245589,1312554908.0
GDP_per,2020,109067.93969849247,3.764594804337843e-06,5.0,6245589,1312554908.0
GDP_per,2020,109976.8391959799,3.7000541312568146e-06,5.0,6245589,1312554908.0
GDP_per,2020,110885.73869346734,3.6387653306113914e-06,5.0,6245589,1312554908.0
GDP_per,2020,111794.63819095478,3.58051636688726e-06,5.0,6245589,1312554908.0
GDP_per,2020,112703.53768844221,3.525088379384069e-06,5.0,6245589,1312554908.0
GDP_per,2020,113612.43718592965,3.4722585310774326e-06,5.0,6245589,1312554908.0
GDP_per,2020,114521.33668341709,3.421802761008109e-06,5.0,6245589,1312554908.0
GDP_per,2020,115430.23618090453,3.3734984370516607e-06,5.0,6245589,1312554908.0
GDP_per,2020,116339.13567839196,3.3271269086608573e-06,5.0,6245589,1312554908.0
GDP_per,2020,117248.0351758794,3.282475960729324e-06,5.0,6245589,1312554908.0
GDP_per,2020,118156.93467336684,3.239342168044207e-06,5.0,6245589,1312554908.0
GDP_per,2020,119065.83417085427,3.1975331473520993e-06,5.0,6245589,1312554908.0
GDP_per,2020,119974.73366834171,3.1568696979570827e-06,5.0,6245589,1312554908.0
GDP_per,2020,120883.63316582915,3.117187817308162e-06,5.0,6245589,1312554908.0
GDP_per,2020,121792.53266331658,3.0783405684721493e-06,5.0,6245589,1312554908.0
GDP_per,2020,122701.43216080402,3.0401997716562805e-06,5.0,6245589,1312554908.0
GDP_per,2020,123610.33165829146,3.002657482806939e-06,5.0,6245589,1312554908.0
GDP_per,2020,124519.23115577889,2.9656272166647054e-06,5.0,6245589,1312554908.0
GDP_per,2020,125428.13065326633,2.9290448679199486e-06,5.0,6245589,1312554908.0
GDP_per,2020,126337.03015075377,2.8928692802790764e-06,5.0,6245589,1312554908.0
GDP_per,2020,127245.9296482412,2.8570824140251633e-06,5.0,6245589,1312554908.0
GDP_per,2020,128154.82914572864,2.821689064920524e-06,5.0,6245589,1312554908.0
GDP_per,2020,129063.72864321608,2.7867160938848748e-06,5.0,6245589,1312554908.0
GDP_per,2020,129972.62814070351,2.752211134732495e-06,5.0,6245589,1312554908.0
GDP_per,2020,130881.52763819095,2.7182407603661437e-06,5.0,6245589,1312554908.0
GDP_per,2020,131790.4271356784,2.6848881015273126e-06,5.0,6245589,1312554908.0
GDP_per,2020,132699.32663316582,2.652249929669672e-06,5.0,6245589,1312554908.0
GDP_per,2020,133608.22613065326,2.6204332338090318e-06,5.0,6245589,1312554908.0
GDP_per,2020,134517.1256281407,2.5895513409700965e-06,5.0,6245589,1312554908.0
GDP_per,2020,135426.02512562813,2.559719649287491e-06,5.0,6245589,1312554908.0
GDP_per,2020,136334.92462311557,2.531051062301568e-06,5.0,6245589,1312554908.0
GDP_per,2020,137243.824120603,2.503651229679446e-06,5.0,6245589,1312554908.0
GDP_per,2020,138152.72361809044,2.477613715570169e-06,5.0,6245589,1312554908.0
GDP_per,2020,139061.62311557788,2.4530152263654143e-06,5.0,6245589,1312554908.0
GDP_per,2020,139970.52261306532,2.429911038471186e-06,5.0,6245589,1312554908.0
GDP_per,2020,140879.42211055275,2.408330769082033e-06,5.0,6245589,1312554908.0
GDP_per,2020,141788.3216080402,2.388274631680011e-06,5.0,6245589,1312554908.0
GDP_per,2020,142697.22110552763,2.369710310966891e-06,5.0,6245589,1312554908.0
GDP_per,2020,143606.12060301506,2.3525705797496015e-06,5.0,6245589,1312554908.0
GDP_per,2020,144515.0201005025,2.3367517640145446e-06,5.0,6245589,1312554908.0
GDP_per,2020,145423.91959798994,2.322113139818344e-06,5.0,6245589,1312554908.0
GDP_per,2020,146332.8190954774,2.30847732187732e-06,5.0,6245589,1312554908.0
GDP_per,2020,147241.71859296484,2.295631674192491e-06,5.0,6245589,1312554908.0
GDP_per,2020,148150.61809045228,2.2833307432897404e-06,5.0,6245589,1312554908.0
GDP_per,2020,149059.5175879397,2.2712996830566627e-06,5.0,6245589,1312554908.0
GDP_per,2020,149968.41708542715,2.2592386090858274e-06,5.0,6245589,1312554908.0
GDP_per,2020,150877.3165829146,2.246827790069664e-06,5.0,6245589,1312554908.0
GDP_per,2020,151786.21608040202,2.2337335564276246e-06,5.0,6245589,1312554908.0
GDP_per,2020,152695.11557788946,2.219614781993531e-06,5.0,6245589,1312554908.0
GDP_per,2020,153604.0150753769,2.2041297748511703e-06,5.0,6245589,1312554908.0
GDP_per,2020,154512.91457286433,2.1869433982530615e-06,5.0,6245589,1312554908.0
GDP_per,2020,155421.81407035177,2.1677342340134876e-06,5.0,6245589,1312554908.0
GDP_per,2020,156330.7135678392,2.1462015969616913e-06,5.0,6245589,1312554908.0
GDP_per,2020,157239.61306532664,2.1220722127819647e-06,5.0,6245589,1312554908.0
GDP_per,2020,158148.51256281408,2.0951063799254297e-06,5.0,6245589,1312554908.0
GDP_per,2020,159057.41206030152,2.065103451719982e-06,5.0,6245589,1312554908.0
GDP_per,2020,159966.31155778895,2.031906494145726e-06,5.0,6245589,1312554908.0
GDP_per,2020,160875.2110552764,1.995405999343728e-06,5.0,6245589,1312554908.0
GDP_per,2020,161784.11055276383,1.955542562771271e-06,5.0,6245589,1312554908.0
GDP_per,2020,162693.01005025127,1.9123084621347823e-06,5.0,6245589,1312554908.0
GDP_per,2020,163601.9095477387,1.865748108208785e-06,5.0,6245589,1312554908.0
GDP_per,2020,164510.80904522614,1.8159573695780717e-06,5.0,6245589,1312554908.0
GDP_per,2020,165419.70854271358,1.763081804996497e-06,5.0,6245589,1312554908.0
GDP_per,2020,166328.608040201,1.7073138662777002e-06,5.0,6245589,1312554908.0
GDP_per,2020,167237.50753768845,1.6488891618520772e-06,5.0,6245589,1312554908.0
GDP_per,2020,168146.4070351759,1.5880818940844946e-06,5.0,6245589,1312554908.0
GDP_per,2020,169055.30653266332,1.5251996027529867e-06,5.0,6245589,1312554908.0
GDP_per,2020,169964.20603015076,1.4605773613023088e-06,5.0,6245589,1312554908.0
GDP_per,2020,170873.1055276382,1.3945715821408641e-06,5.0,6245589,1312554908.0
GDP_per,2020,171782.00502512563,1.3275535912945001e-06,5.0,6245589,1312554908.0
GDP_per,2020,172690.90452261307,1.259903132365919e-06,5.0,6245589,1312554908.0
GDP_per,2020,173599.8040201005,1.1920019542212116e-06,5.0,6245589,1312554908.0
GDP_per,2020,174508.70351758794,1.1242276271982704e-06,5.0,6245589,1312554908.0
GDP_per,2020,175417.60301507538,1.0569477191061036e-06,5.0,6245589,1312554908.0
GDP_per,2020,176326.50251256282,9.905144458958077e-07,5.0,6245589,1312554908.0
GDP_per,2020,177235.40201005025,9.252598926755434e-07,5.0,6245589,1312554908.0
GDP_per,2020,178144.3015075377,8.614918803330818e-07,5.0,6245589,1312554908.0
GDP_per,2020,179053.20100502513,7.994905314894231e-07,5.0,6245589,1312554908.0
GDP_per,2020,179962.10050251256,7.395055678939446e-07,5.0,6245589,1312554908.0
GDP_per,2020,180871.0,6.817543504227826e-07,5.0,6245589,1312554908.0
GDP_per,2021,0.0,4.6571872784460996e-07,5.0,5215621,1316248699.0
GDP_per,2021,1096.070351758794,5.375898932821956e-07,5.0,5215621,1316248699.0
GDP_per,2021,2192.140703517588,6.184499965924788e-07,5.0,5215621,1316248699.0
GDP_per,2021,3288.211055276382,7.090649605787054e-07,5.0,5215621,1316248699.0
GDP_per,2021,4384.281407035176,8.102092722602096e-07,5.0,5215621,1316248699.0
GDP_per,2021,5480.35175879397,9.226563132896204e-07,5.0,5215621,1316248699.0
GDP_per,2021,6576.422110552764,1.0471673723177662e-06,5.0,5215621,1316248699.0
GDP_per,2021,7672.4924623115585,1.1844793980291507e-06,5.0,5215621,1316248699.0
GDP_per,2021,8768.562814070352,1.3352915923325525e-06,5.0,5215621,1316248699.0
GDP_per,2021,9864.633165829146,1.500250986202532e-06,5.0,5215621,1316248699.0
GDP_per,2021,10960.70351758794,1.6799371856708326e-06,5.0,5215621,1316248699.0
GDP_per,2021,12056.773869346735,1.8748465201440394e-06,5.0,5215621,1316248699.0
GDP_per,2021,13152.844221105528,2.0853758691747293e-06,5.0,5215621,1316248699.0
GDP_per,2021,14248.914572864322,2.3118064845970454e-06,5.0,5215621,1316248699.0
GDP_per,2021,15344.984924623117,2.5542881610287415e-06,5.0,5215621,1316248699.0
GDP_per,2021,16441.05527638191,2.8128241377799147e-06,5.0,5215621,1316248699.0
GDP_per,2021,17537.125628140704,3.087257136821078e-06,5.0,5215621,1316248699.0
GDP_per,2021,18633.195979899498,3.3772569543343203e-06,5.0,5215621,1316248699.0
GDP_per,2021,19729.26633165829,3.6823100232540048e-06,5.0,5215621,1316248699.0
GDP_per,2021,20825.336683417085,4.001711354692693e-06,5.0,5215621,1316248699.0
GDP_per,2021,21921.40703517588,4.334559240734079e-06,5.0,5215621,1316248699.0
GDP_per,2021,23017.477386934675,4.679753064685147e-06,5.0,5215621,1316248699.0
GDP_per,2021,24113.54773869347,5.035994512952803e-06,5.0,5215621,1316248699.0
GDP_per,2021,25209.618090452263,5.401792420532946e-06,5.0,5215621,1316248699.0
GDP_per,2021,26305.688442211056,5.775471405321445e-06,5.0,5215621,1316248699.0
GDP_per,2021,27401.75879396985,6.155184361603391e-06,5.0,5215621,1316248699.0
GDP_per,2021,28497.829145728643,6.538928789783651e-06,5.0,5215621,1316248699.0
GDP_per,2021,29593.899497487437,6.924566839505364e-06,5.0,5215621,1316248699.0
GDP_per,2021,30689.969849246234,7.309848841307401e-06,5.0,5215621,1316248699.0
GDP_per,2021,31786.040201005027,7.692440001547643e-06,5.0,5215621,1316248699.0
GDP_per,2021,32882.11055276382,8.069949835383637e-06,5.0,5215621,1316248699.0
GDP_per,2021,33978.18090452261,8.439963823693503e-06,5.0,5215621,1316248699.0
GDP_per,2021,35074.25125628141,8.800076698017473e-06,5.0,5215621,1316248699.0
GDP_per,2021,36170.321608040205,9.147926692064216e-06,5.0,5215621,1316248699.0
GDP_per,2021,37266.391959798995,9.481230044687561e-06,5.0,5215621,1316248699.0
GDP_per,2021,38362.46231155779,9.797815009968642e-06,5.0,5215621,1316248699.0
GDP_per,2021,39458.53266331658,1.0095654615580008e-05,5.0,5215621,1316248699.0
GDP_per,2021,40554.60301507538,1.0372897419633506e-05,5.0,5215621,1316248699.0
GDP_per,2021,41650.67336683417,1.062789554825047e-05,5.0,5215621,1316248699.0
GDP_per,2021,42746.74371859297,1.0859229345485878e-05,5.0,5215621,1316248699.0
GDP_per,2021,43842.81407035176,1.1065728041526235e-05,5.0,5215621,1316248699.0
GDP_per,2021,44938.884422110554,1.1246485932929902e-05,5.0,5215621,1316248699.0
GDP_per,2021,46034.95477386935,1.1400873677566487e-05,5.0,5215621,1316248699.0
GDP_per,2021,47131.02512562814,1.1528544423543445e-05,5.0,5215621,1316248699.0
GDP_per,2021,48227.09547738694,1.162943462059172e-05,5.0,5215621,1316248699.0
GDP_per,2021,49323.16582914573,1.1703759497883314e-05,5.0,5215621,1316248699.0
GDP_per,2021,50419.236180904525,1.1752003325101042e-05,5.0,5215621,1316248699.0
GDP_per,2021,51515.306532663315,1.1774904708353072e-05,5.0,5215621,1316248699.0
GDP_per,2021,52611.37688442211,1.1773437297057386e-05,5.0,5215621,1316248699.0
GDP_per,2021,53707.44723618091,1.174878639512539e-05,5.0,5215621,1316248699.0
GDP_per,2021,54803.5175879397,1.1702322068814449e-05,5.0,5215621,1316248699.0
GDP_per,2021,55899.5879396985,1.1635569429130958e-05,5.0,5215621,1316248699.0
GDP_per,2021,56995.65829145729,1.1550176830832462e-05,5.0,5215621,1316248699.0
GDP_per,2021,58091.72864321608,1.1447882771896061e-05,5.0,5215621,1316248699.0
GDP_per,2021,59187.79899497487,1.1330482299120092e-05,5.0,5215621,1316248699.0
GDP_per,2021,60283.86934673367,1.1199793720134825e-05,5.0,5215621,1316248699.0
GDP_per,2021,61379.93969849247,1.105762640024917e-05,5.0,5215621,1316248699.0
GDP_per,2021,62476.01005025126,1.0905750369444341e-05,5.0,5215621,1316248699.0
GDP_per,2021,63572.080402010055,1.0745868404536135e-05,5.0,5215621,1316248699.0
GDP_per,2021,64668.150753768845,1.0579591160358648e-05,5.0,5215621,1316248699.0
GDP_per,2021,65764.22110552764,1.0408415829390379e-05,5.0,5215621,1316248699.0
GDP_per,2021,66860.29145728644,1.0233708695629012e-05,5.0,5215621,1316248699.0
GDP_per,2021,67956.36180904522,1.005669183230091e-05,5.0,5215621,1316248699.0
GDP_per,2021,69052.43216080402,9.878434070363133e-06,5.0,5215621,1316248699.0
GDP_per,2021,70148.50251256282,9.699846242857762e-06,5.0,5215621,1316248699.0
GDP_per,2021,71244.57286432161,9.52168059441442e-06,5.0,5215621,1316248699.0
GDP_per,2021,72340.64321608041,9.344534132725116e-06,5.0,5215621,1316248699.0
GDP_per,2021,73436.7135678392,9.168855600605267e-06,5.0,5215621,1316248699.0
GDP_per,2021,74532.78391959799,8.994955663644635e-06,5.0,5215621,1316248699.0
GDP_per,2021,75628.85427135679,8.823019833668408e-06,5.0,5215621,1316248699.0
GDP_per,2021,76724.92462311558,8.653123601461e-06,5.0,5215621,1316248699.0
GDP_per,2021,77820.99497487437,8.485249213387727e-06,5.0,5215621,1316248699.0
GDP_per,2021,78917.06532663316,8.319303513994805e-06,5.0,5215621,1316248699.0
GDP_per,2021,80013.13567839196,8.15513627886521e-06,5.0,5215621,1316248699.0
GDP_per,2021,81109.20603015076,7.992558480500595e-06,5.0,5215621,1316248699.0
GDP_per,2021,82205.27638190956,7.831359968768453e-06,5.0,5215621,1316248699.0
GDP_per,2021,83301.34673366834,7.671326095133203e-06,5.0,5215621,1316248699.0
GDP_per,2021,84397.41708542714,7.512252870856758e-06,5.0,5215621,1316248699.0
GDP_per,2021,85493.48743718593,7.353960320748946e-06,5.0,5215621,1316248699.0
GDP_per,2021,86589.55778894473,7.19630376751653e-06,5.0,5215621,1316248699.0
GDP_per,2021,87685.62814070351,7.0391828619124974e-06,5.0,5215621,1316248699.0
GDP_per,2021,88781.69849246231,6.882548252321457e-06,5.0,5215621,1316248699.0
GDP_per,2021,89877.76884422111,6.726405863701387e-06,5.0,5215621,1316248699.0
GDP_per,2021,90973.8391959799,6.570818828604448e-06,5.0,5215621,1316248699.0
GDP_per,2021,92069.9095477387,6.415907177666187e-06,5.0,5215621,1316248699.0
GDP_per,2021,93165.97989949748,6.2618454554087825e-06,5.0,5215621,1316248699.0
GDP_per,2021,94262.05025125628,6.108858474572244e-06,5.0,5215621,1316248699.0
GDP_per,2021,95358.12060301508,5.957215461341834e-06,5.0,5215621,1316248699.0
GDP_per,2021,96454.19095477388,5.8072228707323e-06,5.0,5215621,1316248699.0
GDP_per,2021,97550.26130653267,5.659216170653378e-06,5.0,5215621,1316248699.0
GDP_per,2021,98646.33165829146,5.513550899510896e-06,5.0,5215621,1316248699.0
GDP_per,2021,99742.40201005025,5.370593302828344e-06,5.0,5215621,1316248699.0
GDP_per,2021,100838.47236180905,5.230710842962151e-06,5.0,5215621,1316248699.0
GDP_per,2021,101934.54271356785,5.094262861304522e-06,5.0,5215621,1316248699.0
GDP_per,2021,103030.61306532663,4.961591646960942e-06,5.0,5215621,1316248699.0
GDP_per,2021,104126.68341708543,4.833014141135396e-06,5.0,5215621,1316248699.0
GDP_per,2021,105222.75376884422,4.708814472336213e-06,5.0,5215621,1316248699.0
GDP_per,2021,106318.82412060302,4.5892374845029615e-06,5.0,5215621,1316248699.0
GDP_per,2021,107414.89447236182,4.4744833842855585e-06,5.0,5215621,1316248699.0
GDP_per,2021,108510.9648241206,4.364703597579909e-06,5.0,5215621,1316248699.0
GDP_per,2021,109607.0351758794,4.259997888971668e-06,5.0,5215621,1316248699.0
GDP_per,2021,110703.1055276382,4.1604127636159774e-06,5.0,5215621,1316248699.0
GDP_per,2021,111799.175879397,4.065941137245882e-06,5.0,5215621,1316248699.0
GDP_per,2021,112895.24623115578,3.976523231127796e-06,5.0,5215621,1316248699.0
GDP_per,2021,113991.31658291457,3.892048619312279e-06,5.0,5215621,1316248699.0
GDP_per,2021,115087.38693467337,3.8123593327824496e-06,5.0,5215621,1316248699.0
GDP_per,2021,116183.45728643217,3.7372539045829254e-06,5.0,5215621,1316248699.0
GDP_per,2021,117279.52763819096,3.6664922231496087e-06,5.0,5215621,1316248699.0
GDP_per,2021,118375.59798994975,3.599801049554945e-06,5.0,5215621,1316248699.0
GDP_per,2021,119471.66834170854,3.5368800458908854e-06,5.0,5215621,1316248699.0
GDP_per,2021,120567.73869346734,3.4774081583877557e-06,5.0,5215621,1316248699.0
GDP_per,2021,121663.80904522614,3.421050199709161e-06,5.0,5215621,1316248699.0
GDP_per,2021,122759.87939698494,3.3674634779016394e-06,5.0,5215621,1316248699.0
GDP_per,2021,123855.94974874372,3.316304328162638e-06,5.0,5215621,1316248699.0
GDP_per,2021,124952.02010050252,3.26723441356816e-06,5.0,5215621,1316248699.0
GDP_per,2021,126048.09045226131,3.219926674017752e-06,5.0,5215621,1316248699.0
GDP_per,2021,127144.16080402011,3.174070818046058e-06,5.0,5215621,1316248699.0
GDP_per,2021,128240.23115577889,3.1293782679004563e-06,5.0,5215621,1316248699.0
GDP_per,2021,129336.30150753769,3.0855864858647636e-06,5.0,5215621,1316248699.0
GDP_per,2021,130432.37185929649,3.042462626035265e-06,5.0,5215621,1316248699.0
GDP_per,2021,131528.44221105528,2.999806472496109e-06,5.0,5215621,1316248699.0
GDP_per,2021,132624.51256281408,2.957452640461383e-06,5.0,5215621,1316248699.0
GDP_per,2021,133720.58291457288,2.915272029867582e-06,5.0,5215621,1316248699.0
GDP_per,2021,134816.65326633168,2.873172534403863e-06,5.0,5215621,1316248699.0
GDP_per,2021,135912.72361809044,2.831099017902983e-06,5.0,5215621,1316248699.0
GDP_per,2021,137008.79396984924,2.7890325801427152e-06,5.0,5215621,1316248699.0
GDP_per,2021,138104.86432160804,2.7469891396022394e-06,5.0,5215621,1316248699.0
GDP_per,2021,139200.93467336684,2.7050173680170358e-06,5.0,5215621,1316248699.0
GDP_per,2021,140297.00502512563,2.6631960150683562e-06,5.0,5215621,1316248699.0
GDP_per,2021,141393.07537688443,2.621630666865704e-06,5.0,5215621,1316248699.0
GDP_per,2021,142489.14572864323,2.5804499857798144e-06,5.0,5215621,1316248699.0
GDP_per,2021,143585.21608040202,2.539801484109749e-06,5.0,5215621,1316248699.0
GDP_per,2021,144681.28643216082,2.4998468896373405e-06,5.0,5215621,1316248699.0
GDP_per,2021,145777.3567839196,2.460757167653398e-06,5.0,5215621,1316248699.0
GDP_per,2021,146873.4271356784,2.4227072716493057e-06,5.0,5215621,1316248699.0
GDP_per,2021,147969.49748743718,2.3858707035746827e-06,5.0,5215621,1316248699.0
GDP_per,2021,149065.56783919598,2.350413973937314e-06,5.0,5215621,1316248699.0
GDP_per,2021,150161.63819095478,2.316491061470497e-06,5.0,5215621,1316248699.0
GDP_per,2021,151257.70854271358,2.2842379817177487e-06,5.0,5215621,1316248699.0
GDP_per,2021,152353.77889447237,2.2537675819242306e-06,5.0,5215621,1316248699.0
GDP_per,2021,153449.84924623117,2.2251646863237062e-06,5.0,5215621,1316248699.0
GDP_per,2021,154545.91959798997,2.198481719308085e-06,5.0,5215621,1316248699.0
GDP_per,2021,155641.98994974873,2.173734934681348e-06,5.0,5215621,1316248699.0
GDP_per,2021,156738.06030150753,2.1509013750587765e-06,5.0,5215621,1316248699.0
GDP_per,2021,157834.13065326633,2.1299166769803416e-06,5.0,5215621,1316248699.0
GDP_per,2021,158930.20100502513,2.1106738238772873e-06,5.0,5215621,1316248699.0
GDP_per,2021,160026.27135678392,2.0930229302372523e-06,5.0,5215621,1316248699.0
GDP_per,2021,161122.34170854272,2.0767721170019695e-06,5.0,5215621,1316248699.0
GDP_per,2021,162218.41206030152,2.061689510239511e-06,5.0,5215621,1316248699.0
GDP_per,2021,163314.48241206032,2.047506363908963e-06,5.0,5215621,1316248699.0
GDP_per,2021,164410.5527638191,2.0339212737613603e-06,5.0,5215621,1316248699.0
GDP_per,2021,165506.62311557788,2.020605413924037e-06,5.0,5215621,1316248699.0
GDP_per,2021,166602.69346733668,2.0072086933677073e-06,5.0,5215621,1316248699.0
GDP_per,2021,167698.76381909547,1.993366695714075e-06,5.0,5215621,1316248699.0
GDP_per,2021,168794.83417085427,1.978708236136484e-06,5.0,5215621,1316248699.0
GDP_per,2021,169890.90452261307,1.9628633432848004e-06,5.0,5215621,1316248699.0
GDP_per,2021,170986.97487437187,1.9454714548654926e-06,5.0,5215621,1316248699.0
GDP_per,2021,172083.04522613066,1.9261896024908324e-06,5.0,5215621,1316248699.0
GDP_per,2021,173179.11557788946,1.904700356344363e-06,5.0,5215621,1316248699.0
GDP_per,2021,174275.18592964826,1.8807193031672959e-06,5.0,5215621,1316248699.0
GDP_per,2021,175371.25628140703,1.8540018419993203e-06,5.0,5215621,1316248699.0
GDP_per,2021,176467.32663316582,1.8243491008537479e-06,5.0,5215621,1316248699.0
GDP_per,2021,177563.39698492462,1.7916128033985359e-06,5.0,5215621,1316248699.0
GDP_per,2021,178659.46733668342,1.7556989468053299e-06,5.0,5215621,1316248699.0
GDP_per,2021,179755.53768844221,1.716570188719535e-06,5.0,5215621,1316248699.0
GDP_per,2021,180851.608040201,1.6742468817560228e-06,5.0,5215621,1316248699.0
GDP_per,2021,181947.6783919598,1.628806736041587e-06,5.0,5215621,1316248699.0
GDP_per,2021,183043.7487437186,1.5803831328283946e-06,5.0,5215621,1316248699.0
GDP_per,2021,184139.8190954774,1.5291621529948277e-06,5.0,5215621,1316248699.0
GDP_per,2021,185235.8894472362,1.4753784223790428e-06,5.0,5215621,1316248699.0
GDP_per,2021,186331.95979899497,1.4193099095215042e-06,5.0,5215621,1316248699.0
GDP_per,2021,187428.03015075377,1.3612718395231924e-06,5.0,5215621,1316248699.0
GDP_per,2021,188524.10050251256,1.3016099096078577e-06,5.0,5215621,1316248699.0
GDP_per,2021,189620.17085427136,1.2406930067850114e-06,5.0,5215621,1316248699.0
GDP_per,2021,190716.24120603016,1.178905635661834e-06,5.0,5215621,1316248699.0
GDP_per,2021,191812.31155778895,1.1166402649320526e-06,5.0,5215621,1316248699.0
GDP_per,2021,192908.38190954775,1.0542897944766812e-06,5.0,5215621,1316248699.0
GDP_per,2021,194004.45226130655,9.922403322890987e-07,5.0,5215621,1316248699.0
GDP_per,2021,195100.52261306535,9.30864452129233e-07,5.0,5215621,1316248699.0
GDP_per,2021,196196.5929648241,8.705150797900577e-07,5.0,5215621,1316248699.0
GDP_per,2021,197292.6633165829,8.115201296261736e-07,5.0,5215621,1316248699.0
GDP_per,2021,198388.7336683417,7.541779841439052e-07,5.0,5215621,1316248699.0
GDP_per,2021,199484.8040201005,6.98753879625069e-07,5.0,5215621,1316248699.0
GDP_per,2021,200580.8743718593,6.454772308199697e-07,5.0,5215621,1316248699.0
GDP_per,2021,201676.9447236181,5.945398987981088e-07,5.0,5215621,1316248699.0
GDP_per,2021,202773.0150753769,5.460953790707361e-07,5.0,5215621,1316248699.0
GDP_per,2021,203869.0854271357,5.002588628086642e-07,5.0,5215621,1316248699.0
GDP_per,2021,204965.1557788945,4.5710810308640355e-07,5.0,5215621,1316248699.0
GDP_per,2021,206061.22613065326,4.166850008832579e-07,5.0,5215621,1316248699.0
GDP_per,2021,207157.29648241206,3.789978125428824e-07,5.0,5215621,1316248699.0
GDP_per,2021,208253.36683417085,3.4402387139221664e-07,5.0,5215621,1316248699.0
GDP_per,2021,209349.43718592965,3.11712711379781e-07,5.0,5215621,1316248699.0
GDP_per,2021,210445.50753768845,2.819894796096183e-07,5.0,5215621,1316248699.0
GDP_per,2021,211541.57788944725,2.5475852716280046e-07,5.0,5215621,1316248699.0
GDP_per,2021,212637.64824120604,2.2990707332286415e-07,5.0,5215621,1316248699.0
GDP_per,2021,213733.71859296484,2.0730884657489856e-07,5.0,5215621,1316248699.0
GDP_per,2021,214829.78894472364,1.8682761620122776e-07,5.0,5215621,1316248699.0
GDP_per,2021,215925.8592964824,1.6832054020172125e-07,5.0,5215621,1316248699.0
GDP_per,2021,217021.9296482412,1.516412682122746e-07,5.0,5215621,1316248699.0
GDP_per,2021,218118.0,1.366427515090767e-07,5.0,5215621,1316248699.0
GDP_per,2022,0.0,4.157052842398648e-07,5.0,5220050,1328179563.0
GDP_per,2022,1290.9949748743718,4.893455528388402e-07,5.0,5220050,1328179563.0
GDP_per,2022,2581.9899497487436,5.735066307542599e-07,5.0,5220050,1328179563.0
GDP_per,2022,3872.984924623115,6.692046458016615e-07,5.0,5220050,1328179563.0
GDP_per,2022,5163.979899497487,7.774674515912301e-07,5.0,5220050,1328179563.0
GDP_per,2022,6454.974874371859,8.993182025252172e-07,5.0,5220050,1328179563.0
GDP_per,2022,7745.96984924623,1.0357565308649004e-06,5.0,5220050,1328179563.0
GDP_per,2022,9036.964824120603,1.187737484564916e-06,5.0,5220050,1328179563.0
GDP_per,2022,10327.959798994974,1.3561484808784199e-06,5.0,5220050,1328179563.0
GDP_per,2022,11618.954773869345,1.5417846320521922e-06,5.0,5220050,1328179563.0
GDP_per,2022,12909.949748743718,1.7453229018048626e-06,5.0,5220050,1328179563.0
GDP_per,2022,14200.94472361809,1.9672956505724192e-06,5.0,5220050,1328179563.0
GDP_per,2022,15491.93969849246,2.2080642193148675e-06,5.0,5220050,1328179563.0
GDP_per,2022,16782.93467336683,2.4677932812172512e-06,5.0,5220050,1328179563.0
GDP_per,2022,18073.929648241206,2.7464267521605277e-06,5.0,5220050,1328179563.0
GDP_per,2022,19364.924623115578,3.043666091760325e-06,5.0,5220050,1328179563.0
GDP_per,2022,20655.91959798995,3.3589518396808843e-06,5.0,5220050,1328179563.0
GDP_per,2022,21946.91457286432,3.691449216850282e-06,5.0,5220050,1328179563.0
GDP_per,2022,23237.90954773869,4.040038573084191e-06,5.0,5220050,1328179563.0
GDP_per,2022,24528.904522613066,4.403311380857464e-06,5.0,5220050,1328179563.0
GDP_per,2022,25819.899497487437,4.77957236089549e-06,5.0,5220050,1328179563.0
GDP_per,2022,27110.894472361808,5.166848178971014e-06,5.0,5220050,1328179563.0
GDP_per,2022,28401.88944723618,5.562902977809495e-06,5.0,5220050,1328179563.0
GDP_per,2022,29692.88442211055,5.965260812399715e-06,5.0,5220050,1328179563.0
GDP_per,2022,30983.87939698492,6.371234839192803e-06,5.0,5220050,1328179563.0
GDP_per,2022,32274.874371859296,6.777962887487297e-06,5.0,5220050,1328179563.0
GDP_per,2022,33565.86934673366,7.182448814831028e-06,5.0,5220050,1328179563.0
GDP_per,2022,34856.86432160804,7.581608829903207e-06,5.0,5220050,1328179563.0
GDP_per,2022,36147.85929648241,7.972321768049194e-06,5.0,5220050,1328179563.0
GDP_per,2022,37438.85427135678,8.351482129471455e-06,5.0,5220050,1328179563.0
GDP_per,2022,38729.849246231155,8.716054549995013e-06,5.0,5220050,1328179563.0
GDP_per,2022,40020.84422110552,9.063128279540313e-06,5.0,5220050,1328179563.0
GDP_per,2022,41311.8391959799,9.389970190249271e-06,5.0,5220050,1328179563.0
GDP_per,2022,42602.83417085427,9.69407483785028e-06,5.0,5220050,1328179563.0
GDP_per,2022,43893.82914572864,9.973210155749188e-06,5.0,5220050,1328179563.0
GDP_per,2022,45184.824120603014,1.0225457460900288e-05,5.0,5220050,1328179563.0
GDP_per,2022,46475.81909547738,1.0449244611873826e-05,5.0,5220050,1328179563.0
GDP_per,2022,47766.81407035176,1.0643371351795805e-05,5.0,5220050,1328179563.0
GDP_per,2022,49057.80904522613,1.0807026107440305e-05,5.0,5220050,1328179563.0
GDP_per,2022,50348.8040201005,1.0939793778228116e-05,5.0,5220050,1328179563.0
GDP_per,2022,51639.79899497487,1.1041654330160887e-05,5.0,5220050,1328179563.0
GDP_per,2022,52930.79396984924,1.1112972300421948e-05,5.0,5220050,1328179563.0
GDP_per,2022,54221.788944723616,1.1154477602261402e-05,5.0,5220050,1328179563.0
GDP_per,2022,55512.78391959799,1.1167238292950866e-05,5.0,5220050,1328179563.0
GDP_per,2022,56803.77889447236,1.1152626213096784e-05,5.0,5220050,1328179563.0
GDP_per,2022,58094.77386934673,1.1112276619897869e-05,5.0,5220050,1328179563.0
GDP_per,2022,59385.7688442211,1.1048043105748512e-05,5.0,5220050,1328179563.0
GDP_per,2022,60676.763819095475,1.0961949220501672e-05,5.0,5220050,1328179563.0
GDP_per,2022,61967.75879396984,1.0856138285167037e-05,5.0,5220050,1328179563.0
GDP_per,2022,63258.75376884422,1.0732822904944172e-05,5.0,5220050,1328179563.0
GDP_per,2022,64549.74874371859,1.0594235655567255e-05,5.0,5220050,1328179563.0
GDP_per,2022,65840.74371859296,1.0442582329975377e-05,5.0,5220050,1328179563.0
GDP_per,2022,67131.73869346733,1.0279999003494952e-05,5.0,5220050,1328179563.0
GDP_per,2022,68422.73366834171,1.0108514000459019e-05,5.0,5220050,1328179563.0
GDP_per,2022,69713.72864321608,9.930015643630065e-06,5.0,5220050,1328179563.0
GDP_per,2022,71004.72361809044,9.74622643488885e-06,5.0,5220050,1328179563.0
GDP_per,2022,72295.71859296483,9.558684073092372e-06,5.0,5220050,1328179563.0
GDP_per,2022,73586.7135678392,9.368729465242033e-06,5.0,5220050,1328179563.0
GDP_per,2022,74877.70854271356,9.17750163926421e-06,5.0,5220050,1328179563.0
GDP_per,2022,76168.70351758794,8.985939236743046e-06,5.0,5220050,1328179563.0
GDP_per,2022,77459.69849246231,8.794788052416306e-06,5.0,5220050,1328179563.0
GDP_per,2022,78750.69346733668,8.604613906363707e-06,5.0,5220050,1328179563.0
GDP_per,2022,80041.68844221105,8.41581998918348e-06,5.0,5220050,1328179563.0
GDP_per,2022,81332.68341708543,8.228667715615915e-06,5.0,5220050,1328179563.0
GDP_per,2022,82623.6783919598,8.04330005565443e-06,5.0,5220050,1328179563.0
GDP_per,2022,83914.67336683416,7.859766294145402e-06,5.0,5220050,1328179563.0
GDP_per,2022,85205.66834170854,7.678047188506363e-06,5.0,5220050,1328179563.0
GDP_per,2022,86496.66331658291,7.498079555440929e-06,5.0,5220050,1328179563.0
GDP_per,2022,87787.65829145728,7.31977940991214e-06,5.0,5220050,1328179563.0
GDP_per,2022,89078.65326633165,7.143062903614923e-06,5.0,5220050,1328179563.0
GDP_per,2022,90369.64824120603,6.967864453732724e-06,5.0,5220050,1328179563.0
GDP_per,2022,91660.6432160804,6.794151610968671e-06,5.0,5220050,1328179563.0
GDP_per,2022,92951.63819095476,6.621936380634054e-06,5.0,5220050,1328179563.0
GDP_per,2022,94242.63316582915,6.451282874725858e-06,5.0,5220050,1328179563.0
GDP_per,2022,95533.62814070351,6.282311326409951e-06,5.0,5220050,1328179563.0
GDP_per,2022,96824.62311557788,6.1151986403055354e-06,5.0,5220050,1328179563.0
GDP_per,2022,98115.61809045226,5.950175772182838e-06,5.0,5220050,1328179563.0
GDP_per,2022,99406.61306532663,5.787522327277581e-06,5.0,5220050,1328179563.0
GDP_per,2022,100697.608040201,5.627558840308683e-06,5.0,5220050,1328179563.0
GDP_per,2022,101988.60301507536,5.470637243788879e-06,5.0,5220050,1328179563.0
GDP_per,2022,103279.59798994975,5.317130048839663e-06,5.0,5220050,1328179563.0
GDP_per,2022,104570.59296482411,5.167418761706723e-06,5.0,5220050,1328179563.0
GDP_per,2022,105861.58793969848,5.0218820303199646e-06,5.0,5220050,1328179563.0
GDP_per,2022,107152.58291457286,4.88088397452472e-06,5.0,5220050,1328179563.0
GDP_per,2022,108443.57788944723,4.744763099804572e-06,5.0,5220050,1328179563.0
GDP_per,2022,109734.5728643216,4.6138221298572845e-06,5.0,5220050,1328179563.0
GDP_per,2022,111025.56783919598,4.488319028993588e-06,5.0,5220050,1328179563.0
GDP_per,2022,112316.56281407035,4.3684594176289536e-06,5.0,5220050,1328179563.0
GDP_per,2022,113607.55778894472,4.254390523153926e-06,5.0,5220050,1328179563.0
GDP_per,2022,114898.55276381908,4.146196750495329e-06,5.0,5220050,1328179563.0
GDP_per,2022,116189.54773869347,4.0438969079914566e-06,5.0,5220050,1328179563.0
GDP_per,2022,117480.54271356783,3.947443082957089e-06,5.0,5220050,1328179563.0
GDP_per,2022,118771.5376884422,3.8567211279209755e-06,5.0,5220050,1328179563.0
GDP_per,2022,120062.53266331658,3.7715526921614372e-06,5.0,5220050,1328179563.0
GDP_per,2022,121353.52763819095,3.691698713772024e-06,5.0,5220050,1328179563.0
GDP_per,2022,122644.52261306532,3.616864270213283e-06,5.0,5220050,1328179563.0
GDP_per,2022,123935.51758793968,3.546704672627215e-06,5.0,5220050,1328179563.0
GDP_per,2022,125226.51256281407,3.480832676557295e-06,5.0,5220050,1328179563.0
GDP_per,2022,126517.50753768843,3.4188266681115995e-06,5.0,5220050,1328179563.0
GDP_per,2022,127808.5025125628,3.3602396713646587e-06,5.0,5220050,1328179563.0
GDP_per,2022,129099.49748743718,3.304609006114678e-06,5.0,5220050,1328179563.0
GDP_per,2022,130390.49246231155,3.251466407786781e-06,5.0,5220050,1328179563.0
GDP_per,2022,131681.48743718592,3.2003484035383365e-06,5.0,5220050,1328179563.0
GDP_per,2022,132972.4824120603,3.1508067190403347e-06,5.0,5220050,1328179563.0
GDP_per,2022,134263.47738693465,3.102418474735781e-06,5.0,5220050,1328179563.0
GDP_per,2022,135554.47236180905,3.0547959168193404e-06,5.0,5220050,1328179563.0
GDP_per,2022,136845.46733668342,3.0075954185070935e-06,5.0,5220050,1328179563.0
GDP_per,2022,138136.46231155779,2.9605254864474746e-06,5.0,5220050,1328179563.0
GDP_per,2022,139427.45728643215,2.913353512754153e-06,5.0,5220050,1328179563.0
GDP_per,2022,140718.45226130652,2.865911028233037e-06,5.0,5220050,1328179563.0
GDP_per,2022,142009.4472361809,2.818097239073672e-06,5.0,5220050,1328179563.0
GDP_per,2022,143300.44221105526,2.76988066367548e-06,5.0,5220050,1328179563.0
GDP_per,2022,144591.43718592965,2.7212987338915226e-06,5.0,5220050,1328179563.0
GDP_per,2022,145882.43216080402,2.6724552792990216e-06,5.0,5220050,1328179563.0
GDP_per,2022,147173.4271356784,2.623515876424049e-06,5.0,5220050,1328179563.0
GDP_per,2022,148464.42211055275,2.5747011147832417e-06,5.0,5220050,1328179563.0
GDP_per,2022,149755.41708542712,2.5262779038140955e-06,5.0,5220050,1328179563.0
GDP_per,2022,151046.4120603015,2.4785490190177984e-06,5.0,5220050,1328179563.0
GDP_per,2022,152337.4070351759,2.431841157290817e-06,5.0,5220050,1328179563.0
GDP_per,2022,153628.40201005025,2.386491838603674e-06,5.0,5220050,1328179563.0
GDP_per,2022,154919.39698492462,2.342835548574125e-06,5.0,5220050,1328179563.0
GDP_per,2022,156210.391959799,2.3011895645514404e-06,5.0,5220050,1328179563.0
GDP_per,2022,157501.38693467336,2.2618399398313097e-06,5.0,5220050,1328179563.0
GDP_per,2022,158792.38190954772,2.2250281372946736e-06,5.0,5220050,1328179563.0
GDP_per,2022,160083.3768844221,2.1909388022474607e-06,5.0,5220050,1328179563.0
GDP_per,2022,161374.3718592965,2.1596891425978833e-06,5.0,5220050,1328179563.0
GDP_per,2022,162665.36683417085,2.1313203446211025e-06,5.0,5220050,1328179563.0
GDP_per,2022,163956.36180904522,2.1057913927635955e-06,5.0,5220050,1328179563.0
GDP_per,2022,165247.3567839196,2.0829755854415236e-06,5.0,5220050,1328179563.0
GDP_per,2022,166538.35175879396,2.0626599475275218e-06,5.0,5220050,1328179563.0
GDP_per,2022,167829.34673366832,2.044547636903044e-06,5.0,5220050,1328179563.0
GDP_per,2022,169120.3417085427,2.028263332448632e-06,5.0,5220050,1328179563.0
GDP_per,2022,170411.3366834171,2.0133614770279953e-06,5.0,5220050,1328179563.0
GDP_per,2022,171702.33165829146,1.999337138166641e-06,5.0,5220050,1328179563.0
GDP_per,2022,172993.32663316582,1.985639144636888e-06,5.0,5220050,1328179563.0
GDP_per,2022,174284.3216080402,1.97168506465067e-06,5.0,5220050,1328179563.0
GDP_per,2022,175575.31658291456,1.9568775159334846e-06,5.0,5220050,1328179563.0
GDP_per,2022,176866.31155778893,1.9406212415518402e-06,5.0,5220050,1328179563.0
GDP_per,2022,178157.3065326633,1.922340353015651e-06,5.0,5220050,1328179563.0
GDP_per,2022,179448.3015075377,1.9014951336909825e-06,5.0,5220050,1328179563.0
GDP_per,2022,180739.29648241206,1.87759781313954e-06,5.0,5220050,1328179563.0
GDP_per,2022,182030.29145728642,1.8502267645346804e-06,5.0,5220050,1328179563.0
GDP_per,2022,183321.2864321608,1.8190386417724862e-06,5.0,5220050,1328179563.0
GDP_per,2022,184612.28140703516,1.7837780571038017e-06,5.0,5220050,1328179563.0
GDP_per,2022,185903.27638190953,1.7442844993819445e-06,5.0,5220050,1328179563.0
GDP_per,2022,187194.27135678392,1.7004963035412321e-06,5.0,5220050,1328179563.0
GDP_per,2022,188485.2663316583,1.6524515975776268e-06,5.0,5220050,1328179563.0
GDP_per,2022,189776.26130653266,1.6002862692551138e-06,5.0,5220050,1328179563.0
GDP_per,2022,191067.25628140703,1.5442291054243283e-06,5.0,5220050,1328179563.0
GDP_per,2022,192358.2512562814,1.484594357412069e-06,5.0,5220050,1328179563.0
GDP_per,2022,193649.24623115576,1.4217720721818847e-06,5.0,5220050,1328179563.0
GDP_per,2022,194940.24120603013,1.3562165977172044e-06,5.0,5220050,1328179563.0
GDP_per,2022,196231.23618090453,1.288433719557504e-06,5.0,5220050,1328179563.0
GDP_per,2022,197522.2311557789,1.2189669131043445e-06,5.0,5220050,1328179563.0
GDP_per,2022,198813.22613065326,1.1483832023262097e-06,5.0,5220050,1328179563.0
GDP_per,2022,200104.22110552763,1.0772591015312203e-06,5.0,5220050,1328179563.0
GDP_per,2022,201395.216080402,1.006167084064292e-06,5.0,5220050,1328179563.0
GDP_per,2022,202686.21105527636,9.35662973606384e-07,5.0,5220050,1328179563.0
GDP_per,2022,203977.20603015073,8.662745927432682e-07,5.0,5220050,1328179563.0
GDP_per,2022,205268.20100502513,7.984919337063218e-07,5.0,5220050,1328179563.0
GDP_per,2022,206559.1959798995,7.327590412802893e-07,5.0,5220050,1328179563.0
GDP_per,2022,207850.19095477386,6.694677215436443e-07,5.0,5220050,1328179563.0
GDP_per,2022,209141.18592964823,6.089531158784142e-07,5.0,5220050,1328179563.0
GDP_per,2022,210432.1809045226,5.514911104513359e-07,5.0,5220050,1328179563.0
GDP_per,2022,211723.17587939696,4.972974899196142e-07,5.0,5220050,1328179563.0
GDP_per,2022,213014.17085427133,4.465286920547573e-07,5.0,5220050,1328179563.0
GDP_per,2022,214305.16582914573,3.992839788580292e-07,5.0,5220050,1328179563.0
GDP_per,2022,215596.1608040201,3.556088100167634e-07,5.0,5220050,1328179563.0
GDP_per,2022,216887.15577889446,3.1549918630343843e-07,5.0,5220050,1328179563.0
GDP_per,2022,218178.15075376883,2.789067233475685e-07,5.0,5220050,1328179563.0
GDP_per,2022,219469.1457286432,2.4574421899954354e-07,5.0,5220050,1328179563.0
GDP_per,2022,220760.14070351757,2.1589148912509457e-07,5.0,5220050,1328179563.0
GDP_per,2022,222051.13567839196,1.892012655001309e-07,5.0,5220050,1328179563.0
GDP_per,2022,223342.13065326633,1.6550497386817955e-07,5.0,5220050,1328179563.0
GDP_per,2022,224633.1256281407,1.446182385197573e-07,5.0,5220050,1328179563.0
GDP_per,2022,225924.12060301506,1.2634599021154447e-07,5.0,5220050,1328179563.0
GDP_per,2022,227215.11557788943,1.1048708541309324e-07,5.0,5220050,1328179563.0
GDP_per,2022,228506.1105527638,9.683837531135234e-08,5.0,5220050,1328179563.0
GDP_per,2022,229797.10552763817,8.519819159951234e-08,5.0,5220050,1328179563.0
GDP_per,2022,231088.10050251256,7.536924187679642e-08,5.0,5220050,1328179563.0
GDP_per,2022,232379.09547738693,6.716092982277441e-08,5.0,5220050,1328179563.0
GDP_per,2022,233670.0904522613,6.03911337184469e-08,5.0,5220050,1328179563.0
GDP_per,2022,234961.08542713567,5.4887491150516664e-08,5.0,5220050,1328179563.0
GDP_per,2022,236252.08040201003,5.048824783474656e-08,5.0,5220050,1328179563.0
GDP_per,2022,237543.0753768844,4.704273458001317e-08,5.0,5220050,1328179563.0
GDP_per,2022,238834.07035175877,4.441153878972981e-08,5.0,5220050,1328179563.0
GDP_per,2022,240125.06532663316,4.2466435981018426e-08,5.0,5220050,1328179563.0
GDP_per,2022,241416.06030150753,4.1090143105039856e-08,5.0,5220050,1328179563.0
GDP_per,2022,242707.0552763819,4.017594952147678e-08,5.0,5220050,1328179563.0
GDP_per,2022,243998.05025125627,3.9627273915066236e-08,5.0,5220050,1328179563.0
GDP_per,2022,245289.04522613063,3.9357186824667015e-08,5.0,5220050,1328179563.0
GDP_per,2022,246580.040201005,3.92879293501964e-08,5.0,5220050,1328179563.0
GDP_per,2022,247871.03517587937,3.935044952827453e-08,5.0,5220050,1328179563.0
GDP_per,2022,249162.03015075377,3.9483969289479464e-08,5.0,5220050,1328179563.0
GDP_per,2022,250453.02512562813,3.9635587206944974e-08,5.0,5220050,1328179563.0
GDP_per,2022,251744.0201005025,3.975991571863929e-08,5.0,5220050,1328179563.0
GDP_per,2022,253035.01507537687,3.9818746364927435e-08,5.0,5220050,1328179563.0
GDP_per,2022,254326.01005025124,3.978073294046412e-08,5.0,5220050,1328179563.0
GDP_per,2022,255617.0050251256,3.962108034282522e-08,5.0,5220050,1328179563.0
GDP_per,2022,256908.0,3.932122624261981e-08,5.0,5220050,1328179563.0
GDP_per,2023,0.0,3.6767388910049065e-07,5.0,5176700,1330280904.0
GDP_per,2023,1330.145728643216,4.3565912304758384e-07,5.0,5176700,1330280904.0
GDP_per,2023,2660.291457286432,5.138173051599698e-07,5.0,5176700,1330280904.0
GDP_per,2023,3990.437185929648,6.031911051090076e-07,5.0,5176700,1330280904.0
GDP_per,2023,5320.582914572864,7.048422393689985e-07,5.0,5176700,1330280904.0
GDP_per,2023,6650.72864321608,8.198347792494964e-07,5.0,5176700,1330280904.0
GDP_per,2023,7980.874371859296,9.492157842042245e-07,5.0,5176700,1330280904.0
GDP_per,2023,9311.020100502512,1.0939934060565744e-06,5.0,5176700,1330280904.0
GDP_per,2023,10641.165829145728,1.2551127177890558e-06,5.0,5176700,1330280904.0
GDP_per,2023,11971.311557788944,1.4334296347355353e-06,5.0,5176700,1330280904.0
GDP_per,2023,13301.45728643216,1.629683412419982e-06,5.0,5176700,1330280904.0
GDP_per,2023,14631.603015075376,1.844468319342628e-06,5.0,5176700,1330280904.0
GDP_per,2023,15961.748743718592,2.0782051889622113e-06,5.0,5176700,1330280904.0
GDP_per,2023,17291.894472361808,2.3311136480465855e-06,5.0,5176700,1330280904.0
GDP_per,2023,18622.040201005024,2.6031858918067414e-06,5.0,5176700,1330280904.0
GDP_per,2023,19952.18592964824,2.8941629251181766e-06,5.0,5176700,1330280904.0
GDP_per,2023,21282.331658291456,3.2035142083361914e-06,5.0,5176700,1330280904.0
GDP_per,2023,22612.47738693467,3.530421631494234e-06,5.0,5176700,1330280904.0
GDP_per,2023,23942.623115577888,3.873768689063029e-06,5.0,5176700,1330280904.0
GDP_per,2023,25272.768844221104,4.232135638175924e-06,5.0,5176700,1330280904.0
GDP_per,2023,26602.91457286432,4.603801295177702e-06,5.0,5176700,1330280904.0
GDP_per,2023,27933.060301507536,4.9867519611598884e-06,5.0,5176700,1330280904.0
GDP_per,2023,29263.20603015075,5.3786977721298855e-06,5.0,5176700,1330280904.0
GDP_per,2023,30593.351758793968,5.777096544992952e-06,5.0,5176700,1330280904.0
GDP_per,2023,31923.497487437184,6.179184951196497e-06,5.0,5176700,1330280904.0
GDP_per,2023,33253.643216080396,6.5820165958915166e-06,5.0,5176700,1330280904.0
GDP_per,2023,34583.788944723616,6.98250632952503e-06,5.0,5176700,1330280904.0
GDP_per,2023,35913.934673366835,7.377479877468262e-06,5.0,5176700,1330280904.0
GDP_per,2023,37244.08040201005,7.76372765152468e-06,5.0,5176700,1330280904.0
GDP_per,2023,38574.22613065326,8.138061419318855e-06,5.0,5176700,1330280904.0
GDP_per,2023,39904.37185929648,8.497372358707345e-06,5.0,5176700,1330280904.0
GDP_per,2023,41234.5175879397,8.838688924715954e-06,5.0,5176700,1330280904.0
GDP_per,2023,42564.66331658291,9.15923291244087e-06,5.0,5176700,1330280904.0
GDP_per,2023,43894.809045226124,9.456472110741838e-06,5.0,5176700,1330280904.0
GDP_per,2023,45224.95477386934,9.728168016370628e-06,5.0,5176700,1330280904.0
GDP_per,2023,46555.10050251256,9.9724172060402e-06,5.0,5176700,1330280904.0
GDP_per,2023,47885.246231155776,1.0187685148316199e-05,5.0,5176700,1330280904.0
GDP_per,2023,49215.39195979899,1.0372831466497109e-05,5.0,5176700,1330280904.0
GDP_per,2023,50545.53768844221,1.0527125931741654e-05,5.0,5176700,1330280904.0
GDP_per,2023,51875.68341708543,1.0650254758619045e-05,5.0,5176700,1330280904.0
GDP_per,2023,53205.82914572864,1.0742317086492618e-05,5.0,5176700,1330280904.0
GDP_per,2023,54535.97487437185,1.0803811841637288e-05,5.0,5176700,1330280904.0
GDP_per,2023,55866.12060301507,1.08356154785479e-05,5.0,5176700,1330280904.0
GDP_per,2023,57196.26633165829,1.0838951380382912e-05,5.0,5176700,1330280904.0
GDP_per,2023,58526.4120603015,1.0815351949515302e-05,5.0,5176700,1330280904.0
GDP_per,2023,59856.557788944716,1.07666146270116e-05,5.0,5176700,1330280904.0
GDP_per,2023,61186.703517587935,1.0694753243074096e-05,5.0,5176700,1330280904.0
GDP_per,2023,62516.849246231155,1.0601946209103122e-05,5.0,5176700,1330280904.0
GDP_per,2023,63846.99497487437,1.0490483114395404e-05,5.0,5176700,1330280904.0
GDP_per,2023,65177.14070351758,1.036271129266061e-05,5.0,5176700,1330280904.0
GDP_per,2023,66507.28643216079,1.0220983864237741e-05,5.0,5176700,1330280904.0
GDP_per,2023,67837.43216080402,1.0067610661976932e-05,5.0,5176700,1330280904.0
GDP_per,2023,69167.57788944723,9.90481329577586e-06,5.0,5176700,1330280904.0
GDP_per,2023,70497.72361809044,9.734685432367872e-06,5.0,5176700,1330280904.0
GDP_per,2023,71827.86934673367,9.55915915114504e-06,5.0,5176700,1330280904.0
GDP_per,2023,73158.01507537688,9.37997800966535e-06,5.0,5176700,1330280904.0
GDP_per,2023,74488.1608040201,9.19867720729105e-06,5.0,5176700,1330280904.0
GDP_per,2023,75818.30653266331,9.016570995301805e-06,5.0,5176700,1330280904.0
GDP_per,2023,77148.45226130652,8.83474724331684e-06,5.0,5176700,1330280904.0
GDP_per,2023,78478.59798994975,8.654068853724651e-06,5.0,5176700,1330280904.0
GDP_per,2023,79808.74371859296,8.475181512930821e-06,5.0,5176700,1330280904.0
GDP_per,2023,81138.88944723617,8.2985270994125e-06,5.0,5176700,1330280904.0
GDP_per,2023,82469.0351758794,8.124361927383715e-06,5.0,5176700,1330280904.0
GDP_per,2023,83799.18090452261,7.95277890196286e-06,5.0,5176700,1330280904.0
GDP_per,2023,85129.32663316582,7.783732593107076e-06,5.0,5176700,1330280904.0
GDP_per,2023,86459.47236180904,7.617066209875475e-06,5.0,5176700,1330280904.0
GDP_per,2023,87789.61809045225,7.452539459967462e-06,5.0,5176700,1330280904.0
GDP_per,2023,89119.76381909547,7.289856325935189e-06,5.0,5176700,1330280904.0
GDP_per,2023,90449.90954773869,7.1286918592255575e-06,5.0,5176700,1330280904.0
GDP_per,2023,91780.0552763819,6.968717195170344e-06,5.0,5176700,1330280904.0
GDP_per,2023,93110.20100502513,6.809622111245951e-06,5.0,5176700,1330280904.0
GDP_per,2023,94440.34673366834,6.6511345879020485e-06,5.0,5176700,1330280904.0
GDP_per,2023,95770.49246231155,6.493036975450996e-06,5.0,5176700,1330280904.0
GDP_per,2023,97100.63819095476,6.3351785186256365e-06,5.0,5176700,1330280904.0
GDP_per,2023,98430.78391959798,6.177484134524486e-06,5.0,5176700,1330280904.0
GDP_per,2023,99760.9296482412,6.019959475532051e-06,5.0,5176700,1330280904.0
GDP_per,2023,101091.07537688442,5.862692430485009e-06,5.0,5176700,1330280904.0
GDP_per,2023,102421.22110552763,5.7058513225643544e-06,5.0,5176700,1330280904.0
GDP_per,2023,103751.36683417085,5.549680148317845e-06,5.0,5176700,1330280904.0
GDP_per,2023,105081.51256281407,5.3944912633356046e-06,5.0,5176700,1330280904.0
GDP_per,2023,106411.65829145728,5.240655965428484e-06,5.0,5176700,1330280904.0
GDP_per,2023,107741.80402010049,5.088593444748035e-06,5.0,5176700,1330280904.0
GDP_per,2023,109071.9497487437,4.938758573386429e-06,5.0,5176700,1330280904.0
GDP_per,2023,110402.09547738693,4.791628991574418e-06,5.0,5176700,1330280904.0
GDP_per,2023,111732.24120603014,4.64769191994392e-06,5.0,5176700,1330280904.0
GDP_per,2023,113062.38693467336,4.507431088480209e-06,5.0,5176700,1330280904.0
GDP_per,2023,114392.53266331658,4.371314126934563e-06,5.0,5176700,1330280904.0
GDP_per,2023,115722.6783919598,4.2397807135382025e-06,5.0,5176700,1330280904.0
GDP_per,2023,117052.824120603,4.1132317286053115e-06,5.0,5176700,1330280904.0
GDP_per,2023,118382.96984924622,3.992019612544677e-06,5.0,5176700,1330280904.0
GDP_per,2023,119713.11557788943,3.876440083277839e-06,5.0,5176700,1330280904.0
GDP_per,2023,121043.26130653266,3.766725328250392e-06,5.0,5176700,1330280904.0
GDP_per,2023,122373.40703517587,3.66303875276486e-06,5.0,5176700,1330280904.0
GDP_per,2023,123703.55276381908,3.56547133519452e-06,5.0,5176700,1330280904.0
GDP_per,2023,125033.69849246231,3.474039615758463e-06,5.0,5176700,1330280904.0
GDP_per,2023,126363.84422110552,3.3886853223071034e-06,5.0,5176700,1330280904.0
GDP_per,2023,127693.98994974873,3.309276616907094e-06,5.0,5176700,1330280904.0
GDP_per,2023,129024.13567839195,3.2356109275020986e-06,5.0,5176700,1330280904.0
GDP_per,2023,130354.28140703516,3.167419309342383e-06,5.0,5176700,1330280904.0
GDP_per,2023,131684.4271356784,3.1043722593374776e-06,5.0,5176700,1330280904.0
GDP_per,2023,133014.57286432158,3.0460868844344553e-06,5.0,5176700,1330280904.0
GDP_per,2023,134344.7185929648,2.9921352988035544e-06,5.0,5176700,1330280904.0
GDP_per,2023,135674.86432160804,2.94205409874269e-06,5.0,5176700,1330280904.0
GDP_per,2023,137005.01005025124,2.895354734770029e-06,5.0,5176700,1330280904.0
GDP_per,2023,138335.15577889446,2.851534572159173e-06,5.0,5176700,1330280904.0
GDP_per,2023,139665.3015075377,2.8100884029018826e-06,5.0,5176700,1330280904.0
GDP_per,2023,140995.4472361809,2.770520146279918e-06,5.0,5176700,1330280904.0
GDP_per,2023,142325.5929648241,2.7323544536127713e-06,5.0,5176700,1330280904.0
GDP_per,2023,143655.73869346734,2.6951479165310198e-06,5.0,5176700,1330280904.0
GDP_per,2023,144985.88442211054,2.6584995686794443e-06,5.0,5176700,1330280904.0
GDP_per,2023,146316.03015075377,2.622060370724062e-06,5.0,5176700,1330280904.0
GDP_per,2023,147646.17587939696,2.585541376865079e-06,5.0,5176700,1330280904.0
GDP_per,2023,148976.3216080402,2.548720301246361e-06,5.0,5176700,1330280904.0
GDP_per,2023,150306.46733668342,2.5114462324303167e-06,5.0,5176700,1330280904.0
GDP_per,2023,151636.61306532662,2.4736422857287756e-06,5.0,5176700,1330280904.0
GDP_per,2023,152966.75879396984,2.4353060345598607e-06,5.0,5176700,1330280904.0
GDP_per,2023,154296.90452261304,2.3965076230245213e-06,5.0,5176700,1330280904.0
GDP_per,2023,155627.05025125627,2.3573855308411485e-06,5.0,5176700,1330280904.0
GDP_per,2023,156957.1959798995,2.3181400368433025e-06,5.0,5176700,1330280904.0
GDP_per,2023,158287.3417085427,2.2790245056017694e-06,5.0,5176700,1330280904.0
GDP_per,2023,159617.48743718592,2.240334701604383e-06,5.0,5176700,1330280904.0
GDP_per,2023,160947.63316582915,2.2023964127726427e-06,5.0,5176700,1330280904.0
GDP_per,2023,162277.77889447234,2.1655517373919978e-06,5.0,5176700,1330280904.0
GDP_per,2023,163607.92462311557,2.1301444523686305e-06,5.0,5176700,1330280904.0
GDP_per,2023,164938.0703517588,2.096504932669365e-06,5.0,5176700,1330280904.0
GDP_per,2023,166268.216080402,2.064935129270709e-06,5.0,5176700,1330280904.0
GDP_per,2023,167598.36180904522,2.03569413329708e-06,5.0,5176700,1330280904.0
GDP_per,2023,168928.50753768842,2.008984854802812e-06,5.0,5176700,1330280904.0
GDP_per,2023,170258.65326633165,1.9849423256012765e-06,5.0,5176700,1330280904.0
GDP_per,2023,171588.79899497487,1.9636240949283287e-06,5.0,5176700,1330280904.0
GDP_per,2023,172918.94472361807,1.945003126373055e-06,5.0,5176700,1330280904.0
GDP_per,2023,174249.0904522613,1.9289635244620894e-06,5.0,5176700,1330280904.0
GDP_per,2023,175579.2361809045,1.915299323747921e-06,5.0,5176700,1330280904.0
GDP_per,2023,176909.38190954772,1.9037164637845274e-06,5.0,5176700,1330280904.0
GDP_per,2023,178239.52763819095,1.8938379556032263e-06,5.0,5176700,1330280904.0
GDP_per,2023,179569.67336683415,1.8852121234656422e-06,5.0,5176700,1330280904.0
GDP_per,2023,180899.81909547737,1.8773236850876315e-06,5.0,5176700,1330280904.0
GDP_per,2023,182229.9648241206,1.8696073197474024e-06,5.0,5176700,1330280904.0
GDP_per,2023,183560.1105527638,1.8614632720852527e-06,5.0,5176700,1330280904.0
GDP_per,2023,184890.25628140703,1.852274454670838e-06,5.0,5176700,1330280904.0
GDP_per,2023,186220.40201005025,1.8414244489334011e-06,5.0,5176700,1330280904.0
GDP_per,2023,187550.54773869345,1.8283157650443655e-06,5.0,5176700,1330280904.0
GDP_per,2023,188880.69346733668,1.812387708776128e-06,5.0,5176700,1330280904.0
GDP_per,2023,190210.83919597988,1.793133218312869e-06,5.0,5176700,1330280904.0
GDP_per,2023,191540.9849246231,1.770114075429593e-06,5.0,5176700,1330280904.0
GDP_per,2023,192871.13065326633,1.7429739621572812e-06,5.0,5176700,1330280904.0
GDP_per,2023,194201.27638190953,1.7114489221206703e-06,5.0,5176700,1330280904.0
GDP_per,2023,195531.42211055275,1.6753748915456425e-06,5.0,5176700,1330280904.0
GDP_per,2023,196861.56783919595,1.6346920830286907e-06,5.0,5176700,1330280904.0
GDP_per,2023,198191.71356783918,1.5894461301817038e-06,5.0,5176700,1330280904.0
GDP_per,2023,199521.8592964824,1.5397860270585902e-06,5.0,5176700,1330280904.0
GDP_per,2023,200852.0050251256,1.4859590172804527e-06,5.0,5176700,1330280904.0
GDP_per,2023,202182.15075376883,1.4283026984967653e-06,5.0,5176700,1330280904.0
GDP_per,2023,203512.29648241206,1.3672347034727742e-06,5.0,5176700,1330280904.0
GDP_per,2023,204842.44221105526,1.3032403959756068e-06,5.0,5176700,1330280904.0
GDP_per,2023,206172.58793969848,1.2368590749867262e-06,5.0,5176700,1330280904.0
GDP_per,2023,207502.7336683417,1.1686692128779287e-06,5.0,5176700,1330280904.0
GDP_per,2023,208832.8793969849,1.0992732621556641e-06,5.0,5176700,1330280904.0
GDP_per,2023,210163.02512562813,1.0292825514814224e-06,5.0,5176700,1330280904.0
GDP_per,2023,211493.17085427133,9.593027574169884e-07,5.0,5176700,1330280904.0
GDP_per,2023,212823.31658291456,8.899203860780589e-07,5.0,5176700,1330280904.0
GDP_per,2023,214153.46231155779,8.216906324850534e-07,5.0,5176700,1330280904.0
GDP_per,2023,215483.60804020098,7.551269085804567e-07,5.0,5176700,1330280904.0
GDP_per,2023,216813.7537688442,6.906922480619296e-07,5.0,5176700,1330280904.0
GDP_per,2023,218143.8994974874,6.287927114242255e-07,5.0,5176700,1330280904.0
GDP_per,2023,219474.04522613063,5.697728318135645e-07,5.0,5176700,1330280904.0
GDP_per,2023,220804.19095477386,5.13913065195818e-07,5.0,5176700,1330280904.0
GDP_per,2023,222134.33668341706,4.614291395843511e-07,5.0,5176700,1330280904.0
GDP_per,2023,223464.4824120603,4.124731401667237e-07,5.0,5176700,1330280904.0
GDP_per,2023,224794.6281407035,3.671361215284831e-07,5.0,5176700,1330280904.0
GDP_per,2023,226124.7738693467,3.254520055746506e-07,5.0,5176700,1330280904.0
GDP_per,2023,227454.91959798994,2.874025043989816e-07,5.0,5176700,1330280904.0
GDP_per,2023,228785.06532663316,2.5292280051216764e-07,5.0,5176700,1330280904.0
GDP_per,2023,230115.21105527636,2.2190772159606187e-07,5.0,5176700,1330280904.0
GDP_per,2023,231445.3567839196,1.9421816165530754e-07,5.0,5176700,1330280904.0
GDP_per,2023,232775.5025125628,1.696875233416166e-07,5.0,5176700,1330280904.0
GDP_per,2023,234105.648241206,1.4812798526259164e-07,5.0,5176700,1330280904.0
GDP_per,2023,235435.79396984924,1.293364313044959e-07,5.0,5176700,1330280904.0
GDP_per,2023,236765.93969849244,1.1309991428757066e-07,5.0,5176700,1330280904.0
GDP_per,2023,238096.08542713567,9.920056189683274e-08,5.0,5176700,1330280904.0
GDP_per,2023,239426.23115577886,8.741986708488327e-08,5.0,5176700,1330280904.0
GDP_per,2023,240756.3768844221,7.754233672301801e-08,5.0,5176700,1330280904.0
GDP_per,2023,242086.52261306532,6.935850012698725e-08,5.0,5176700,1330280904.0
GDP_per,2023,243416.66834170852,6.26673024627512e-08,5.0,5176700,1330280904.0
GDP_per,2023,244746.81407035174,5.727792653417765e-08,5.0,5176700,1330280904.0
GDP_per,2023,246076.95979899497,5.301109995193962e-08,5.0,5176700,1330280904.0
GDP_per,2023,247407.10552763817,4.969995327945854e-08,5.0,5176700,1330280904.0
GDP_per,2023,248737.2512562814,4.719049882538364e-08,5.0,5176700,1330280904.0
GDP_per,2023,250067.39698492462,4.534179980506931e-08,5.0,5176700,1330280904.0
GDP_per,2023,251397.54271356782,4.402589627414006e-08,5.0,5176700,1330280904.0
GDP_per,2023,252727.68844221105,4.312754826829121e-08,5.0,5176700,1330280904.0
GDP_per,2023,254057.83417085424,4.2543848725214844e-08,5.0,5176700,1330280904.0
GDP_per,2023,255387.97989949747,4.218374975176027e-08,5.0,5176700,1330280904.0
GDP_per,2023,256718.1256281407,4.1967536345707795e-08,5.0,5176700,1330280904.0
GDP_per,2023,258048.2713567839,4.182627240331659e-08,5.0,5176700,1330280904.0
GDP_per,2023,259378.41708542712,4.1701235273913636e-08,5.0,5176700,1330280904.0
GDP_per,2023,260708.56281407032,4.154334767435848e-08,5.0,5176700,1330280904.0
GDP_per,2023,262038.70854271355,4.1312609733387276e-08,5.0,5176700,1330280904.0
GDP_per,2023,263368.8542713568,4.097752947794502e-08,5.0,5176700,1330280904.0
GDP_per,2023,264699.0,4.051454722744391e-08,5.0,5176700,1330280904.0
GDP_per,2024,0.0,3.553331856433094e-07,5.0,5086517,1333008496.0
GDP_per,2024,1433.859296482412,4.210118344366421e-07,5.0,5086517,1333008496.0
GDP_per,2024,2867.718592964824,4.964751008883158e-07,5.0,5086517,1333008496.0
GDP_per,2024,4301.577889447236,5.827108401828026e-07,5.0,5086517,1333008496.0
GDP_per,2024,5735.437185929648,6.807209256195202e-07,5.0,5086517,1333008496.0
GDP_per,2024,7169.29648241206,7.915047490522229e-07,5.0,5086517,1333008496.0
GDP_per,2024,8603.155778894472,9.160402233276621e-07,5.0,5086517,1333008496.0
GDP_per,2024,10037.015075376883,1.0552624567457046e-06,5.0,5086517,1333008496.0
GDP_per,2024,11470.874371859296,1.2100403743899517e-06,5.0,5086517,1333008496.0
GDP_per,2024,12904.733668341709,1.3811516706379306e-06,5.0,5086517,1333008496.0
GDP_per,2024,14338.59296482412,1.5692565872410934e-06,5.0,5086517,1333008496.0
GDP_per,2024,15772.452261306531,1.7748711174218617e-06,5.0,5086517,1333008496.0
GDP_per,2024,17206.311557788944,1.998340332928388e-06,5.0,5086517,1333008496.0
GDP_per,2024,18640.170854271357,2.239812613151537e-06,5.0,5086517,1333008496.0
GDP_per,2024,20074.030150753766,2.4992156168963345e-06,5.0,5086517,1333008496.0
GDP_per,2024,21507.88944723618,2.7762348739631624e-06,5.0,5086517,1333008496.0
GDP_per,2024,22941.748743718592,3.0702958807019544e-06,5.0,5086517,1333008496.0
GDP_per,2024,24375.608040201005,3.380550556629589e-06,5.0,5086517,1333008496.0
GDP_per,2024,25809.467336683418,3.7058688577265484e-06,5.0,5086517,1333008496.0
GDP_per,2024,27243.326633165827,4.044836243256558e-06,5.0,5086517,1333008496.0
GDP_per,2024,28677.18592964824,4.395757558701191e-06,5.0,5086517,1333008496.0
GDP_per,2024,30111.045226130653,4.7566677309604195e-06,5.0,5086517,1333008496.0
GDP_per,2024,31544.904522613062,5.12534947616469e-06,5.0,5086517,1333008496.0
GDP_per,2024,32978.763819095475,5.499358002670073e-06,5.0,5086517,1333008496.0
GDP_per,2024,34412.62311557789,5.876052459746662e-06,5.0,5086517,1333008496.0
GDP_per,2024,35846.4824120603,6.2526336446063804e-06,5.0,5086517,1333008496.0
GDP_per,2024,37280.34170854271,6.626187245704622e-06,5.0,5086517,1333008496.0
GDP_per,2024,38714.20100502513,6.9937316822455235e-06,5.0,5086517,1333008496.0
GDP_per,2024,40148.06030150753,7.352269403183097e-06,5.0,5086517,1333008496.0
GDP_per,2024,41581.919597989945,7.69884034911641e-06,5.0,5086517,1333008496.0
GDP_per,2024,43015.77889447236,8.03057615977761e-06,5.0,5086517,1333008496.0
GDP_per,2024,44449.63819095477,8.344753640516824e-06,5.0,5086517,1333008496.0
GDP_per,2024,45883.497487437184,8.63884598194378e-06,5.0,5086517,1333008496.0
GDP_per,2024,47317.3567839196,8.91057026561663e-06,5.0,5086517,1333008496.0
GDP_per,2024,48751.21608040201,9.157929879397566e-06,5.0,5086517,1333008496.0
GDP_per,2024,50185.07537688442,9.37925061112419e-06,5.0,5086517,1333008496.0
GDP_per,2024,51618.934673366835,9.573209378155953e-06,5.0,5086517,1333008496.0
GDP_per,2024,53052.79396984924,9.738854780708172e-06,5.0,5086517,1333008496.0
GDP_per,2024,54486.653266331654,9.875618924007571e-06,5.0,5086517,1333008496.0
GDP_per,2024,55920.51256281407,9.983320234073521e-06,5.0,5086517,1333008496.0
GDP_per,2024,57354.37185929648,1.0062157274255288e-05,5.0,5086517,1333008496.0
GDP_per,2024,58788.23115577889,1.0112693855367392e-05,5.0,5086517,1333008496.0
GDP_per,2024,60222.090452261305,1.0135835996132677e-05,5.0,5086517,1333008496.0
GDP_per,2024,61655.94974874372,1.0132801535683858e-05,5.0,5086517,1333008496.0
GDP_per,2024,63089.809045226124,1.0105083407761728e-05,5.0,5086517,1333008496.0
GDP_per,2024,64523.66834170854,1.005440775764319e-05,5.0,5086517,1333008496.0
GDP_per,2024,65957.52763819095,9.982688205544141e-06,5.0,5086517,1333008496.0
GDP_per,2024,67391.38693467337,9.891977639302032e-06,5.0,5086517,1333008496.0
GDP_per,2024,68825.24623115578,9.784418945789694e-06,5.0,5086517,1333008496.0
GDP_per,2024,70259.10552763818,9.662196074910142e-06,5.0,5086517,1333008496.0
GDP_per,2024,71692.9648241206,9.527486764119345e-06,5.0,5086517,1333008496.0
GDP_per,2024,73126.824120603,9.382418152282217e-06,5.0,5086517,1333008496.0
GDP_per,2024,74560.68341708543,9.229026372342467e-06,5.0,5086517,1333008496.0
GDP_per,2024,75994.54271356783,9.069221049753379e-06,5.0,5086517,1333008496.0
GDP_per,2024,77428.40201005025,8.904755445326766e-06,5.0,5086517,1333008496.0
GDP_per,2024,78862.26130653266,8.737202783576246e-06,5.0,5086517,1333008496.0
GDP_per,2024,80296.12060301506,8.567939096351683e-06,5.0,5086517,1333008496.0
GDP_per,2024,81729.97989949748,8.398132706428225e-06,5.0,5086517,1333008496.0
GDP_per,2024,83163.83919597989,8.228740269122671e-06,5.0,5086517,1333008496.0
GDP_per,2024,84597.69849246231,8.060509101299699e-06,5.0,5086517,1333008496.0
GDP_per,2024,86031.55778894472,7.893985347337607e-06,5.0,5086517,1333008496.0
GDP_per,2024,87465.41708542714,7.72952738059241e-06,5.0,5086517,1333008496.0
GDP_per,2024,88899.27638190954,7.567323704833297e-06,5.0,5086517,1333008496.0
GDP_per,2024,90333.13567839196,7.407414520071124e-06,5.0,5086517,1333008496.0
GDP_per,2024,91766.99497487437,7.2497160428373986e-06,5.0,5086517,1333008496.0
GDP_per,2024,93200.85427135677,7.0940466302080916e-06,5.0,5086517,1333008496.0
GDP_per,2024,94634.7135678392,6.940153747425742e-06,5.0,5086517,1333008496.0
GDP_per,2024,96068.5728643216,6.787740841722181e-06,5.0,5086517,1333008496.0
GDP_per,2024,97502.43216080402,6.636493236334895e-06,5.0,5086517,1333008496.0
GDP_per,2024,98936.29145728642,6.486102239830417e-06,5.0,5086517,1333008496.0
GDP_per,2024,100370.15075376884,6.336286769623984e-06,5.0,5086517,1333008496.0
GDP_per,2024,101804.01005025125,6.186811913042007e-06,5.0,5086517,1333008496.0
GDP_per,2024,103237.86934673367,6.037503988169443e-06,5.0,5086517,1333008496.0
GDP_per,2024,104671.72864321608,5.888261815214297e-06,5.0,5086517,1333008496.0
GDP_per,2024,106105.58793969848,5.739064060266147e-06,5.0,5086517,1333008496.0
GDP_per,2024,107539.4472361809,5.5899726617679096e-06,5.0,5086517,1333008496.0
GDP_per,2024,108973.30653266331,5.441132489305796e-06,5.0,5086517,1333008496.0
GDP_per,2024,110407.16582914573,5.2927675102660035e-06,5.0,5086517,1333008496.0
GDP_per,2024,111841.02512562813,5.1451738466248025e-06,5.0,5086517,1333008496.0
GDP_per,2024,113274.88442211055,4.998710188558673e-06,5.0,5086517,1333008496.0
GDP_per,2024,114708.74371859296,4.85378609280033e-06,5.0,5086517,1333008496.0
GDP_per,2024,116142.60301507536,4.7108487286974906e-06,5.0,5086517,1333008496.0
GDP_per,2024,117576.46231155779,4.570368645146551e-06,5.0,5086517,1333008496.0
GDP_per,2024,119010.32160804019,4.43282511976913e-06,5.0,5086517,1333008496.0
GDP_per,2024,120444.18090452261,4.29869161721756e-06,5.0,5086517,1333008496.0
GDP_per,2024,121878.04020100502,4.16842183441258e-06,5.0,5086517,1333008496.0
GDP_per,2024,123311.89949748744,4.042436746679162e-06,5.0,5086517,1333008496.0
GDP_per,2024,124745.75879396984,3.9211129976714295e-06,5.0,5086517,1333008496.0
GDP_per,2024,126179.61809045225,3.8047728997950137e-06,5.0,5086517,1333008496.0
GDP_per,2024,127613.47738693467,3.693676237173988e-06,5.0,5086517,1333008496.0
GDP_per,2024,129047.33668341707,3.588013990485463e-06,5.0,5086517,1333008496.0
GDP_per,2024,130481.1959798995,3.4879040376330502e-06,5.0,5086517,1333008496.0
GDP_per,2024,131915.0552763819,3.39338882737208e-06,5.0,5086517,1333008496.0
GDP_per,2024,133348.9145728643,3.3044349743965098e-06,5.0,5086517,1333008496.0
GDP_per,2024,134782.77386934674,3.220934686844145e-06,5.0,5086517,1333008496.0
GDP_per,2024,136216.63316582915,3.1427089073245595e-06,5.0,5086517,1333008496.0
GDP_per,2024,137650.49246231155,3.0695120272996948e-06,5.0,5086517,1333008496.0
GDP_per,2024,139084.35175879396,3.001038018933581e-06,5.0,5086517,1333008496.0
GDP_per,2024,140518.21105527636,2.936927818077845e-06,5.0,5086517,1333008496.0
GDP_per,2024,141952.0703517588,2.8767777828878347e-06,5.0,5086517,1333008496.0
GDP_per,2024,143385.9296482412,2.820149045798202e-06,5.0,5086517,1333008496.0
GDP_per,2024,144819.7889447236,2.7665775684252417e-06,5.0,5086517,1333008496.0
GDP_per,2024,146253.648241206,2.715584700794342e-06,5.0,5086517,1333008496.0
GDP_per,2024,147687.50753768845,2.666688036651147e-06,5.0,5086517,1333008496.0
GDP_per,2024,149121.36683417085,2.6194123463586447e-06,5.0,5086517,1333008496.0
GDP_per,2024,150555.22613065326,2.5733003594351574e-06,5.0,5086517,1333008496.0
GDP_per,2024,151989.08542713567,2.5279231601268353e-06,5.0,5086517,1333008496.0
GDP_per,2024,153422.94472361807,2.4828899548810694e-06,5.0,5086517,1333008496.0
GDP_per,2024,154856.8040201005,2.4378569701846997e-06,5.0,5086517,1333008496.0
GDP_per,2024,156290.6633165829,2.39253524563513e-06,5.0,5086517,1333008496.0
GDP_per,2024,157724.52261306532,2.3466971008824186e-06,5.0,5086517,1333008496.0
GDP_per,2024,159158.38190954772,2.3001810776535993e-06,5.0,5086517,1333008496.0
GDP_per,2024,160592.24120603013,2.2528951893443433e-06,5.0,5086517,1333008496.0
GDP_per,2024,162026.10050251256,2.204818350250741e-06,5.0,5086517,1333008496.0
GDP_per,2024,163459.95979899497,2.1559999044007227e-06,5.0,5086517,1333008496.0
GDP_per,2024,164893.81909547737,2.1065572273006677e-06,5.0,5086517,1333008496.0
GDP_per,2024,166327.67839195978,2.0566714320592612e-06,5.0,5086517,1333008496.0
GDP_per,2024,167761.53768844221,2.0065812708639952e-06,5.0,5086517,1333008496.0
GDP_per,2024,169195.39698492462,1.9565753818003737e-06,5.0,5086517,1333008496.0
GDP_per,2024,170629.25628140703,1.9069830866734674e-06,5.0,5086517,1333008496.0
GDP_per,2024,172063.11557788943,1.858163994438704e-06,5.0,5086517,1333008496.0
GDP_per,2024,173496.97487437184,1.8104967066652184e-06,5.0,5086517,1333008496.0
GDP_per,2024,174930.83417085427,1.7643669515527274e-06,5.0,5086517,1333008496.0
GDP_per,2024,176364.69346733668,1.7201554929571434e-06,5.0,5086517,1333008496.0
GDP_per,2024,177798.55276381908,1.6782261672997862e-06,5.0,5086517,1333008496.0
GDP_per,2024,179232.4120603015,1.6389143958592979e-06,5.0,5086517,1333008496.0
GDP_per,2024,180666.27135678392,1.6025165019677148e-06,5.0,5086517,1333008496.0
GDP_per,2024,182100.13065326633,1.5692801339319304e-06,5.0,5086517,1333008496.0
GDP_per,2024,183533.98994974873,1.5393960559445824e-06,5.0,5086517,1333008496.0
GDP_per,2024,184967.84924623114,1.5129915230314203e-06,5.0,5086517,1333008496.0
GDP_per,2024,186401.70854271355,1.4901254043533823e-06,5.0,5086517,1333008496.0
GDP_per,2024,187835.56783919598,1.4707851636369318e-06,5.0,5086517,1333008496.0
GDP_per,2024,189269.4271356784,1.454885749174319e-06,5.0,5086517,1333008496.0
GDP_per,2024,190703.2864321608,1.4422703898362979e-06,5.0,5086517,1333008496.0
GDP_per,2024,192137.1457286432,1.4327132407691026e-06,5.0,5086517,1333008496.0
GDP_per,2024,193571.00502512563,1.425923773291347e-06,5.0,5086517,1333008496.0
GDP_per,2024,195004.86432160804,1.4215527604885616e-06,5.0,5086517,1333008496.0
GDP_per,2024,196438.72361809044,1.4191996727844848e-06,5.0,5086517,1333008496.0
GDP_per,2024,197872.58291457285,1.418421268027421e-06,5.0,5086517,1333008496.0
GDP_per,2024,199306.44221105526,1.4187411377326864e-06,5.0,5086517,1333008496.0
GDP_per,2024,200740.3015075377,1.4196599556030604e-06,5.0,5086517,1333008496.0
GDP_per,2024,202174.1608040201,1.4206661659312045e-06,5.0,5086517,1333008496.0
GDP_per,2024,203608.0201005025,1.421246847565017e-06,5.0,5086517,1333008496.0
GDP_per,2024,205041.8793969849,1.420898493274207e-06,5.0,5086517,1333008496.0
GDP_per,2024,206475.73869346734,1.4191374542301842e-06,5.0,5086517,1333008496.0
GDP_per,2024,207909.59798994975,1.4155098141095075e-06,5.0,5086517,1333008496.0
GDP_per,2024,209343.45728643215,1.4096004767427105e-06,5.0,5086517,1333008496.0
GDP_per,2024,210777.31658291456,1.4010412743901256e-06,5.0,5086517,1333008496.0
GDP_per,2024,212211.17587939696,1.3895179304900357e-06,5.0,5086517,1333008496.0
GDP_per,2024,213645.0351758794,1.374775740297899e-06,5.0,5086517,1333008496.0
GDP_per,2024,215078.8944723618,1.3566238647160518e-06,5.0,5086517,1333008496.0
GDP_per,2024,216512.7537688442,1.3349381664078994e-06,5.0,5086517,1333008496.0
GDP_per,2024,217946.61306532662,1.3096625522667311e-06,5.0,5086517,1333008496.0
GDP_per,2024,219380.47236180902,1.2808088218137973e-06,5.0,5086517,1333008496.0
GDP_per,2024,220814.33165829146,1.2484550564947469e-06,5.0,5086517,1333008496.0
GDP_per,2024,222248.19095477386,1.2127426193460432e-06,5.0,5086517,1333008496.0
GDP_per,2024,223682.05025125627,1.173871867078143e-06,5.0,5086517,1333008496.0
GDP_per,2024,225115.90954773867,1.1320967068521925e-06,5.0,5086517,1333008496.0
GDP_per,2024,226549.7688442211,1.0877181564406092e-06,5.0,5086517,1333008496.0
GDP_per,2024,227983.6281407035,1.0410770888341805e-06,5.0,5086517,1333008496.0
GDP_per,2024,229417.48743718592,9.925463595302409e-07,5.0,5086517,1333008496.0
GDP_per,2024,230851.34673366832,9.425225262719121e-07,5.0,5086517,1333008496.0
GDP_per,2024,232285.20603015073,8.914173763775446e-07,5.0,5086517,1333008496.0
GDP_per,2024,233719.06532663316,8.396494759402733e-07,5.0,5086517,1333008496.0
GDP_per,2024,235152.92462311557,7.876359476789157e-07,5.0,5086517,1333008496.0
GDP_per,2024,236586.78391959798,7.357846708546856e-07,5.0,5086517,1333008496.0
GDP_per,2024,238020.64321608038,6.844870774317477e-07,5.0,5086517,1333008496.0
GDP_per,2024,239454.50251256282,6.341116945876957e-07,5.0,5086517,1333008496.0
GDP_per,2024,240888.36180904522,5.849985555707374e-07,5.0,5086517,1333008496.0
GDP_per,2024,242322.22110552763,5.374545699083092e-07,5.0,5086517,1333008496.0
GDP_per,2024,243756.08040201003,4.91749911305874e-07,5.0,5086517,1333008496.0
GDP_per,2024,245189.93969849244,4.48115448514106e-07,5.0,5086517,1333008496.0
GDP_per,2024,246623.79899497487,4.0674121228425775e-07,5.0,5086517,1333008496.0
GDP_per,2024,248057.65829145728,3.677758614730407e-07,5.0,5086517,1333008496.0
GDP_per,2024,249491.51758793968,3.3132708443801503e-07,5.0,5086517,1333008496.0
GDP_per,2024,250925.3768844221,2.974628490406242e-07,5.0,5086517,1333008496.0
GDP_per,2024,252359.2361809045,2.6621339645531884e-07,5.0,5086517,1333008496.0
GDP_per,2024,253793.09547738693,2.375738609899931e-07,5.0,5086517,1333008496.0
GDP_per,2024,255226.95477386934,2.1150739042807264e-07,5.0,5086517,1333008496.0
GDP_per,2024,256660.81407035174,1.8794863887387155e-07,5.0,5086517,1333008496.0
GDP_per,2024,258094.67336683415,1.668075063616885e-07,5.0,5086517,1333008496.0
GDP_per,2024,259528.53266331658,1.4797300605389432e-07,5.0,5086517,1333008496.0
GDP_per,2024,260962.391959799,1.3131714995441327e-07,5.0,5086517,1333008496.0
GDP_per,2024,262396.2512562814,1.1669875689296375e-07,5.0,5086517,1333008496.0
GDP_per,2024,263830.1105527638,1.0396710120757841e-07,5.0,5086517,1333008496.0
GDP_per,2024,265263.9698492462,9.296533619712895e-08,5.0,5086517,1333008496.0
GDP_per,2024,266697.8291457286,8.353364218746513e-08,5.0,5086517,1333008496.0
GDP_per,2024,268131.688442211,7.551206424128168e-08,5.0,5086517,1333008496.0
GDP_per,2024,269565.5477386935,6.874301852253224e-08,5.0,5086517,1333008496.0
GDP_per,2024,270999.4070351759,6.307345865312575e-08,5.0,5086517,1333008496.0
GDP_per,2024,272433.2663316583,5.8356703777537645e-08,5.0,5086517,1333008496.0
GDP_per,2024,273867.1256281407,5.445393834346053e-08,5.0,5086517,1333008496.0
GDP_per,2024,275300.9849246231,5.123539982583621e-08,5.0,5086517,1333008496.0
GDP_per,2024,276734.8442211055,4.858127490172599e-08,5.0,5086517,1333008496.0
GDP_per,2024,278168.7035175879,4.6382327161179715e-08,5.0,5086517,1333008496.0
GDP_per,2024,279602.5628140703,4.4540280610340843e-08,5.0,5086517,1333008496.0
GDP_per,2024,281036.4221105527,4.296798332951697e-08,5.0,5086517,1333008496.0
GDP_per,2024,282470.2814070352,4.1589375015473214e-08,5.0,5086517,1333008496.0
GDP_per,2024,283904.1407035176,4.033928109044002e-08,5.0,5086517,1333008496.0
GDP_per,2024,285338.0,3.916305485549343e-08,5.0,5086517,1333008496.0
acc,2014,0.0,0.04199629135325709,4.0,8143434,1355929396.0
acc,2014,0.45176129365087153,0.043134081977327564,4.0,8143434,1355929396.0
acc,2014,0.9035225873017431,0.04393790354139307,4.0,8143434,1355929396.0
acc,2014,1.3552838809526147,0.044407374217795274,4.0,8143434,1355929396.0
acc,2014,1.8070451746034861,0.04455297559345065,4.0,8143434,1355929396.0
acc,2014,2.258806468254358,0.04439507564408026,4.0,8143434,1355929396.0
acc,2014,2.7105677619052293,0.043962437206026744,4.0,8143434,1355929396.0
acc,2014,3.1623290555561008,0.043290338228514205,4.0,8143434,1355929396.0
acc,2014,3.6140903492069723,0.042418453953544655,4.0,8143434,1355929396.0
acc,2014,4.065851642857844,0.0413886605295388,4.0,8143434,1355929396.0
acc,2014,4.517612936508716,0.04024291380009835,4.0,8143434,1355929396.0
acc,2014,4.969374230159587,0.039021338572210074,4.0,8143434,1355929396.0
acc,2014,5.421135523810459,0.037760634602049564,4.0,8143434,1355929396.0
acc,2014,5.87289681746133,0.036492870335109645,4.0,8143434,1355929396.0
acc,2014,6.3246581111122016,0.035244697827796594,4.0,8143434,1355929396.0
acc,2014,6.776419404763073,0.034036986208008886,4.0,8143434,1355929396.0
acc,2014,7.2281806984139445,0.032884839854771156,4.0,8143434,1355929396.0
acc,2014,7.679941992064816,0.031797943292725166,4.0,8143434,1355929396.0
acc,2014,8.131703285715687,0.03078115915511779,4.0,8143434,1355929396.0
acc,2014,8.58346457936656,0.029835298201879627,4.0,8143434,1355929396.0
acc,2014,9.035225873017431,0.028957981017380747,4.0,8143434,1355929396.0
acc,2014,9.486987166668301,0.028144517999297725,4.0,8143434,1355929396.0
acc,2014,9.938748460319173,0.02738874577407,4.0,8143434,1355929396.0
acc,2014,10.390509753970045,0.026683772612367228,4.0,8143434,1355929396.0
acc,2014,10.842271047620917,0.02602260071238626,4.0,8143434,1355929396.0
acc,2014,11.29403234127179,0.02539860807680354,4.0,8143434,1355929396.0
acc,2014,11.74579363492266,0.0248058859232348,4.0,8143434,1355929396.0
acc,2014,12.197554928573531,0.024239438507364222,4.0,8143434,1355929396.0
acc,2014,12.649316222224403,0.02369526049649117,4.0,8143434,1355929396.0
acc,2014,13.101077515875275,0.023170312553520384,4.0,8143434,1355929396.0
acc,2014,13.552838809526145,0.022662418915774453,4.0,8143434,1355929396.0
acc,2014,14.004600103177017,0.022170111571211744,4.0,8143434,1355929396.0
acc,2014,14.456361396827889,0.021692444712442666,4.0,8143434,1355929396.0
acc,2014,14.908122690478761,0.02122880083844857,4.0,8143434,1355929396.0
acc,2014,15.359883984129633,0.02077870656387948,4.0,8143434,1355929396.0
acc,2014,15.811645277780503,0.0203416722538004,4.0,8143434,1355929396.0
acc,2014,16.263406571431375,0.019917065399480172,4.0,8143434,1355929396.0
acc,2014,16.715167865082247,0.019504023430134035,4.0,8143434,1355929396.0
acc,2014,17.16692915873312,0.019101407708754393,4.0,8143434,1355929396.0
acc,2014,17.61869045238399,0.018707796991568437,4.0,8143434,1355929396.0
acc,2014,18.070451746034863,0.01832151584466517,4.0,8143434,1355929396.0
acc,2014,18.522213039685735,0.017940691418878326,4.0,8143434,1355929396.0
acc,2014,18.973974333336603,0.017563330834772937,4.0,8143434,1355929396.0
acc,2014,19.425735626987475,0.017187410899958136,4.0,8143434,1355929396.0
acc,2014,19.877496920638347,0.0168109722583359,4.0,8143434,1355929396.0
acc,2014,20.32925821428922,0.01643221084373477,4.0,8143434,1355929396.0
acc,2014,20.78101950794009,0.016049560828835213,4.0,8143434,1355929396.0
acc,2014,21.232780801590962,0.015661764685655884,4.0,8143434,1355929396.0
acc,2014,21.684542095241834,0.015267927457384905,4.0,8143434,1355929396.0
acc,2014,22.136303388892706,0.014867553762820512,4.0,8143434,1355929396.0
acc,2014,22.58806468254358,0.014460567090577891,4.0,8143434,1355929396.0
acc,2014,23.039825976194447,0.014047311936072114,4.0,8143434,1355929396.0
acc,2014,23.49158726984532,0.013628539807159851,4.0,8143434,1355929396.0
acc,2014,23.94334856349619,0.013205380591096227,4.0,8143434,1355929396.0
acc,2014,24.395109857147062,0.012779300957937821,4.0,8143434,1355929396.0
acc,2014,24.846871150797934,0.012352051649973664,4.0,8143434,1355929396.0
acc,2014,25.298632444448806,0.011925605647188274,4.0,8143434,1355929396.0
acc,2014,25.750393738099678,0.011502089426175734,4.0,8143434,1355929396.0
acc,2014,26.20215503175055,0.011083709703079418,4.0,8143434,1355929396.0
acc,2014,26.653916325401422,0.010672678351066838,4.0,8143434,1355929396.0
acc,2014,27.10567761905229,0.01027113834981299,4.0,8143434,1355929396.0
acc,2014,27.557438912703162,0.009881093740798463,4.0,8143434,1355929396.0
acc,2014,28.009200206354034,0.009504346502627496,4.0,8143434,1355929396.0
acc,2014,28.460961500004906,0.009142443006692211,4.0,8143434,1355929396.0
acc,2014,28.912722793655778,0.008796632248227288,4.0,8143434,1355929396.0
acc,2014,29.36448408730665,0.008467837397745086,4.0,8143434,1355929396.0
acc,2014,29.816245380957522,0.008156641431593606,4.0,8143434,1355929396.0
acc,2014,30.268006674608394,0.007863286753389485,4.0,8143434,1355929396.0
acc,2014,30.719767968259266,0.00758768789158411,4.0,8143434,1355929396.0
acc,2014,31.171529261910134,0.007329455637169248,4.0,8143434,1355929396.0
acc,2014,31.623290555561006,0.007087930432168878,4.0,8143434,1355929396.0
acc,2014,32.07505184921188,0.006862222480287227,4.0,8143434,1355929396.0
acc,2014,32.52681314286275,0.0066512559397602965,4.0,8143434,1355929396.0
acc,2014,32.978574436513625,0.006453814664064964,4.0,8143434,1355929396.0
acc,2014,33.430335730164494,0.006268587243177747,4.0,8143434,1355929396.0
acc,2014,33.88209702381536,0.006094209515082111,4.0,8143434,1355929396.0
acc,2014,34.33385831746624,0.005929303204338492,4.0,8143434,1355929396.0
acc,2014,34.785619611117106,0.005772509842448617,4.0,8143434,1355929396.0
acc,2014,35.23738090476798,0.0056225195809324,4.0,8143434,1355929396.0
acc,2014,35.68914219841885,0.005478094883030347,4.0,8143434,1355929396.0
acc,2014,36.140903492069725,0.0053380893490936315,4.0,8143434,1355929396.0
acc,2014,36.592664785720594,0.005201462086409898,4.0,8143434,1355929396.0
acc,2014,37.04442607937147,0.005067288083272362,4.0,8143434,1355929396.0
acc,2014,37.49618737302234,0.0049347650100849865,4.0,8143434,1355929396.0
acc,2014,37.947948666673206,0.004803216776010086,4.0,8143434,1355929396.0
acc,2014,38.39970996032408,0.004672094052675117,4.0,8143434,1355929396.0
acc,2014,38.85147125397495,0.004540971871078411,4.0,8143434,1355929396.0
acc,2014,39.303232547625825,0.004409544334375065,4.0,8143434,1355929396.0
acc,2014,39.75499384127669,0.004277616489620854,4.0,8143434,1355929396.0
acc,2014,40.20675513492757,0.004145093475888888,4.0,8143434,1355929396.0
acc,2014,40.65851642857844,0.004011967211147151,4.0,8143434,1355929396.0
acc,2014,41.11027772222931,0.0038783010787176594,4.0,8143434,1355929396.0
acc,2014,41.56203901588018,0.003744213297004759,4.0,8143434,1355929396.0
acc,2014,42.01380030953105,0.0036098598662184325,4.0,8143434,1355929396.0
acc,2014,42.465561603181925,0.0034754181430398864,4.0,8143434,1355929396.0
acc,2014,42.91732289683279,0.003341072161991156,4.0,8143434,1355929396.0
acc,2014,43.36908419048367,0.0032070007738428633,4.0,8143434,1355929396.0
acc,2014,43.82084548413454,0.0030733694950383353,4.0,8143434,1355929396.0
acc,2014,44.27260677778541,0.002940326664168748,4.0,8143434,1355929396.0
acc,2014,44.72436807143628,0.0028080041073757418,4.0,8143434,1355929396.0
acc,2014,45.17612936508716,0.002676522065827697,4.0,8143434,1355929396.0
acc,2014,45.627890658738025,0.002545997687862577,4.0,8143434,1355929396.0
acc,2014,46.07965195238889,0.0024165559926907754,4.0,8143434,1355929396.0
acc,2014,46.53141324603977,0.002288341923911873,4.0,8143434,1355929396.0
acc,2014,46.98317453969064,0.0021615319694872847,4.0,8143434,1355929396.0
acc,2014,47.43493583334151,0.0020363438516624996,4.0,8143434,1355929396.0
acc,2014,47.88669712699238,0.0019130429851940919,4.0,8143434,1355929396.0
acc,2014,48.338458420643256,0.0017919447425030657,4.0,8143434,1355929396.0
acc,2014,48.790219714294125,0.0016734120085908182,4.0,8143434,1355929396.0
acc,2014,49.241981007945,0.0015578480024219896,4.0,8143434,1355929396.0
acc,2014,49.69374230159587,0.001445684825707695,4.0,8143434,1355929396.0
acc,2014,50.14550359524674,0.0013373686187302693,4.0,8143434,1355929396.0
acc,2014,50.59726488889761,0.0012333425110767785,4.0,8143434,1355929396.0
acc,2014,51.04902618254848,0.0011340287244525418,4.0,8143434,1355929396.0
acc,2014,51.500787476199356,0.001039811205949591,4.0,8143434,1355929396.0
acc,2014,51.952548769850225,0.0009510200531741253,4.0,8143434,1355929396.0
acc,2014,52.4043100635011,0.0008679187634184627,4.0,8143434,1355929396.0
acc,2014,52.85607135715197,0.0007906950344774075,4.0,8143434,1355929396.0
acc,2014,53.307832650802844,0.0007194555063393456,4.0,8143434,1355929396.0
acc,2014,53.75959394445371,0.0006542245008975346,4.0,8143434,1355929396.0
acc,2014,54.21135523810458,0.0005949465242892536,4.0,8143434,1355929396.0
acc,2014,54.663116531755456,0.0005414920663959532,4.0,8143434,1355929396.0
acc,2014,55.114877825406325,0.0004936660754538349,4.0,8143434,1355929396.0
acc,2014,55.5666391190572,0.00045121840232849455,4.0,8143434,1355929396.0
acc,2014,56.01840041270807,0.00041385548940936544,4.0,8143434,1355929396.0
acc,2014,56.470161706358944,0.0003812526081210053,4.0,8143434,1355929396.0
acc,2014,56.92192300000981,0.00035306600955810916,4.0,8143434,1355929396.0
acc,2014,57.37368429366069,0.0003289444289812537,4.0,8143434,1355929396.0
acc,2014,57.825445587311556,0.000308539465145857,4.0,8143434,1355929396.0
acc,2014,58.277206880962424,0.00029151443341047503,4.0,8143434,1355929396.0
acc,2014,58.7289681746133,0.00027755136659322264,4.0,8143434,1355929396.0
acc,2014,59.18072946826417,0.00026635591344487987,4.0,8143434,1355929396.0
acc,2014,59.632490761915044,0.00025765996780160256,4.0,8143434,1355929396.0
acc,2014,60.08425205556591,0.0002512219585937441,4.0,8143434,1355929396.0
acc,2014,60.53601334921679,0.00024682484635694886,4.0,8143434,1355929396.0
acc,2014,60.987774642867656,0.0002442720060207586,4.0,8143434,1355929396.0
acc,2014,61.43953593651853,0.00024338132353078363,4.0,8143434,1355929396.0
acc,2014,61.8912972301694,0.00024397798479175662,4.0,8143434,1355929396.0
acc,2014,62.34305852382027,0.00024588657437462014,4.0,8143434,1355929396.0
acc,2014,62.794819817471144,0.000248923210482833,4.0,8143434,1355929396.0
acc,2014,63.24658111112201,0.0002528885036249364,4.0,8143434,1355929396.0
acc,2014,63.69834240477289,0.0002575621237134091,4.0,8143434,1355929396.0
acc,2014,64.15010369842376,0.00026269968376093326,4.0,8143434,1355929396.0
acc,2014,64.60186499207462,0.0002680324955711486,4.0,8143434,1355929396.0
acc,2014,65.0536262857255,0.0002732705305624432,4.0,8143434,1355929396.0
acc,2014,65.50538757937638,0.0002781086432113385,4.0,8143434,1355929396.0
acc,2014,65.95714887302725,0.00028223580989331407,4.0,8143434,1355929396.0
acc,2014,66.40891016667811,0.0002853468323292271,4.0,8143434,1355929396.0
acc,2014,66.86067146032899,0.0002871556850770279,4.0,8143434,1355929396.0
acc,2014,67.31243275397986,0.00028740948166749514,4.0,8143434,1355929396.0
acc,2014,67.76419404763072,0.00028590191959825955,4.0,8143434,1355929396.0
acc,2014,68.2159553412816,0.0002824850568617781,4.0,8143434,1355929396.0
acc,2014,68.66771663493248,0.00027707837674882386,4.0,8143434,1355929396.0
acc,2014,69.11947792858335,0.0002696743054372769,4.0,8143434,1355929396.0
acc,2014,69.57123922223421,0.0002603396384117505,4.0,8143434,1355929396.0
acc,2014,70.02300051588509,0.0002492126773370991,4.0,8143434,1355929396.0
acc,2014,70.47476180953596,0.00023649624268636638,4.0,8143434,1355929396.0
acc,2014,70.92652310318682,0.0002224470714472424,4.0,8143434,1355929396.0
acc,2014,71.3782843968377,0.0002073623986583627,4.0,8143434,1355929396.0
acc,2014,71.83004569048857,0.00019156472840643865,4.0,8143434,1355929396.0
acc,2014,72.28180698413945,0.00017538590645231267,4.0,8143434,1355929396.0
acc,2014,72.73356827779031,0.00015915160694344194,4.0,8143434,1355929396.0
acc,2014,73.18532957144119,0.00014316724581111358,4.0,8143434,1355929396.0
acc,2014,73.63709086509206,0.00012770615010835947,4.0,8143434,1355929396.0
acc,2014,74.08885215874294,0.00011300057024403198,4.0,8143434,1355929396.0
acc,2014,74.5406134523938,9.923584968386037e-05,4.0,8143434,1355929396.0
acc,2014,74.99237474604467,8.654779366980715e-05,4.0,8143434,1355929396.0
acc,2014,75.44413603969555,7.502303138381759e-05,4.0,8143434,1355929396.0
acc,2014,75.89589733334641,6.470196559126683e-05,4.0,8143434,1355929396.0
acc,2014,76.34765862699729,5.558376354800263e-05,4.0,8143434,1355929396.0
acc,2014,76.79941992064816,4.7632768207637925e-05,4.0,8143434,1355929396.0
acc,2014,77.25118121429904,4.078569731742584e-05,4.0,8143434,1355929396.0
acc,2014,77.7029425079499,3.495904140517856e-05,4.0,8143434,1355929396.0
acc,2014,78.15470380160077,3.0056157169947052e-05,4.0,8143434,1355929396.0
acc,2014,78.60646509525165,2.5973665426941227e-05,4.0,8143434,1355929396.0
acc,2014,79.05822638890251,2.2606887387313913e-05,4.0,8143434,1355929396.0
acc,2014,79.50998768255339,1.985417607127679e-05,4.0,8143434,1355929396.0
acc,2014,79.96174897620426,1.7620110182549144e-05,4.0,8143434,1355929396.0
acc,2014,80.41351026985514,1.5817608310225157e-05,4.0,8143434,1355929396.0
acc,2014,80.865271563506,1.4369087858249819e-05,4.0,8143434,1355929396.0
acc,2014,81.31703285715687,1.3206834799872225e-05,4.0,8143434,1355929396.0
acc,2014,81.76879415080775,1.2272768954420617e-05,4.0,8143434,1355929396.0
acc,2014,82.22055544445863,1.1517788539022607e-05,4.0,8143434,1355929396.0
acc,2014,82.67231673810949,1.0900861841298132e-05,4.0,8143434,1355929396.0
acc,2014,83.12407803176036,1.0388007898236287e-05,4.0,8143434,1355929396.0
acc,2014,83.57583932541124,9.951276720558313e-06,4.0,8143434,1355929396.0
acc,2014,84.0276006190621,9.567806908159944e-06,4.0,8143434,1355929396.0
acc,2014,84.47936191271297,9.219007641816287e-06,4.0,8143434,1355929396.0
acc,2014,84.93112320636385,8.88988525585527e-06,4.0,8143434,1355929396.0
acc,2014,85.38288450001473,8.568513241944583e-06,4.0,8143434,1355929396.0
acc,2014,85.83464579366559,8.245629159687509e-06,4.0,8143434,1355929396.0
acc,2014,86.28640708731646,7.914332447457405e-06,4.0,8143434,1355929396.0
acc,2014,86.73816838096734,7.569852970483525e-06,4.0,8143434,1355929396.0
acc,2014,87.1899296746182,7.209360426479943e-06,4.0,8143434,1355929396.0
acc,2014,87.64169096826907,6.831788388452778e-06,4.0,8143434,1355929396.0
acc,2014,88.09345226191995,6.437652678876796e-06,4.0,8143434,1355929396.0
acc,2014,88.54521355557083,6.028850858562365e-06,4.0,8143434,1355929396.0
acc,2014,88.99697484922169,5.608436911007413e-06,4.0,8143434,1355929396.0
acc,2014,89.44873614287256,5.180371910463386e-06,4.0,8143434,1355929396.0
acc,2014,89.90049743652344,4.749256981871588e-06,4.0,8143434,1355929396.0
acc,2015,0.0,0.03939791464681852,4.0,8111587,1367804596.0
acc,2015,0.4522128081201908,0.040527982710148076,4.0,8111587,1367804596.0
acc,2015,0.9044256162403816,0.04137554946925957,4.0,8111587,1367804596.0
acc,2015,1.3566384243605725,0.04193830101458947,4.0,8111587,1367804596.0
acc,2015,1.8088512324807633,0.04222258303416347,4.0,8111587,1367804596.0
acc,2015,2.261064040600954,0.042242733982225875,4.0,8111587,1367804596.0
acc,2015,2.713276848721145,0.04202002438242821,4.0,8111587,1367804596.0
acc,2015,3.165489656841336,0.041581287990179606,4.0,8111587,1367804596.0
acc,2015,3.6177024649615266,0.04095734908056758,4.0,8111587,1367804596.0
acc,2015,4.069915273081717,0.04018135897764007,4.0,8111587,1367804596.0
acc,2015,4.522128081201908,0.03928715389668449,4.0,8111587,1367804596.0
acc,2015,4.974340889322099,0.03830773575877102,4.0,8111587,1367804596.0
acc,2015,5.42655369744229,0.03727395991737946,4.0,8111587,1367804596.0
acc,2015,5.8787665055624805,0.03621349066685781,4.0,8111587,1367804596.0
acc,2015,6.330979313682672,0.03515005963326173,4.0,8111587,1367804596.0
acc,2015,6.783192121802863,0.03410303650550595,4.0,8111587,1367804596.0
acc,2015,7.235404929923053,0.03308729798755302,4.0,8111587,1367804596.0
acc,2015,7.687617738043244,0.0321133614965111,4.0,8111587,1367804596.0
acc,2015,8.139830546163434,0.031187735937270755,4.0,8111587,1367804596.0
acc,2015,8.592043354283625,0.030313433419899335,4.0,8111587,1367804596.0
acc,2015,9.044256162403816,0.029490583069655223,4.0,8111587,1367804596.0
acc,2015,9.496468970524008,0.028717090181886566,4.0,8111587,1367804596.0
acc,2015,9.948681778644199,0.027989290273416213,4.0,8111587,1367804596.0
acc,2015,10.40089458676439,0.027302556595033854,4.0,8111587,1367804596.0
acc,2015,10.85310739488458,0.02665183024629109,4.0,8111587,1367804596.0
acc,2015,11.30532020300477,0.0260320532218287,4.0,8111587,1367804596.0
acc,2015,11.757533011124961,0.025438495135764103,4.0,8111587,1367804596.0
acc,2015,12.209745819245152,0.024866973837578098,4.0,8111587,1367804596.0
acc,2015,12.661958627365344,0.024313977508447278,4.0,8111587,1367804596.0
acc,2015,13.114171435485535,0.023776701585354883,4.0,8111587,1367804596.0
acc,2015,13.566384243605725,0.02325301728514025,4.0,8111587,1367804596.0
acc,2015,14.018597051725916,0.022741390194742927,4.0,8111587,1367804596.0
acc,2015,14.470809859846106,0.02224076735578512,4.0,8111587,1367804596.0
acc,2015,14.923022667966297,0.021750449869567177,4.0,8111587,1367804596.0
acc,2015,15.375235476086488,0.021269965680732257,4.0,8111587,1367804596.0
acc,2015,15.827448284206678,0.020798954118195906,4.0,8111587,1367804596.0
acc,2015,16.27966109232687,0.020337070406866366,4.0,8111587,1367804596.0
acc,2015,16.73187390044706,0.01988391500655741,4.0,8111587,1367804596.0
acc,2015,17.18408670856725,0.019438989444758727,4.0,8111587,1367804596.0
acc,2015,17.63629951668744,0.01900167766151338,4.0,8111587,1367804596.0
acc,2015,18.08851232480763,0.01857124976793439,4.0,8111587,1367804596.0
acc,2015,18.540725132927825,0.018146883658027812,4.0,8111587,1367804596.0
acc,2015,18.992937941048016,0.017727699162235922,4.0,8111587,1367804596.0
acc,2015,19.445150749168207,0.017312799313405684,4.0,8111587,1367804596.0
acc,2015,19.897363557288397,0.016901313676589758,4.0,8111587,1367804596.0
acc,2015,20.349576365408588,0.01649243953113784,4.0,8111587,1367804596.0
acc,2015,20.80178917352878,0.016085477744523853,4.0,8111587,1367804596.0
acc,2015,21.25400198164897,0.015679861346652238,4.0,8111587,1367804596.0
acc,2015,21.70621478976916,0.015275175904880691,4.0,8111587,1367804596.0
acc,2015,22.15842759788935,0.014871171774179166,4.0,8111587,1367804596.0
acc,2015,22.61064040600954,0.014467768921735699,4.0,8111587,1367804596.0
acc,2015,23.06285321412973,0.01406505548258032,4.0,8111587,1367804596.0
acc,2015,23.515066022249922,0.013663281308817896,4.0,8111587,1367804596.0
acc,2015,23.967278830370113,0.013262847657379763,4.0,8111587,1367804596.0
acc,2015,24.419491638490303,0.012864293959127072,4.0,8111587,1367804596.0
acc,2015,24.871704446610494,0.01246828225842098,4.0,8111587,1367804596.0
acc,2015,25.323917254730688,0.012075579656926877,4.0,8111587,1367804596.0
acc,2015,25.77613006285088,0.011687038886045612,4.0,8111587,1367804596.0
acc,2015,26.22834287097107,0.01130357709009469,4.0,8111587,1367804596.0
acc,2015,26.68055567909126,0.010926152969869292,4.0,8111587,1367804596.0
acc,2015,27.13276848721145,0.010555742646698651,4.0,8111587,1367804596.0
acc,2015,27.58498129533164,0.010193314888788892,4.0,8111587,1367804596.0
acc,2015,28.03719410345183,0.009839806606376586,4.0,8111587,1367804596.0
acc,2015,28.489406911572022,0.009496099754270943,4.0,8111587,1367804596.0
acc,2015,28.941619719692213,0.009163000863035155,4.0,8111587,1367804596.0
acc,2015,29.393832527812403,0.008841224361590728,4.0,8111587,1367804596.0
acc,2015,29.846045335932594,0.008531380607225325,4.0,8111587,1367804596.0
acc,2015,30.298258144052785,0.008233969141600829,4.0,8111587,1367804596.0
acc,2015,30.750470952172975,0.00794937717775574,4.0,8111587,1367804596.0
acc,2015,31.202683760293166,0.007677882762522205,4.0,8111587,1367804596.0
acc,2015,31.654896568413356,0.007419661524515958,4.0,8111587,1367804596.0
acc,2015,32.10710937653355,0.007174795489087272,4.0,8111587,1367804596.0
acc,2015,32.55932218465374,0.006943282181378544,4.0,8111587,1367804596.0
acc,2015,33.01153499277393,0.006725042193778433,4.0,8111587,1367804596.0
acc,2015,33.46374780089412,0.006519923582634243,4.0,8111587,1367804596.0
acc,2015,33.91596060901431,0.006327701871321771,4.0,8111587,1367804596.0
acc,2015,34.3681734171345,0.006148075033920768,4.0,8111587,1367804596.0
acc,2015,34.820386225254694,0.005980653553728378,4.0,8111587,1367804596.0
acc,2015,35.27259903337488,0.005824946414670573,4.0,8111587,1367804596.0
acc,2015,35.724811841495075,0.005680344604566871,4.0,8111587,1367804596.0
acc,2015,36.17702464961526,0.005546104302371819,4.0,8111587,1367804596.0
acc,2015,36.62923745773546,0.005421332313200942,4.0,8111587,1367804596.0
acc,2015,37.08145026585565,0.005304976450520897,4.0,8111587,1367804596.0
acc,2015,37.53366307397584,0.0051958234155122605,4.0,8111587,1367804596.0
acc,2015,37.98587588209603,0.005092506288796553,4.0,8111587,1367804596.0
acc,2015,38.43808869021622,0.004993523059091825,4.0,8111587,1367804596.0
acc,2015,38.89030149833641,0.004897266723625807,4.0,8111587,1367804596.0
acc,2015,39.3425143064566,0.004802066485287527,4.0,8111587,1367804596.0
acc,2015,39.794727114576794,0.004706238535607127,4.0,8111587,1367804596.0
acc,2015,40.24693992269698,0.004608143950140993,4.0,8111587,1367804596.0
acc,2015,40.699152730817175,0.004506250429333587,4.0,8111587,1367804596.0
acc,2015,41.15136553893736,0.00439919407465052,4.0,8111587,1367804596.0
acc,2015,41.60357834705756,0.004285837155592743,4.0,8111587,1367804596.0
acc,2015,42.055791155177744,0.004165317927769457,4.0,8111587,1367804596.0
acc,2015,42.50800396329794,0.004037089002814987,4.0,8111587,1367804596.0
acc,2015,42.960216771418125,0.0039009415120560467,4.0,8111587,1367804596.0
acc,2015,43.41242957953832,0.003757013282999066,4.0,8111587,1367804596.0
acc,2015,43.86464238765851,0.0036057803735068538,4.0,8111587,1367804596.0
acc,2015,44.3168551957787,0.0034480324821597515,4.0,8111587,1367804596.0
acc,2015,44.769068003898894,0.003284833870571042,4.0,8111587,1367804596.0
acc,2015,45.22128081201908,0.0031174723976961803,4.0,8111587,1367804596.0
acc,2015,45.673493620139276,0.0029473999978926976,4.0,8111587,1367804596.0
acc,2015,46.12570642825946,0.0027761683788182336,4.0,8111587,1367804596.0
acc,2015,46.57791923637966,0.0026053638467314253,4.0,8111587,1367804596.0
acc,2015,47.030132044499844,0.002436544990572791,4.0,8111587,1367804596.0
acc,2015,47.48234485262004,0.002271186506177566,4.0,8111587,1367804596.0
acc,2015,47.934557660740225,0.0021106317753680714,4.0,8111587,1367804596.0
acc,2015,48.38677046886042,0.0019560560049946846,4.0,8111587,1367804596.0
acc,2015,48.838983276980606,0.0018084408592380118,4.0,8111587,1367804596.0
acc,2015,49.2911960851008,0.001668560664436966,4.0,8111587,1367804596.0
acc,2015,49.74340889322099,0.0015369794998868797,4.0,8111587,1367804596.0
acc,2015,50.19562170134118,0.0014140578655345082,4.0,8111587,1367804596.0
acc,2015,50.647834509461376,0.0012999671737929496,4.0,8111587,1367804596.0
acc,2015,51.10004731758156,0.0011947100624534962,4.0,8111587,1367804596.0
acc,2015,51.55226012570176,0.0010981444635278627,4.0,8111587,1367804596.0
acc,2015,52.004472933821944,0.001010009466614914,4.0,8111587,1367804596.0
acc,2015,52.45668574194214,0.0009299512505329508,4.0,8111587,1367804596.0
acc,2015,52.908898550062325,0.0008575476819562463,4.0,8111587,1367804596.0
acc,2015,53.36111135818252,0.0007923305514341934,4.0,8111587,1367804596.0
acc,2015,53.813324166302706,0.0007338047952844363,4.0,8111587,1367804596.0
acc,2015,54.2655369744229,0.0006814644029171011,4.0,8111587,1367804596.0
acc,2015,54.71774978254309,0.000634805008550842,4.0,8111587,1367804596.0
acc,2015,55.16996259066328,0.0005933333991091346,4.0,8111587,1367804596.0
acc,2015,55.62217539878347,0.0005565743307009925,4.0,8111587,1367804596.0
acc,2015,56.07438820690366,0.0005240751366556149,4.0,8111587,1367804596.0
acc,2015,56.52660101502385,0.0004954086385538267,4.0,8111587,1367804596.0
acc,2015,56.978813823144044,0.00047017484957120274,4.0,8111587,1367804596.0
acc,2015,57.43102663126423,0.00044800189969337065,4.0,8111587,1367804596.0
acc,2015,57.883239439384425,0.0004285465277501847,4.0,8111587,1367804596.0
acc,2015,58.33545224750462,0.0004114943872358174,4.0,8111587,1367804596.0
acc,2015,58.78766505562481,0.00039656031119011525,4.0,8111587,1367804596.0
acc,2015,59.239877863745,0.00038348858381879146,4.0,8111587,1367804596.0
acc,2015,59.69209067186519,0.0003720531792240678,4.0,8111587,1367804596.0
acc,2015,60.14430347998538,0.00036205785561795056,4.0,8111587,1367804596.0
acc,2015,60.59651628810557,0.00035333594086271324,4.0,8111587,1367804596.0
acc,2015,61.04872909622576,0.0003457496155988776,4.0,8111587,1367804596.0
acc,2015,61.50094190434595,0.0003391884962690112,4.0,8111587,1367804596.0
acc,2015,61.953154712466144,0.00033356734359211537,4.0,8111587,1367804596.0
acc,2015,62.40536752058633,0.00032882277244382797,4.0,8111587,1367804596.0
acc,2015,62.857580328706526,0.0003249089144860711,4.0,8111587,1367804596.0
acc,2015,63.30979313682671,0.0003217920805830503,4.0,8111587,1367804596.0
acc,2015,63.76200594494691,0.00031944457872093825,4.0,8111587,1367804596.0
acc,2015,64.2142187530671,0.0003178379551000262,4.0,8111587,1367804596.0
acc,2015,64.66643156118728,0.0003169360298177351,4.0,8111587,1367804596.0
acc,2015,65.11864436930748,0.00031668818191299457,4.0,8111587,1367804596.0
acc,2015,65.57085717742767,0.00031702338986751256,4.0,8111587,1367804596.0
acc,2015,66.02306998554786,0.0003178455433461019,4.0,8111587,1367804596.0
acc,2015,66.47528279366806,0.00031903050378380936,4.0,8111587,1367804596.0
acc,2015,66.92749560178824,0.0003204253036910496,4.0,8111587,1367804596.0
acc,2015,67.37970840990843,0.00032184974076392955,4.0,8111587,1367804596.0
acc,2015,67.83192121802863,0.00032310045190989264,4.0,8111587,1367804596.0
acc,2015,68.28413402614882,0.0003239573578039811,4.0,8111587,1367804596.0
acc,2015,68.736346834269,0.00032419216792168887,4.0,8111587,1367804596.0
acc,2015,69.1885596423892,0.0003235784484697658,4.0,8111587,1367804596.0
acc,2015,69.64077245050939,0.0003219026004868839,4.0,8111587,1367804596.0
acc,2015,70.09298525862958,0.00031897498956720083,4.0,8111587,1367804596.0
acc,2015,70.54519806674976,0.00031464042479740237,4.0,8111587,1367804596.0
acc,2015,70.99741087486996,0.00030878720925355576,4.0,8111587,1367804596.0
acc,2015,71.44962368299015,0.0003013540774833468,4.0,8111587,1367804596.0
acc,2015,71.90183649111034,0.00029233448936352865,4.0,8111587,1367804596.0
acc,2015,72.35404929923052,0.00028177795066218735,4.0,8111587,1367804596.0
acc,2015,72.80626210735072,0.00026978825964440296,4.0,8111587,1367804596.0
acc,2015,73.25847491547091,0.00025651881433254916,4.0,8111587,1367804596.0
acc,2015,73.7106877235911,0.00024216533432660364,4.0,8111587,1367804596.0
acc,2015,74.1629005317113,0.00022695653423072506,4.0,8111587,1367804596.0
acc,2015,74.61511333983148,0.00021114341683046767,4.0,8111587,1367804596.0
acc,2015,75.06732614795168,0.00019498792326479609,4.0,8111587,1367804596.0
acc,2015,75.51953895607187,0.00017875168139217524,4.0,8111587,1367804596.0
acc,2015,75.97175176419206,0.00016268553603558563,4.0,8111587,1367804596.0
acc,2015,76.42396457231224,0.0001470204354931121,4.0,8111587,1367804596.0
acc,2015,76.87617738043244,0.0001319601018259788,4.0,8111587,1367804596.0
acc,2015,77.32839018855263,0.00011767574478717883,4.0,8111587,1367804596.0
acc,2015,77.78060299667283,0.00010430290814491245,4.0,8111587,1367804596.0
acc,2015,78.232815804793,9.194037845596437e-05,4.0,8111587,1367804596.0
acc,2015,78.6850286129132,8.065095289232948e-05,4.0,8111587,1367804596.0
acc,2015,79.1372414210334,7.046376327375208e-05,4.0,8111587,1367804596.0
acc,2015,79.58945422915359,6.137779223674293e-05,4.0,8111587,1367804596.0
acc,2015,80.04166703727378,5.336619432848536e-05,4.0,8111587,1367804596.0
acc,2015,80.49387984539396,4.6381045871342825e-05,4.0,8111587,1367804596.0
acc,2015,80.94609265351416,4.0358186074528977e-05,4.0,8111587,1367804596.0
acc,2015,81.39830546163435,3.5221869854609404e-05,4.0,8111587,1367804596.0
acc,2015,81.85051826975455,3.088902149931168e-05,4.0,8111587,1367804596.0
acc,2015,82.30273107787472,2.7272949553714892e-05,4.0,8111587,1367804596.0
acc,2015,82.75494388599492,2.428645031169182e-05,4.0,8111587,1367804596.0
acc,2015,83.20715669411511,2.1844285010734366e-05,4.0,8111587,1367804596.0
acc,2015,83.65936950223531,1.9865061143109666e-05,4.0,8111587,1367804596.0
acc,2015,84.11158231035549,1.827257995569599e-05,4.0,8111587,1367804596.0
acc,2015,84.56379511847568,1.6996730549876084e-05,4.0,8111587,1367804596.0
acc,2015,85.01600792659588,1.5974017556444972e-05,4.0,8111587,1367804596.0
acc,2015,85.46822073471607,1.5147806478690803e-05,4.0,8111587,1367804596.0
acc,2015,85.92043354283625,1.4468361175840974e-05,4.0,8111587,1367804596.0
acc,2015,86.37264635095644,1.3892734327734826e-05,4.0,8111587,1367804596.0
acc,2015,86.82485915907664,1.3384556558795667e-05,4.0,8111587,1367804596.0
acc,2015,87.27707196719683,1.2913755249720658e-05,4.0,8111587,1367804596.0
acc,2015,87.72928477531703,1.2456221438704002e-05,4.0,8111587,1367804596.0
acc,2015,88.1814975834372,1.1993433558319907e-05,4.0,8111587,1367804596.0
acc,2015,88.6337103915574,1.1512040484353025e-05,4.0,8111587,1367804596.0
acc,2015,89.0859231996776,1.1003403441125159e-05,4.0,8111587,1367804596.0
acc,2015,89.53813600779779,1.0463096299942158e-05,4.0,8111587,1367804596.0
acc,2015,89.99034881591797,9.890366051764406e-06,4.0,8111587,1367804596.0
acc,2016,0.0,0.03787661963312039,4.0,8108617,1374051608.0
acc,2016,0.45208165154385205,0.038976392232452285,4.0,8108617,1374051608.0
acc,2016,0.9041633030877041,0.03981848157658912,4.0,8108617,1374051608.0
acc,2016,1.3562449546315563,0.0404001598396164,4.0,8108617,1374051608.0
acc,2016,1.8083266061754082,0.04072636250982515,4.0,8108617,1374051608.0
acc,2016,2.26040825771926,0.04080914522768495,4.0,8108617,1374051608.0
acc,2016,2.7124899092631125,0.04066679942888051,4.0,8108617,1374051608.0
acc,2016,3.1645715608069644,0.04032269594932911,4.0,8108617,1374051608.0
acc,2016,3.6166532123508164,0.039803941870587535,4.0,8108617,1374051608.0
acc,2016,4.068734863894669,0.039139944507916524,4.0,8108617,1374051608.0
acc,2016,4.52081651543852,0.03836097682228184,4.0,8108617,1374051608.0
acc,2016,4.972898166982373,0.0374968316078131,4.0,8108617,1374051608.0
acc,2016,5.424979818526225,0.03657563842239357,4.0,8108617,1374051608.0
acc,2016,5.8770614700700765,0.035622899030260446,4.0,8108617,1374051608.0
acc,2016,6.329143121613929,0.03466077648343625,4.0,8108617,1374051608.0
acc,2016,6.78122477315778,0.033707651439034314,4.0,8108617,1374051608.0
acc,2016,7.233306424701633,0.032777939258007406,4.0,8108617,1374051608.0
acc,2016,7.685388076245485,0.03188214422256513,4.0,8108617,1374051608.0
acc,2016,8.137469727789338,0.03102711375637159,4.0,8108617,1374051608.0
acc,2016,8.589551379333189,0.030216447050873018,4.0,8108617,1374051608.0
acc,2016,9.04163303087704,0.029451008259698493,4.0,8108617,1374051608.0
acc,2016,9.493714682420894,0.028729494914573963,4.0,8108617,1374051608.0
acc,2016,9.945796333964745,0.028049016104003812,4.0,8108617,1374051608.0
acc,2016,10.397877985508597,0.027405641848117435,4.0,8108617,1374051608.0
acc,2016,10.84995963705245,0.026794893614568483,4.0,8108617,1374051608.0
acc,2016,11.302041288596302,0.02621215536924744,4.0,8108617,1374051608.0
acc,2016,11.754122940140153,0.025652993955477783,4.0,8108617,1374051608.0
acc,2016,12.206204591684005,0.0251133860604197,4.0,8108617,1374051608.0
acc,2016,12.658286243227858,0.024589856421423563,4.0,8108617,1374051608.0
acc,2016,13.11036789477171,0.024079537404600605,4.0,8108617,1374051608.0
acc,2016,13.56244954631556,0.023580163998234455,4.0,8108617,1374051608.0
acc,2016,14.014531197859414,0.023090020233529088,4.0,8108617,1374051608.0
acc,2016,14.466612849403266,0.022607853531433762,4.0,8108617,1374051608.0
acc,2016,14.918694500947117,0.022132772457230505,4.0,8108617,1374051608.0
acc,2016,15.37077615249097,0.021664141441683406,4.0,8108617,1374051608.0
acc,2016,15.822857804034822,0.0212014832225739,4.0,8108617,1374051608.0
acc,2016,16.274939455578675,0.020744396773626682,4.0,8108617,1374051608.0
acc,2016,16.727021107122525,0.020292495262917737,4.0,8108617,1374051608.0
acc,2016,17.179102758666378,0.019845365743888066,4.0,8108617,1374051608.0
acc,2016,17.63118441021023,0.019402549732482375,4.0,8108617,1374051608.0
acc,2016,18.08326606175408,0.018963541990668825,4.0,8108617,1374051608.0
acc,2016,18.535347713297934,0.018527803550274634,4.0,8108617,1374051608.0
acc,2016,18.987429364841788,0.01809478443541336,4.0,8108617,1374051608.0
acc,2016,19.439511016385637,0.01766395154331019,4.0,8108617,1374051608.0
acc,2016,19.89159266792949,0.017234817689691068,4.0,8108617,1374051608.0
acc,2016,20.343674319473344,0.016806968567104178,4.0,8108617,1374051608.0
acc,2016,20.795755971017194,0.01638008548031198,4.0,8108617,1374051608.0
acc,2016,21.247837622561047,0.01595396269469832,4.0,8108617,1374051608.0
acc,2016,21.6999192741049,0.015528519188008497,4.0,8108617,1374051608.0
acc,2016,22.15200092564875,0.015103805298811336,4.0,8108617,1374051608.0
acc,2016,22.604082577192603,0.01468000516537752,4.0,8108617,1374051608.0
acc,2016,23.056164228736453,0.014257436032078885,4.0,8108617,1374051608.0
acc,2016,23.508245880280306,0.0138365453495493,4.0,8108617,1374051608.0
acc,2016,23.96032753182416,0.013417906281371723,4.0,8108617,1374051608.0
acc,2016,24.41240918336801,0.013002211830976254,4.0,8108617,1374051608.0
acc,2016,24.864490834911862,0.012590267375194707,4.0,8108617,1374051608.0
acc,2016,25.316572486455716,0.012182981037792018,4.0,8108617,1374051608.0
acc,2016,25.768654137999565,0.011781351162436676,4.0,8108617,1374051608.0
acc,2016,26.22073578954342,0.011386450140225837,4.0,8108617,1374051608.0
acc,2016,26.672817441087272,0.010999404049332228,4.0,8108617,1374051608.0
acc,2016,27.12489909263112,0.010621367933589393,4.0,8108617,1374051608.0
acc,2016,27.576980744174975,0.010253497038099647,4.0,8108617,1374051608.0
acc,2016,28.029062395718828,0.009896914856920595,4.0,8108617,1374051608.0
acc,2016,28.481144047262678,0.00955267935116297,4.0,8108617,1374051608.0
acc,2016,28.93322569880653,0.009221749084465452,4.0,8108617,1374051608.0
acc,2016,29.385307350350384,0.008904951260775241,4.0,8108617,1374051608.0
acc,2016,29.837389001894234,0.00860295366951195,4.0,8108617,1374051608.0
acc,2016,30.289470653438087,0.008316242362173827,4.0,8108617,1374051608.0
acc,2016,30.74155230498194,0.008045106504606787,4.0,8108617,1374051608.0
acc,2016,31.19363395652579,0.0077896313191096805,4.0,8108617,1374051608.0
acc,2016,31.645715608069644,0.007549699406801714,4.0,8108617,1374051608.0
acc,2016,32.09779725961349,0.007325000091668925,4.0,8108617,1374051608.0
acc,2016,32.54987891115735,0.0071150458207421986,4.0,8108617,1374051608.0
acc,2016,33.0019605627012,0.0069191941532179245,4.0,8108617,1374051608.0
acc,2016,33.45404221424505,0.006736673519290328,4.0,8108617,1374051608.0
acc,2016,33.906123865788906,0.0065666107576653745,4.0,8108617,1374051608.0
acc,2016,34.358205517332756,0.006408058456963159,4.0,8108617,1374051608.0
acc,2016,34.810287168876606,0.006260020320258993,4.0,8108617,1374051608.0
acc,2016,35.26236882042046,0.006121473116199487,4.0,8108617,1374051608.0
acc,2016,35.71445047196431,0.005991384234654889,4.0,8108617,1374051608.0
acc,2016,36.16653212350816,0.005868724381447142,4.0,8108617,1374051608.0
acc,2016,36.61861377505202,0.005752475474951401,4.0,8108617,1374051608.0
acc,2016,37.07069542659587,0.005641634298268701,4.0,8108617,1374051608.0
acc,2016,37.52277707813972,0.0055352128717497265,4.0,8108617,1374051608.0
acc,2016,37.974858729683575,0.005432236808166767,4.0,8108617,1374051608.0
acc,2016,38.426940381227425,0.00533174307471643,4.0,8108617,1374051608.0
acc,2016,38.879022032771275,0.005232778602189208,4.0,8108617,1374051608.0
acc,2016,39.33110368431513,0.005134401054783334,4.0,8108617,1374051608.0
acc,2016,39.78318533585898,0.005035682818469375,4.0,8108617,1374051608.0
acc,2016,40.23526698740283,0.004935718906085691,4.0,8108617,1374051608.0
acc,2016,40.68734863894669,0.004833639046384505,4.0,8108617,1374051608.0
acc,2016,41.13943029049054,0.004728623760130818,4.0,8108617,1374051608.0
acc,2016,41.59151194203439,0.004619923770031169,4.0,8108617,1374051608.0
acc,2016,42.043593593578244,0.004506881682563162,4.0,8108617,1374051608.0
acc,2016,42.495675245122094,0.0043889545547630285,4.0,8108617,1374051608.0
acc,2016,42.94775689666594,0.004265735746728762,4.0,8108617,1374051608.0
acc,2016,43.3998385482098,0.004136974380436321,4.0,8108617,1374051608.0
acc,2016,43.85192019975365,0.00400259078593701,4.0,8108617,1374051608.0
acc,2016,44.3040018512975,0.0038626865131896567,4.0,8108617,1374051608.0
acc,2016,44.75608350284135,0.0037175478064711675,4.0,8108617,1374051608.0
acc,2016,45.208165154385206,0.003567641852360185,4.0,8108617,1374051608.0
acc,2016,45.660246805929056,0.0034136055878906195,4.0,8108617,1374051608.0
acc,2016,46.112328457472906,0.0032562273534500258,4.0,8108617,1374051608.0
acc,2016,46.56441010901676,0.0030964221548054212,4.0,8108617,1374051608.0
acc,2016,47.01649176056061,0.0029352017218625633,4.0,8108617,1374051608.0
acc,2016,47.46857341210446,0.002773640885530395,4.0,8108617,1374051608.0
acc,2016,47.92065506364832,0.002612842013824499,4.0,8108617,1374051608.0
acc,2016,48.37273671519217,0.002453899339975548,4.0,8108617,1374051608.0
acc,2016,48.82481836673602,0.002297864975743393,4.0,8108617,1374051608.0
acc,2016,49.276900018279875,0.0021457182405437065,4.0,8108617,1374051608.0
acc,2016,49.728981669823725,0.0019983396692083316,4.0,8108617,1374051608.0
acc,2016,50.181063321367574,0.0018564907139634779,4.0,8108617,1374051608.0
acc,2016,50.63314497291143,0.0017207997602290733,4.0,8108617,1374051608.0
acc,2016,51.08522662445528,0.0015917546639408657,4.0,8108617,1374051608.0
acc,2016,51.53730827599913,0.001469701622130941,4.0,8108617,1374051608.0
acc,2016,51.98938992754299,0.001354849836611502,4.0,8108617,1374051608.0
acc,2016,52.44147157908684,0.0012472811451450228,4.0,8108617,1374051608.0
acc,2016,52.89355323063069,0.0011469635904229338,4.0,8108617,1374051608.0
acc,2016,53.345634882174544,0.0010537677816015987,4.0,8108617,1374051608.0
acc,2016,53.79771653371839,0.0009674848753077649,4.0,8108617,1374051608.0
acc,2016,54.24979818526224,0.0008878450552851394,4.0,8108617,1374051608.0
acc,2016,54.7018798368061,0.0008145355090601484,4.0,8108617,1374051608.0
acc,2016,55.15396148834995,0.0007472170693030231,4.0,8108617,1374051608.0
acc,2016,55.6060431398938,0.000685538888269046,4.0,8108617,1374051608.0
acc,2016,56.058124791437656,0.0006291507271511297,4.0,8108617,1374051608.0
acc,2016,56.510206442981506,0.0005777126512301709,4.0,8108617,1374051608.0
acc,2016,56.962288094525356,0.0005309021119988121,4.0,8108617,1374051608.0
acc,2016,57.41436974606921,0.0004884185580446243,4.0,8108617,1374051608.0
acc,2016,57.86645139761306,0.00044998584032076205,4.0,8108617,1374051608.0
acc,2016,58.31853304915691,0.00041535276114541245,4.0,8108617,1374051608.0
acc,2016,58.77061470070077,0.00038429215991449083,4.0,8108617,1374051608.0
acc,2016,59.22269635224462,0.00035659893501712944,4.0,8108617,1374051608.0
acc,2016,59.67477800378847,0.00033208737602069517,4.0,8108617,1374051608.0
acc,2016,60.126859655332325,0.00031058812968411034,4.0,8108617,1374051608.0
acc,2016,60.578941306876175,0.000291945055658583,4.0,8108617,1374051608.0
acc,2016,61.031022958420024,0.0002760121512236582,4.0,8108617,1374051608.0
acc,2016,61.48310460996388,0.00026265064743859716,4.0,8108617,1374051608.0
acc,2016,61.93518626150773,0.0002517263095064087,4.0,8108617,1374051608.0
acc,2016,62.38726791305158,0.00024310691877898032,4.0,8108617,1374051608.0
acc,2016,62.83934956459544,0.0002366598780170661,4.0,8108617,1374051608.0
acc,2016,63.29143121613929,0.00023224986863784527,4.0,8108617,1374051608.0
acc,2016,63.74351286768314,0.00022973649976376433,4.0,8108617,1374051608.0
acc,2016,64.19559451922699,0.0002289719223407046,4.0,8108617,1374051608.0
acc,2016,64.64767617077084,0.00022979843315256291,4.0,8108617,1374051608.0
acc,2016,65.0997578223147,0.00023204615647854217,4.0,8108617,1374051608.0
acc,2016,65.55183947385855,0.00023553095670719745,4.0,8108617,1374051608.0
acc,2016,66.0039211254024,0.00024005279356816285,4.0,8108617,1374051608.0
acc,2016,66.45600277694625,0.00024539477280882677,4.0,8108617,1374051608.0
acc,2016,66.9080844284901,0.00025132316029902874,4.0,8108617,1374051608.0
acc,2016,67.36016608003395,0.0002575886102222466,4.0,8108617,1374051608.0
acc,2016,67.81224773157781,0.00026392880517346086,4.0,8108617,1374051608.0
acc,2016,68.26432938312166,0.0002700726187848372,4.0,8108617,1374051608.0
acc,2016,68.71641103466551,0.0002757457955552634,4.0,8108617,1374051608.0
acc,2016,69.16849268620936,0.00028067800766943846,4.0,8108617,1374051608.0
acc,2016,69.62057433775321,0.0002846110078733431,4.0,8108617,1374051608.0
acc,2016,70.07265598929706,0.0002873074659969824,4.0,8108617,1374051608.0
acc,2016,70.52473764084093,0.000288559969763733,4.0,8108617,1374051608.0
acc,2016,70.97681929238477,0.00028819960171551714,4.0,8108617,1374051608.0
acc,2016,71.42890094392862,0.00028610348358302124,4.0,8108617,1374051608.0
acc,2016,71.88098259547247,0.0002822007125393956,4.0,8108617,1374051608.0
acc,2016,72.33306424701632,0.0002764762000674538,4.0,8108617,1374051608.0
acc,2016,72.78514589856017,0.00026897205734041174,4.0,8108617,1374051608.0
acc,2016,73.23722755010404,0.00025978633948293956,4.0,8108617,1374051608.0
acc,2016,73.68930920164789,0.00024906914925927793,4.0,8108617,1374051608.0
acc,2016,74.14139085319174,0.00023701629083797162,4.0,8108617,1374051608.0
acc,2016,74.59347250473559,0.00022386083837649574,4.0,8108617,1374051608.0
acc,2016,75.04555415627944,0.0002098631262455847,4.0,8108617,1374051608.0
acc,2016,75.49763580782329,0.00019529976546989037,4.0,8108617,1374051608.0
acc,2016,75.94971745936715,0.0001804523370754275,4.0,8108617,1374051608.0
acc,2016,76.401799110911,0.00016559640577518204,4.0,8108617,1374051608.0
acc,2016,76.85388076245485,0.00015099144055332608,4.0,8108617,1374051608.0
acc,2016,77.3059624139987,0.00013687213071652833,4.0,8108617,1374051608.0
acc,2016,77.75804406554255,0.00012344145879915867,4.0,8108617,1374051608.0
acc,2016,78.2101257170864,0.00011086574910676317,4.0,8108617,1374051608.0
acc,2016,78.66220736863026,9.92717665727817e-05,4.0,8108617,1374051608.0
acc,2016,79.11428902017411,8.874580749948814e-05,4.0,8108617,1374051608.0
acc,2016,79.56637067171796,7.933461154777653e-05,4.0,8108617,1374051608.0
acc,2016,80.01845232326181,7.104783954164218e-05,4.0,8108617,1374051608.0
acc,2016,80.47053397480566,6.386180713039033e-05,4.0,8108617,1374051608.0
acc,2016,80.92261562634951,5.7724139550587264e-05,4.0,8108617,1374051608.0
acc,2016,81.37469727789338,5.255901428136446e-05,4.0,8108617,1374051608.0
acc,2016,81.82677892943722,4.827268097050306e-05,4.0,8108617,1374051608.0
acc,2016,82.27886058098107,4.475898532213396e-05,4.0,8108617,1374051608.0
acc,2016,82.73094223252492,4.190466932387126e-05,4.0,8108617,1374051608.0
acc,2016,83.18302388406877,3.9594268610196464e-05,4.0,8108617,1374051608.0
acc,2016,83.63510553561262,3.7714474511160086e-05,4.0,8108617,1374051608.0
acc,2016,84.08718718715649,3.6157870518323055e-05,4.0,8108617,1374051608.0
acc,2016,84.53926883870034,3.4825989097616154e-05,4.0,8108617,1374051608.0
acc,2016,84.99135049024419,3.363166483742347e-05,4.0,8108617,1374051608.0
acc,2016,85.44343214178804,3.250068457913667e-05,4.0,8108617,1374051608.0
acc,2016,85.89551379333189,3.1372755641043014e-05,4.0,8108617,1374051608.0
acc,2016,86.34759544487574,3.0201830773585523e-05,4.0,8108617,1374051608.0
acc,2016,86.7996770964196,2.8955844060394498e-05,4.0,8108617,1374051608.0
acc,2016,87.25175874796345,2.7615926113595282e-05,4.0,8108617,1374051608.0
acc,2016,87.7038403995073,2.6175179569235904e-05,4.0,8108617,1374051608.0
acc,2016,88.15592205105115,2.4637106556149725e-05,4.0,8108617,1374051608.0
acc,2016,88.608003702595,2.3013787659841e-05,4.0,8108617,1374051608.0
acc,2016,89.06008535413885,2.1323916007248875e-05,4.0,8108617,1374051608.0
acc,2016,89.5121670056827,1.9590789668305298e-05,4.0,8108617,1374051608.0
acc,2016,89.96424865722656,1.7840360148585422e-05,4.0,8108617,1374051608.0
acc,2017,0.0,0.03547106134603216,4.0,8113358,1379916056.0
acc,2017,0.4522147250534901,0.036548496265081123,4.0,8113358,1379916056.0
acc,2017,0.9044294501069802,0.03738981570835683,4.0,8113358,1379916056.0
acc,2017,1.3566441751604703,0.03799216508884179,4.0,8113358,1379916056.0
acc,2017,1.8088589002139603,0.03835981165961394,4.0,8113358,1379916056.0
acc,2017,2.2610736252674504,0.03850365417428333,4.0,8113358,1379916056.0
acc,2017,2.7132883503209406,0.03844041601707927,4.0,8113358,1379916056.0
acc,2017,3.1655030753744304,0.038191585842513,4.0,8113358,1379916056.0
acc,2017,3.6177178004279207,0.037782184513933094,4.0,8113358,1379916056.0
acc,2017,4.069932525481411,0.03723944475576865,4.0,8113358,1379916056.0
acc,2017,4.522147250534901,0.03659148997631634,4.0,8113358,1379916056.0
acc,2017,4.9743619755883905,0.03586609178193483,4.0,8113358,1379916056.0
acc,2017,5.426576700641881,0.03508957318052144,4.0,8113358,1379916056.0
acc,2017,5.878791425695371,0.034285907444766194,4.0,8113358,1379916056.0
acc,2017,6.331006150748861,0.033476043659036725,4.0,8113358,1379916056.0
acc,2017,6.783220875802352,0.03267747057412955,4.0,8113358,1379916056.0
acc,2017,7.235435600855841,0.031904012496762904,4.0,8113358,1379916056.0
acc,2017,7.687650325909331,0.031165835913693832,4.0,8113358,1379916056.0
acc,2017,8.139865050962822,0.030469634395693765,4.0,8113358,1379916056.0
acc,2017,8.59207977601631,0.029818952295224833,4.0,8113358,1379916056.0
acc,2017,9.044294501069801,0.02921460505832312,4.0,8113358,1379916056.0
acc,2017,9.496509226123292,0.02865515496743839,4.0,8113358,1379916056.0
acc,2017,9.948723951176781,0.02813740506334617,4.0,8113358,1379916056.0
acc,2017,10.400938676230272,0.0276568802150122,4.0,8113358,1379916056.0
acc,2017,10.853153401283762,0.027208271465995255,4.0,8113358,1379916056.0
acc,2017,11.305368126337251,0.026785827452263336,4.0,8113358,1379916056.0
acc,2017,11.757582851390742,0.026383683697341148,4.0,8113358,1379916056.0
acc,2017,12.209797576444233,0.02599612686378864,4.0,8113358,1379916056.0
acc,2017,12.662012301497722,0.0256177957952987,4.0,8113358,1379916056.0
acc,2017,13.114227026551212,0.025243824780588967,4.0,8113358,1379916056.0
acc,2017,13.566441751604703,0.02486993648626345,4.0,8113358,1379916056.0
acc,2017,14.018656476658192,0.024492493021163787,4.0,8113358,1379916056.0
acc,2017,14.470871201711683,0.024108513565595586,4.0,8113358,1379916056.0
acc,2017,14.923085926765173,0.02371566634260805,4.0,8113358,1379916056.0
acc,2017,15.375300651818662,0.023312241656095984,4.0,8113358,1379916056.0
acc,2017,15.827515376872153,0.022897111482127513,4.0,8113358,1379916056.0
acc,2017,16.279730101925644,0.02246967990994018,4.0,8113358,1379916056.0
acc,2017,16.731944826979134,0.022029827631064373,4.0,8113358,1379916056.0
acc,2017,17.18415955203262,0.02157785284989298,4.0,8113358,1379916056.0
acc,2017,17.636374277086112,0.021114410351265506,4.0,8113358,1379916056.0
acc,2017,18.088589002139603,0.0206404501030144,4.0,8113358,1379916056.0
acc,2017,18.540803727193094,0.020157156540920904,4.0,8113358,1379916056.0
acc,2017,18.993018452246584,0.01966588969861532,4.0,8113358,1379916056.0
acc,2017,19.445233177300075,0.019168129327088317,4.0,8113358,1379916056.0
acc,2017,19.897447902353562,0.01866542321330367,4.0,8113358,1379916056.0
acc,2017,20.349662627407053,0.01815934097696131,4.0,8113358,1379916056.0
acc,2017,20.801877352460544,0.01765143451334199,4.0,8113358,1379916056.0
acc,2017,21.254092077514034,0.017143206139860694,4.0,8113358,1379916056.0
acc,2017,21.706306802567525,0.016636085228282242,4.0,8113358,1379916056.0
acc,2017,22.158521527621016,0.01613141367822926,4.0,8113358,1379916056.0
acc,2017,22.610736252674503,0.015630440146037223,4.0,8113358,1379916056.0
acc,2017,23.062950977727994,0.015134322388474647,4.0,8113358,1379916056.0
acc,2017,23.515165702781484,0.014644136537457816,4.0,8113358,1379916056.0
acc,2017,23.967380427834975,0.014160891612715758,4.0,8113358,1379916056.0
acc,2017,24.419595152888466,0.01368554721655437,4.0,8113358,1379916056.0
acc,2017,24.871809877941956,0.013219032092519813,4.0,8113358,1379916056.0
acc,2017,25.324024602995443,0.012762261185306248,4.0,8113358,1379916056.0
acc,2017,25.776239328048934,0.012316149035870297,4.0,8113358,1379916056.0
acc,2017,26.228454053102425,0.0118816176364453,4.0,8113358,1379916056.0
acc,2017,26.680668778155916,0.011459597464892137,4.0,8113358,1379916056.0
acc,2017,27.132883503209406,0.011051021034066867,4.0,8113358,1379916056.0
acc,2017,27.585098228262897,0.010656808998110669,4.0,8113358,1379916056.0
acc,2017,28.037312953316384,0.010277849582220102,4.0,8113358,1379916056.0
acc,2017,28.489527678369875,0.009914972704860544,4.0,8113358,1379916056.0
acc,2017,28.941742403423365,0.009568920658339359,4.0,8113358,1379916056.0
acc,2017,29.393957128476856,0.009240317520056917,4.0,8113358,1379916056.0
acc,2017,29.846171853530347,0.008929639578946378,4.0,8113358,1379916056.0
acc,2017,30.298386578583834,0.00863718896892285,4.0,8113358,1379916056.0
acc,2017,30.750601303637325,0.008363072429385821,4.0,8113358,1379916056.0
acc,2017,31.202816028690815,0.008107186695514967,4.0,8113358,1379916056.0
acc,2017,31.655030753744306,0.007869211505434254,4.0,8113358,1379916056.0
acc,2017,32.10724547879779,0.007648610649052035,4.0,8113358,1379916056.0
acc,2017,32.55946020385129,0.007444640925976962,4.0,8113358,1379916056.0
acc,2017,33.011674928904775,0.007256368371794741,4.0,8113358,1379916056.0
acc,2017,33.46388965395827,0.007082690689106917,4.0,8113358,1379916056.0
acc,2017,33.916104379011756,0.006922364506103351,4.0,8113358,1379916056.0
acc,2017,34.36831910406524,0.006774035894192453,4.0,8113358,1379916056.0
acc,2017,34.82053382911874,0.006636272509529776,4.0,8113358,1379916056.0
acc,2017,35.272748554172225,0.006507595774719754,4.0,8113358,1379916056.0
acc,2017,35.72496327922572,0.006386511673005978,4.0,8113358,1379916056.0
acc,2017,36.177178004279206,0.006271538969250565,4.0,8113358,1379916056.0
acc,2017,36.6293927293327,0.006161233977696259,4.0,8113358,1379916056.0
acc,2017,37.08160745438619,0.0060542113407430825,4.0,8113358,1379916056.0
acc,2017,37.533822179439674,0.005949160639387736,4.0,8113358,1379916056.0
acc,2017,37.98603690449317,0.005844858996981721,4.0,8113358,1379916056.0
acc,2017,38.438251629546656,0.005740180136991686,4.0,8113358,1379916056.0
acc,2017,38.89046635460015,0.005634100587761611,4.0,8113358,1379916056.0
acc,2017,39.34268107965364,0.005525703872620342,4.0,8113358,1379916056.0
acc,2017,39.794895804707124,0.005414183568249738,4.0,8113358,1379916056.0
acc,2017,40.24711052976062,0.0052988460528940445,4.0,8113358,1379916056.0
acc,2017,40.699325254814106,0.005179113603847051,4.0,8113358,1379916056.0
acc,2017,41.1515399798676,0.00505452825668295,4.0,8113358,1379916056.0
acc,2017,41.60375470492109,0.00492475653302332,4.0,8113358,1379916056.0
acc,2017,42.05596942997458,0.004789594813485444,4.0,8113358,1379916056.0
acc,2017,42.50818415502807,0.004648974816762026,4.0,8113358,1379916056.0
acc,2017,42.960398880081556,0.004502968383895311,4.0,8113358,1379916056.0
acc,2017,43.41261360513505,0.0043517905936321715,4.0,8113358,1379916056.0
acc,2017,43.86482833018854,0.004195800176418131,4.0,8113358,1379916056.0
acc,2017,44.31704305524203,0.004035496264605251,4.0,8113358,1379916056.0
acc,2017,44.76925778029552,0.0038715107137436227,4.0,8113358,1379916056.0
acc,2017,45.221472505349006,0.00370459553807163,4.0,8113358,1379916056.0
acc,2017,45.6736872304025,0.003535605392716203,4.0,8113358,1379916056.0
acc,2017,46.12590195545599,0.003365475465475402,4.0,8113358,1379916056.0
acc,2017,46.57811668050948,0.0031951955663967893,4.0,8113358,1379916056.0
acc,2017,47.03033140556297,0.003025781577394646,4.0,8113358,1379916056.0
acc,2017,47.482546130616456,0.002858245705537661,4.0,8113358,1379916056.0
acc,2017,47.93476085566995,0.002693567140918752,4.0,8113358,1379916056.0
acc,2017,48.38697558072344,0.002532664735167381,4.0,8113358,1379916056.0
acc,2017,48.83919030577693,0.0023763731870923488,4.0,8113358,1379916056.0
acc,2017,49.29140503083042,0.002225423960591641,4.0,8113358,1379916056.0
acc,2017,49.74361975588391,0.002080431793752295,4.0,8113358,1379916056.0
acc,2017,50.1958344809374,0.0019418872245050027,4.0,8113358,1379916056.0
acc,2017,50.64804920599089,0.0018101551011802607,4.0,8113358,1379916056.0
acc,2017,51.10026393104438,0.0016854786110217807,4.0,8113358,1379916056.0
acc,2017,51.55247865609787,0.0015679879876905202,4.0,8113358,1379916056.0
acc,2017,52.00469338115136,0.0014577127835362685,4.0,8113358,1379916056.0
acc,2017,52.45690810620485,0.0013545964359252176,4.0,8113358,1379916056.0
acc,2017,52.90912283125834,0.0012585118278295084,4.0,8113358,1379916056.0
acc,2017,53.36133755631183,0.0011692766359072734,4.0,8113358,1379916056.0
acc,2017,53.81355228136532,0.0010866674565055915,4.0,8113358,1379916056.0
acc,2017,54.26576700641881,0.0010104319731832495,4.0,8113358,1379916056.0
acc,2017,54.7179817314723,0.0009402987437282226,4.0,8113358,1379916056.0
acc,2017,55.170196456525794,0.0008759845029508527,4.0,8113358,1379916056.0
acc,2017,55.62241118157928,0.0008171991643858268,4.0,8113358,1379916056.0
acc,2017,56.07462590663277,0.0007636489298001654,4.0,8113358,1379916056.0
acc,2017,56.52684063168626,0.0007150380593431423,4.0,8113358,1379916056.0
acc,2017,56.97905535673975,0.0006710699074306497,4.0,8113358,1379916056.0
acc,2017,57.431270081793244,0.0006314477916970388,4.0,8113358,1379916056.0
acc,2017,57.88348480684673,0.00059587614706372,4.0,8113358,1379916056.0
acc,2017,58.33569953190022,0.0005640622455340864,4.0,8113358,1379916056.0
acc,2017,58.78791425695371,0.0005357185620247289,4.0,8113358,1379916056.0
acc,2017,59.2401289820072,0.000510565667091147,4.0,8113358,1379916056.0
acc,2017,59.692343707060694,0.000488335357169736,4.0,8113358,1379916056.0
acc,2017,60.14455843211418,0.0004687736155140366,4.0,8113358,1379916056.0
acc,2017,60.59677315716767,0.0004516429483223913,4.0,8113358,1379916056.0
acc,2017,61.04898788222116,0.0004367236671859688,4.0,8113358,1379916056.0
acc,2017,61.50120260727465,0.00042381378740958826,4.0,8113358,1379916056.0
acc,2017,61.953417332328144,0.0004127273689780786,4.0,8113358,1379916056.0
acc,2017,62.40563205738163,0.0004032913222438504,4.0,8113358,1379916056.0
acc,2017,62.857846782435125,0.0003953409080258046,4.0,8113358,1379916056.0
acc,2017,63.31006150748861,0.0003887143541947624,4.0,8113358,1379916056.0
acc,2017,63.7622762325421,0.00038324716211744726,4.0,8113358,1379916056.0
acc,2017,64.21449095759559,0.00037876676561111216,4.0,8113358,1379916056.0
acc,2017,64.66670568264908,0.0003750882189340688,4.0,8113358,1379916056.0
acc,2017,65.11892040770257,0.0003720115246225485,4.0,8113358,1379916056.0
acc,2017,65.57113513275607,0.00036932107223128463,4.0,8113358,1379916056.0
acc,2017,66.02334985780955,0.0003667874598419388,4.0,8113358,1379916056.0
acc,2017,66.47556458286304,0.00036417173340997624,4.0,8113358,1379916056.0
acc,2017,66.92777930791654,0.0003612318310222376,4.0,8113358,1379916056.0
acc,2017,67.37999403297002,0.0003577307876576768,4.0,8113358,1379916056.0
acc,2017,67.83220875802351,0.000353446066774885,4.0,8113358,1379916056.0
acc,2017,68.284423483077,0.00034817925860163994,4.0,8113358,1379916056.0
acc,2017,68.73663820813049,0.0003417653345297136,4.0,8113358,1379916056.0
acc,2017,69.18885293318398,0.00033408067683332804,4.0,8113358,1379916056.0
acc,2017,69.64106765823747,0.0003250492082363213,4.0,8113358,1379916056.0
acc,2017,70.09328238329097,0.0003146461136240621,4.0,8113358,1379916056.0
acc,2017,70.54549710834445,0.0003028988570267907,4.0,8113358,1379916056.0
acc,2017,70.99771183339794,0.000289885427674823,4.0,8113358,1379916056.0
acc,2017,71.44992655845144,0.00027572997531139426,4.0,8113358,1379916056.0
acc,2017,71.90214128350492,0.00026059619485408717,4.0,8113358,1379916056.0
acc,2017,72.35435600855841,0.0002446789760915632,4.0,8113358,1379916056.0
acc,2017,72.8065707336119,0.00022819493364677215,4.0,8113358,1379916056.0
acc,2017,73.2587854586654,0.00021137247110926679,4.0,8113358,1379916056.0
acc,2017,73.71100018371888,0.00019444201305823127,4.0,8113358,1379916056.0
acc,2017,74.16321490877237,0.00017762696761280345,4.0,8113358,1379916056.0
acc,2017,74.61542963382587,0.0001611358724956395,4.0,8113358,1379916056.0
acc,2017,75.06764435887935,0.00014515604420067986,4.0,8113358,1379916056.0
acc,2017,75.51985908393284,0.00012984890804460455,4.0,8113358,1379916056.0
acc,2017,75.97207380898634,0.00011534705070135084,4.0,8113358,1379916056.0
acc,2017,76.42428853403982,0.00010175291765544154,4.0,8113358,1379916056.0
acc,2017,76.87650325909331,8.913898372811345e-05,4.0,8113358,1379916056.0
acc,2017,77.3287179841468,7.754915947989996e-05,4.0,8113358,1379916056.0
acc,2017,77.7809327092003,6.700116032371167e-05,4.0,8113358,1379916056.0
acc,2017,78.23314743425378,5.7489556056738216e-05,4.0,8113358,1379916056.0
acc,2017,78.68536215930727,4.898923157556798e-05,4.0,8113358,1379916056.0
acc,2017,79.13757688436077,4.145901893919124e-05,4.0,8113358,1379916056.0
acc,2017,79.58979160941425,3.48453005725111e-05,4.0,8113358,1379916056.0
acc,2017,80.04200633446774,2.9085427596071042e-05,4.0,8113358,1379916056.0
acc,2017,80.49422105952124,2.411084133006747e-05,4.0,8113358,1379916056.0
acc,2017,80.94643578457473,1.9849826491562044e-05,4.0,8113358,1379916056.0
acc,2017,81.39865050962821,1.6229859308590962e-05,4.0,8113358,1379916056.0
acc,2017,81.8508652346817,1.31795417026307e-05,4.0,8113358,1379916056.0
acc,2017,82.3030799597352,1.0630133762601559e-05,4.0,8113358,1379916056.0
acc,2017,82.75529468478868,8.516711520487256e-06,4.0,8113358,1379916056.0
acc,2017,83.20750940984217,6.7789864853692265e-06,4.0,8113358,1379916056.0
acc,2017,83.65972413489567,5.361828582158159e-06,4.0,8113358,1379916056.0
acc,2017,84.11193885994916,4.215536121634612e-06,4.0,8113358,1379916056.0
acc,2017,84.56415358500264,3.2958961073571786e-06,4.0,8113358,1379916056.0
acc,2017,85.01636831005614,2.564076284582546e-06,4.0,8113358,1379916056.0
acc,2017,85.46858303510963,1.9863873929304235e-06,4.0,8113358,1379916056.0
acc,2017,85.92079776016311,1.5339504776991506e-06,4.0,8113358,1379916056.0
acc,2017,86.3730124852166,1.182300108344983e-06,4.0,8113358,1379916056.0
acc,2017,86.8252272102701,9.109501357954457e-07,4.0,8113358,1379916056.0
acc,2017,87.27744193532358,7.029443401643661e-07,4.0,8113358,1379916056.0
acc,2017,87.72965666037707,5.444101034661199e-07,4.0,8113358,1379916056.0
acc,2017,88.18187138543057,4.241292034206193e-07,4.0,8113358,1379916056.0
acc,2017,88.63408611048406,3.331360694802918e-07,4.0,8113358,1379916056.0
acc,2017,89.08630083553754,2.643504610812061e-07,4.0,8113358,1379916056.0
acc,2017,89.53851556059104,2.1224859006929858e-07,4.0,8113358,1379916056.0
acc,2017,89.99073028564453,1.7257425724065447e-07,4.0,8113358,1379916056.0
acc,2018,0.0,0.03337149587202262,4.0,8102197,1385323080.0
acc,2018,0.4518102137886699,0.03437303132059032,4.0,8102197,1385323080.0
acc,2018,0.9036204275773398,0.035174241729664685,4.0,8102197,1385323080.0
acc,2018,1.3554306413660098,0.0357722003065579,4.0,8102197,1385323080.0
acc,2018,1.8072408551546797,0.036169586171920065,4.0,8102197,1385323080.0
acc,2018,2.2590510689433496,0.03637434698321807,4.0,8102197,1385323080.0
acc,2018,2.7108612827320195,0.03639912714537173,4.0,8102197,1385323080.0
acc,2018,3.1626714965206895,0.036260503798914594,4.0,8102197,1385323080.0
acc,2018,3.6144817103093594,0.035978083475320055,4.0,8102197,1385323080.0
acc,2018,4.06629192409803,0.0355735184501596,4.0,8102197,1385323080.0
acc,2018,4.518102137886699,0.03506950340195676,4.0,8102197,1385323080.0
acc,2018,4.969912351675369,0.03448880963406939,4.0,8102197,1385323080.0
acc,2018,5.421722565464039,0.033853407183733336,4.0,8102197,1385323080.0
acc,2018,5.8735327792527094,0.033183714682068585,4.0,8102197,1385323080.0
acc,2018,6.325342993041379,0.032498004833668076,4.0,8102197,1385323080.0
acc,2018,6.777153206830048,0.0318119802279734,4.0,8102197,1385323080.0
acc,2018,7.228963420618719,0.031138521753590703,4.0,8102197,1385323080.0
acc,2018,7.680773634407389,0.030487600600498217,4.0,8102197,1385323080.0
acc,2018,8.13258384819606,0.0298663357716264,4.0,8102197,1385323080.0
acc,2018,8.584394061984728,0.029279172512676865,4.0,8102197,1385323080.0
acc,2018,9.036204275773398,0.028728153325030172,4.0,8102197,1385323080.0
acc,2018,9.488014489562069,0.02821325206404686,4.0,8102197,1385323080.0
acc,2018,9.939824703350737,0.027732742839839397,4.0,8102197,1385323080.0
acc,2018,10.391634917139408,0.027283578414458557,4.0,8102197,1385323080.0
acc,2018,10.843445130928078,0.026861757044480537,4.0,8102197,1385323080.0
acc,2018,11.295255344716749,0.026462661660452625,4.0,8102197,1385323080.0
acc,2018,11.747065558505419,0.026081360308415246,4.0,8102197,1385323080.0
acc,2018,12.198875772294087,0.025712861538850357,4.0,8102197,1385323080.0
acc,2018,12.650685986082758,0.025352322588986065,4.0,8102197,1385323080.0
acc,2018,13.102496199871428,0.024995211421877904,4.0,8102197,1385323080.0
acc,2018,13.554306413660097,0.02463742617753172,4.0,8102197,1385323080.0
acc,2018,14.006116627448767,0.02427537695612647,4.0,8102197,1385323080.0
acc,2018,14.457926841237438,0.02390603566931473,4.0,8102197,1385323080.0
acc,2018,14.909737055026108,0.023526959702195996,4.0,8102197,1385323080.0
acc,2018,15.361547268814778,0.023136294731869074,4.0,8102197,1385323080.0
acc,2018,15.813357482603447,0.02273276137957255,4.0,8102197,1385323080.0
acc,2018,16.26516769639212,0.02231562954421659,4.0,8102197,1385323080.0
acc,2018,16.716977910180788,0.02188468341189721,4.0,8102197,1385323080.0
acc,2018,17.168788123969456,0.02144017946698572,4.0,8102197,1385323080.0
acc,2018,17.62059833775813,0.02098279915115885,4.0,8102197,1385323080.0
acc,2018,18.072408551546797,0.02051359749849791,4.0,8102197,1385323080.0
acc,2018,18.524218765335466,0.02003394876271579,4.0,8102197,1385323080.0
acc,2018,18.976028979124138,0.019545490002026336,4.0,8102197,1385323080.0
acc,2018,19.427839192912806,0.019050063591974562,4.0,8102197,1385323080.0
acc,2018,19.879649406701475,0.018549659733039812,4.0,8102197,1385323080.0
acc,2018,20.331459620490147,0.018046360101046887,4.0,8102197,1385323080.0
acc,2018,20.783269834278816,0.017542283918732242,4.0,8102197,1385323080.0
acc,2018,21.235080048067488,0.01703953771009222,4.0,8102197,1385323080.0
acc,2018,21.686890261856156,0.01654016995823349,4.0,8102197,1385323080.0
acc,2018,22.138700475644825,0.01604613177117255,4.0,8102197,1385323080.0
acc,2018,22.590510689433497,0.015559244384103957,4.0,8102197,1385323080.0
acc,2018,23.042320903222166,0.015081174030698365,4.0,8102197,1385323080.0
acc,2018,23.494131117010838,0.014613414366361401,4.0,8102197,1385323080.0
acc,2018,23.945941330799506,0.014157276210073436,4.0,8102197,1385323080.0
acc,2018,24.397751544588175,0.013713884020199681,4.0,8102197,1385323080.0
acc,2018,24.849561758376847,0.01328417816725055,4.0,8102197,1385323080.0
acc,2018,25.301371972165516,0.012868921850736752,4.0,8102197,1385323080.0
acc,2018,25.753182185954184,0.012468711326015527,4.0,8102197,1385323080.0
acc,2018,26.204992399742856,0.012083988083810308,4.0,8102197,1385323080.0
acc,2018,26.656802613531525,0.011715051705180099,4.0,8102197,1385323080.0
acc,2018,27.108612827320194,0.011362072283395062,4.0,8102197,1385323080.0
acc,2018,27.560423041108866,0.011025101554446078,4.0,8102197,1385323080.0
acc,2018,28.012233254897534,0.010704082209809567,4.0,8102197,1385323080.0
acc,2018,28.464043468686206,0.010398855157354987,4.0,8102197,1385323080.0
acc,2018,28.915853682474875,0.010109164856518913,4.0,8102197,1385323080.0
acc,2018,29.367663896263544,0.009834663074140168,4.0,8102197,1385323080.0
acc,2018,29.819474110052216,0.009574911664084302,4.0,8102197,1385323080.0
acc,2018,30.271284323840884,0.009329385073847674,4.0,8102197,1385323080.0
acc,2018,30.723094537629557,0.009097473340539146,4.0,8102197,1385323080.0
acc,2018,31.174904751418225,0.008878486295707706,4.0,8102197,1385323080.0
acc,2018,31.626714965206894,0.008671659588880241,4.0,8102197,1385323080.0
acc,2018,32.07852517899556,0.008476162966609455,4.0,8102197,1385323080.0
acc,2018,32.53033539278424,0.008291111027544847,4.0,8102197,1385323080.0
acc,2018,32.98214560657291,0.008115576433248388,4.0,8102197,1385323080.0
acc,2018,33.433955820361575,0.007948605305919877,4.0,8102197,1385323080.0
acc,2018,33.885766034150244,0.007789234307185031,4.0,8102197,1385323080.0
acc,2018,34.33757624793891,0.007636508682812561,4.0,8102197,1385323080.0
acc,2018,34.78938646172758,0.0074895003919033965,4.0,8102197,1385323080.0
acc,2018,35.24119667551626,0.007347325330013502,4.0,8102197,1385323080.0
acc,2018,35.693006889304925,0.007209158615454745,4.0,8102197,1385323080.0
acc,2018,36.144817103093594,0.007074246945897896,4.0,8102197,1385323080.0
acc,2018,36.59662731688226,0.006941917153408497,4.0,8102197,1385323080.0
acc,2018,37.04843753067093,0.006811580290198616,4.0,8102197,1385323080.0
acc,2018,37.50024774445961,0.0066827308576687785,4.0,8102197,1385323080.0
acc,2018,37.952057958248275,0.006554941133468388,4.0,8102197,1385323080.0
acc,2018,38.403868172036944,0.006427850933069337,4.0,8102197,1385323080.0
acc,2018,38.85567838582561,0.006301153534400283,4.0,8102197,1385323080.0
acc,2018,39.30748859961428,0.006174578861963163,4.0,8102197,1385323080.0
acc,2018,39.75929881340295,0.00604787533389484,4.0,8102197,1385323080.0
acc,2018,40.211109027191625,0.005920791986418132,4.0,8102197,1385323080.0
acc,2018,40.662919240980294,0.005793062575717858,4.0,8102197,1385323080.0
acc,2018,41.11472945476896,0.005664393297651288,4.0,8102197,1385323080.0
acc,2018,41.56653966855763,0.005534455554315069,4.0,8102197,1385323080.0
acc,2018,42.0183498823463,0.00540288484142628,4.0,8102197,1385323080.0
acc,2018,42.470160096134975,0.005269286355534438,4.0,8102197,1385323080.0
acc,2018,42.921970309923644,0.0051332473625346825,4.0,8102197,1385323080.0
acc,2018,43.37378052371231,0.0049943557769093205,4.0,8102197,1385323080.0
acc,2018,43.82559073750098,0.004852223828314091,4.0,8102197,1385323080.0
acc,2018,44.27740095128965,0.004706515192834353,4.0,8102197,1385323080.0
acc,2018,44.729211165078326,0.004556973588952003,4.0,8102197,1385323080.0
acc,2018,45.181021378866994,0.004403450620880992,4.0,8102197,1385323080.0
acc,2018,45.63283159265566,0.004245930617221668,4.0,8102197,1385323080.0
acc,2018,46.08464180644433,0.004084550366290012,4.0,8102197,1385323080.0
acc,2018,46.536452020233,0.003919611978380777,4.0,8102197,1385323080.0
acc,2018,46.988262234021676,0.0037515875806734458,4.0,8102197,1385323080.0
acc,2018,47.440072447810344,0.0035811151301539997,4.0,8102197,1385323080.0
acc,2018,47.89188266159901,0.0034089852630278888,4.0,8102197,1385323080.0
acc,2018,48.34369287538768,0.003236119731447623,4.0,8102197,1385323080.0
acc,2018,48.79550308917635,0.0030635425579912637,4.0,8102197,1385323080.0
acc,2018,49.24731330296502,0.002892345520260041,4.0,8102197,1385323080.0
acc,2018,49.699123516753694,0.002723649928153875,4.0,8102197,1385323080.0
acc,2018,50.15093373054236,0.0025585668540974438,4.0,8102197,1385323080.0
acc,2018,50.60274394433103,0.002398158015186806,4.0,8102197,1385323080.0
acc,2018,51.0545541581197,0.00224339939299161,4.0,8102197,1385323080.0
acc,2018,51.50636437190837,0.002095149430305653,4.0,8102197,1385323080.0
acc,2018,51.958174585697044,0.0019541232921069093,4.0,8102197,1385323080.0
acc,2018,52.40998479948571,0.0018208742535155901,4.0,8102197,1385323080.0
acc,2018,52.86179501327438,0.0016957828158540803,4.0,8102197,1385323080.0
acc,2018,53.31360522706305,0.00157905368724929,4.0,8102197,1385323080.0
acc,2018,53.76541544085172,0.0014707203271547662,4.0,8102197,1385323080.0
acc,2018,54.21722565464039,0.0013706563697927071,4.0,8102197,1385323080.0
acc,2018,54.66903586842906,0.001278592928318935,4.0,8102197,1385323080.0
acc,2018,55.12084608221773,0.0011941405510088518,4.0,8102197,1385323080.0
acc,2018,55.5726562960064,0.0011168144577344053,4.0,8102197,1385323080.0
acc,2018,56.02446650979507,0.0010460616281961258,4.0,8102197,1385323080.0
acc,2018,56.47627672358374,0.0009812883365535976,4.0,8102197,1385323080.0
acc,2018,56.92808693737241,0.0009218868201543958,4.0,8102197,1385323080.0
acc,2018,57.37989715116108,0.0008672599202858494,4.0,8102197,1385323080.0
acc,2018,57.83170736494975,0.0008168427260771946,4.0,8102197,1385323080.0
acc,2018,58.28351757873842,0.0007701204742623244,4.0,8102197,1385323080.0
acc,2018,58.73532779252709,0.0007266421933711068,4.0,8102197,1385323080.0
acc,2018,59.18713800631576,0.0006860298181532939,4.0,8102197,1385323080.0
acc,2018,59.63894822010443,0.0006479827275503117,4.0,8102197,1385323080.0
acc,2018,60.0907584338931,0.0006122778683066541,4.0,8102197,1385323080.0
acc,2018,60.54256864768177,0.000578765809656281,4.0,8102197,1385323080.0
acc,2018,60.99437886147044,0.0005473632279373932,4.0,8102197,1385323080.0
acc,2018,61.44618907525911,0.0005180424410404878,4.0,8102197,1385323080.0
acc,2018,61.89799928904778,0.0004908187004951509,4.0,8102197,1385323080.0
acc,2018,62.34980950283645,0.0004657360042158227,4.0,8102197,1385323080.0
acc,2018,62.80161971662512,0.00044285221668589057,4.0,8102197,1385323080.0
acc,2018,63.25342993041379,0.00042222427727106355,4.0,8102197,1385323080.0
acc,2018,63.705240144202456,0.00040389424308439367,4.0,8102197,1385323080.0
acc,2018,64.15705035799112,0.0003878768519877772,4.0,8102197,1385323080.0
acc,2018,64.6088605717798,0.0003741492054945903,4.0,8102197,1385323080.0
acc,2018,65.06067078556848,0.00036264306233322404,4.0,8102197,1385323080.0
acc,2018,65.51248099935714,0.00035324010358753547,4.0,8102197,1385323080.0
acc,2018,65.96429121314581,0.00034577038295206764,4.0,8102197,1385323080.0
acc,2018,66.41610142693447,0.00034001401534457113,4.0,8102197,1385323080.0
acc,2018,66.86791164072315,0.00033570599007204355,4.0,8102197,1385323080.0
acc,2018,67.31972185451181,0.0003325438286626528,4.0,8102197,1385323080.0
acc,2018,67.77153206830049,0.00033019765136311087,4.0,8102197,1385323080.0
acc,2018,68.22334228208916,0.0003283220799121321,4.0,8102197,1385323080.0
acc,2018,68.67515249587782,0.0003265692972393086,4.0,8102197,1385323080.0
acc,2018,69.1269627096665,0.0003246025159032357,4.0,8102197,1385323080.0
acc,2018,69.57877292345516,0.00032210908305040916,4.0,8102197,1385323080.0
acc,2018,70.03058313724384,0.0003188124741860517,4.0,8102197,1385323080.0
acc,2018,70.48239335103251,0.00031448250120218375,4.0,8102197,1385323080.0
acc,2018,70.93420356482117,0.0003089431780276733,4.0,8102197,1385323080.0
acc,2018,71.38601377860985,0.0003020778421575628,4.0,8102197,1385323080.0
acc,2018,71.83782399239851,0.0002938313110042063,4.0,8102197,1385323080.0
acc,2018,72.28963420618719,0.00028420904484814517,4.0,8102197,1385323080.0
acc,2018,72.74144441997586,0.0002732734782924755,4.0,8102197,1385323080.0
acc,2018,73.19325463376452,0.0002611378548835733,4.0,8102197,1385323080.0
acc,2018,73.6450648475532,0.0002479580419225759,4.0,8102197,1385323080.0
acc,2018,74.09687506134186,0.000233922904313581,4.0,8102197,1385323080.0
acc,2018,74.54868527513054,0.00021924387126792344,4.0,8102197,1385323080.0
acc,2018,75.00049548891921,0.00020414433585286504,4.0,8102197,1385323080.0
acc,2018,75.45230570270787,0.0001888494871747729,4.0,8102197,1385323080.0
acc,2018,75.90411591649655,0.000173577094817029,4.0,8102197,1385323080.0
acc,2018,76.35592613028521,0.00015852965452816517,4.0,8102197,1385323080.0
acc,2018,76.80773634407389,0.00014388817458809442,4.0,8102197,1385323080.0
acc,2018,77.25954655786256,0.0001298077460063431,4.0,8102197,1385323080.0
acc,2018,77.71135677165123,0.00011641490843338907,4.0,8102197,1385323080.0
acc,2018,78.1631669854399,0.00010380670747462847,4.0,8102197,1385323080.0
acc,2018,78.61497719922856,9.205124561302025e-05,4.0,8102197,1385323080.0
acc,2018,79.06678741301724,8.118946286122446e-05,4.0,8102197,1385323080.0
acc,2018,79.5185976268059,7.123784621118266e-05,4.0,8102197,1385323080.0
acc,2018,79.97040784059458,6.219175772619177e-05,4.0,8102197,1385323080.0
acc,2018,80.42221805438325,5.402908618411156e-05,4.0,8102197,1385323080.0
acc,2018,80.87402826817191,4.671396132547368e-05,4.0,8102197,1385323080.0
acc,2018,81.32583848196059,4.020031688239206e-05,4.0,8102197,1385323080.0
acc,2018,81.77764869574925,3.4435142406093406e-05,4.0,8102197,1385323080.0
acc,2018,82.22945890953793,2.936131870840359e-05,4.0,8102197,1385323080.0
acc,2018,82.6812691233266,2.491998270388944e-05,4.0,8102197,1385323080.0
acc,2018,83.13307933711526,2.105241108393726e-05,4.0,8102197,1385323080.0
acc,2018,83.58488955090394,1.7701446461422935e-05,4.0,8102197,1385323080.0
acc,2018,84.0366997646926,1.4812513611913987e-05,4.0,8102197,1385323080.0
acc,2018,84.48850997848128,1.233428755593898e-05,4.0,8102197,1385323080.0
acc,2018,84.94032019226995,1.0219080684569343e-05,4.0,8102197,1385323080.0
acc,2018,85.39213040605861,8.42301467761504e-06,4.0,8102197,1385323080.0
acc,2018,85.84394061984729,6.9060365882749424e-06,4.0,8102197,1385323080.0
acc,2018,86.29575083363595,5.631829132313957e-06,4.0,8102197,1385323080.0
acc,2018,86.74756104742463,4.567654660537845e-06,4.0,8102197,1385323080.0
acc,2018,87.1993712612133,3.6841618947565917e-06,4.0,8102197,1385323080.0
acc,2018,87.65118147500196,2.9551752446068187e-06,4.0,8102197,1385323080.0
acc,2018,88.10299168879064,2.357478965706973e-06,4.0,8102197,1385323080.0
acc,2018,88.5548019025793,1.870602782804373e-06,4.0,8102197,1385323080.0
acc,2018,89.00661211636798,1.476611820332306e-06,4.0,8102197,1385323080.0
acc,2018,89.45842233015665,1.1599015022494375e-06,4.0,8102197,1385323080.0
acc,2018,89.91023254394531,9.069971442844334e-07,4.0,8102197,1385323080.0
acc,2019,0.0,0.03170794960135252,4.0,8090047,1390262069.0
acc,2019,0.4520563863629672,0.032691975848240164,4.0,8090047,1390262069.0
acc,2019,0.9041127727259344,0.03349917494946492,4.0,8090047,1390262069.0
acc,2019,1.3561691590889016,0.034126054060136655,4.0,8090047,1390262069.0
acc,2019,1.8082255454518688,0.03457386311312804,4.0,8090047,1390262069.0
acc,2019,2.260281931814836,0.03484834464216182,4.0,8090047,1390262069.0
acc,2019,2.712338318177803,0.03495929147259683,4.0,8090047,1390262069.0
acc,2019,3.1643947045407703,0.03491994453284461,4.0,8090047,1390262069.0
acc,2019,3.6164510909037375,0.03474627166721448,4.0,8090047,1390262069.0
acc,2019,4.068507477266705,0.03445617360245164,4.0,8090047,1390262069.0
acc,2019,4.520563863629672,0.03406866491008048,4.0,8090047,1390262069.0
acc,2019,4.972620249992639,0.03360307592375079,4.0,8090047,1390262069.0
acc,2019,5.424676636355606,0.03307831654681137,4.0,8090047,1390262069.0
acc,2019,5.8767330227185735,0.03251223529998742,4.0,8090047,1390262069.0
acc,2019,6.328789409081541,0.03192109781676428,4.0,8090047,1390262069.0
acc,2019,6.780845795444508,0.03131919887337502,4.0,8090047,1390262069.0
acc,2019,7.232902181807475,0.030718612142992856,4.0,8090047,1390262069.0
acc,2019,7.684958568170442,0.030129072809288664,4.0,8090047,1390262069.0
acc,2019,8.13701495453341,0.029557980574057674,4.0,8090047,1390262069.0
acc,2019,8.589071340896377,0.029010504919499986,4.0,8090047,1390262069.0
acc,2019,9.041127727259344,0.028489770962229218,4.0,8090047,1390262069.0
acc,2019,9.493184113622311,0.02799710272038827,4.0,8090047,1390262069.0
acc,2019,9.945240499985278,0.027532301063523126,4.0,8090047,1390262069.0
acc,2019,10.397296886348245,0.02709393559039597,4.0,8090047,1390262069.0
acc,2019,10.849353272711213,0.02667963276031377,4.0,8090047,1390262069.0
acc,2019,11.30140965907418,0.026286346452984624,4.0,8090047,1390262069.0
acc,2019,11.753466045437147,0.025910601149365536,4.0,8090047,1390262069.0
acc,2019,12.205522431800114,0.025548701855883673,4.0,8090047,1390262069.0
acc,2019,12.657578818163081,0.02519690837942202,4.0,8090047,1390262069.0
acc,2019,13.109635204526048,0.024851574430507506,4.0,8090047,1390262069.0
acc,2019,13.561691590889016,0.024509254130811238,4.0,8090047,1390262069.0
acc,2019,14.013747977251983,0.02416677990538451,4.0,8090047,1390262069.0
acc,2019,14.46580436361495,0.023821316364074165,4.0,8090047,1390262069.0
acc,2019,14.917860749977917,0.023470394887581986,4.0,8090047,1390262069.0
acc,2019,15.369917136340884,0.02311193327210957,4.0,8090047,1390262069.0
acc,2019,15.821973522703852,0.022744244136736053,4.0,8090047,1390262069.0
acc,2019,16.27402990906682,0.022366034981867223,4.0,8090047,1390262069.0
acc,2019,16.726086295429788,0.021976402005741198,4.0,8090047,1390262069.0
acc,2019,17.178142681792753,0.02157481903579677,4.0,8090047,1390262069.0
acc,2019,17.63019906815572,0.021161122375752968,4.0,8090047,1390262069.0
acc,2019,18.082255454518688,0.02073549194076845,4.0,8090047,1390262069.0
acc,2019,18.534311840881657,0.02029842886028515,4.0,8090047,1390262069.0
acc,2019,18.986368227244622,0.019850729681154533,4.0,8090047,1390262069.0
acc,2019,19.438424613607587,0.01939345735899535,4.0,8090047,1390262069.0
acc,2019,19.890480999970556,0.018927909429865965,4.0,8090047,1390262069.0
acc,2019,20.342537386333525,0.018455583877172617,4.0,8090047,1390262069.0
acc,2019,20.79459377269649,0.017978143438300252,4.0,8090047,1390262069.0
acc,2019,21.246650159059456,0.017497379200946794,4.0,8090047,1390262069.0
acc,2019,21.698706545422425,0.017015174335868292,4.0,8090047,1390262069.0
acc,2019,22.150762931785394,0.01653346882965379,4.0,8090047,1390262069.0
acc,2019,22.60281931814836,0.016054225907133773,4.0,8090047,1390262069.0
acc,2019,23.054875704511325,0.015579400628146401,4.0,8090047,1390262069.0
acc,2019,23.506932090874294,0.015110910924240288,4.0,8090047,1390262069.0
acc,2019,23.958988477237263,0.014650611072703351,4.0,8090047,1390262069.0
acc,2019,24.411044863600228,0.014200267383667801,4.0,8090047,1390262069.0
acc,2019,24.863101249963194,0.013761535721378183,4.0,8090047,1390262069.0
acc,2019,25.315157636326163,0.013335940390917612,4.0,8090047,1390262069.0
acc,2019,25.76721402268913,0.012924853957936227,4.0,8090047,1390262069.0
acc,2019,26.219270409052097,0.0125294776987287,4.0,8090047,1390262069.0
acc,2019,26.671326795415062,0.012150822566901606,4.0,8090047,1390262069.0
acc,2019,27.12338318177803,0.011789690891138677,4.0,8090047,1390262069.0
acc,2019,27.575439568141,0.011446659298571318,4.0,8090047,1390262069.0
acc,2019,28.027495954503966,0.011122063695507941,4.0,8090047,1390262069.0
acc,2019,28.47955234086693,0.01081598735470851,4.0,8090047,1390262069.0
acc,2019,28.9316087272299,0.010528253380420627,4.0,8090047,1390262069.0
acc,2019,29.38366511359287,0.010258422801375618,4.0,8090047,1390262069.0
acc,2019,29.835721499955834,0.010005799494807857,4.0,8090047,1390262069.0
acc,2019,30.2877778863188,0.009769442872282348,4.0,8090047,1390262069.0
acc,2019,30.73983427268177,0.00954818889397365,4.0,8090047,1390262069.0
acc,2019,31.191890659044738,0.009340679491486365,4.0,8090047,1390262069.0
acc,2019,31.643947045407703,0.009145399931224483,4.0,8090047,1390262069.0
acc,2019,32.09600343177067,0.008960723082483565,4.0,8090047,1390262069.0
acc,2019,32.54805981813364,0.00878495901482896,4.0,8090047,1390262069.0
acc,2019,33.00011620449661,0.008616407892837607,4.0,8090047,1390262069.0
acc,2019,33.452172590859576,0.008453413799733191,4.0,8090047,1390262069.0
acc,2019,33.90422897722254,0.008294416938508666,4.0,8090047,1390262069.0
acc,2019,34.356285363585506,0.008138001645125244,4.0,8090047,1390262069.0
acc,2019,34.808341749948475,0.007982937808354065,4.0,8090047,1390262069.0
acc,2019,35.26039813631144,0.007828213609660312,4.0,8090047,1390262069.0
acc,2019,35.712454522674406,0.007673057952510007,4.0,8090047,1390262069.0
acc,2019,36.164510909037375,0.007516951507526707,4.0,8090047,1390262069.0
acc,2019,36.616567295400344,0.007359625919308159,4.0,8090047,1390262069.0
acc,2019,37.06862368176331,0.007201051359699336,4.0,8090047,1390262069.0
acc,2019,37.520680068126275,0.007041413230704846,4.0,8090047,1390262069.0
acc,2019,37.972736454489244,0.006881079381768665,4.0,8090047,1390262069.0
acc,2019,38.42479284085221,0.0067205596810352075,4.0,8090047,1390262069.0
acc,2019,38.876849227215175,0.00656046014650881,4.0,8090047,1390262069.0
acc,2019,39.328905613578144,0.006401434086141536,4.0,8090047,1390262069.0
acc,2019,39.78096199994111,0.006244132808927516,4.0,8090047,1390262069.0
acc,2019,40.23301838630408,0.006089158451463753,4.0,8090047,1390262069.0
acc,2019,40.68507477266705,0.005937021321153197,4.0,8090047,1390262069.0
acc,2019,41.13713115903001,0.005788103897825681,4.0,8090047,1390262069.0
acc,2019,41.58918754539298,0.005642633273446239,4.0,8090047,1390262069.0
acc,2019,42.04124393175595,0.0055006633618410305,4.0,8090047,1390262069.0
acc,2019,42.49330031811891,0.005362067697041392,4.0,8090047,1390262069.0
acc,2019,42.94535670448188,0.005226543083437441,4.0,8090047,1390262069.0
acc,2019,43.39741309084485,0.005093623789476585,4.0,8090047,1390262069.0
acc,2019,43.84946947720782,0.004962705417726722,4.0,8090047,1390262069.0
acc,2019,44.30152586357079,0.004833077067218334,4.0,8090047,1390262069.0
acc,2019,44.75358224993375,0.004703959958555557,4.0,8090047,1390262069.0
acc,2019,45.20563863629672,0.0045745503453551994,4.0,8090047,1390262069.0
acc,2019,45.65769502265969,0.004444064309866885,4.0,8090047,1390262069.0
acc,2019,46.10975140902265,0.004311781952189814,4.0,8090047,1390262069.0
acc,2019,46.56180779538562,0.0041770885390811615,4.0,8090047,1390262069.0
acc,2019,47.01386418174859,0.004039510377877044,4.0,8090047,1390262069.0
acc,2019,47.46592056811156,0.003898743511533174,4.0,8090047,1390262069.0
acc,2019,47.917976954474526,0.003754673770478266,4.0,8090047,1390262069.0
acc,2019,48.37003334083749,0.0036073872364062185,4.0,8090047,1390262069.0
acc,2019,48.822089727200456,0.003457170736846438,4.0,8090047,1390262069.0
acc,2019,49.274146113563425,0.0033045025594843594,4.0,8090047,1390262069.0
acc,2019,49.72620249992639,0.003150034114172113,4.0,8090047,1390262069.0
acc,2019,50.178258886289356,0.002994563744567331,4.0,8090047,1390262069.0
acc,2019,50.630315272652325,0.00283900427274719,4.0,8090047,1390262069.0
acc,2019,51.082371659015294,0.002684346129637533,4.0,8090047,1390262069.0
acc,2019,51.53442804537826,0.002531618071590985,4.0,8090047,1390262069.0
acc,2019,51.986484431741225,0.002381847508182752,4.0,8090047,1390262069.0
acc,2019,52.438540818104194,0.002236022376134333,4.0,8090047,1390262069.0
acc,2019,52.89059720446716,0.002095056303947375,4.0,8090047,1390262069.0
acc,2019,53.342653590830125,0.0019597585412715387,4.0,8090047,1390262069.0
acc,2019,53.794709977193094,0.0018308097988445366,4.0,8090047,1390262069.0
acc,2019,54.24676636355606,0.001708744782508811,4.0,8090047,1390262069.0
acc,2019,54.69882274991903,0.0015939418307042345,4.0,8090047,1390262069.0
acc,2019,55.150879136282,0.0014866196989761506,4.0,8090047,1390262069.0
acc,2019,55.60293552264496,0.0013868411942372422,4.0,8090047,1390262069.0
acc,2019,56.05499190900793,0.001294523059057551,4.0,8090047,1390262069.0
acc,2019,56.5070482953709,0.0012094512519550587,4.0,8090047,1390262069.0
acc,2019,56.95910468173386,0.0011313005702225205,4.0,8090047,1390262069.0
acc,2019,57.41116106809683,0.001059657421307707,4.0,8090047,1390262069.0
acc,2019,57.8632174544598,0.0009940444690295998,4.0,8090047,1390262069.0
acc,2019,58.31527384082277,0.0009339458619673965,4.0,8090047,1390262069.0
acc,2019,58.76733022718574,0.0008788317915402006,4.0,8090047,1390262069.0
acc,2019,59.2193866135487,0.0008281812232969627,4.0,8090047,1390262069.0
acc,2019,59.67144299991167,0.0007815017917122798,4.0,8090047,1390262069.0
acc,2019,60.12349938627464,0.000738346039416686,4.0,8090047,1390262069.0
acc,2019,60.5755557726376,0.0006983234074330849,4.0,8090047,1390262069.0
acc,2019,61.02761215900057,0.0006611076329043544,4.0,8090047,1390262069.0
acc,2019,61.47966854536354,0.0006264394726293974,4.0,8090047,1390262069.0
acc,2019,61.93172493172651,0.0005941249309689449,4.0,8090047,1390262069.0
acc,2019,62.383781318089476,0.0005640294153801253,4.0,8090047,1390262069.0
acc,2019,62.83583770445244,0.0005360684583966547,4.0,8090047,1390262069.0
acc,2019,63.287894090815406,0.0005101958190042938,4.0,8090047,1390262069.0
acc,2019,63.739950477178375,0.00048638989897979387,4.0,8090047,1390262069.0
acc,2019,64.19200686354134,0.000464639473777511,4.0,8090047,1390262069.0
acc,2019,64.6440632499043,0.00044492973947164006,4.0,8090047,1390262069.0
acc,2019,65.09611963626728,0.0004272296175500604,4.0,8090047,1390262069.0
acc,2019,65.54817602263024,0.0004114811424563606,4.0,8090047,1390262069.0
acc,2019,66.00023240899321,0.0003975915908853976,4.0,8090047,1390262069.0
acc,2019,66.45228879535618,0.00038542880835169005,4.0,8090047,1390262069.0
acc,2019,66.90434518171915,0.0003748199613036246,4.0,8090047,1390262069.0
acc,2019,67.3564015680821,0.0003655537073609636,4.0,8090047,1390262069.0
acc,2019,67.80845795444507,0.000357385547833196,4.0,8090047,1390262069.0
acc,2019,68.26051434080804,0.00035004592057773324,4.0,8090047,1390262069.0
acc,2019,68.71257072717101,0.0003432504207977153,4.0,8090047,1390262069.0
acc,2019,69.16462711353398,0.00033671141321944896,4.0,8090047,1390262069.0
acc,2019,69.61668349989695,0.00033015022849474377,4.0,8090047,1390262069.0
acc,2019,70.06873988625992,0.00032330912301625363,4.0,8090047,1390262069.0
acc,2019,70.52079627262287,0.0003159622238826146,4.0,8090047,1390262069.0
acc,2019,70.97285265898584,0.0003079247747664036,4.0,8090047,1390262069.0
acc,2019,71.42490904534881,0.00029906013557577383,4.0,8090047,1390262069.0
acc,2019,71.87696543171178,0.00028928415779643277,4.0,8090047,1390262069.0
acc,2019,72.32902181807475,0.0002785667449843891,4.0,8090047,1390262069.0
acc,2019,72.78107820443772,0.00026693059985314477,4.0,8090047,1390262069.0
acc,2019,73.23313459080069,0.0002544473417750964,4.0,8090047,1390262069.0
acc,2019,73.68519097716366,0.0002412313386276031,4.0,8090047,1390262069.0
acc,2019,74.13724736352663,0.00022743172438228587,4.0,8090047,1390262069.0
acc,2019,74.58930374988958,0.00021322316132387013,4.0,8090047,1390262069.0
acc,2019,75.04136013625255,0.00019879594945099895,4.0,8090047,1390262069.0
acc,2019,75.49341652261552,0.00018434608524335898,4.0,8090047,1390262069.0
acc,2019,75.94547290897849,0.00017006583079245735,4.0,8090047,1390262069.0
acc,2019,76.39752929534146,0.00015613527844070727,4.0,8090047,1390262069.0
acc,2019,76.84958568170443,0.00014271529391467005,4.0,8090047,1390262069.0
acc,2019,77.3016420680674,0.00012994210217028715,4.0,8090047,1390262069.0
acc,2019,77.75369845443035,0.0001179236548957706,4.0,8090047,1390262069.0
acc,2019,78.20575484079332,0.00010673779647543978,4.0,8090047,1390262069.0
acc,2019,78.65781122715629,9.643213461269373e-05,4.0,8090047,1390262069.0
acc,2019,79.10986761351926,8.702542935603246e-05,4.0,8090047,1390262069.0
acc,2019,79.56192399988223,7.851024444700778e-05,4.0,8090047,1390262069.0
acc,2019,80.0139803862452,7.085655994311389e-05,4.0,8090047,1390262069.0
acc,2019,80.46603677260816,6.401602504603983e-05,4.0,8090047,1390262069.0
acc,2019,80.91809315897113,5.792653320009708e-05,4.0,8090047,1390262069.0
acc,2019,81.3701495453341,5.2516824560310056e-05,4.0,8090047,1390262069.0
acc,2019,81.82220593169706,4.771085960383906e-05,4.0,8090047,1390262069.0
acc,2019,82.27426231806002,4.343175718721445e-05,4.0,8090047,1390262069.0
acc,2019,82.726318704423,3.9605145872543324e-05,4.0,8090047,1390262069.0
acc,2019,83.17837509078596,3.616183429690709e-05,4.0,8090047,1390262069.0
acc,2019,83.63043147714893,3.303976077064724e-05,4.0,8090047,1390262069.0
acc,2019,84.0824878635119,3.0185230978425395e-05,4.0,8090047,1390262069.0
acc,2019,84.53454424987487,2.755349332282128e-05,4.0,8090047,1390262069.0
acc,2019,84.98660063623782,2.5108732697271434e-05,4.0,8090047,1390262069.0
acc,2019,85.4386570226008,2.282358475660296e-05,4.0,8090047,1390262069.0
acc,2019,85.89071340896376,2.067828427063844e-05,4.0,8090047,1390262069.0
acc,2019,86.34276979532673,1.8659563713170475e-05,4.0,8090047,1390262069.0
acc,2019,86.7948261816897,1.6759413128195285e-05,4.0,8090047,1390262069.0
acc,2019,87.24688256805267,1.4973801102947153e-05,4.0,8090047,1390262069.0
acc,2019,87.69893895441564,1.3301441088440031e-05,4.0,8090047,1390262069.0
acc,2019,88.1509953407786,1.1742669081801835e-05,4.0,8090047,1390262069.0
acc,2019,88.60305172714158,1.0298479455253579e-05,4.0,8090047,1390262069.0
acc,2019,89.05510811350453,8.969746921661867e-06,4.0,8090047,1390262069.0
acc,2019,89.5071644998675,7.756645439410958e-06,4.0,8090047,1390262069.0
acc,2019,89.95922088623047,6.658260149555278e-06,4.0,8090047,1390262069.0
acc,2020,0.0,0.030548775706164558,4.0,8067861,1394291598.0
acc,2020,0.4522308272932043,0.03155297520084817,4.0,8067861,1394291598.0
acc,2020,0.9044616545864086,0.032378433832502516,4.0,8067861,1394291598.0
acc,2020,1.3566924818796129,0.03302188548154518,4.0,8067861,1394291598.0
acc,2020,1.8089233091728172,0.03348524428201903,4.0,8067861,1394291598.0
acc,2020,2.2611541364660215,0.033775282238074446,4.0,8067861,1394291598.0
acc,2020,2.7133849637592258,0.03390308403197229,4.0,8067861,1394291598.0
acc,2020,3.16561579105243,0.03388332135889474,4.0,8067861,1394291598.0
acc,2020,3.6178466183456344,0.03373339931329347,4.0,8067861,1394291598.0
acc,2020,4.070077445638839,0.0334725330673383,4.0,8067861,1394291598.0
acc,2020,4.522308272932043,0.033120813886583,4.0,8067861,1394291598.0
acc,2020,4.974539100225247,0.03269831975315549,4.0,8067861,1394291598.0
acc,2020,5.4267699275184516,0.03222431809795087,4.0,8067861,1394291598.0
acc,2020,5.879000754811656,0.031716597443196645,4.0,8067861,1394291598.0
acc,2020,6.33123158210486,0.031190952227854275,4.0,8067861,1394291598.0
acc,2020,6.783462409398064,0.03066083211417665,4.0,8067861,1394291598.0
acc,2020,7.235693236691269,0.03013715462095435,4.0,8067861,1394291598.0
acc,2020,7.6879240639844735,0.02962826911856432,4.0,8067861,1394291598.0
acc,2020,8.140154891277678,0.0291400518476039,4.0,8067861,1394291598.0
acc,2020,8.592385718570881,0.028676105742357627,4.0,8067861,1394291598.0
acc,2020,9.044616545864086,0.0282380360555719,4.0,8067861,1394291598.0
acc,2020,9.49684737315729,0.02782577244251969,4.0,8067861,1394291598.0
acc,2020,9.949078200450494,0.027437910197745254,4.0,8067861,1394291598.0
acc,2020,10.401309027743698,0.02707204704592077,4.0,8067861,1394291598.0
acc,2020,10.853539855036903,0.026725096784911632,4.0,8067861,1394291598.0
acc,2020,11.305770682330108,0.026393566366385738,4.0,8067861,1394291598.0
acc,2020,11.758001509623313,0.026073788430504202,4.0,8067861,1394291598.0
acc,2020,12.210232336916516,0.025762106156216855,4.0,8067861,1394291598.0
acc,2020,12.66246316420972,0.0254550114067111,4.0,8067861,1394291598.0
acc,2020,13.114693991502925,0.025149240298343537,4.0,8067861,1394291598.0
acc,2020,13.566924818796128,0.024841832514177885,4.0,8067861,1394291598.0
acc,2020,14.019155646089333,0.02453016172558081,4.0,8067861,1394291598.0
acc,2020,14.471386473382537,0.024211944878816945,4.0,8067861,1394291598.0
acc,2020,14.923617300675742,0.023885237570525197,4.0,8067861,1394291598.0
acc,2020,15.375848127968947,0.023548421862869286,4.0,8067861,1394291598.0
acc,2020,15.82807895526215,0.0232001915634199,4.0,8067861,1394291598.0
acc,2020,16.280309782555356,0.02283953854606542,4.0,8067861,1394291598.0
acc,2020,16.73254060984856,0.022465742286947928,4.0,8067861,1394291598.0
acc,2020,17.184771437141762,0.022078363459484867,4.0,8067861,1394291598.0
acc,2020,17.63700226443497,0.021677241253296127,4.0,8067861,1394291598.0
acc,2020,18.089233091728172,0.021262493315585145,4.0,8067861,1394291598.0
acc,2020,18.541463919021375,0.020834516582299987,4.0,8067861,1394291598.0
acc,2020,18.99369474631458,0.020393987009253843,4.0,8067861,1394291598.0
acc,2020,19.445925573607784,0.01994185615804606,4.0,8067861,1394291598.0
acc,2020,19.898156400900987,0.019479342874105902,4.0,8067861,1394291598.0
acc,2020,20.350387228194194,0.01900791864140955,4.0,8067861,1394291598.0
acc,2020,20.802618055487397,0.018529285733354224,4.0,8067861,1394291598.0
acc,2020,21.254848882780603,0.01804534790467572,4.0,8067861,1394291598.0
acc,2020,21.707079710073806,0.017558173943534556,4.0,8067861,1394291598.0
acc,2020,22.15931053736701,0.017069955018688687,4.0,8067861,1394291598.0
acc,2020,22.611541364660216,0.016582957200250475,4.0,8067861,1394291598.0
acc,2020,23.06377219195342,0.01609947090660341,4.0,8067861,1394291598.0
acc,2020,23.516003019246625,0.015621759256041172,4.0,8067861,1394291598.0
acc,2020,23.968233846539828,0.015152007338938603,4.0,8067861,1394291598.0
acc,2020,24.42046467383303,0.01469227434035675,4.0,8067861,1394291598.0
acc,2020,24.872695501126238,0.014244450236459233,4.0,8067861,1394291598.0
acc,2020,25.32492632841944,0.0138102184316442,4.0,8067861,1394291598.0
acc,2020,25.777157155712644,0.013391025328968279,4.0,8067861,1394291598.0
acc,2020,26.22938798300585,0.012988057411537926,4.0,8067861,1394291598.0
acc,2020,26.681618810299053,0.012602226019427402,4.0,8067861,1394291598.0
acc,2020,27.133849637592256,0.012234159644435225,4.0,8067861,1394291598.0
acc,2020,27.586080464885463,0.011884203324036844,4.0,8067861,1394291598.0
acc,2020,28.038311292178665,0.011552424505359945,4.0,8067861,1394291598.0
acc,2020,28.490542119471872,0.011238624728065524,4.0,8067861,1394291598.0
acc,2020,28.942772946765075,0.010942356401791328,4.0,8067861,1394291598.0
acc,2020,29.395003774058278,0.010662944077542317,4.0,8067861,1394291598.0
acc,2020,29.847234601351484,0.010399509665400545,4.0,8067861,1394291598.0
acc,2020,30.299465428644687,0.010151001150787766,4.0,8067861,1394291598.0
acc,2020,30.751696255937894,0.009916224412458055,4.0,8067861,1394291598.0
acc,2020,31.203927083231097,0.009693877743140848,4.0,8067861,1394291598.0
acc,2020,31.6561579105243,0.009482588601627727,4.0,8067861,1394291598.0
acc,2020,32.108388737817506,0.009280951984583145,4.0,8067861,1394291598.0
acc,2020,32.56061956511071,0.009087569608591103,4.0,8067861,1394291598.0
acc,2020,33.01285039240391,0.008901088865184434,4.0,8067861,1394291598.0
acc,2020,33.46508121969712,0.00872024028607742,4.0,8067861,1394291598.0
acc,2020,33.917312046990325,0.008543872071699144,4.0,8067861,1394291598.0
acc,2020,34.369542874283525,0.008370980131040087,4.0,8067861,1394291598.0
acc,2020,34.82177370157673,0.0082007320860948,4.0,8067861,1394291598.0
acc,2020,35.27400452886994,0.008032483831069363,4.0,8067861,1394291598.0
acc,2020,35.72623535616314,0.007865787511824708,4.0,8067861,1394291598.0
acc,2020,36.178466183456344,0.007700390195819318,4.0,8067861,1394291598.0
acc,2020,36.63069701074955,0.007536223012773493,4.0,8067861,1394291598.0
acc,2020,37.08292783804275,0.007373381123291143,4.0,8067861,1394291598.0
acc,2020,37.535158665335956,0.007212095469348562,4.0,8067861,1394291598.0
acc,2020,37.98738949262916,0.007052697824672334,4.0,8067861,1394291598.0
acc,2020,38.43962031992236,0.006895581143368933,4.0,8067861,1394291598.0
acc,2020,38.89185114721557,0.006741157557058733,4.0,8067861,1394291598.0
acc,2020,39.344081974508775,0.006589816560678386,4.0,8067861,1394291598.0
acc,2020,39.796312801801975,0.006441885936181856,4.0,8067861,1394291598.0
acc,2020,40.24854362909518,0.006297597789115099,4.0,8067861,1394291598.0
acc,2020,40.70077445638839,0.006157061729460245,4.0,8067861,1394291598.0
acc,2020,41.153005283681594,0.006020246743595163,4.0,8067861,1394291598.0
acc,2020,41.60523611097479,0.005886972718776025,4.0,8067861,1394291598.0
acc,2020,42.057466938268,0.005756911942104965,4.0,8067861,1394291598.0
acc,2020,42.50969776556121,0.0056296002521607404,4.0,8067861,1394291598.0
acc,2020,42.961928592854406,0.00550445692072056,4.0,8067861,1394291598.0
acc,2020,43.41415942014761,0.005380811825750232,4.0,8067861,1394291598.0
acc,2020,43.86639024744082,0.00525793807720419,4.0,8067861,1394291598.0
acc,2020,44.31862107473402,0.005135087995465912,4.0,8067861,1394291598.0
acc,2020,44.770851902027225,0.005011530227886595,4.0,8067861,1394291598.0
acc,2020,45.22308272932043,0.004886585820080337,4.0,8067861,1394291598.0
acc,2020,45.67531355661363,0.004759661223765786,4.0,8067861,1394291598.0
acc,2020,46.12754438390684,0.004630276502296785,4.0,8067861,1394291598.0
acc,2020,46.579775211200044,0.004498087363273289,4.0,8067861,1394291598.0
acc,2020,47.03200603849325,0.004362900076054903,4.0,8067861,1394291598.0
acc,2020,47.48423686578645,0.00422467879062324,4.0,8067861,1394291598.0
acc,2020,47.936467693079656,0.004083545233753152,4.0,8067861,1394291598.0
acc,2020,48.38869852037286,0.003939771191586431,4.0,8067861,1394291598.0
acc,2020,48.84092934766606,0.0037937645705611134,4.0,8067861,1394291598.0
acc,2020,49.29316017495927,0.0036460501414919333,4.0,8067861,1394291598.0
acc,2020,49.745391002252475,0.003497246299579648,4.0,8067861,1394291598.0
acc,2020,50.197621829545675,0.0033480393068020713,4.0,8067861,1394291598.0
acc,2020,50.64985265683888,0.003199156518911949,4.0,8067861,1394291598.0
acc,2020,51.10208348413209,0.003051340039428176,4.0,8067861,1394291598.0
acc,2020,51.55431431142529,0.0029053220959264123,4.0,8067861,1394291598.0
acc,2020,52.006545138718494,0.0027618032134622272,4.0,8067861,1394291598.0
acc,2020,52.4587759660117,0.002621433984901054,4.0,8067861,1394291598.0
acc,2020,52.9110067933049,0.0024848009307081626,4.0,8067861,1394291598.0
acc,2020,53.363237620598106,0.002352416625879429,4.0,8067861,1394291598.0
acc,2020,53.81546844789131,0.0022247139739219697,4.0,8067861,1394291598.0
acc,2020,54.26769927518451,0.002102044249854158,4.0,8067861,1394291598.0
acc,2020,54.71993010247772,0.0019846783348300293,4.0,8067861,1394291598.0
acc,2020,55.172160929770925,0.0018728104371747195,4.0,8067861,1394291598.0
acc,2020,55.62439175706413,0.0017665635440429841,4.0,8067861,1394291598.0
acc,2020,56.07662258435733,0.0016659958726603706,4.0,8067861,1394291598.0
acc,2020,56.52885341165054,0.0015711076806123857,4.0,8067861,1394291598.0
acc,2020,56.981084238943744,0.0014818479349422687,4.0,8067861,1394291598.0
acc,2020,57.43331506623694,0.0013981205093163856,4.0,8067861,1394291598.0
acc,2020,57.88554589353015,0.0013197897544491638,4.0,8067861,1394291598.0
acc,2020,58.337776720823356,0.0012466854471399962,4.0,8067861,1394291598.0
acc,2020,58.790007548116556,0.0011786072486866348,4.0,8067861,1394291598.0
acc,2020,59.24223837540976,0.0011153288806560046,4.0,8067861,1394291598.0
acc,2020,59.69446920270297,0.0010566022486558448,4.0,8067861,1394291598.0
acc,2020,60.14670002999617,0.001002161714307514,4.0,8067861,1394291598.0
acc,2020,60.598930857289375,0.0009517286408990426,4.0,8067861,1394291598.0
acc,2020,61.05116168458258,0.0009050162340820937,4.0,8067861,1394291598.0
acc,2020,61.50339251187579,0.0008617345842521957,4.0,8067861,1394291598.0
acc,2020,61.95562333916899,0.0008215957118586981,4.0,8067861,1394291598.0
acc,2020,62.407854166462194,0.0007843183391255254,4.0,8067861,1394291598.0
acc,2020,62.8600849937554,0.0007496320755261009,4.0,8067861,1394291598.0
acc,2020,63.3123158210486,0.0007172807175602618,4.0,8067861,1394291598.0
acc,2020,63.764546648341806,0.0006870244262301324,4.0,8067861,1394291598.0
acc,2020,64.21677747563501,0.0006586406509191283,4.0,8067861,1394291598.0
acc,2020,64.66900830292822,0.0006319238024703524,4.0,8067861,1394291598.0
acc,2020,65.12123913022143,0.0006066838228780848,4.0,8067861,1394291598.0
acc,2020,65.57346995751462,0.0005827439338740096,4.0,8067861,1394291598.0
acc,2020,66.02570078480782,0.0005599379523835298,4.0,8067861,1394291598.0
acc,2020,66.47793161210103,0.000538107621506688,4.0,8067861,1394291598.0
acc,2020,66.93016243939424,0.0005171004113476898,4.0,8067861,1394291598.0
acc,2020,67.38239326668744,0.0004967681919432881,4.0,8067861,1394291598.0
acc,2020,67.83462409398065,0.00047696707569523796,4.0,8067861,1394291598.0
acc,2020,68.28685492127384,0.00045755858111525704,4.0,8067861,1394291598.0
acc,2020,68.73908574856705,0.00043841210082199686,4.0,8067861,1394291598.0
acc,2020,69.19131657586026,0.0004194084851944745,4.0,8067861,1394291598.0
acc,2020,69.64354740315346,0.00040044439990067227,4.0,8067861,1394291598.0
acc,2020,70.09577823044667,0.0003814369993708439,4.0,8067861,1394291598.0
acc,2020,70.54800905773988,0.00036232839316813957,4.0,8067861,1394291598.0
acc,2020,71.00023988503307,0.0003430893757327395,4.0,8067861,1394291598.0
acc,2020,71.45247071232627,0.00032372194255724185,4.0,8067861,1394291598.0
acc,2020,71.90470153961948,0.0003042602208705826,4.0,8067861,1394291598.0
acc,2020,72.35693236691269,0.0002847695877704731,4.0,8067861,1394291598.0
acc,2020,72.8091631942059,0.0002653439166553504,4.0,8067861,1394291598.0
acc,2020,73.2613940214991,0.0002461010649970298,4.0,8067861,1394291598.0
acc,2020,73.7136248487923,0.00022717687457140992,4.0,8067861,1394291598.0
acc,2020,74.1658556760855,0.0002087180833647434,4.0,8067861,1394291598.0
acc,2020,74.6180865033787,0.00019087463486625557,4.0,8067861,1394291598.0
acc,2020,75.07031733067191,0.00017379190898770882,4.0,8067861,1394291598.0
acc,2020,75.52254815796512,0.00015760338865320947,4.0,8067861,1394291598.0
acc,2020,75.97477898525833,0.00014242422161141915,4.0,8067861,1394291598.0
acc,2020,76.42700981255153,0.00012834604688495704,4.0,8067861,1394291598.0
acc,2020,76.87924063984472,0.00011543334095952964,4.0,8067861,1394291598.0
acc,2020,77.33147146713793,0.00010372141305317306,4.0,8067861,1394291598.0
acc,2020,77.78370229443114,9.321605403539647e-05,4.0,8067861,1394291598.0
acc,2020,78.23593312172434,8.389473064061909e-05,4.0,8067861,1394291598.0
acc,2020,78.68816394901755,7.570912385887727e-05,4.0,8067861,1394291598.0
acc,2020,79.14039477631076,6.858874305942046e-05,4.0,8067861,1394291598.0
acc,2020,79.59262560360395,6.244530764505387e-05,4.0,8067861,1394291598.0
acc,2020,80.04485643089716,5.7177575136123823e-05,4.0,8067861,1394291598.0
acc,2020,80.49708725819036,5.267630554645695e-05,4.0,8067861,1394291598.0
acc,2020,80.94931808548357,4.882908217350052e-05,4.0,8067861,1394291598.0
acc,2020,81.40154891277678,4.552475309908933e-05,4.0,8067861,1394291598.0
acc,2020,81.85377974006998,4.265731027318392e-05,4.0,8067861,1394291598.0
acc,2020,82.30601056736319,4.0129078938613047e-05,4.0,8067861,1394291598.0
acc,2020,82.75824139465638,3.7853145052476776e-05,4.0,8067861,1394291598.0
acc,2020,83.21047222194959,3.575499895986118e-05,4.0,8067861,1394291598.0
acc,2020,83.6627030492428,3.377341759084981e-05,4.0,8067861,1394291598.0
acc,2020,84.114933876536,3.1860643533344184e-05,4.0,8067861,1394291598.0
acc,2020,84.5671647038292,2.9981946913370634e-05,4.0,8067861,1394291598.0
acc,2020,85.01939553112241,2.8114675117306554e-05,4.0,8067861,1394291598.0
acc,2020,85.4716263584156,2.62469064614749e-05,4.0,8067861,1394291598.0
acc,2020,85.92385718570881,2.4375827670512445e-05,4.0,8067861,1394291598.0
acc,2020,86.37608801300202,2.2505952352536152e-05,4.0,8067861,1394291598.0
acc,2020,86.82831884029522,2.0647289545666527e-05,4.0,8067861,1394291598.0
acc,2020,87.28054966758843,1.88135589142932e-05,4.0,8067861,1394291598.0
acc,2020,87.73278049488164,1.7020533399854704e-05,4.0,8067861,1394291598.0
acc,2020,88.18501132217484,1.5284572214715913e-05,4.0,8067861,1394291598.0
acc,2020,88.63724214946804,1.3621388147525877e-05,4.0,8067861,1394291598.0
acc,2020,89.08947297676124,1.2045074328405593e-05,4.0,8067861,1394291598.0
acc,2020,89.54170380405445,1.0567397902984713e-05,4.0,8067861,1394291598.0
acc,2020,89.99393463134766,9.197352367906814e-06,4.0,8067861,1394291598.0
acc,2021,0.0,0.02871753518554748,4.0,6288882,1398105706.0
acc,2021,0.4522474662742423,0.029677440679517157,4.0,6288882,1398105706.0
acc,2021,0.9044949325484846,0.03048562225772125,4.0,6288882,1398105706.0
acc,2021,1.356742398822727,0.031138555386887312,4.0,6288882,1398105706.0
acc,2021,1.8089898650969691,0.03163683717120238,4.0,6288882,1398105706.0
acc,2021,2.2612373313712113,0.03198496251490103,4.0,6288882,1398105706.0
acc,2021,2.713484797645454,0.032190932011487185,4.0,6288882,1398105706.0
acc,2021,3.165732263919696,0.03226572101585877,4.0,6288882,1398105706.0
acc,2021,3.6179797301939383,0.03222264695135769,4.0,6288882,1398105706.0
acc,2021,4.07022719646818,0.032076676328882635,4.0,6288882,1398105706.0
acc,2021,4.522474662742423,0.0318437141780573,4.0,6288882,1398105706.0
acc,2021,4.974722129016665,0.03153991649926423,4.0,6288882,1398105706.0
acc,2021,5.426969595290908,0.031181061591375805,4.0,6288882,1398105706.0
acc,2021,5.87921706156515,0.03078200896075639,4.0,6288882,1398105706.0
acc,2021,6.331464527839392,0.03035626610236359,4.0,6288882,1398105706.0
acc,2021,6.783711994113634,0.029915674244390907,4.0,6288882,1398105706.0
acc,2021,7.2359594603878765,0.02947021525831533,4.0,6288882,1398105706.0
acc,2021,7.688206926662119,0.02902793380750407,4.0,6288882,1398105706.0
acc,2021,8.14045439293636,0.02859496217711109,4.0,6288882,1398105706.0
acc,2021,8.592701859210603,0.02817563036808842,4.0,6288882,1398105706.0
acc,2021,9.044949325484845,0.027772641113277194,4.0,6288882,1398105706.0
acc,2021,9.497196791759087,0.027387288437893724,4.0,6288882,1398105706.0
acc,2021,9.94944425803333,0.027019699144209864,4.0,6288882,1398105706.0
acc,2021,10.401691724307572,0.026669078662944785,4.0,6288882,1398105706.0
acc,2021,10.853939190581816,0.026333945892438478,4.0,6288882,1398105706.0
acc,2021,11.306186656856058,0.02601234535078312,4.0,6288882,1398105706.0
acc,2021,11.7584341231303,0.025702028946070987,4.0,6288882,1398105706.0
acc,2021,12.210681589404542,0.02540060345834265,4.0,6288882,1398105706.0
acc,2021,12.662929055678784,0.025105643236683278,4.0,6288882,1398105706.0
acc,2021,13.115176521953027,0.02481477039003538,4.0,6288882,1398105706.0
acc,2021,13.567423988227269,0.024525706829759106,4.0,6288882,1398105706.0
acc,2021,14.01967145450151,0.02423630380062436,4.0,6288882,1398105706.0
acc,2021,14.471918920775753,0.023944555166136798,4.0,6288882,1398105706.0
acc,2021,14.924166387049995,0.02364860062281591,4.0,6288882,1398105706.0
acc,2021,15.376413853324237,0.02334672447934198,4.0,6288882,1398105706.0
acc,2021,15.82866131959848,0.02303735463563399,4.0,6288882,1398105706.0
acc,2021,16.28090878587272,0.02271906521497213,4.0,6288882,1398105706.0
acc,2021,16.733156252146966,0.02239058496697889,4.0,6288882,1398105706.0
acc,2021,17.185403718421206,0.022050812205684327,4.0,6288882,1398105706.0
acc,2021,17.63765118469545,0.02169883586995898,4.0,6288882,1398105706.0
acc,2021,18.08989865096969,0.021333961246420216,4.0,6288882,1398105706.0
acc,2021,18.542146117243934,0.020955738099165178,4.0,6288882,1398105706.0
acc,2021,18.994393583518175,0.02056398848612769,4.0,6288882,1398105706.0
acc,2021,19.44664104979242,0.02015883129620024,4.0,6288882,1398105706.0
acc,2021,19.89888851606666,0.019740700679921258,4.0,6288882,1398105706.0
acc,2021,20.351135982340903,0.019310355846436037,4.0,6288882,1398105706.0
acc,2021,20.803383448615143,0.018868880294499332,4.0,6288882,1398105706.0
acc,2021,21.255630914889387,0.01841766928288164,4.0,6288882,1398105706.0
acc,2021,21.70787838116363,0.017958405162192978,4.0,6288882,1398105706.0
acc,2021,22.16012584743787,0.017493021043602182,4.0,6288882,1398105706.0
acc,2021,22.612373313712116,0.017023654121404348,4.0,6288882,1398105706.0
acc,2021,23.064620779986356,0.016552590634127087,4.0,6288882,1398105706.0
acc,2021,23.5168682462606,0.01608220502944911,4.0,6288882,1398105706.0
acc,2021,23.96911571253484,0.015614896220621233,4.0,6288882,1398105706.0
acc,2021,24.421363178809084,0.015153023955237278,4.0,6288882,1398105706.0
acc,2021,24.873610645083325,0.014698848217031598,4.0,6288882,1398105706.0
acc,2021,25.32585811135757,0.014254474282607087,4.0,6288882,1398105706.0
acc,2021,25.77810557763181,0.013821805570589409,4.0,6288882,1398105706.0
acc,2021,26.230353043906053,0.013402505855631401,4.0,6288882,1398105706.0
acc,2021,26.682600510180293,0.012997971735837825,4.0,6288882,1398105706.0
acc,2021,27.134847976454537,0.012609315615693386,4.0,6288882,1398105706.0
acc,2021,27.587095442728778,0.012237358841200084,4.0,6288882,1398105706.0
acc,2021,28.03934290900302,0.011882634137404336,4.0,6288882,1398105706.0
acc,2021,28.491590375277262,0.011545396120121513,4.0,6288882,1398105706.0
acc,2021,28.943837841551506,0.011225638433418145,4.0,6288882,1398105706.0
acc,2021,29.39608530782575,0.010923116010565486,4.0,6288882,1398105706.0
acc,2021,29.84833277409999,0.010637370995891108,4.0,6288882,1398105706.0
acc,2021,30.300580240374234,0.01036776106152975,4.0,6288882,1398105706.0
acc,2021,30.752827706648475,0.010113489075825094,4.0,6288882,1398105706.0
acc,2021,31.20507517292272,0.009873633349379319,4.0,6288882,1398105706.0
acc,2021,31.65732263919696,0.009647177933141625,4.0,6288882,1398105706.0
acc,2021,32.1095701054712,0.009433042641397096,4.0,6288882,1398105706.0
acc,2021,32.56181757174544,0.009230112595343466,4.0,6288882,1398105706.0
acc,2021,33.01406503801969,0.009037267118835752,4.0,6288882,1398105706.0
acc,2021,33.46631250429393,0.008853407765388968,4.0,6288882,1398105706.0
acc,2021,33.91855997056817,0.008677485129089292,4.0,6288882,1398105706.0
acc,2021,34.37080743684241,0.008508523915774321,4.0,6288882,1398105706.0
acc,2021,34.823054903116656,0.00834564555659391,4.0,6288882,1398105706.0
acc,2021,35.2753023693909,0.008188087470345624,4.0,6288882,1398105706.0
acc,2021,35.72754983566514,0.008035217959433844,4.0,6288882,1398105706.0
acc,2021,36.17979730193938,0.007886545688924402,4.0,6288882,1398105706.0
acc,2021,36.632044768213625,0.007741722772219757,4.0,6288882,1398105706.0
acc,2021,37.08429223448787,0.007600540683240371,4.0,6288882,1398105706.0
acc,2021,37.53653970076211,0.0074629185329926845,4.0,6288882,1398105706.0
acc,2021,37.98878716703635,0.007328883674190942,4.0,6288882,1398105706.0
acc,2021,38.44103463331059,0.007198545103932056,4.0,6288882,1398105706.0
acc,2021,38.89328209958484,0.007072060682932533,4.0,6288882,1398105706.0
acc,2021,39.34552956585908,0.006949599733996292,4.0,6288882,1398105706.0
acc,2021,39.79777703213332,0.006831303071299634,4.0,6288882,1398105706.0
acc,2021,40.25002449840756,0.006717242895477508,4.0,6288882,1398105706.0
acc,2021,40.702271964681806,0.006607385222265575,4.0,6288882,1398105706.0
acc,2021,41.15451943095605,0.006501557559645736,4.0,6288882,1398105706.0
acc,2021,41.60676689723029,0.006399424389249498,4.0,6288882,1398105706.0
acc,2021,42.05901436350453,0.006300472638580939,4.0,6288882,1398105706.0
acc,2021,42.511261829778775,0.006204008766557789,4.0,6288882,1398105706.0
acc,2021,42.96350929605302,0.006109168359572961,4.0,6288882,1398105706.0
acc,2021,43.41575676232726,0.006014938298941551,4.0,6288882,1398105706.0
acc,2021,43.8680042286015,0.005920190676221895,4.0,6288882,1398105706.0
acc,2021,44.32025169487574,0.005823726770783134,4.0,6288882,1398105706.0
acc,2021,44.77249916114999,0.005724328635915598,4.0,6288882,1398105706.0
acc,2021,45.22474662742423,0.00562081523171026,4.0,6288882,1398105706.0
acc,2021,45.67699409369847,0.005512099649203657,4.0,6288882,1398105706.0
acc,2021,46.12924155997271,0.005397243827572558,4.0,6288882,1398105706.0
acc,2021,46.581489026246956,0.005275507290094513,4.0,6288882,1398105706.0
acc,2021,47.0337364925212,0.005146386807439716,4.0,6288882,1398105706.0
acc,2021,47.48598395879544,0.005009644508552848,4.0,6288882,1398105706.0
acc,2021,47.93823142506968,0.004865322749534498,4.0,6288882,1398105706.0
acc,2021,48.390478891343925,0.0047137449544840055,4.0,6288882,1398105706.0
acc,2021,48.84272635761817,0.004555502584809895,4.0,6288882,1398105706.0
acc,2021,49.294973823892406,0.0043914292992460625,4.0,6288882,1398105706.0
acc,2021,49.74722129016665,0.0042225641650498035,4.0,6288882,1398105706.0
acc,2021,50.19946875644089,0.00405010641280327,4.0,6288882,1398105706.0
acc,2021,50.65171622271514,0.0038753646509014665,4.0,6288882,1398105706.0
acc,2021,51.10396368898938,0.003699703649143229,4.0,6288882,1398105706.0
acc,2021,51.55621115526362,0.0035244917627022397,4.0,6288882,1398105706.0
acc,2021,52.00845862153786,0.0033510518167343124,4.0,6288882,1398105706.0
acc,2021,52.460706087812106,0.0031806178432660925,4.0,6288882,1398105706.0
acc,2021,52.91295355408635,0.003014299503113649,4.0,6288882,1398105706.0
acc,2021,53.36520102036059,0.0028530553905232654,4.0,6288882,1398105706.0
acc,2021,53.81744848663483,0.002697675762193894,4.0,6288882,1398105706.0
acc,2021,54.269695952909075,0.0025487746065854674,4.0,6288882,1398105706.0
acc,2021,54.72194341918332,0.0024067904168845237,4.0,6288882,1398105706.0
acc,2021,55.174190885457556,0.0022719945836035624,4.0,6288882,1398105706.0
acc,2021,55.6264383517318,0.0021445059998366147,4.0,6288882,1398105706.0
acc,2021,56.07868581800604,0.0020243102804745716,4.0,6288882,1398105706.0
acc,2021,56.53093328428029,0.001911281931706396,4.0,6288882,1398105706.0
acc,2021,56.983180750554524,0.001805207855325107,4.0,6288882,1398105706.0
acc,2021,57.43542821682877,0.0017058107137479792,4.0,6288882,1398105706.0
acc,2021,57.88767568310301,0.0016127708928510458,4.0,6288882,1398105706.0
acc,2021,58.339923149377256,0.001525746056422242,4.0,6288882,1398105706.0
acc,2021,58.7921706156515,0.001444387565415689,4.0,6288882,1398105706.0
acc,2021,59.24441808192574,0.0013683533172832692,4.0,6288882,1398105706.0
acc,2021,59.69666554819998,0.0012973168293989787,4.0,6288882,1398105706.0
acc,2021,60.148913014474225,0.0012309726338971712,4.0,6288882,1398105706.0
acc,2021,60.60116048074847,0.001169038260908899,4.0,6288882,1398105706.0
acc,2021,61.053407947022706,0.0011112532581505155,4.0,6288882,1398105706.0
acc,2021,61.50565541329695,0.0010573758245024005,4.0,6288882,1398105706.0
acc,2021,61.95790287957119,0.0010071777227715745,4.0,6288882,1398105706.0
acc,2021,62.41015034584544,0.0009604381825215109,4.0,6288882,1398105706.0
acc,2021,62.862397812119674,0.000916937508783059,4.0,6288882,1398105706.0
acc,2021,63.31464527839392,0.0008764510783979116,4.0,6288882,1398105706.0
acc,2021,63.76689274466816,0.0008387443353004908,4.0,6288882,1398105706.0
acc,2021,64.2191402109424,0.0008035692928649162,4.0,6288882,1398105706.0
acc,2021,64.67138767721664,0.0007706629205498602,4.0,6288882,1398105706.0
acc,2021,65.12363514349089,0.0007397476400372246,4.0,6288882,1398105706.0
acc,2021,65.57588260976513,0.0007105339910790949,4.0,6288882,1398105706.0
acc,2021,66.02813007603937,0.0006827253589693999,4.0,6288882,1398105706.0
acc,2021,66.48037754231362,0.0006560244945678258,4.0,6288882,1398105706.0
acc,2021,66.93262500858786,0.0006301414150529011,4.0,6288882,1398105706.0
acc,2021,67.3848724748621,0.0006048021594438414,4.0,6288882,1398105706.0
acc,2021,67.83711994113634,0.0005797577962663157,4.0,6288882,1398105706.0
acc,2021,68.28936740741058,0.0005547930479715465,4.0,6288882,1398105706.0
acc,2021,68.74161487368482,0.0005297339110744534,4.0,6288882,1398105706.0
acc,2021,69.19386233995907,0.0005044537119749994,4.0,6288882,1398105706.0
acc,2021,69.64610980623331,0.00047887714173478054,4.0,6288882,1398105706.0
acc,2021,70.09835727250756,0.0004529819507609864,4.0,6288882,1398105706.0
acc,2021,70.5506047387818,0.0004267981454808733,4.0,6288882,1398105706.0
acc,2021,71.00285220505604,0.0004004047007362287,4.0,6288882,1398105706.0
acc,2021,71.45509967133027,0.0003739239700191219,4.0,6288882,1398105706.0
acc,2021,71.90734713760452,0.0003475141274932254,4.0,6288882,1398105706.0
acc,2021,72.35959460387876,0.0003213600993788238,4.0,6288882,1398105706.0
acc,2021,72.811842070153,0.0002956635288495974,4.0,6288882,1398105706.0
acc,2021,73.26408953642725,0.0002706323627160584,4.0,6288882,1398105706.0
acc,2021,73.7163370027015,0.00024647064834286696,4.0,6288882,1398105706.0
acc,2021,74.16858446897574,0.0002233690877797666,4.0,6288882,1398105706.0
acc,2021,74.62083193524998,0.00020149681869676965,4.0,6288882,1398105706.0
acc,2021,75.07307940152423,0.0001809947867776568,4.0,6288882,1398105706.0
acc,2021,75.52532686779846,0.00016197095180731257,4.0,6288882,1398105706.0
acc,2021,75.9775743340727,0.0001444974404836973,4.0,6288882,1398105706.0
acc,2021,76.42982180034694,0.00012860963328502066,4.0,6288882,1398105706.0
acc,2021,76.88206926662119,0.0001143070595196076,4.0,6288882,1398105706.0
acc,2021,77.33431673289543,0.00010155588099731164,4.0,6288882,1398105706.0
acc,2021,77.78656419916967,9.029267523169084e-05,4.0,6288882,1398105706.0
acc,2021,78.23881166544392,8.042918586262475e-05,4.0,6288882,1398105706.0
acc,2021,78.69105913171816,7.185769088000068e-05,4.0,6288882,1398105706.0
acc,2021,79.14330659799239,6.445664602954977e-05,4.0,6288882,1398105706.0
acc,2021,79.59555406426664,5.809628777954106e-05,4.0,6288882,1398105706.0
acc,2021,80.04780153054088,5.264392275215914e-05,4.0,6288882,1398105706.0
acc,2021,80.50004899681512,4.7968683497991094e-05,4.0,6288882,1398105706.0
acc,2021,80.95229646308937,4.394558891621318e-05,4.0,6288882,1398105706.0
acc,2021,81.40454392936361,4.0458806959239716e-05,4.0,6288882,1398105706.0
acc,2021,81.85679139563786,3.740407369749848e-05,4.0,6288882,1398105706.0
acc,2021,82.3090388619121,3.46902734150128e-05,4.0,6288882,1398105706.0
acc,2021,82.76128632818634,3.224022712095185e-05,4.0,6288882,1398105706.0
acc,2021,83.21353379446057,2.9990770514239505e-05,4.0,6288882,1398105706.0
acc,2021,83.66578126073482,2.7892226597106418e-05,4.0,6288882,1398105706.0
acc,2021,84.11802872700906,2.5907392988384003e-05,4.0,6288882,1398105706.0
acc,2021,84.5702761932833,2.4010170205199146e-05,4.0,6288882,1398105706.0
acc,2021,85.02252365955755,2.2183955775000896e-05,4.0,6288882,1398105706.0
acc,2021,85.4747711258318,2.0419921249097206e-05,4.0,6288882,1398105706.0
acc,2021,85.92701859210604,1.8715276385295035e-05,4.0,6288882,1398105706.0
acc,2021,86.37926605838028,1.7071608371220693e-05,4.0,6288882,1398105706.0
acc,2021,86.83151352465453,1.5493365373821946e-05,4.0,6288882,1398105706.0
acc,2021,87.28376099092876,1.398653425113587e-05,4.0,6288882,1398105706.0
acc,2021,87.736008457203,1.2557543149866209e-05,4.0,6288882,1398105706.0
acc,2021,88.18825592347724,1.1212401966963614e-05,4.0,6288882,1398105706.0
acc,2021,88.64050338975149,9.956078099253141e-06,4.0,6288882,1398105706.0
acc,2021,89.09275085602573,8.792092134140654e-06,4.0,6288882,1398105706.0
acc,2021,89.54499832229997,7.722308493680472e-06,4.0,6288882,1398105706.0
acc,2021,89.99724578857422,6.746889638243128e-06,4.0,6288882,1398105706.0
acc,2022,0.0,0.027562162041811143,4.0,6296530,1410785030.0
acc,2022,0.45224631611426275,0.02848300404857473,4.0,6296530,1410785030.0
acc,2022,0.9044926322285255,0.029267034927637253,4.0,6296530,1410785030.0
acc,2022,1.3567389483427883,0.02991087002191068,4.0,6296530,1410785030.0
acc,2022,1.808985264457051,0.030414714302807688,4.0,6296530,1410785030.0
acc,2022,2.2612315805713137,0.030782182519854512,4.0,6296530,1410785030.0
acc,2022,2.7134778966855766,0.031019976329108627,4.0,6296530,1410785030.0
acc,2022,3.165724212799839,0.031137441564983423,4.0,6296530,1410785030.0
acc,2022,3.617970528914102,0.031146035240686414,4.0,6296530,1410785030.0
acc,2022,4.070216845028365,0.031058735902294292,4.0,6296530,1410785030.0
acc,2022,4.522463161142627,0.03088943248006955,4.0,6296530,1410785030.0
acc,2022,4.97470947725689,0.030652325753037175,4.0,6296530,1410785030.0
acc,2022,5.426955793371153,0.03036137325828535,4.0,6296530,1410785030.0
acc,2022,5.879202109485416,0.030029803262359656,4.0,6296530,1410785030.0
acc,2022,6.331448425599678,0.029669716925696085,4.0,6296530,1410785030.0
acc,2022,6.7836947417139415,0.029291790539444758,4.0,6296530,1410785030.0
acc,2022,7.235941057828204,0.02890508236516164,4.0,6296530,1410785030.0
acc,2022,7.688187373942466,0.02851694170877442,4.0,6296530,1410785030.0
acc,2022,8.14043369005673,0.028133011890224515,4.0,6296530,1410785030.0
acc,2022,8.592680006170992,0.02775731403310508,4.0,6296530,1410785030.0
acc,2022,9.044926322285255,0.02739239534591497,4.0,6296530,1410785030.0
acc,2022,9.497172638399517,0.027039523826669697,4.0,6296530,1410785030.0
acc,2022,9.94941895451378,0.026698910998840225,4.0,6296530,1410785030.0
acc,2022,10.401665270628044,0.0263699452810288,4.0,6296530,1410785030.0
acc,2022,10.853911586742306,0.026051420557717957,4.0,6296530,1410785030.0
acc,2022,11.306157902856569,0.025741747276338413,4.0,6296530,1410785030.0
acc,2022,11.758404218970831,0.025439136565715705,4.0,6296530,1410785030.0
acc,2022,12.210650535085094,0.025141751166118526,4.0,6296530,1410785030.0
acc,2022,12.662896851199356,0.024847820237609893,4.0,6296530,1410785030.0
acc,2022,13.11514316731362,0.024555718013551817,4.0,6296530,1410785030.0
acc,2022,13.567389483427883,0.024264008758009357,4.0,6296530,1410785030.0
acc,2022,14.019635799542145,0.02397146242172094,4.0,6296530,1410785030.0
acc,2022,14.471882115656408,0.023677046741532058,4.0,6296530,1410785030.0
acc,2022,14.92412843177067,0.023379902288382198,4.0,6296530,1410785030.0
acc,2022,15.376374747884933,0.023079307145077207,4.0,6296530,1410785030.0
acc,2022,15.828621063999195,0.022774637626783282,4.0,6296530,1410785030.0
acc,2022,16.28086738011346,0.022465330717273285,4.0,6296530,1410785030.0
acc,2022,16.733113696227722,0.02215085289266976,4.0,6296530,1410785030.0
acc,2022,17.185360012341985,0.021830678736862483,4.0,6296530,1410785030.0
acc,2022,17.637606328456247,0.021504281407954573,4.0,6296530,1410785030.0
acc,2022,18.08985264457051,0.02117113563605209,4.0,6296530,1410785030.0
acc,2022,18.542098960684772,0.02083073266018241,4.0,6296530,1410785030.0
acc,2022,18.994345276799034,0.020482605358700258,4.0,6296530,1410785030.0
acc,2022,19.446591592913297,0.0201263609413415,4.0,6296530,1410785030.0
acc,2022,19.89883790902756,0.019761717937732168,4.0,6296530,1410785030.0
acc,2022,20.351084225141825,0.019388543914346697,4.0,6296530,1410785030.0
acc,2022,20.803330541256088,0.019006890288143508,4.0,6296530,1410785030.0
acc,2022,21.25557685737035,0.01861702095101756,4.0,6296530,1410785030.0
acc,2022,21.707823173484613,0.01821943190328342,4.0,6296530,1410785030.0
acc,2022,22.160069489598875,0.017814859861344418,4.0,6296530,1410785030.0
acc,2022,22.612315805713138,0.017404278679127257,4.0,6296530,1410785030.0
acc,2022,23.0645621218274,0.016988883350864837,4.0,6296530,1410785030.0
acc,2022,23.516808437941663,0.016570062304407565,4.0,6296530,1410785030.0
acc,2022,23.969054754055925,0.01614935952210008,4.0,6296530,1410785030.0
acc,2022,24.421301070170188,0.015728428712762962,4.0,6296530,1410785030.0
acc,2022,24.87354738628445,0.015308982271234483,4.0,6296530,1410785030.0
acc,2022,25.325793702398713,0.014892738019585966,4.0,6296530,1410785030.0
acc,2022,25.778040018512975,0.014481366765288018,4.0,6296530,1410785030.0
acc,2022,26.23028633462724,0.014076443561337118,4.0,6296530,1410785030.0
acc,2022,26.682532650741503,0.013679405136249817,4.0,6296530,1410785030.0
acc,2022,27.134778966855766,0.013291515489060754,4.0,6296530,1410785030.0
acc,2022,27.58702528297003,0.01291384099287009,4.0,6296530,1410785030.0
acc,2022,28.03927159908429,0.012547235691684469,4.0,6296530,1410785030.0
acc,2022,28.491517915198553,0.012192336830232017,4.0,6296530,1410785030.0
acc,2022,28.943764231312816,0.011849570025140919,4.0,6296530,1410785030.0
acc,2022,29.39601054742708,0.011519163011987578,4.0,6296530,1410785030.0
acc,2022,29.84825686354134,0.011201166481186879,4.0,6296530,1410785030.0
acc,2022,30.300503179655603,0.010895480286368876,4.0,6296530,1410785030.0
acc,2022,30.752749495769866,0.010601883174142181,4.0,6296530,1410785030.0
acc,2022,31.204995811884128,0.010320064202374047,4.0,6296530,1410785030.0
acc,2022,31.65724212799839,0.01004965412431305,4.0,6296530,1410785030.0
acc,2022,32.10948844411266,0.009790255216539603,4.0,6296530,1410785030.0
acc,2022,32.56173476022692,0.00954146828252955,4.0,6296530,1410785030.0
acc,2022,33.01398107634118,0.009302915843853916,4.0,6296530,1410785030.0
acc,2022,33.466227392455444,0.009074260814784713,4.0,6296530,1410785030.0
acc,2022,33.91847370856971,0.008855220220656353,4.0,6296530,1410785030.0
acc,2022,34.37072002468397,0.008645573752761313,4.0,6296530,1410785030.0
acc,2022,34.82296634079823,0.008445167144918636,4.0,6296530,1410785030.0
acc,2022,35.275212656912494,0.008253910509091142,4.0,6296530,1410785030.0
acc,2022,35.727458973026756,0.008071771884265189,4.0,6296530,1410785030.0
acc,2022,36.17970528914102,0.007898766344735292,4.0,6296530,1410785030.0
acc,2022,36.63195160525528,0.00773494109238983,4.0,6296530,1410785030.0
acc,2022,37.084197921369544,0.00758035703591077,4.0,6296530,1410785030.0
acc,2022,37.536444237483806,0.007435067447896536,4.0,6296530,1410785030.0
acc,2022,37.98869055359807,0.0072990943961846804,4.0,6296530,1410785030.0
acc,2022,38.44093686971233,0.00717240376907812,4.0,6296530,1410785030.0
acc,2022,38.893183185826594,0.00705487985133019,4.0,6296530,1410785030.0
acc,2022,39.345429501940856,0.006946300547626801,4.0,6296530,1410785030.0
acc,2022,39.79767581805512,0.0068463144766700255,4.0,6296530,1410785030.0
acc,2022,40.24992213416938,0.00675442125200452,4.0,6296530,1410785030.0
acc,2022,40.70216845028365,0.006669956304025718,4.0,6296530,1410785030.0
acc,2022,41.15441476639791,0.006592081561293511,4.0,6296530,1410785030.0
acc,2022,41.606661082512176,0.006519783182556996,4.0,6296530,1410785030.0
acc,2022,42.05890739862644,0.006451877304786724,4.0,6296530,1410785030.0
acc,2022,42.5111537147407,0.006387024446966585,4.0,6296530,1410785030.0
acc,2022,42.96340003085496,0.006323752794313408,4.0,6296530,1410785030.0
acc,2022,43.415646346969226,0.006260490103213503,4.0,6296530,1410785030.0
acc,2022,43.86789266308349,0.006195603442748791,4.0,6296530,1410785030.0
acc,2022,44.32013897919775,0.006127445460836866,4.0,6296530,1410785030.0
acc,2022,44.77238529531201,0.006054405372133442,4.0,6296530,1410785030.0
acc,2022,45.224631611426275,0.005974962452023412,4.0,6296530,1410785030.0
acc,2022,45.67687792754054,0.005887739523595584,4.0,6296530,1410785030.0
acc,2022,46.1291242436548,0.005791553772811104,4.0,6296530,1410785030.0
acc,2022,46.58137055976906,0.005685462240763177,4.0,6296530,1410785030.0
acc,2022,47.033616875883325,0.005568799528195418,4.0,6296530,1410785030.0
acc,2022,47.48586319199759,0.005441205599553428,4.0,6296530,1410785030.0
acc,2022,47.93810950811185,0.0053026420715387886,4.0,6296530,1410785030.0
acc,2022,48.39035582422611,0.0051533959821644095,4.0,6296530,1410785030.0
acc,2022,48.842602140340375,0.004994070718966496,4.0,6296530,1410785030.0
acc,2022,49.29484845645464,0.004825564491807958,4.0,6296530,1410785030.0
acc,2022,49.7470947725689,0.004649037417250814,4.0,6296530,1410785030.0
acc,2022,50.19934108868316,0.004465868890786766,4.0,6296530,1410785030.0
acc,2022,50.651587404797425,0.004277607419530604,4.0,6296530,1410785030.0
acc,2022,51.10383372091169,0.0040859154399658735,4.0,6296530,1410785030.0
acc,2022,51.55608003702595,0.003892511833318655,4.0,6296530,1410785030.0
acc,2022,52.00832635314021,0.003699114868556428,4.0,6296530,1410785030.0
acc,2022,52.46057266925448,0.003507388155900383,4.0,6296530,1410785030.0
acc,2022,52.912818985368745,0.0033188919002305937,4.0,6296530,1410785030.0
acc,2022,53.36506530148301,0.0031350413315283225,4.0,6296530,1410785030.0
acc,2022,53.81731161759727,0.0029570736932032745,4.0,6296530,1410785030.0
acc,2022,54.26955793371153,0.0027860246271977558,4.0,6296530,1410785030.0
acc,2022,54.721804249825794,0.0026227142460450207,4.0,6296530,1410785030.0
acc,2022,55.17405056594006,0.0024677426627249853,4.0,6296530,1410785030.0
acc,2022,55.62629688205432,0.002321494290214117,4.0,6296530,1410785030.0
acc,2022,56.07854319816858,0.0021841498477063593,4.0,6296530,1410785030.0
acc,2022,56.530789514282844,0.0020557047349674374,4.0,6296530,1410785030.0
acc,2022,56.98303583039711,0.0019359922666546542,4.0,6296530,1410785030.0
acc,2022,57.43528214651137,0.0018247101930108126,4.0,6296530,1410785030.0
acc,2022,57.88752846262563,0.001721448963097812,4.0,6296530,1410785030.0
acc,2022,58.339774778739894,0.0016257202971154735,4.0,6296530,1410785030.0
acc,2022,58.79202109485416,0.0015369848070461256,4.0,6296530,1410785030.0
acc,2022,59.24426741096842,0.0014546776198180232,4.0,6296530,1410785030.0
acc,2022,59.69651372708268,0.0013782311944984084,4.0,6296530,1410785030.0
acc,2022,60.148760043196944,0.0013070947665484536,4.0,6296530,1410785030.0
acc,2022,60.60100635931121,0.0012407500826928642,4.0,6296530,1410785030.0
acc,2022,61.05325267542547,0.0011787232980006801,4.0,6296530,1410785030.0
acc,2022,61.50549899153973,0.001120593084869644,4.0,6296530,1410785030.0
acc,2022,61.957745307653994,0.00106599514812835,4.0,6296530,1410785030.0
acc,2022,62.409991623768256,0.001014623451193672,4.0,6296530,1410785030.0
acc,2022,62.86223793988252,0.0009662285375291198,4.0,6296530,1410785030.0
acc,2022,63.31448425599678,0.0009206133836877711,4.0,6296530,1410785030.0
acc,2022,63.76673057211105,0.0008776272500007887,4.0,6296530,1410785030.0
acc,2022,64.21897688822531,0.0008371580075557812,4.0,6296530,1410785030.0
acc,2022,64.67122320433957,0.0007991234199475567,4.0,6296530,1410785030.0
acc,2022,65.12346952045384,0.000763461848782096,4.0,6296530,1410785030.0
acc,2022,65.5757158365681,0.0007301228351794326,4.0,6296530,1410785030.0
acc,2022,66.02796215268236,0.0006990579863735286,4.0,6296530,1410785030.0
acc,2022,66.48020846879662,0.0006702125666435033,4.0,6296530,1410785030.0
acc,2022,66.93245478491089,0.0006435181541598853,4.0,6296530,1410785030.0
acc,2022,67.38470110102514,0.0006188866784653772,4.0,6296530,1410785030.0
acc,2022,67.83694741713941,0.0005962060959413112,4.0,6296530,1410785030.0
acc,2022,68.28919373325367,0.0005753378920450949,4.0,6296530,1410785030.0
acc,2022,68.74144004936794,0.0005561165196289508,4.0,6296530,1410785030.0
acc,2022,69.1936863654822,0.0005383507938407114,4.0,6296530,1410785030.0
acc,2022,69.64593268159646,0.0005218271689285543,4.0,6296530,1410785030.0
acc,2022,70.09817899771073,0.000506314725055985,4.0,6296530,1410785030.0
acc,2022,70.55042531382499,0.0004915715994400131,4.0,6296530,1410785030.0
acc,2022,71.00267162993926,0.00047735251193727876,4.0,6296530,1410785030.0
acc,2022,71.45491794605351,0.0004634169669915826,4.0,6296530,1410785030.0
acc,2022,71.90716426216778,0.0004495376675341619,4.0,6296530,1410785030.0
acc,2022,72.35941057828204,0.0004355086568019874,4.0,6296530,1410785030.0
acc,2022,72.81165689439631,0.0004211527141913109,4.0,6296530,1410785030.0
acc,2022,73.26390321051056,0.00040632757207777036,4.0,6296530,1410785030.0
acc,2022,73.71614952662483,0.0003909305904149352,4.0,6296530,1410785030.0
acc,2022,74.16839584273909,0.0003749016207584725,4.0,6296530,1410785030.0
acc,2022,74.62064215885336,0.00035822390476075613,4.0,6296530,1410785030.0
acc,2022,75.07288847496761,0.00034092297596242276,4.0,6296530,1410785030.0
acc,2022,75.52513479108188,0.0003230636586136636,4.0,6296530,1410785030.0
acc,2022,75.97738110719614,0.00030474537380197373,4.0,6296530,1410785030.0
acc,2022,76.42962742331041,0.00028609606252209287,4.0,6296530,1410785030.0
acc,2022,76.88187373942466,0.00026726511019075543,4.0,6296530,1410785030.0
acc,2022,77.33412005553893,0.0002484157023699858,4.0,6296530,1410785030.0
acc,2022,77.78636637165319,0.00022971705466788304,4.0,6296530,1410785030.0
acc,2022,78.23861268776746,0.00021133694131218966,4.0,6296530,1410785030.0
acc,2022,78.69085900388171,0.00019343489982679606,4.0,6296530,1410785030.0
acc,2022,79.14310531999598,0.00017615641897334662,4.0,6296530,1410785030.0
acc,2022,79.59535163611024,0.00015962833072222707,4.0,6296530,1410785030.0
acc,2022,80.0475979522245,0.00014395553247130481,4.0,6296530,1410785030.0
acc,2022,80.49984426833876,0.00012921907111828693,4.0,6296530,1410785030.0
acc,2022,80.95209058445303,0.00011547553331824826,4.0,6296530,1410785030.0
acc,2022,81.4043369005673,0.00010275761240895809,4.0,6296530,1410785030.0
acc,2022,81.85658321668156,9.107566637808183e-05,4.0,6296530,1410785030.0
acc,2022,82.30882953279583,8.042004519149175e-05,4.0,6296530,1410785030.0
acc,2022,82.76107584891008,7.076395011024964e-05,4.0,6296530,1410785030.0
acc,2022,83.21332216502435,6.206659080519297e-05,4.0,6296530,1410785030.0
acc,2022,83.6655684811386,5.427642520641311e-05,4.0,6296530,1410785030.0
acc,2022,84.11781479725288,4.7334298204411574e-05,4.0,6296530,1410785030.0
acc,2022,84.57006111336713,4.117633418797316e-05,4.0,6296530,1410785030.0
acc,2022,85.0223074294814,3.5736480613778116e-05,4.0,6296530,1410785030.0
acc,2022,85.47455374559566,3.094864143159247e-05,4.0,6296530,1410785030.0
acc,2022,85.92680006170993,2.6748377041158517e-05,4.0,6296530,1410785030.0
acc,2022,86.37904637782418,2.3074179244430984e-05,4.0,6296530,1410785030.0
acc,2022,86.83129269393845,1.986835405551171e-05,4.0,6296530,1410785030.0
acc,2022,87.2835390100527,1.707756182798273e-05,4.0,6296530,1410785030.0
acc,2022,87.73578532616698,1.4653073318740024e-05,4.0,6296530,1410785030.0
acc,2022,88.18803164228123,1.2550802976974507e-05,4.0,6296530,1410785030.0
acc,2022,88.6402779583955,1.0731178247165149e-05,4.0,6296530,1410785030.0
acc,2022,89.09252427450976,9.158897489016057e-06,4.0,6296530,1410785030.0
acc,2022,89.54477059062403,7.802620710651603e-06,4.0,6296530,1410785030.0
acc,2022,89.99701690673828,6.634627990766063e-06,4.0,6296530,1410785030.0
acc,2023,0.0,0.026056219284598798,4.0,6163995,1413341212.0
acc,2023,0.4521848975713529,0.02693374621036283,4.0,6163995,1413341212.0
acc,2023,0.9043697951427058,0.02768471015079128,4.0,6163995,1413341212.0
acc,2023,1.3565546927140586,0.028306085074733818,4.0,6163995,1413341212.0
acc,2023,1.8087395902854115,0.02879818972598144,4.0,6163995,1413341212.0
acc,2023,2.2609244878567645,0.02916451940837686,4.0,6163995,1413341212.0
acc,2023,2.713109385428117,0.02941144490218957,4.0,6163995,1413341212.0
acc,2023,3.1652942829994704,0.029547799803737926,4.0,6163995,1413341212.0
acc,2023,3.617479180570823,0.029584383474749034,4.0,6163995,1413341212.0
acc,2023,4.069664078142176,0.029533410567941933,4.0,6163995,1413341212.0
acc,2023,4.521848975713529,0.02940793953657336,4.0,6163995,1413341212.0
acc,2023,4.974033873284882,0.029221311679838664,4.0,6163995,1413341212.0
acc,2023,5.426218770856234,0.028986629310900344,4.0,6163995,1413341212.0
acc,2023,5.8784036684275875,0.028716296946585573,4.0,6163995,1413341212.0
acc,2023,6.330588565998941,0.02842164354712019,4.0,6163995,1413341212.0
acc,2023,6.782773463570293,0.028112637180964333,4.0,6163995,1413341212.0
acc,2023,7.234958361141646,0.027797696844238155,4.0,6163995,1413341212.0
acc,2023,7.687143258712999,0.027483599783097536,4.0,6163995,1413341212.0
acc,2023,8.139328156284352,0.027175477193691698,4.0,6163995,1413341212.0
acc,2023,8.591513053855705,0.026876886754739295,4.0,6163995,1413341212.0
acc,2023,9.043697951427058,0.02658994738832815,4.0,6163995,1413341212.0
acc,2023,9.495882848998411,0.026315519908755393,4.0,6163995,1413341212.0
acc,2023,9.948067746569764,0.0260534167939715,4.0,6163995,1413341212.0
acc,2023,10.400252644141116,0.0258026250739549,4.0,6163995,1413341212.0
acc,2023,10.852437541712469,0.02556152795269697,4.0,6163995,1413341212.0
acc,2023,11.304622439283822,0.025328113161895236,4.0,6163995,1413341212.0
acc,2023,11.756807336855175,0.025100158762579684,4.0,6163995,1413341212.0
acc,2023,12.208992234426528,0.024875390052644508,4.0,6163995,1413341212.0
acc,2023,12.661177131997881,0.02465160406488373,4.0,6163995,1413341212.0
acc,2023,13.113362029569233,0.02442676077127969,4.0,6163995,1413341212.0
acc,2023,13.565546927140586,0.024199042332827523,4.0,6163995,1413341212.0
acc,2023,14.01773182471194,0.02396688354148563,4.0,6163995,1413341212.0
acc,2023,14.469916722283292,0.02372897787366963,4.0,6163995,1413341212.0
acc,2023,14.922101619854645,0.02348426439992062,4.0,6163995,1413341212.0
acc,2023,15.374286517425999,0.02323190111662831,4.0,6163995,1413341212.0
acc,2023,15.826471414997352,0.022971230215393896,4.0,6163995,1413341212.0
acc,2023,16.278656312568703,0.02270174036343763,4.0,6163995,1413341212.0
acc,2023,16.730841210140056,0.022423030416490797,4.0,6163995,1413341212.0
acc,2023,17.18302610771141,0.022134778084022096,4.0,6163995,1413341212.0
acc,2023,17.635211005282763,0.02183671610315615,4.0,6163995,1413341212.0
acc,2023,18.087395902854116,0.02152861743074186,4.0,6163995,1413341212.0
acc,2023,18.53958080042547,0.021210289985355478,4.0,6163995,1413341212.0
acc,2023,18.991765697996822,0.02088158055450151,4.0,6163995,1413341212.0
acc,2023,19.443950595568175,0.020542386701084592,4.0,6163995,1413341212.0
acc,2023,19.89613549313953,0.02019267490996182,4.0,6163995,1413341212.0
acc,2023,20.348320390710878,0.01983250279571886,4.0,6163995,1413341212.0
acc,2023,20.80050528828223,0.019462042994182156,4.0,6163995,1413341212.0
acc,2023,21.252690185853584,0.019081606334287786,4.0,6163995,1413341212.0
acc,2023,21.704875083424938,0.01869166207869435,4.0,6163995,1413341212.0
acc,2023,22.15705998099629,0.01829285332268043,4.0,6163995,1413341212.0
acc,2023,22.609244878567644,0.017886006098768014,4.0,6163995,1413341212.0
acc,2023,23.061429776138997,0.01747213122209681,4.0,6163995,1413341212.0
acc,2023,23.51361467371035,0.01705241846270184,4.0,6163995,1413341212.0
acc,2023,23.965799571281703,0.016628223151027154,4.0,6163995,1413341212.0
acc,2023,24.417984468853057,0.016201045765649957,4.0,6163995,1413341212.0
acc,2023,24.87016936642441,0.01577250546597091,4.0,6163995,1413341212.0
acc,2023,25.322354263995763,0.015344308788482492,4.0,6163995,1413341212.0
acc,2023,25.774539161567116,0.014918214898581887,4.0,6163995,1413341212.0
acc,2023,26.226724059138466,0.014495998864639849,4.0,6163995,1413341212.0
acc,2023,26.67890895670982,0.01407941437208664,4.0,6163995,1413341212.0
acc,2023,27.131093854281172,0.013670157201881208,4.0,6163995,1413341212.0
acc,2023,27.583278751852525,0.013269830633331082,4.0,6163995,1413341212.0
acc,2023,28.03546364942388,0.012879913749278094,4.0,6163995,1413341212.0
acc,2023,28.48764854699523,0.012501733427649288,4.0,6163995,1413341212.0
acc,2023,28.939833444566585,0.012136440629645754,4.0,6163995,1413341212.0
acc,2023,29.392018342137938,0.011784991431193305,4.0,6163995,1413341212.0
acc,2023,29.84420323970929,0.01144813311440999,4.0,6163995,1413341212.0
acc,2023,30.296388137280644,0.011126395523712519,4.0,6163995,1413341212.0
acc,2023,30.748573034851997,0.010820087799317717,4.0,6163995,1413341212.0
acc,2023,31.20075793242335,0.010529300505538885,4.0,6163995,1413341212.0
acc,2023,31.652942829994704,0.010253913075861121,4.0,6163995,1413341212.0
acc,2023,32.10512772756606,0.00999360638896788,4.0,6163995,1413341212.0
acc,2023,32.557312625137406,0.009747880156117867,4.0,6163995,1413341212.0
acc,2023,33.00949752270876,0.009516074657970804,4.0,6163995,1413341212.0
acc,2023,33.46168242028011,0.009297396207711976,4.0,6163995,1413341212.0
acc,2023,33.91386731785147,0.00909094555930492,4.0,6163995,1413341212.0
acc,2023,34.36605221542282,0.008895748332306908,4.0,6163995,1413341212.0
acc,2023,34.81823711299417,0.0087107864057242,4.0,6163995,1413341212.0
acc,2023,35.270422010565525,0.00853502915585951,4.0,6163995,1413341212.0
acc,2023,35.722606908136875,0.00836746338866245,4.0,6163995,1413341212.0
acc,2023,36.17479180570823,0.008207120852324412,4.0,6163995,1413341212.0
acc,2023,36.62697670327958,0.008053102312176014,4.0,6163995,1413341212.0
acc,2023,37.07916160085094,0.007904597323263199,4.0,6163995,1413341212.0
acc,2023,37.53134649842229,0.007760899036965744,4.0,6163995,1413341212.0
acc,2023,37.983531395993644,0.007621413613801415,4.0,6163995,1413341212.0
acc,2023,38.435716293564994,0.007485664069714234,4.0,6163995,1413341212.0
acc,2023,38.88790119113635,0.007353288641679197,4.0,6163995,1413341212.0
acc,2023,39.3400860887077,0.007224034005291364,4.0,6163995,1413341212.0
acc,2023,39.79227098627906,0.007097743899014906,4.0,6163995,1413341212.0
acc,2023,40.24445588385041,0.006974343896986548,4.0,6163995,1413341212.0
acc,2023,40.696640781421756,0.006853823217437014,4.0,6163995,1413341212.0
acc,2023,41.14882567899311,0.006736214553200067,4.0,6163995,1413341212.0
acc,2023,41.60101057656446,0.006621572962705516,4.0,6163995,1413341212.0
acc,2023,42.05319547413582,0.00650995486499265,4.0,6163995,1413341212.0
acc,2023,42.50538037170717,0.006401398142470174,4.0,6163995,1413341212.0
acc,2023,42.957565269278525,0.006295904273146162,4.0,6163995,1413341212.0
acc,2023,43.409750166849875,0.006193423293795515,4.0,6163995,1413341212.0
acc,2023,43.86193506442123,0.006093842241276886,4.0,6163995,1413341212.0
acc,2023,44.31411996199258,0.005996977536963528,4.0,6163995,1413341212.0
acc,2023,44.76630485956394,0.00590257157600869,4.0,6163995,1413341212.0
acc,2023,45.21848975713529,0.005810293567911034,4.0,6163995,1413341212.0
acc,2023,45.670674654706644,0.005719744458081904,4.0,6163995,1413341212.0
acc,2023,46.122859552277994,0.00563046555395604,4.0,6163995,1413341212.0
acc,2023,46.575044449849344,0.00554195029609646,4.0,6163995,1413341212.0
acc,2023,47.0272293474207,0.005453658467254991,4.0,6163995,1413341212.0
acc,2023,47.47941424499205,0.005365032031070985,4.0,6163995,1413341212.0
acc,2023,47.93159914256341,0.005275511744949884,4.0,6163995,1413341212.0
acc,2023,48.383784040134756,0.005184553702390207,4.0,6163995,1413341212.0
acc,2023,48.83596893770611,0.005091645027603607,4.0,6163995,1413341212.0
acc,2023,49.28815383527746,0.004996318063320852,4.0,6163995,1413341212.0
acc,2023,49.74033873284882,0.004898162550102294,4.0,6163995,1413341212.0
acc,2023,50.19252363042017,0.004796835477101435,4.0,6163995,1413341212.0
acc,2023,50.644708527991526,0.004692068472501397,4.0,6163995,1413341212.0
acc,2023,51.096893425562875,0.004583672778561624,4.0,6163995,1413341212.0
acc,2023,51.54907832313423,0.00447154200470022,4.0,6163995,1413341212.0
acc,2023,52.00126322070558,0.0043556529588889645,4.0,6163995,1413341212.0
acc,2023,52.45344811827693,0.004236064914555553,4.0,6163995,1413341212.0
acc,2023,52.90563301584829,0.004112917674672538,4.0,6163995,1413341212.0
acc,2023,53.35781791341964,0.003986428750645856,4.0,6163995,1413341212.0
acc,2023,53.810002810990994,0.0038568898905018204,4.0,6163995,1413341212.0
acc,2023,54.262187708562344,0.0037246630827867653,4.0,6163995,1413341212.0
acc,2023,54.7143726061337,0.0035901760464346288,4.0,6163995,1413341212.0
acc,2023,55.16655750370505,0.0034539171100619473,4.0,6163995,1413341212.0
acc,2023,55.61874240127641,0.003316429302747017,4.0,6163995,1413341212.0
acc,2023,56.07092729884776,0.0031783034348714227,4.0,6163995,1413341212.0
acc,2023,56.52311219641911,0.0030401699495716623,4.0,6163995,1413341212.0
acc,2023,56.97529709399046,0.002902689374539033,4.0,6163995,1413341212.0
acc,2023,57.42748199156182,0.002766541296074563,4.0,6163995,1413341212.0
acc,2023,57.87966688913317,0.0026324119028661515,4.0,6163995,1413341212.0
acc,2023,58.33185178670452,0.002500980292198243,4.0,6163995,1413341212.0
acc,2023,58.784036684275875,0.0023729038800517866,4.0,6163995,1413341212.0
acc,2023,59.236221581847225,0.0022488033920641617,4.0,6163995,1413341212.0
acc,2023,59.68840647941858,0.002129248019243161,4.0,6163995,1413341212.0
acc,2023,60.14059137698993,0.0020147413882720165,4.0,6163995,1413341212.0
acc,2023,60.59277627456129,0.0019057090131445401,4.0,6163995,1413341212.0
acc,2023,61.04496117213264,0.001802487859574243,4.0,6163995,1413341212.0
acc,2023,61.497146069703994,0.0017053185681729888,4.0,6163995,1413341212.0
acc,2023,61.949330967275344,0.0016143407535015664,4.0,6163995,1413341212.0
acc,2023,62.4015158648467,0.0015295916343512372,4.0,6163995,1413341212.0
acc,2023,62.85370076241805,0.0014510080692750021,4.0,6163995,1413341212.0
acc,2023,63.30588565998941,0.001378431884995356,4.0,6163995,1413341212.0
acc,2023,63.75807055756076,0.0013116182083410337,4.0,6163995,1413341212.0
acc,2023,64.21025545513211,0.0012502463579003855,4.0,6163995,1413341212.0
acc,2023,64.66244035270346,0.0011939327303175122,4.0,6163995,1413341212.0
acc,2023,65.11462525027481,0.0011422450355942787,4.0,6163995,1413341212.0
acc,2023,65.56681014784617,0.001094717199816749,4.0,6163995,1413341212.0
acc,2023,66.01899504541753,0.0010508642625878756,4.0,6163995,1413341212.0
acc,2023,66.47117994298887,0.0010101966468329436,4.0,6163995,1413341212.0
acc,2023,66.92336484056023,0.0009722332642253683,4.0,6163995,1413341212.0
acc,2023,67.37554973813158,0.0009365130316191064,4.0,6163995,1413341212.0
acc,2023,67.82773463570294,0.000902604502394609,4.0,6163995,1413341212.0
acc,2023,68.27991953327428,0.0008701134507769912,4.0,6163995,1413341212.0
acc,2023,68.73210443084564,0.0008386883765121077,4.0,6163995,1413341212.0
acc,2023,69.184289328417,0.0008080240125036736,4.0,6163995,1413341212.0
acc,2023,69.63647422598834,0.0007778630117216772,4.0,6163995,1413341212.0
acc,2023,70.0886591235597,0.0007479960569124616,4.0,6163995,1413341212.0
acc,2023,70.54084402113105,0.0007182606751237634,4.0,6163995,1413341212.0
acc,2023,70.99302891870241,0.0006885390493273887,4.0,6163995,1413341212.0
acc,2023,71.44521381627375,0.0006587551045587251,4.0,6163995,1413341212.0
acc,2023,71.8973987138451,0.0006288711111732444,4.0,6163995,1413341212.0
acc,2023,72.34958361141646,0.0005988839996666584,4.0,6163995,1413341212.0
acc,2023,72.80176850898782,0.0005688215273096732,4.0,6163995,1413341212.0
acc,2023,73.25395340655916,0.0005387383837509503,4.0,6163995,1413341212.0
acc,2023,73.70613830413052,0.0005087122769784066,4.0,6163995,1413341212.0
acc,2023,74.15832320170188,0.0004788400072924263,4.0,6163995,1413341212.0
acc,2023,74.61050809927323,0.00044923351797831204,4.0,6163995,1413341212.0
acc,2023,75.06269299684458,0.00042001590777760974,4.0,6163995,1413341212.0
acc,2023,75.51487789441593,0.00039131740061922233,4.0,6163995,1413341212.0
acc,2023,75.96706279198729,0.0003632712892321464,4.0,6163995,1413341212.0
acc,2023,76.41924768955863,0.00033600989686230416,4.0,6163995,1413341212.0
acc,2023,76.87143258712999,0.0003096606304149863,4.0,6163995,1413341212.0
acc,2023,77.32361748470134,0.0002843422240634049,4.0,6163995,1413341212.0
acc,2023,77.7758023822727,0.00026016129050088845,4.0,6163995,1413341212.0
acc,2023,78.22798727984404,0.00023720930450796623,4.0,6163995,1413341212.0
acc,2023,78.6801721774154,0.00021556013875376342,4.0,6163995,1413341212.0
acc,2023,79.13235707498676,0.0001952682547048675,4.0,6163995,1413341212.0
acc,2023,79.58454197255811,0.00017636762359877123,4.0,6163995,1413341212.0
acc,2023,80.03672687012946,0.000158871416287596,4.0,6163995,1413341212.0
acc,2023,80.48891176770081,0.00014277245984114665,4.0,6163995,1413341212.0
acc,2023,80.94109666527217,0.00012804441697258914,4.0,6163995,1413341212.0
acc,2023,81.39328156284351,0.00011464360541196545,4.0,6163995,1413341212.0
acc,2023,81.84546646041487,0.00010251134163228055,4.0,6163995,1413341212.0
acc,2023,82.29765135798623,9.157666938210085e-05,4.0,6163995,1413341212.0
acc,2023,82.74983625555758,8.17593198726127e-05,4.0,6163995,1413341212.0
acc,2023,83.20202115312892,7.297274773108684e-05,4.0,6163995,1413341212.0
acc,2023,83.65420605070028,6.512709448522966e-05,4.0,6163995,1413341212.0
acc,2023,84.10639094827164,5.8131948040949086e-05,4.0,6163995,1413341212.0
acc,2023,84.558575845843,5.189879036689982e-05,4.0,6163995,1413341212.0
acc,2023,85.01076074341434,4.6343054013907814e-05,4.0,6163995,1413341212.0
acc,2023,85.4629456409857,4.1385738650673495e-05,4.0,6163995,1413341212.0
acc,2023,85.91513053855705,3.695456906620028e-05,4.0,6163995,1413341212.0
acc,2023,86.36731543612841,3.298470395297468e-05,4.0,6163995,1413341212.0
acc,2023,86.81950033369975,2.9419028566647712e-05,4.0,6163995,1413341212.0
acc,2023,87.2716852312711,2.620808290929524e-05,4.0,6163995,1413341212.0
acc,2023,87.72387012884246,2.330968980851722e-05,4.0,6163995,1413341212.0
acc,2023,88.1760550264138,2.068835409184352e-05,4.0,6163995,1413341212.0
acc,2023,88.62823992398516,1.8314505368475544e-05,4.0,6163995,1413341212.0
acc,2023,89.08042482155652,1.6163653468451206e-05,4.0,6163995,1413341212.0
acc,2023,89.53260971912788,1.4215518336581234e-05,4.0,6163995,1413341212.0
acc,2023,89.98479461669922,1.2453186246323791e-05,4.0,6163995,1413341212.0
acc,2024,0.0,0.02406641887235934,4.0,5958531,1416300372.0
acc,2024,0.4522408720236927,0.02488212752502227,4.0,5958531,1416300372.0
acc,2024,0.9044817440473853,0.025593499868332932,4.0,5958531,1416300372.0
acc,2024,1.3567226160710781,0.026197634520502017,4.0,5958531,1416300372.0
acc,2024,1.8089634880947707,0.026694223745409206,4.0,5958531,1416300372.0
acc,2024,2.2612043601184633,0.027085446423298326,4.0,5958531,1416300372.0
acc,2024,2.7134452321421563,0.02737576380778975,4.0,5958531,1416300372.0
acc,2024,3.165686104165849,0.02757163174250494,4.0,5958531,1416300372.0
acc,2024,3.6179269761895414,0.02768114717078521,4.0,5958531,1416300372.0
acc,2024,4.070167848213234,0.02771364961474684,4.0,5958531,1416300372.0
acc,2024,4.5224087202369265,0.027679299668557873,4.0,5958531,1416300372.0
acc,2024,4.9746495922606195,0.027588656466290416,4.0,5958531,1416300372.0
acc,2024,5.4268904642843125,0.027452274596666628,4.0,5958531,1416300372.0
acc,2024,5.879131336308005,0.027280338285027805,4.0,5958531,1416300372.0
acc,2024,6.331372208331698,0.02708234709872678,4.0,5958531,1416300372.0
acc,2024,6.78361308035539,0.026866863290250044,4.0,5958531,1416300372.0
acc,2024,7.235853952379083,0.026641326508408066,4.0,5958531,1416300372.0
acc,2024,7.688094824402776,0.02641193731992384,4.0,5958531,1416300372.0
acc,2024,8.140335696426469,0.026183607067230528,4.0,5958531,1416300372.0
acc,2024,8.592576568450161,0.02595996825633846,4.0,5958531,1416300372.0
acc,2024,9.044817440473853,0.025743437127298156,4.0,5958531,1416300372.0
acc,2024,9.497058312497547,0.025535318310577485,4.0,5958531,1416300372.0
acc,2024,9.949299184521239,0.02533594061162411,4.0,5958531,1416300372.0
acc,2024,10.401540056544931,0.02514481284379987,4.0,5958531,1416300372.0
acc,2024,10.853780928568625,0.024960789228385426,4.0,5958531,1416300372.0
acc,2024,11.306021800592317,0.02478223500593796,4.0,5958531,1416300372.0
acc,2024,11.75826267261601,0.024607184396261698,4.0,5958531,1416300372.0
acc,2024,12.210503544639701,0.0244334847911542,4.0,5958531,1416300372.0
acc,2024,12.662744416663395,0.024258922879389792,4.0,5958531,1416300372.0
acc,2024,13.114985288687087,0.024081330137734613,4.0,5958531,1416300372.0
acc,2024,13.56722616071078,0.023898666741285754,4.0,5958531,1416300372.0
acc,2024,14.019467032734473,0.023709084295573304,4.0,5958531,1416300372.0
acc,2024,14.471707904758166,0.02351096888301711,4.0,5958531,1416300372.0
acc,2024,14.923948776781858,0.023302966692575987,4.0,5958531,1416300372.0
acc,2024,15.376189648805552,0.023083994996013445,4.0,5958531,1416300372.0
acc,2024,15.828430520829244,0.022853241435314073,4.0,5958531,1416300372.0
acc,2024,16.280671392852938,0.022610154568968935,4.0,5958531,1416300372.0
acc,2024,16.732912264876628,0.022354428397053237,4.0,5958531,1416300372.0
acc,2024,17.185153136900322,0.02208598324026834,4.0,5958531,1416300372.0
acc,2024,17.637394008924016,0.02180494487874365,4.0,5958531,1416300372.0
acc,2024,18.089634880947706,0.021511623387306337,4.0,5958531,1416300372.0
acc,2024,18.5418757529714,0.021206492613720318,4.0,5958531,1416300372.0
acc,2024,18.994116624995094,0.02089017079338486,4.0,5958531,1416300372.0
acc,2024,19.446357497018784,0.020563402446734436,4.0,5958531,1416300372.0
acc,2024,19.898598369042478,0.02022704140132934,4.0,5958531,1416300372.0
acc,2024,20.350839241066172,0.01988203461697277,4.0,5958531,1416300372.0
acc,2024,20.803080113089862,0.01952940639376432,4.0,5958531,1416300372.0
acc,2024,21.255320985113556,0.019170242574299234,4.0,5958531,1416300372.0
acc,2024,21.70756185713725,0.01880567440667482,4.0,5958531,1416300372.0
acc,2024,22.15980272916094,0.01843686189766772,4.0,5958531,1416300372.0
acc,2024,22.612043601184634,0.01806497664243328,4.0,5958531,1416300372.0
acc,2024,23.064284473208325,0.017691184300106487,4.0,5958531,1416300372.0
acc,2024,23.51652534523202,0.017316627039886484,4.0,5958531,1416300372.0
acc,2024,23.968766217255713,0.016942406422460657,4.0,5958531,1416300372.0
acc,2024,24.421007089279403,0.0165695672551795,4.0,5958531,1416300372.0
acc,2024,24.873247961303097,0.01619908299769651,4.0,5958531,1416300372.0
acc,2024,25.32548883332679,0.015831843265203007,4.0,5958531,1416300372.0
acc,2024,25.77772970535048,0.015468643908065459,4.0,5958531,1416300372.0
acc,2024,26.229970577374175,0.01511018002537515,4.0,5958531,1416300372.0
acc,2024,26.68221144939787,0.014757042137456723,4.0,5958531,1416300372.0
acc,2024,27.13445232142156,0.014409715580483377,4.0,5958531,1416300372.0
acc,2024,27.586693193445253,0.014068583029796597,4.0,5958531,1416300372.0
acc,2024,28.038934065468947,0.013733929922745343,4.0,5958531,1416300372.0
acc,2024,28.491174937492637,0.013405952425053292,4.0,5958531,1416300372.0
acc,2024,28.94341580951633,0.013084767496403568,4.0,5958531,1416300372.0
acc,2024,29.395656681540025,0.012770424548357992,4.0,5958531,1416300372.0
acc,2024,29.847897553563715,0.01246291816192568,4.0,5958531,1416300372.0
acc,2024,30.30013842558741,0.012162201326610077,4.0,5958531,1416300372.0
acc,2024,30.752379297611103,0.011868198683118092,4.0,5958531,1416300372.0
acc,2024,31.204620169634794,0.011580819294762951,4.0,5958531,1416300372.0
acc,2024,31.656861041658487,0.011299968511518283,4.0,5958531,1416300372.0
acc,2024,32.10910191368218,0.011025558555314596,4.0,5958531,1416300372.0
acc,2024,32.561342785705875,0.010757517506885497,4.0,5958531,1416300372.0
acc,2024,33.01358365772956,0.010495796439282154,4.0,5958531,1416300372.0
acc,2024,33.465824529753256,0.010240374503697405,4.0,5958531,1416300372.0
acc,2024,33.91806540177695,0.00999126184091676,4.0,5958531,1416300372.0
acc,2024,34.370306273800644,0.009748500261118473,4.0,5958531,1416300372.0
acc,2024,34.82254714582434,0.009512161710960332,4.0,5958531,1416300372.0
acc,2024,35.27478801784803,0.009282344627411926,4.0,5958531,1416300372.0
acc,2024,35.72702888987172,0.009059168362303046,4.0,5958531,1416300372.0
acc,2024,36.17926976189541,0.008842765945840873,4.0,5958531,1416300372.0
acc,2024,36.631510633919106,0.008633275537445279,4.0,5958531,1416300372.0
acc,2024,37.0837515059428,0.008430830981458753,4.0,5958531,1416300372.0
acc,2024,37.535992377966494,0.008235551937984267,4.0,5958531,1416300372.0
acc,2024,37.98823324999019,0.008047534088970191,4.0,5958531,1416300372.0
acc,2024,38.440474122013875,0.007866839922276101,4.0,5958531,1416300372.0
acc,2024,38.89271499403757,0.007693490569269133,4.0,5958531,1416300372.0
acc,2024,39.34495586606126,0.00752745911434437,4.0,5958531,1416300372.0
acc,2024,39.797196738084956,0.007368665710621595,4.0,5958531,1416300372.0
acc,2024,40.24943761010865,0.007216974730191235,4.0,5958531,1416300372.0
acc,2024,40.701678482132344,0.007072194057444826,4.0,5958531,1416300372.0
acc,2024,41.15391935415603,0.0069340765091683975,4.0,5958531,1416300372.0
acc,2024,41.606160226179725,0.006802323244874764,4.0,5958531,1416300372.0
acc,2024,42.05840109820342,0.006676588924252517,4.0,5958531,1416300372.0
acc,2024,42.51064197022711,0.006556488283304116,4.0,5958531,1416300372.0
acc,2024,42.96288284225081,0.006441603741925254,4.0,5958531,1416300372.0
acc,2024,43.4151237142745,0.0063314936262221285,4.0,5958531,1416300372.0
acc,2024,43.86736458629819,0.006225700588500209,4.0,5958531,1416300372.0
acc,2024,44.31960545832188,0.006123759833911908,4.0,5958531,1416300372.0
acc,2024,44.771846330345575,0.006025206810448695,4.0,5958531,1416300372.0
acc,2024,45.22408720236927,0.0059295840821800404,4.0,5958531,1416300372.0
acc,2024,45.67632807439296,0.005836447177744375,4.0,5958531,1416300372.0
acc,2024,46.12856894641665,0.005745369280835862,4.0,5958531,1416300372.0
acc,2024,46.58080981844034,0.005655944701501267,4.0,5958531,1416300372.0
acc,2024,47.03305069046404,0.005567791132712085,4.0,5958531,1416300372.0
acc,2024,47.48529156248773,0.00548055075372919,4.0,5958531,1416300372.0
acc,2024,47.937532434511425,0.005393890289679634,4.0,5958531,1416300372.0
acc,2024,48.38977330653512,0.0053075001761124264,4.0,5958531,1416300372.0
acc,2024,48.842014178558806,0.005221093009392139,4.0,5958531,1416300372.0
acc,2024,49.2942550505825,0.0051344014899751605,4.0,5958531,1416300372.0
acc,2024,49.746495922606194,0.005047176086801957,4.0,5958531,1416300372.0
acc,2024,50.19873679462989,0.004959182667128688,4.0,5958531,1416300372.0
acc,2024,50.65097766665358,0.00487020034606298,4.0,5958531,1416300372.0
acc,2024,51.103218538677275,0.004780019811574164,4.0,5958531,1416300372.0
acc,2024,51.55545941070096,0.004688442370977427,4.0,5958531,1416300372.0
acc,2024,52.007700282724656,0.004595279940682572,4.0,5958531,1416300372.0
acc,2024,52.45994115474835,0.0045003561597902675,4.0,5958531,1416300372.0
acc,2024,52.912182026772044,0.004403508748388933,4.0,5958531,1416300372.0
acc,2024,53.36442289879574,0.004304593153681143,4.0,5958531,1416300372.0
acc,2024,53.81666377081943,0.004203487433765727,4.0,5958531,1416300372.0
acc,2024,54.26890464284312,0.004100098225103369,4.0,5958531,1416300372.0
acc,2024,54.72114551486681,0.003994367532437044,4.0,5958531,1416300372.0
acc,2024,55.173386386890506,0.003886279977947095,4.0,5958531,1416300372.0
acc,2024,55.6256272589142,0.0037758700592821154,4.0,5958531,1416300372.0
acc,2024,56.077868130937894,0.0036632289031186768,4.0,5958531,1416300372.0
acc,2024,56.53010900296159,0.0035485099702560526,4.0,5958531,1416300372.0
acc,2024,56.982349874985275,0.0034319331757075282,4.0,5958531,1416300372.0
acc,2024,57.43459074700897,0.00331378693563874,4.0,5958531,1416300372.0
acc,2024,57.88683161903266,0.003194427741456906,4.0,5958531,1416300372.0
acc,2024,58.339072491056356,0.0030742769853896483,4.0,5958531,1416300372.0
acc,2024,58.79131336308005,0.0029538149135209164,4.0,5958531,1416300372.0
acc,2024,59.24355423510374,0.0028335717508247114,4.0,5958531,1416300372.0
acc,2024,59.69579510712743,0.0027141162157262085,4.0,5958531,1416300372.0
acc,2024,60.148035979151125,0.0025960418061312792,4.0,5958531,1416300372.0
acc,2024,60.60027685117482,0.0024799513822012227,4.0,5958531,1416300372.0
acc,2024,61.05251772319851,0.0023664406828750656,4.0,5958531,1416300372.0
acc,2024,61.50475859522221,0.0022560814853241984,4.0,5958531,1416300372.0
acc,2024,61.95699946724589,0.002149405144751069,4.0,5958531,1416300372.0
acc,2024,62.40924033926959,0.0020468872353640666,4.0,5958531,1416300372.0
acc,2024,62.86148121129328,0.0019489339547363233,4.0,5958531,1416300372.0
acc,2024,63.313722083316975,0.001855870858881638,4.0,5958531,1416300372.0
acc,2024,63.76596295534067,0.0017679343724222591,4.0,5958531,1416300372.0
acc,2024,64.21820382736436,0.001685266376763221,4.0,5958531,1416300372.0
acc,2024,64.67044469938806,0.0016079120292824688,4.0,5958531,1416300372.0
acc,2024,65.12268557141175,0.0015358208178134728,4.0,5958531,1416300372.0
acc,2024,65.57492644343544,0.0014688507155574888,4.0,5958531,1416300372.0
acc,2024,66.02716731545912,0.0014067751787274912,4.0,5958531,1416300372.0
acc,2024,66.47940818748282,0.001349292627388915,4.0,5958531,1416300372.0
acc,2024,66.93164905950651,0.001296037971798868,4.0,5958531,1416300372.0
acc,2024,67.3838899315302,0.0012465956928826203,4.0,5958531,1416300372.0
acc,2024,67.8361308035539,0.0012005139556386202,4.0,5958531,1416300372.0
acc,2024,68.2883716755776,0.0011573192264629963,4.0,5958531,1416300372.0
acc,2024,68.74061254760129,0.001116530877214084,4.0,5958531,1416300372.0
acc,2024,69.19285341962498,0.0010776752875916592,4.0,5958531,1416300372.0
acc,2024,69.64509429164868,0.0010402990003976673,4.0,5958531,1416300372.0
acc,2024,70.09733516367237,0.001003980538965767,4.0,5958531,1416300372.0
acc,2024,70.54957603569606,0.0009683405601908689,4.0,5958531,1416300372.0
acc,2024,71.00181690771976,0.0009330500880515195,4.0,5958531,1416300372.0
acc,2024,71.45405777974344,0.0008978366492386226,4.0,5958531,1416300372.0
acc,2024,71.90629865176713,0.0008624882123831854,4.0,5958531,1416300372.0
acc,2024,72.35853952379082,0.0008268549131385438,4.0,5958531,1416300372.0
acc,2024,72.81078039581452,0.0007908486265359641,4.0,5958531,1416300372.0
acc,2024,73.26302126783821,0.0007544405229153851,4.0,5958531,1416300372.0
acc,2024,73.7152621398619,0.0007176568115574895,4.0,5958531,1416300372.0
acc,2024,74.1675030118856,0.0006805729341848343,4.0,5958531,1416300372.0
acc,2024,74.6197438839093,0.0006433065163068157,4.0,5958531,1416300372.0
acc,2024,75.07198475593299,0.0006060094159669829,4.0,5958531,1416300372.0
acc,2024,75.52422562795668,0.0005688592255033553,4.0,5958531,1416300372.0
acc,2024,75.97646649998038,0.0005320505819566905,4.0,5958531,1416300372.0
acc,2024,76.42870737200406,0.0004957866261527787,4.0,5958531,1416300372.0
acc,2024,76.88094824402775,0.0004602709205361539,4.0,5958531,1416300372.0
acc,2024,77.33318911605144,0.00042570009363708517,4.0,5958531,1416300372.0
acc,2024,77.78542998807514,0.00039225742736594723,4.0,5958531,1416300372.0
acc,2024,78.23767086009883,0.00036010754534756536,4.0,5958531,1416300372.0
acc,2024,78.68991173212252,0.0003293922996478278,4.0,5958531,1416300372.0
acc,2024,79.14215260414622,0.00030022789288750696,4.0,5958531,1416300372.0
acc,2024,79.59439347616991,0.00027270321601281875,4.0,5958531,1416300372.0
acc,2024,80.0466343481936,0.00024687933158041095,4.0,5958531,1416300372.0
acc,2024,80.4988752202173,0.00022278999040930997,4.0,5958531,1416300372.0
acc,2024,80.951116092241,0.0002004430372716697,4.0,5958531,1416300372.0
acc,2024,81.40335696426469,0.000179822539649425,4.0,5958531,1416300372.0
acc,2024,81.85559783628837,0.00016089146250098443,4.0,5958531,1416300372.0
acc,2024,82.30783870831206,0.00014359471087035884,4.0,5958531,1416300372.0
acc,2024,82.76007958033576,0.00012786236992215589,4.0,5958531,1416300372.0
acc,2024,83.21232045235945,0.00011361298710024813,4.0,5958531,1416300372.0
acc,2024,83.66456132438314,0.00010075676183217219,4.0,5958531,1416300372.0
acc,2024,84.11680219640684,8.919853266578063e-05,4.0,5958531,1416300372.0
acc,2024,84.56904306843053,7.884047807457676e-05,4.0,5958531,1416300372.0
acc,2024,85.02128394045423,6.95844736796507e-05,4.0,5958531,1416300372.0
acc,2024,85.47352481247792,6.133407380810635e-05,4.0,5958531,1416300372.0
acc,2024,85.92576568450161,5.399610793188829e-05,4.0,5958531,1416300372.0
acc,2024,86.3780065565253,4.748190172967608e-05,4.0,5958531,1416300372.0
acc,2024,86.830247428549,4.170814775743336e-05,4.0,5958531,1416300372.0
acc,2024,87.28248830057268,3.659746180078027e-05,4.0,5958531,1416300372.0
acc,2024,87.73472917259637,3.2078668014162724e-05,4.0,5958531,1416300372.0
acc,2024,88.18697004462007,2.8086859272858293e-05,4.0,5958531,1416300372.0
acc,2024,88.63921091664376,2.4563279302671328e-05,4.0,5958531,1416300372.0
acc,2024,89.09145178866746,2.1455070751456916e-05,4.0,5958531,1416300372.0
acc,2024,89.54369266069115,1.8714929118048663e-05,4.0,5958531,1416300372.0
acc,2024,89.99593353271484,1.6300697036142516e-05,4.0,5958531,1416300372.0
Minority_rate,2014,0.0,0.04696426477473404,4.0,8047147,1330218050.0
Minority_rate,2014,0.495678391959799,0.0476801517580607,4.0,8047147,1330218050.0
Minority_rate,2014,0.991356783919598,0.04816836549371225,4.0,8047147,1330218050.0
Minority_rate,2014,1.487035175879397,0.048423165327386934,4.0,8047147,1330218050.0
Minority_rate,2014,1.982713567839196,0.04844236915550381,4.0,8047147,1330218050.0
Minority_rate,2014,2.478391959798995,0.048227386916197754,4.0,8047147,1330218050.0
Minority_rate,2014,2.974070351758794,0.047783161873937434,4.0,8047147,1330218050.0
Minority_rate,2014,3.469748743718593,0.04711802238372224,4.0,8047147,1330218050.0
Minority_rate,2014,3.965427135678392,0.04624344999673609,4.0,8047147,1330218050.0
Minority_rate,2014,4.461105527638191,0.045173772670769385,4.0,8047147,1330218050.0
Minority_rate,2014,4.95678391959799,0.04392579430768639,4.0,8047147,1330218050.0
Minority_rate,2014,5.452462311557789,0.04251837379587435,4.0,8047147,1330218050.0
Minority_rate,2014,5.948140703517588,0.04097196808607445,4.0,8047147,1330218050.0
Minority_rate,2014,6.443819095477387,0.03930815453491917,4.0,8047147,1330218050.0
Minority_rate,2014,6.939497487437186,0.037549147822645755,4.0,8047147,1330218050.0
Minority_rate,2014,7.4351758793969855,0.03571732619849673,4.0,8047147,1330218050.0
Minority_rate,2014,7.930854271356784,0.03383478068593182,4.0,8047147,1330218050.0
Minority_rate,2014,8.426532663316584,0.031922899285806806,4.0,8047147,1330218050.0
Minority_rate,2014,8.922211055276382,0.03000199623117249,4.0,8047147,1330218050.0
Minority_rate,2014,9.417889447236181,0.02809099410109588,4.0,8047147,1330218050.0
Minority_rate,2014,9.91356783919598,0.026207164206472913,4.0,8047147,1330218050.0
Minority_rate,2014,10.409246231155779,0.024365928230459633,4.0,8047147,1330218050.0
Minority_rate,2014,10.904924623115578,0.02258072176379571,4.0,8047147,1330218050.0
Minority_rate,2014,11.400603015075378,0.020862918205645703,4.0,8047147,1330218050.0
Minority_rate,2014,11.896281407035175,0.01922180958858469,4.0,8047147,1330218050.0
Minority_rate,2014,12.391959798994975,0.017664639292984712,4.0,8047147,1330218050.0
Minority_rate,2014,12.887638190954775,0.01619668037883001,4.0,8047147,1330218050.0
Minority_rate,2014,13.383316582914574,0.014821352396705007,4.0,8047147,1330218050.0
Minority_rate,2014,13.878994974874372,0.013540369042946204,4.0,8047147,1330218050.0
Minority_rate,2014,14.374673366834172,0.012353908880742712,4.0,8047147,1330218050.0
Minority_rate,2014,14.870351758793971,0.011260801514814376,4.0,8047147,1330218050.0
Minority_rate,2014,15.366030150753769,0.010258722043997243,4.0,8047147,1330218050.0
Minority_rate,2014,15.861708542713568,0.009344387269454907,4.0,8047147,1330218050.0
Minority_rate,2014,16.357386934673368,0.00851374794402306,4.0,8047147,1330218050.0
Minority_rate,2014,16.853065326633168,0.007762172264678993,4.0,8047147,1330218050.0
Minority_rate,2014,17.348743718592967,0.00708461676970278,4.0,8047147,1330218050.0
Minority_rate,2014,17.844422110552763,0.006475781767829591,4.0,8047147,1330218050.0
Minority_rate,2014,18.340100502512563,0.005930249350634673,4.0,8047147,1330218050.0
Minority_rate,2014,18.835778894472362,0.0054426028930402584,4.0,8047147,1330218050.0
Minority_rate,2014,19.331457286432162,0.005007527702818856,4.0,8047147,1330218050.0
Minority_rate,2014,19.82713567839196,0.004619893127671698,4.0,8047147,1330218050.0
Minority_rate,2014,20.32281407035176,0.00427481695358695,4.0,8047147,1330218050.0
Minority_rate,2014,20.818492462311557,0.003967713336794112,4.0,8047147,1330218050.0
Minority_rate,2014,21.314170854271357,0.0036943258023374474,4.0,8047147,1330218050.0
Minority_rate,2014,21.809849246231156,0.003450747029079487,4.0,8047147,1330218050.0
Minority_rate,2014,22.305527638190956,0.0032334272325163856,4.0,8047147,1330218050.0
Minority_rate,2014,22.801206030150755,0.003039172970051609,4.0,8047147,1330218050.0
Minority_rate,2014,23.296884422110555,0.002865138140953091,4.0,8047147,1330218050.0
Minority_rate,2014,23.79256281407035,0.002708808851676044,4.0,8047147,1330218050.0
Minority_rate,2014,24.28824120603015,0.002567983679098553,4.0,8047147,1330218050.0
Minority_rate,2014,24.78391959798995,0.002440750703295266,4.0,8047147,1330218050.0
Minority_rate,2014,25.27959798994975,0.0023254625075238215,4.0,8047147,1330218050.0
Minority_rate,2014,25.77527638190955,0.0022207101658974103,4.0,8047147,1330218050.0
Minority_rate,2014,26.27095477386935,0.002125297065970731,4.0,8047147,1330218050.0
Minority_rate,2014,26.76663316582915,0.002038213248561821,4.0,8047147,1330218050.0
Minority_rate,2014,27.262311557788944,0.0019586107962199246,4.0,8047147,1330218050.0
Minority_rate,2014,27.757989949748744,0.0018857806651195726,4.0,8047147,1330218050.0
Minority_rate,2014,28.253668341708543,0.0018191312359429565,4.0,8047147,1330218050.0
Minority_rate,2014,28.749346733668343,0.0017581687568877307,4.0,8047147,1330218050.0
Minority_rate,2014,29.245025125628143,0.0017024797655218929,4.0,8047147,1330218050.0
Minority_rate,2014,29.740703517587942,0.0016517155069307333,4.0,8047147,1330218050.0
Minority_rate,2014,30.236381909547738,0.0016055783091748056,4.0,8047147,1330218050.0
Minority_rate,2014,30.732060301507538,0.001563809835538246,4.0,8047147,1330218050.0
Minority_rate,2014,31.227738693467337,0.0015261811019931367,4.0,8047147,1330218050.0
Minority_rate,2014,31.723417085427137,0.0014924841279235403,4.0,8047147,1330218050.0
Minority_rate,2014,32.21909547738694,0.0014625250762377456,4.0,8047147,1330218050.0
Minority_rate,2014,32.714773869346736,0.0014361187343476026,4.0,8047147,1330218050.0
Minority_rate,2014,33.210452261306536,0.0014130841881088826,4.0,8047147,1330218050.0
Minority_rate,2014,33.706130653266335,0.0013932415464653844,4.0,8047147,1330218050.0
Minority_rate,2014,34.201809045226135,0.0013764095827109152,4.0,8047147,1330218050.0
Minority_rate,2014,34.697487437185934,0.0013624041689417638,4.0,8047147,1330218050.0
Minority_rate,2014,35.19316582914573,0.0013510373917125593,4.0,8047147,1330218050.0
Minority_rate,2014,35.688844221105526,0.0013421172487237145,4.0,8047147,1330218050.0
Minority_rate,2014,36.184522613065326,0.001335447837670182,4.0,8047147,1330218050.0
Minority_rate,2014,36.680201005025125,0.0013308299583701633,4.0,8047147,1330218050.0
Minority_rate,2014,37.175879396984925,0.0013280620582217851,4.0,8047147,1330218050.0
Minority_rate,2014,37.671557788944725,0.0013269414580596706,4.0,8047147,1330218050.0
Minority_rate,2014,38.167236180904524,0.001327265800671434,4.0,8047147,1330218050.0
Minority_rate,2014,38.662914572864324,0.0013288346679495764,4.0,8047147,1330218050.0
Minority_rate,2014,39.15859296482412,0.0013314513148943218,4.0,8047147,1330218050.0
Minority_rate,2014,39.65427135678392,0.0013349244696194895,4.0,8047147,1330218050.0
Minority_rate,2014,40.14994974874372,0.0013390701491822652,4.0,8047147,1330218050.0
Minority_rate,2014,40.64562814070352,0.001343713440807648,4.0,8047147,1330218050.0
Minority_rate,2014,41.14130653266332,0.0013486901990594866,4.0,8047147,1330218050.0
Minority_rate,2014,41.636984924623114,0.0013538486102191143,4.0,8047147,1330218050.0
Minority_rate,2014,42.132663316582914,0.0013590505776215655,4.0,8047147,1330218050.0
Minority_rate,2014,42.62834170854271,0.0013641728851626212,4.0,8047147,1330218050.0
Minority_rate,2014,43.12402010050251,0.0013691081018249306,4.0,8047147,1330218050.0
Minority_rate,2014,43.61969849246231,0.001373765196065115,4.0,8047147,1330218050.0
Minority_rate,2014,44.11537688442211,0.0013780698382723272,4.0,8047147,1330218050.0
Minority_rate,2014,44.61105527638191,0.0013819643779376175,4.0,8047147,1330218050.0
Minority_rate,2014,45.10673366834171,0.001385407493440845,4.0,8047147,1330218050.0
Minority_rate,2014,45.60241206030151,0.0013883735227224524,4.0,8047147,1330218050.0
Minority_rate,2014,46.09809045226131,0.001390851493948301,4.0,8047147,1330218050.0
Minority_rate,2014,46.59376884422111,0.0013928438854581232,4.0,8047147,1330218050.0
Minority_rate,2014,47.08944723618091,0.0013943651530714872,4.0,8047147,1330218050.0
Minority_rate,2014,47.5851256281407,0.0013954400702079007,4.0,8047147,1330218050.0
Minority_rate,2014,48.0808040201005,0.0013961019319392073,4.0,8047147,1330218050.0
Minority_rate,2014,48.5764824120603,0.0013963906767257164,4.0,8047147,1330218050.0
Minority_rate,2014,49.0721608040201,0.0013963509811213547,4.0,8047147,1330218050.0
Minority_rate,2014,49.5678391959799,0.0013960303809997,4.0,8047147,1330218050.0
Minority_rate,2014,50.0635175879397,0.0013954774696681165,4.0,8047147,1330218050.0
Minority_rate,2014,50.5591959798995,0.0013947402181945685,4.0,8047147,1330218050.0
Minority_rate,2014,51.0548743718593,0.0013938644567141622,4.0,8047147,1330218050.0
Minority_rate,2014,51.5505527638191,0.0013928925483205241,4.0,8047147,1330218050.0
Minority_rate,2014,52.0462311557789,0.0013918622792636027,4.0,8047147,1330218050.0
Minority_rate,2014,52.5419095477387,0.0013908059815940252,4.0,8047147,1330218050.0
Minority_rate,2014,53.0375879396985,0.0013897498968348826,4.0,8047147,1330218050.0
Minority_rate,2014,53.5332663316583,0.0013887137828551472,4.0,8047147,1330218050.0
Minority_rate,2014,54.02894472361809,0.0013877107600283906,4.0,8047147,1330218050.0
Minority_rate,2014,54.52462311557789,0.0013867473879754927,4.0,8047147,1330218050.0
Minority_rate,2014,55.02030150753769,0.0013858239602009986,4.0,8047147,1330218050.0
Minority_rate,2014,55.51597989949749,0.0013849350005131834,4.0,8047147,1330218050.0
Minority_rate,2014,56.01165829145729,0.0013840699423778103,4.0,8047147,1330218050.0
Minority_rate,2014,56.50733668341709,0.0013832139701187769,4.0,8047147,1330218050.0
Minority_rate,2014,57.00301507537689,0.0013823489981032722,4.0,8047147,1330218050.0
Minority_rate,2014,57.498693467336686,0.0013814547620994736,4.0,8047147,1330218050.0
Minority_rate,2014,57.994371859296486,0.001380509993879503,4.0,8047147,1330218050.0
Minority_rate,2014,58.490050251256285,0.0013794936475635942,4.0,8047147,1330218050.0
Minority_rate,2014,58.985728643216085,0.001378386143117963,4.0,8047147,1330218050.0
Minority_rate,2014,59.481407035175884,0.0013771705894139398,4.0,8047147,1330218050.0
Minority_rate,2014,59.977085427135684,0.0013758339467962986,4.0,8047147,1330218050.0
Minority_rate,2014,60.472763819095476,0.0013743680873859153,4.0,8047147,1330218050.0
Minority_rate,2014,60.968442211055276,0.0013727707105743094,4.0,8047147,1330218050.0
Minority_rate,2014,61.464120603015076,0.0013710460720333367,4.0,8047147,1330218050.0
Minority_rate,2014,61.959798994974875,0.0013692054876770132,4.0,8047147,1330218050.0
Minority_rate,2014,62.455477386934675,0.001367267578400012,4.0,8047147,1330218050.0
Minority_rate,2014,62.951155778894474,0.0013652582288152023,4.0,8047147,1330218050.0
Minority_rate,2014,63.446834170854274,0.0013632102425533393,4.0,8047147,1330218050.0
Minority_rate,2014,63.94251256281407,0.0013611626874928165,4.0,8047147,1330218050.0
Minority_rate,2014,64.43819095477387,0.001359159937117849,4.0,8047147,1330218050.0
Minority_rate,2014,64.93386934673367,0.0013572504280869601,4.0,8047147,1330218050.0
Minority_rate,2014,65.42954773869347,0.0013554851670808585,4.0,8047147,1330218050.0
Minority_rate,2014,65.92522613065327,0.0013539160343443086,4.0,8047147,1330218050.0
Minority_rate,2014,66.42090452261307,0.0013525939423602892,4.0,8047147,1330218050.0
Minority_rate,2014,66.91658291457287,0.0013515669184449848,4.0,8047147,1330218050.0
Minority_rate,2014,67.41226130653267,0.0013508781871544937,4.0,8047147,1330218050.0
Minority_rate,2014,67.90793969849247,0.001350564331829902,4.0,8047147,1330218050.0
Minority_rate,2014,68.40361809045227,0.0013506536150546522,4.0,8047147,1330218050.0
Minority_rate,2014,68.89929648241207,0.0013511645341165936,4.0,8047147,1330218050.0
Minority_rate,2014,69.39497487437187,0.001352104679884285,4.0,8047147,1330218050.0
Minority_rate,2014,69.89065326633165,0.001353469956818344,4.0,8047147,1330218050.0
Minority_rate,2014,70.38633165829145,0.0013552442082525897,4.0,8047147,1330218050.0
Minority_rate,2014,70.88201005025125,0.001357399274559575,4.0,8047147,1330218050.0
Minority_rate,2014,71.37768844221105,0.0013598954945555253,4.0,8047147,1330218050.0
Minority_rate,2014,71.87336683417085,0.0013626826419123614,4.0,8047147,1330218050.0
Minority_rate,2014,72.36904522613065,0.0013657012706387052,4.0,8047147,1330218050.0
Minority_rate,2014,72.86472361809045,0.0013688844260726428,4.0,8047147,1330218050.0
Minority_rate,2014,73.36040201005025,0.0013721596627202502,4.0,8047147,1330218050.0
Minority_rate,2014,73.85608040201005,0.0013754512974241601,4.0,8047147,1330218050.0
Minority_rate,2014,74.35175879396985,0.0013786828156140097,4.0,8047147,1330218050.0
Minority_rate,2014,74.84743718592965,0.0013817793420104023,4.0,8047147,1330218050.0
Minority_rate,2014,75.34311557788945,0.0013846700828767625,4.0,8047147,1330218050.0
Minority_rate,2014,75.83879396984925,0.001387290647095662,4.0,8047147,1330218050.0
Minority_rate,2014,76.33447236180905,0.00138958515573845,4.0,8047147,1330218050.0
Minority_rate,2014,76.83015075376885,0.0013915080562266512,4.0,8047147,1330218050.0
Minority_rate,2014,77.32582914572865,0.0013930255655086566,4.0,8047147,1330218050.0
Minority_rate,2014,77.82150753768845,0.0013941166779913982,4.0,8047147,1330218050.0
Minority_rate,2014,78.31718592964825,0.0013947736871943108,4.0,8047147,1330218050.0
Minority_rate,2014,78.81286432160805,0.0013950021847619492,4.0,8047147,1330218050.0
Minority_rate,2014,79.30854271356785,0.0013948205169327958,4.0,8047147,1330218050.0
Minority_rate,2014,79.80422110552765,0.0013942586954976035,4.0,8047147,1330218050.0
Minority_rate,2014,80.29989949748744,0.0013933567781379906,4.0,8047147,1330218050.0
Minority_rate,2014,80.79557788944724,0.001392162750902559,4.0,8047147,1330218050.0
Minority_rate,2014,81.29125628140704,0.0013907299633692475,4.0,8047147,1330218050.0
Minority_rate,2014,81.78693467336684,0.0013891141840235396,4.0,8047147,1330218050.0
Minority_rate,2014,82.28261306532664,0.001387370359808501,4.0,8047147,1330218050.0
Minority_rate,2014,82.77829145728643,0.0013855491776154497,4.0,8047147,1330218050.0
Minority_rate,2014,83.27396984924623,0.0013836935387522486,4.0,8047147,1330218050.0
Minority_rate,2014,83.76964824120603,0.0013818350662007566,4.0,8047147,1330218050.0
Minority_rate,2014,84.26532663316583,0.0013799907716208044,4.0,8047147,1330218050.0
Minority_rate,2014,84.76100502512563,0.00137816001152497,4.0,8047147,1330218050.0
Minority_rate,2014,85.25668341708543,0.0013763218604758028,4.0,8047147,1330218050.0
Minority_rate,2014,85.75236180904523,0.001374433023304314,4.0,8047147,1330218050.0
Minority_rate,2014,86.24804020100503,0.0013724263971209149,4.0,8047147,1330218050.0
Minority_rate,2014,86.74371859296483,0.0013702103783000627,4.0,8047147,1330218050.0
Minority_rate,2014,87.23939698492462,0.0013676689892687258,4.0,8047147,1330218050.0
Minority_rate,2014,87.73507537688442,0.0013646628748467924,4.0,8047147,1330218050.0
Minority_rate,2014,88.23075376884422,0.0013610311897739305,4.0,8047147,1330218050.0
Minority_rate,2014,88.72643216080402,0.0013565943679622033,4.0,8047147,1330218050.0
Minority_rate,2014,89.22211055276382,0.0013511577308875174,4.0,8047147,1330218050.0
Minority_rate,2014,89.71778894472362,0.0013445158600220149,4.0,8047147,1330218050.0
Minority_rate,2014,90.21346733668342,0.0013364576252182683,4.0,8047147,1330218050.0
Minority_rate,2014,90.70914572864322,0.001326771732404932,4.0,8047147,1330218050.0
Minority_rate,2014,91.20482412060302,0.0013152526274555975,4.0,8047147,1330218050.0
Minority_rate,2014,91.70050251256282,0.0013017065731860662,4.0,8047147,1330218050.0
Minority_rate,2014,92.19618090452262,0.001285957702430143,4.0,8047147,1330218050.0
Minority_rate,2014,92.69185929648242,0.0012678538436077318,4.0,8047147,1330218050.0
Minority_rate,2014,93.18753768844222,0.0012472719166391145,4.0,8047147,1330218050.0
Minority_rate,2014,93.68321608040202,0.0012241227068440989,4.0,8047147,1330218050.0
Minority_rate,2014,94.17889447236182,0.0011983548418963445,4.0,8047147,1330218050.0
Minority_rate,2014,94.67457286432162,0.001169957822307898,4.0,8047147,1330218050.0
Minority_rate,2014,95.1702512562814,0.001138963987596032,4.0,8047147,1330218050.0
Minority_rate,2014,95.6659296482412,0.0011054493369602454,4.0,8047147,1330218050.0
Minority_rate,2014,96.161608040201,0.0010695331644024475,4.0,8047147,1330218050.0
Minority_rate,2014,96.6572864321608,0.0010313765102163927,4.0,8047147,1330218050.0
Minority_rate,2014,97.1529648241206,0.000991179473776895,4.0,8047147,1330218050.0
Minority_rate,2014,97.6486432160804,0.0009491774729075428,4.0,8047147,1330218050.0
Minority_rate,2014,98.1443216080402,0.0009056365723136447,4.0,8047147,1330218050.0
Minority_rate,2014,98.64,0.000860848035292496,4.0,8047147,1330218050.0
Minority_rate,2015,0.0,0.046984771985633465,4.0,8015678,1341785515.0
Minority_rate,2015,0.495678391959799,0.047701532746414796,4.0,8015678,1341785515.0
Minority_rate,2015,0.991356783919598,0.048190295890623645,4.0,8015678,1341785515.0
Minority_rate,2015,1.487035175879397,0.04844530857084526,4.0,8015678,1341785515.0
Minority_rate,2015,1.982713567839196,0.048464385114639005,4.0,8015678,1341785515.0
Minority_rate,2015,2.478391959798995,0.04824894058439849,4.0,8015678,1341785515.0
Minority_rate,2015,2.974070351758794,0.047803931818565425,4.0,8015678,1341785515.0
Minority_rate,2015,3.469748743718593,0.04713770864895074,4.0,8015678,1341785515.0
Minority_rate,2015,3.965427135678392,0.046261781191854014,4.0,8015678,1341785515.0
Minority_rate,2015,4.461105527638191,0.045190512005943116,4.0,8015678,1341785515.0
Minority_rate,2015,4.95678391959799,0.04394074439893582,4.0,8015678,1341785515.0
Minority_rate,2015,5.452462311557789,0.04253138010838236,4.0,8015678,1341785515.0
Minority_rate,2015,5.948140703517588,0.04098292094823074,4.0,8015678,1341785515.0
Minority_rate,2015,6.443819095477387,0.039316989718201606,4.0,8015678,1341785515.0
Minority_rate,2015,6.939497487437186,0.037555845738404245,4.0,8015678,1341785515.0
Minority_rate,2015,7.4351758793969855,0.035721909814751124,4.0,8015678,1341785515.0
Minority_rate,2015,7.930854271356784,0.03383731231560729,4.0,8015678,1341785515.0
Minority_rate,2015,8.426532663316584,0.03192347642965367,4.0,8015678,1341785515.0
Minority_rate,2015,8.922211055276382,0.030000746686879416,4.0,8015678,1341785515.0
Minority_rate,2015,9.417889447236181,0.02808807056183655,4.0,8015678,1341785515.0
Minority_rate,2015,9.91356783919598,0.026202738575122606,4.0,8015678,1341785515.0
Minority_rate,2015,10.409246231155779,0.02436018586787025,4.0,8015678,1341785515.0
Minority_rate,2015,10.904924623115578,0.02257385587342261,4.0,8015678,1341785515.0
Minority_rate,2015,11.400603015075378,0.020855124531137526,4.0,8015678,1341785515.0
Minority_rate,2015,11.896281407035175,0.019213281572168162,4.0,8015678,1341785515.0
Minority_rate,2015,12.391959798994975,0.017655563809569466,4.0,8015678,1341785515.0
Minority_rate,2015,12.887638190954775,0.01618723412479314,4.0,8015678,1341785515.0
Minority_rate,2015,13.383316582914574,0.014811698978033305,4.0,8015678,1341785515.0
Minority_rate,2015,13.878994974874372,0.013530656776957603,4.0,8015678,1341785515.0
Minority_rate,2015,14.374673366834172,0.012344269293905264,4.0,8015678,1341785515.0
Minority_rate,2015,14.870351758793971,0.01125134849655133,4.0,8015678,1341785515.0
Minority_rate,2015,15.366030150753769,0.010249551596303832,4.0,8015678,1341785515.0
Minority_rate,2015,15.861708542713568,0.009335577777309543,4.0,8015678,1341785515.0
Minority_rate,2015,16.357386934673368,0.008505360883976654,4.0,8015678,1341785515.0
Minority_rate,2015,16.853065326633168,0.007754253263289379,4.0,8015678,1341785515.0
Minority_rate,2015,17.348743718592967,0.007077196924852845,4.0,8015678,1341785515.0
Minority_rate,2015,17.844422110552763,0.0064688791501281775,4.0,8015678,1341785515.0
Minority_rate,2015,18.340100502512563,0.0059238706085213925,4.0,8015678,1341785515.0
Minority_rate,2015,18.835778894472362,0.00543674489398625,4.0,8015678,1341785515.0
Minority_rate,2015,19.331457286432162,0.005002179154624711,4.0,8015678,1341785515.0
Minority_rate,2015,19.82713567839196,0.004615036133282077,4.0,8015678,1341785515.0
Minority_rate,2015,20.32281407035176,0.0042704284647000525,4.0,8015678,1341785515.0
Minority_rate,2015,20.818492462311557,0.003963766481237995,4.0,8015678,1341785515.0
Minority_rate,2015,21.314170854271357,0.0036907910700978573,4.0,8015678,1341785515.0
Minority_rate,2015,21.809849246231156,0.0034475933090571576,4.0,8015678,1341785515.0
Minority_rate,2015,22.305527638190956,0.003230622699750898,4.0,8015678,1341785515.0
Minority_rate,2015,22.801206030150755,0.003036685827915409,4.0,8015678,1341785515.0
Minority_rate,2015,23.296884422110555,0.002862937226996039,4.0,8015678,1341785515.0
Minority_rate,2015,23.79256281407035,0.002706864118393752,4.0,8015678,1341785515.0
Minority_rate,2015,24.28824120603015,0.0025662665627881488,4.0,8015678,1341785515.0
Minority_rate,2015,24.78391959798995,0.00243923439458258,4.0,8015678,1341785515.0
Minority_rate,2015,25.27959798994975,0.0023241221373069385,4.0,8015678,1341785515.0
Minority_rate,2015,25.77527638190955,0.0022195229200205405,4.0,8015678,1341785515.0
Minority_rate,2015,26.27095477386935,0.0021242422406869913,4.0,8015678,1341785515.0
Minority_rate,2015,26.76663316582915,0.0020372722578826216,4.0,8015678,1341785515.0
Minority_rate,2015,27.262311557788944,0.0019577671410097477,4.0,8015678,1341785515.0
Minority_rate,2015,27.757989949748744,0.0018850198722427365,4.0,8015678,1341785515.0
Minority_rate,2015,28.253668341708543,0.0018184407748251415,4.0,8015678,1341785515.0
Minority_rate,2015,28.749346733668343,0.0017575379392594165,4.0,8015678,1341785515.0
Minority_rate,2015,29.245025125628143,0.0017018996334904543,4.0,8015678,1341785515.0
Minority_rate,2015,29.740703517587942,0.001651178713122357,4.0,8015678,1341785515.0
Minority_rate,2015,30.236381909547738,0.0016050789923560808,4.0,8015678,1341785515.0
Minority_rate,2015,30.732060301507538,0.0015633434939245818,4.0,8015678,1341785515.0
Minority_rate,2015,31.227738693467337,0.0015257444664120105,4.0,8015678,1341785515.0
Minority_rate,2015,31.723417085427137,0.0014920750360161218,4.0,8015678,1341785515.0
Minority_rate,2015,32.21909547738694,0.0014621423490023577,4.0,8015678,1341785515.0
Minority_rate,2015,32.714773869346736,0.0014357620554877315,4.0,8015678,1341785515.0
Minority_rate,2015,33.210452261306536,0.0014127539869845617,4.0,8015678,1341785515.0
Minority_rate,2015,33.706130653266335,0.0013929388848164526,4.0,8015678,1341785515.0
Minority_rate,2015,34.201809045226135,0.0013761360455550092,4.0,8015678,1341785515.0
Minority_rate,2015,34.697487437185934,0.0013621617596989016,4.0,8015678,1341785515.0
Minority_rate,2015,35.19316582914573,0.0013508284318464415,4.0,8015678,1341785515.0
Minority_rate,2015,35.688844221105526,0.0013419442820224409,4.0,8015678,1341785515.0
Minority_rate,2015,36.184522613065326,0.0013353135393804035,4.0,8015678,1341785515.0
Minority_rate,2015,36.680201005025125,0.0013307370494637588,4.0,8015678,1341785515.0
Minority_rate,2015,37.175879396984925,0.001328013225200446,4.0,8015678,1341785515.0
Minority_rate,2015,37.671557788944725,0.0013269392784746592,4.0,8015678,1341785515.0
Minority_rate,2015,38.167236180904524,0.0013273126749549608,4.0,8015678,1341785515.0
Minority_rate,2015,38.662914572864324,0.0013289327579327356,4.0,8015678,1341785515.0
Minority_rate,2015,39.15859296482412,0.0013316024893405773,4.0,8015678,1341785515.0
Minority_rate,2015,39.65427135678392,0.0013351302572440122,4.0,8015678,1341785515.0
Minority_rate,2015,40.14994974874372,0.0013393316994013838,4.0,8015678,1341785515.0
Minority_rate,2015,40.64562814070352,0.0013440314924188825,4.0,8015678,1341785515.0
Minority_rate,2015,41.14130653266332,0.001349065056927206,4.0,8015678,1341785515.0
Minority_rate,2015,41.636984924623114,0.0013542801298201048,4.0,8015678,1341785515.0
Minority_rate,2015,42.132663316582914,0.0013595381573017489,4.0,8015678,1341785515.0
Minority_rate,2015,42.62834170854271,0.0013647154656632739,4.0,8015678,1341785515.0
Minority_rate,2015,43.12402010050251,0.0013697041724810937,4.0,8015678,1341785515.0
Minority_rate,2015,43.61969849246231,0.0013744128072759826,4.0,8015678,1341785515.0
Minority_rate,2015,44.11537688442211,0.001378766619185364,4.0,8015678,1341785515.0
Minority_rate,2015,44.61105527638191,0.0013827075589090607,4.0,8015678,1341785515.0
Minority_rate,2015,45.10673366834171,0.0013861939323247085,4.0,8015678,1341785515.0
Minority_rate,2015,45.60241206030151,0.0013891997343789904,4.0,8015678,1341785515.0
Minority_rate,2015,46.09809045226131,0.0013917136823001486,4.0,8015678,1341785515.0
Minority_rate,2015,46.59376884422111,0.001393737977593796,4.0,8015678,1341785515.0
Minority_rate,2015,47.08944723618091,0.0013952868349435715,4.0,8015678,1341785515.0
Minority_rate,2015,47.5851256281407,0.0013963848237762914,4.0,8015678,1341785515.0
Minority_rate,2015,48.0808040201005,0.0013970650734489297,4.0,8015678,1341785515.0
Minority_rate,2015,48.5764824120603,0.001397367396203754,4.0,8015678,1341785515.0
Minority_rate,2015,49.0721608040201,0.0013973363829883274,4.0,8015678,1341785515.0
Minority_rate,2015,49.5678391959799,0.001397019525855142,4.0,8015678,1341785515.0
Minority_rate,2015,50.0635175879397,0.0013964654172671748,4.0,8015678,1341785515.0
Minority_rate,2015,50.5591959798995,0.001395722071517181,4.0,8015678,1341785515.0
Minority_rate,2015,51.0548743718593,0.0013948354069280623,4.0,8015678,1341785515.0
Minority_rate,2015,51.5505527638191,0.0013938479203282473,4.0,8015678,1341785515.0
Minority_rate,2015,52.0462311557789,0.001392797577308926,4.0,8015678,1341785515.0
Minority_rate,2015,52.5419095477387,0.001391716934322149,4.0,8015678,1341785515.0
Minority_rate,2015,53.0375879396985,0.001390632500920292,4.0,8015678,1341785515.0
Minority_rate,2015,53.5332663316583,0.0013895643443457815,4.0,8015678,1341785515.0
Minority_rate,2015,54.02894472361809,0.001388525932344294,4.0,8015678,1341785515.0
Minority_rate,2015,54.52462311557789,0.0013875242055938115,4.0,8015678,1341785515.0
Minority_rate,2015,55.02030150753769,0.0013865598670176394,4.0,8015678,1341785515.0
Minority_rate,2015,55.51597989949749,0.0013856278720680024,4.0,8015678,1341785515.0
Minority_rate,2015,56.01165829145729,0.001384718101243009,4.0,8015678,1341785515.0
Minority_rate,2015,56.50733668341709,0.0013838161940337573,4.0,8015678,1341785515.0
Minority_rate,2015,57.00301507537689,0.0013829045207335328,4.0,8015678,1341785515.0
Minority_rate,2015,57.498693467336686,0.0013819632664752754,4.0,8015678,1341785515.0
Minority_rate,2015,57.994371859296486,0.0013809715989978443,4.0,8015678,1341785515.0
Minority_rate,2015,58.490050251256285,0.001379908888909417,4.0,8015678,1341785515.0
Minority_rate,2015,58.985728643216085,0.0013787559479779077,4.0,8015678,1341785515.0
Minority_rate,2015,59.481407035175884,0.0013774962481064663,4.0,8015678,1341785515.0
Minority_rate,2015,59.977085427135684,0.001376117081067265,4.0,8015678,1341785515.0
Minority_rate,2015,60.472763819095476,0.0013746106171912782,4.0,8015678,1341785515.0
Minority_rate,2015,60.968442211055276,0.0013729748203845397,4.0,8015678,1341785515.0
Minority_rate,2015,61.464120603015076,0.0013712141777743616,4.0,8015678,1341785515.0
Minority_rate,2015,61.959798994974875,0.0013693402049913506,4.0,8015678,1341785515.0
Minority_rate,2015,62.455477386934675,0.0013673716927882326,4.0,8015678,1341785515.0
Minority_rate,2015,62.951155778894474,0.0013653346680803965,4.0,8015678,1341785515.0
Minority_rate,2015,63.446834170854274,0.001363262051280334,4.0,8015678,1341785515.0
Minority_rate,2015,63.94251256281407,0.0013611930033355058,4.0,8015678,1341785515.0
Minority_rate,2015,64.43819095477387,0.0013591719684030985,4.0,8015678,1341785515.0
Minority_rate,2015,64.93386934673367,0.001357247431896001,4.0,8015678,1341785515.0
Minority_rate,2015,65.42954773869347,0.0013554704270174018,4.0,8015678,1341785515.0
Minority_rate,2015,65.92522613065327,0.0013538928371285212,4.0,8015678,1341785515.0
Minority_rate,2015,66.42090452261307,0.001352565552499536,4.0,8015678,1341785515.0
Minority_rate,2015,66.91658291457287,0.0013515365503072396,4.0,8015678,1341785515.0
Minority_rate,2015,67.41226130653267,0.0013508489740733079,4.0,8015678,1341785515.0
Minority_rate,2015,67.90793969849247,0.0013505392921266122,4.0,8015678,1341785515.0
Minority_rate,2015,68.40361809045227,0.0013506356151456141,4.0,8015678,1341785515.0
Minority_rate,2015,68.89929648241207,0.001351156249240978,4.0,8015678,1341785515.0
Minority_rate,2015,69.39497487437187,0.001352108553270922,4.0,8015678,1341785515.0
Minority_rate,2015,69.89065326633165,0.0013534881584727663,4.0,8015678,1341785515.0
Minority_rate,2015,70.38633165829145,0.0013552785945948474,4.0,8015678,1341785515.0
Minority_rate,2015,70.88201005025125,0.0013574513505616955,4.0,8015678,1341785515.0
Minority_rate,2015,71.37768844221105,0.0013599663797847997,4.0,8015678,1341785515.0
Minority_rate,2015,71.87336683417085,0.0013627730423122354,4.0,8015678,1341785515.0
Minority_rate,2015,72.36904522613065,0.0013658114573526414,4.0,8015678,1341785515.0
Minority_rate,2015,72.86472361809045,0.0013690142226914857,4.0,8015678,1341785515.0
Minority_rate,2015,73.36040201005025,0.00137230844217106,4.0,8015678,1341785515.0
Minority_rate,2015,73.85608040201005,0.001375617989062644,4.0,8015678,1341785515.0
Minority_rate,2015,74.35175879396985,0.0013788659233391989,4.0,8015678,1341785515.0
Minority_rate,2015,74.84743718592965,0.0013819769731927458,4.0,8015678,1341785515.0
Minority_rate,2015,75.34311557788945,0.001384879988057555,4.0,8015678,1341785515.0
Minority_rate,2015,75.83879396984925,0.0013875102697759728,4.0,8015678,1341785515.0
Minority_rate,2015,76.33447236180905,0.0013898116913055765,4.0,8015678,1341785515.0
Minority_rate,2015,76.83015075376885,0.0013917385187047597,4.0,8015678,1341785515.0
Minority_rate,2015,77.32582914572865,0.001393256860610665,4.0,8015678,1341785515.0
Minority_rate,2015,77.82150753768845,0.0013943456807118545,4.0,8015678,1341785515.0
Minority_rate,2015,78.31718592964825,0.0013949973218403565,4.0,8015678,1341785515.0
Minority_rate,2015,78.81286432160805,0.001395217505448062,4.0,8015678,1341785515.0
Minority_rate,2015,79.30854271356785,0.0013950247861688374,4.0,8015678,1341785515.0
Minority_rate,2015,79.80422110552765,0.0013944494587851068,4.0,8015678,1341785515.0
Minority_rate,2015,80.29989949748744,0.001393531932262143,4.0,8015678,1341785515.0
Minority_rate,2015,80.79557788944724,0.0013923206038162306,4.0,8015678,1341785515.0
Minority_rate,2015,81.29125628140704,0.0013908692836871021,4.0,8015678,1341785515.0
Minority_rate,2015,81.78693467336684,0.0013892342384034973,4.0,8015678,1341785515.0
Minority_rate,2015,82.28261306532664,0.001387470936582538,4.0,8015678,1341785515.0
Minority_rate,2015,82.77829145728643,0.0013856305956057226,4.0,8015678,1341785515.0
Minority_rate,2015,83.27396984924623,0.0013837566403620163,4.0,8015678,1341785515.0
Minority_rate,2015,83.76964824120603,0.0013818811945011885,4.0,8015678,1341785515.0
Minority_rate,2015,84.26532663316583,0.0013800217314790797,4.0,8015678,1341785515.0
Minority_rate,2015,84.76100502512563,0.001378178015368801,4.0,8015678,1341785515.0
Minority_rate,2015,85.25668341708543,0.0013763294599909337,4.0,8015678,1341785515.0
Minority_rate,2015,85.75236180904523,0.0013744330285102488,4.0,8015678,1341785515.0
Minority_rate,2015,86.24804020100503,0.0013724217852473762,4.0,8015678,1341785515.0
Minority_rate,2015,86.74371859296483,0.001370204194970985,4.0,8015678,1341785515.0
Minority_rate,2015,87.23939698492462,0.0013676642450795064,4.0,8015678,1341785515.0
Minority_rate,2015,87.73507537688442,0.0013646624407227634,4.0,8015678,1341785515.0
Minority_rate,2015,88.23075376884422,0.0013610376947292943,4.0,8015678,1341785515.0
Minority_rate,2015,88.72643216080402,0.001356610102712972,4.0,8015678,1341785515.0
Minority_rate,2015,89.22211055276382,0.001351184561117858,4.0,8015678,1341785515.0
Minority_rate,2015,89.71778894472362,0.0013445551523752612,4.0,8015678,1341785515.0
Minority_rate,2015,90.21346733668342,0.0013365101892510646,4.0,8015678,1341785515.0
Minority_rate,2015,90.70914572864322,0.001326837780770268,4.0,8015678,1341785515.0
Minority_rate,2015,91.20482412060302,0.0013153317561975086,4.0,8015678,1341785515.0
Minority_rate,2015,91.70050251256282,0.001301797763334381,4.0,8015678,1341785515.0
Minority_rate,2015,92.19618090452262,0.0012860593430233547,4.0,8015678,1341785515.0
Minority_rate,2015,92.69185929648242,0.0012679637757369606,4.0,8015678,1341785515.0
Minority_rate,2015,93.18753768844222,0.0012473874970995156,4.0,8015678,1341785515.0
Minority_rate,2015,93.68321608040202,0.001224240889180313,4.0,8015678,1341785515.0
Minority_rate,2015,94.17889447236182,0.0011984722719674478,4.0,8015678,1341785515.0
Minority_rate,2015,94.67457286432162,0.0011700709449326305,4.0,8015678,1341785515.0
Minority_rate,2015,95.1702512562814,0.0011390691602509663,4.0,8015678,1341785515.0
Minority_rate,2015,95.6659296482412,0.0011055429464093495,4.0,8015678,1341785515.0
Minority_rate,2015,96.161608040201,0.001069611741835191,4.0,8015678,1341785515.0
Minority_rate,2015,96.6572864321608,0.0010314368407727276,4.0,8015678,1341785515.0
Minority_rate,2015,97.1529648241206,0.0009912186964194658,4.0,8015678,1341785515.0
Minority_rate,2015,97.6486432160804,0.0009491931671598887,4.0,8015678,1341785515.0
Minority_rate,2015,98.1443216080402,0.0009056268290027813,4.0,8015678,1341785515.0
Minority_rate,2015,98.64,0.0008608115089875479,4.0,8015678,1341785515.0
Minority_rate,2016,0.0,0.04698163738443777,4.0,8014826,1347742047.0
Minority_rate,2016,0.495678391959799,0.04769828089391714,4.0,8014826,1347742047.0
Minority_rate,2016,0.991356783919598,0.04818697068912537,4.0,8014826,1347742047.0
Minority_rate,2016,1.487035175879397,0.048441955170200286,4.0,8014826,1347742047.0
Minority_rate,2016,1.982713567839196,0.04846104870949501,4.0,8014826,1347742047.0
Minority_rate,2016,2.478391959798995,0.048245665212861846,4.0,8014826,1347742047.0
Minority_rate,2016,2.974070351758794,0.047800759204387325,4.0,8014826,1347742047.0
Minority_rate,2016,3.469748743718593,0.047134677131299284,4.0,8014826,1347742047.0
Minority_rate,2016,3.965427135678392,0.04625892478031588,4.0,8014826,1347742047.0
Minority_rate,2016,4.461105527638191,0.04518785959319533,4.0,8014826,1347742047.0
Minority_rate,2016,4.95678391959799,0.04393831915701568,4.0,8014826,1347742047.0
Minority_rate,2016,5.452462311557789,0.04252919908534662,4.0,8014826,1347742047.0
Minority_rate,2016,5.948140703517588,0.0409809948757515,4.0,8014826,1347742047.0
Minority_rate,2016,6.443819095477387,0.039315323028070774,4.0,8014826,1347742047.0
Minority_rate,2016,6.939497487437186,0.03755443678062607,4.0,8014826,1347742047.0
Minority_rate,2016,7.4351758793969855,0.03572075126197763,4.0,8014826,1347742047.0
Minority_rate,2016,7.930854271356784,0.03383639172828567,4.0,8014826,1347742047.0
Minority_rate,2016,8.426532663316584,0.031922776957629254,4.0,8014826,1347742047.0
Minority_rate,2016,8.922211055276382,0.03000024787101742,4.0,8014826,1347742047.0
Minority_rate,2016,9.417889447236181,0.02808774920489935,4.0,8014826,1347742047.0
Minority_rate,2016,9.91356783919598,0.026202569645030885,4.0,8014826,1347742047.0
Minority_rate,2016,10.409246231155779,0.02436014339953196,4.0,8014826,1347742047.0
Minority_rate,2016,10.904924623115578,0.02257391383776123,4.0,8014826,1347742047.0
Minority_rate,2016,11.400603015075378,0.020855257642802494,4.0,8014826,1347742047.0
Minority_rate,2016,11.896281407035175,0.019213466011878618,4.0,8014826,1347742047.0
Minority_rate,2016,12.391959798994975,0.017655777841835616,4.0,8014826,1347742047.0
Minority_rate,2016,12.887638190954775,0.016187458598186055,4.0,8014826,1347742047.0
Minority_rate,2016,13.383316582914574,0.014811917698885676,4.0,8014826,1347742047.0
Minority_rate,2016,13.878994974874372,0.013530856754181213,4.0,8014826,1347742047.0
Minority_rate,2016,14.374673366834172,0.012344440856975123,4.0,8014826,1347742047.0
Minority_rate,2016,14.870351758793971,0.011251485292735548,4.0,8014826,1347742047.0
Minority_rate,2016,15.366030150753769,0.010249650477397218,4.0,8014826,1347742047.0
Minority_rate,2016,15.861708542713568,0.009335638589506388,4.0,8014826,1347742047.0
Minority_rate,2016,16.357386934673368,0.00850538617570536,4.0,8014826,1347742047.0
Minority_rate,2016,16.853065326633168,0.007754247927580148,4.0,8014826,1347742047.0
Minority_rate,2016,17.348743718592967,0.007077167794741329,4.0,8014826,1347742047.0
Minority_rate,2016,17.844422110552763,0.0064688345636043565,4.0,8014826,1347742047.0
Minority_rate,2016,18.340100502512563,0.005923819960311873,4.0,8014826,1347742047.0
Minority_rate,2016,18.835778894472362,0.0054366981901784505,4.0,8014826,1347742047.0
Minority_rate,2016,19.331457286432162,0.005002146584087101,4.0,8014826,1347742047.0
Minority_rate,2016,19.82713567839196,0.004615027668404647,4.0,8014826,1347742047.0
Minority_rate,2016,20.32281407035176,0.004270453501914047,4.0,8014826,1347742047.0
Minority_rate,2016,20.818492462311557,0.003963833529495555,4.0,8014826,1347742047.0
Minority_rate,2016,21.314170854271357,0.0036909074929314034,4.0,8014826,1347742047.0
Minority_rate,2016,21.809849246231156,0.003447765124263646,4.0,8014826,1347742047.0
Minority_rate,2016,22.305527638190956,0.0032308544379864223,4.0,8014826,1347742047.0
Minority_rate,2016,22.801206030150755,0.0030369804496611563,4.0,8014826,1347742047.0
Minority_rate,2016,23.296884422110555,0.0028632960959030828,4.0,8014826,1347742047.0
Minority_rate,2016,23.79256281407035,0.002707287026720127,4.0,8014826,1347742047.0
Minority_rate,2016,24.28824120603015,0.0025667518039427205,4.0,8014826,1347742047.0
Minority_rate,2016,24.78391959798995,0.002439778876473692,4.0,8014826,1347742047.0
Minority_rate,2016,25.27959798994975,0.0023247215294321024,4.0,8014826,1347742047.0
Minority_rate,2016,25.77527638190955,0.002220171826714194,4.0,8014826,1347742047.0
Minority_rate,2016,26.27095477386935,0.002124934392950566,4.0,8014826,1347742047.0
Minority_rate,2016,26.76663316582915,0.002038000715983085,4.0,8014826,1347742047.0
Minority_rate,2016,27.262311557788944,0.001958524500712061,4.0,8014826,1347742047.0
Minority_rate,2016,27.757989949748744,0.0018857984678230257,4.0,8014826,1347742047.0
Minority_rate,2016,28.253668341708543,0.001819232872824859,4.0,8014826,1347742047.0
Minority_rate,2016,28.749346733668343,0.0017583359178533111,4.0,8014826,1347742047.0
Minority_rate,2016,29.245025125628143,0.0017026961432672302,4.0,8014826,1347742047.0
Minority_rate,2016,29.740703517587942,0.0016519668161502944,4.0,8014826,1347742047.0
Minority_rate,2016,30.236381909547738,0.001605852277384925,4.0,8014826,1347742047.0
Minority_rate,2016,30.732060301507538,0.0015640961667639681,4.0,8014826,1347742047.0
Minority_rate,2016,31.227738693467337,0.0015264714152305064,4.0,8014826,1347742047.0
Minority_rate,2016,31.723417085427137,0.0014927718724794953,4.0,8014826,1347742047.0
Minority_rate,2016,32.21909547738694,0.0014628054265550907,4.0,8014826,1347742047.0
Minority_rate,2016,32.714773869346736,0.0014363884671508317,4.0,8014826,1347742047.0
Minority_rate,2016,33.210452261306536,0.0014133415450104535,4.0,8014826,1347742047.0
Minority_rate,2016,33.706130653266335,0.001393486085240723,4.0,8014826,1347742047.0
Minority_rate,2016,34.201809045226135,0.0013766420205877923,4.0,8014826,1347742047.0
Minority_rate,2016,34.697487437185934,0.001362626221088735,4.0,8014826,1347742047.0
Minority_rate,2016,35.19316582914573,0.0013512516081274264,4.0,8014826,1347742047.0
Minority_rate,2016,35.688844221105526,0.001342326852409627,4.0,8014826,1347742047.0
Minority_rate,2016,36.184522613065326,0.0013356565668101194,4.0,8014826,1347742047.0
Minority_rate,2016,36.680201005025125,0.001331041914792252,4.0,8014826,1347742047.0
Minority_rate,2016,37.175879396984925,0.0013282815643962135,4.0,8014826,1347742047.0
Minority_rate,2016,37.671557788944725,0.001327172924079317,4.0,8014826,1347742047.0
Minority_rate,2016,38.167236180904524,0.0013275136027579148,4.0,8014826,1347742047.0
Minority_rate,2016,38.662914572864324,0.001329103039364207,4.0,8014826,1347742047.0
Minority_rate,2016,39.15859296482412,0.0013317442499507382,4.0,8014826,1347742047.0
Minority_rate,2016,39.65427135678392,0.0013352456411198723,4.0,8014826,1347742047.0
Minority_rate,2016,40.14994974874372,0.0013394228392149426,4.0,8014826,1347742047.0
Minority_rate,2016,40.64562814070352,0.001344100484781337,4.0,8014826,1347742047.0
Minority_rate,2016,41.14130653266332,0.0013491139423331534,4.0,8014826,1347742047.0
Minority_rate,2016,41.636984924623114,0.001354310876668824,4.0,8014826,1347742047.0
Minority_rate,2016,42.132663316582914,0.0013595526492294803,4.0,8014826,1347742047.0
Minority_rate,2016,42.62834170854271,0.0013647154916838738,4.0,8014826,1347742047.0
Minority_rate,2016,43.12402010050251,0.001369691419218855,4.0,8014826,1347742047.0
Minority_rate,2016,43.61969849246231,0.001374388852872533,4.0,8014826,1347742047.0
Minority_rate,2016,44.11537688442211,0.0013787329284793127,4.0,8014826,1347742047.0
Minority_rate,2016,44.61105527638191,0.0013826654794873202,4.0,8014826,1347742047.0
Minority_rate,2016,45.10673366834171,0.0013861446913580942,4.0,8014826,1347742047.0
Minority_rate,2016,45.60241206030151,0.0013891444359947491,4.0,8014826,1347742047.0
Minority_rate,2016,46.09809045226131,0.0013916533055134946,4.0,8014826,1347742047.0
Minority_rate,2016,46.59376884422111,0.0013936733748527838,4.0,8014826,1347742047.0
Minority_rate,2016,47.08944723618091,0.0013952187313051403,4.0,8014826,1347742047.0
Minority_rate,2016,47.5851256281407,0.0013963138168942271,4.0,8014826,1347742047.0
Minority_rate,2016,48.0808040201005,0.001396991634512234,4.0,8014826,1347742047.0
Minority_rate,2016,48.5764824120603,0.0013972918719892331,4.0,8014826,1347742047.0
Minority_rate,2016,49.0721608040201,0.0013972589992086257,4.0,8014826,1347742047.0
Minority_rate,2016,49.5678391959799,0.001396940391973964,4.0,8014826,1347742047.0
Minority_rate,2016,50.0635175879397,0.0013963845328714404,4.0,8014826,1347742047.0
Minority_rate,2016,50.5591959798995,0.001395639334478343,4.0,8014826,1347742047.0
Minority_rate,2016,51.0548743718593,0.001394750623296911,4.0,8014826,1347742047.0
Minority_rate,2016,51.5505527638191,0.0013937608161281331,4.0,8014826,1347742047.0
Minority_rate,2016,52.0462311557789,0.0013927078122608768,4.0,8014826,1347742047.0
Minority_rate,2016,52.5419095477387,0.0013916241172931643,4.0,8014826,1347742047.0
Minority_rate,2016,53.0375879396985,0.0013905362071955445,4.0,8014826,1347742047.0
Minority_rate,2016,53.5332663316583,0.0013894641344315692,4.0,8014826,1347742047.0
Minority_rate,2016,54.02894472361809,0.0013884213721200706,4.0,8014826,1347742047.0
Minority_rate,2016,54.52462311557789,0.0013874148874926143,4.0,8014826,1347742047.0
Minority_rate,2016,55.02030150753769,0.0013864454318604663,4.0,8014826,1347742047.0
Minority_rate,2016,55.51597989949749,0.0013855080310711297,4.0,8014826,1347742047.0
Minority_rate,2016,56.01165829145729,0.001384592657689726,4.0,8014826,1347742047.0
Minority_rate,2016,56.50733668341709,0.001383685063952282,4.0,8014826,1347742047.0
Minority_rate,2016,57.00301507537689,0.0013827677519530701,4.0,8014826,1347742047.0
Minority_rate,2016,57.498693467336686,0.0013818210553479776,4.0,8014826,1347742047.0
Minority_rate,2016,57.994371859296486,0.0013808243040897956,4.0,8014826,1347742047.0
Minority_rate,2016,58.490050251256285,0.001379757040918198,4.0,8014826,1347742047.0
Minority_rate,2016,58.985728643216085,0.0013786002552621654,4.0,8014826,1347742047.0
Minority_rate,2016,59.481407035175884,0.0013773375972016893,4.0,8014826,1347742047.0
Minority_rate,2016,59.977085427135684,0.0013759565318004331,4.0,8014826,1347742047.0
Minority_rate,2016,60.472763819095476,0.0013744493920780892,4.0,8014826,1347742047.0
Minority_rate,2016,60.968442211055276,0.0013728142880995117,4.0,8014826,1347742047.0
Minority_rate,2016,61.464120603015076,0.0013710558309247376,4.0,8014826,1347742047.0
Minority_rate,2016,61.959798994974875,0.0013691856323445265,4.0,8014826,1347742047.0
Minority_rate,2016,62.455477386934675,0.0013672225467166003,4.0,8014826,1347742047.0
Minority_rate,2016,62.951155778894474,0.0013651926278280997,4.0,8014826,1347742047.0
Minority_rate,2016,63.446834170854274,0.0013631287830761297,4.0,8014826,1347742047.0
Minority_rate,2016,63.94251256281407,0.0013610701186863566,4.0,8014826,1347742047.0
Minority_rate,2016,64.43819095477387,0.0013590609817389476,4.0,8014826,1347742047.0
Minority_rate,2016,64.93386934673367,0.0013571497190545598,4.0,8014826,1347742047.0
Minority_rate,2016,65.42954773869347,0.0013553871861970985,4.0,8014826,1347742047.0
Minority_rate,2016,65.92522613065327,0.0013538250535956391,4.0,8014826,1347742047.0
Minority_rate,2016,66.42090452261307,0.0013525139685407433,4.0,8014826,1347742047.0
Minority_rate,2016,66.91658291457287,0.0013515016417647175,4.0,8014826,1347742047.0
Minority_rate,2016,67.41226130653267,0.00135083093428727,4.0,8014826,1347742047.0
Minority_rate,2016,67.90793969849247,0.001350538024355004,4.0,8014826,1347742047.0
Minority_rate,2016,68.40361809045227,0.00135065073381388,4.0,8014826,1347742047.0
Minority_rate,2016,68.89929648241207,0.0013511870901952298,4.0,8014826,1347742047.0
Minority_rate,2016,69.39497487437187,0.0013521541929475453,4.0,8014826,1347742047.0
Minority_rate,2016,69.89065326633165,0.0013535474415051292,4.0,8014826,1347742047.0
Minority_rate,2016,70.38633165829145,0.0013553501690468706,4.0,8014826,1347742047.0
Minority_rate,2016,70.88201005025125,0.0013575337095966236,4.0,8014826,1347742047.0
Minority_rate,2016,71.37768844221105,0.0013600579086975872,4.0,8014826,1347742047.0
Minority_rate,2016,71.87336683417085,0.001362872069167613,4.0,8014826,1347742047.0
Minority_rate,2016,72.36904522613065,0.0013659163056444052,4.0,8014826,1347742047.0
Minority_rate,2016,72.86472361809045,0.0013691232644546534,4.0,8014826,1347742047.0
Minority_rate,2016,73.36040201005025,0.001372420149687001,4.0,8014826,1347742047.0
Minority_rate,2016,73.85608040201005,0.0013757309836952072,4.0,8014826,1347742047.0
Minority_rate,2016,74.35175879396985,0.001378979019791638,4.0,8014826,1347742047.0
Minority_rate,2016,74.84743718592965,0.0013820892181114878,4.0,8014826,1347742047.0
Minority_rate,2016,75.34311557788945,0.0013849906917563202,4.0,8014826,1347742047.0
Minority_rate,2016,75.83879396984925,0.0013876190301814455,4.0,8014826,1347742047.0
Minority_rate,2016,76.33447236180905,0.0013899184096813249,4.0,8014826,1347742047.0
Minority_rate,2016,76.83015075376885,0.0013918434067505142,4.0,8014826,1347742047.0
Minority_rate,2016,77.32582914572865,0.0013933604389816884,4.0,8014826,1347742047.0
Minority_rate,2016,77.82150753768845,0.001394448769129875,4.0,8014826,1347742047.0
Minority_rate,2016,78.31718592964825,0.0013951010212646957,4.0,8014826,1347742047.0
Minority_rate,2016,78.81286432160805,0.0013953231729320226,4.0,8014826,1347742047.0
Minority_rate,2016,79.30854271356785,0.0013951340034241812,4.0,8014826,1347742047.0
Minority_rate,2016,79.80422110552765,0.0013945639951499212,4.0,8014826,1347742047.0
Minority_rate,2016,80.29989949748744,0.0013936537033536571,4.0,8014826,1347742047.0
Minority_rate,2016,80.79557788944724,0.0013924516269809403,4.0,8014826,1347742047.0
Minority_rate,2016,81.29125628140704,0.0013910116312404507,4.0,8014826,1347742047.0
Minority_rate,2016,81.78693467336684,0.0013893899900947932,4.0,8014826,1347742047.0
Minority_rate,2016,82.28261306532664,0.0013876421321235607,4.0,8014826,1347742047.0
Minority_rate,2016,82.77829145728643,0.0013858191886045282,4.0,8014826,1347742047.0
Minority_rate,2016,83.27396984924623,0.0013839644544233623,4.0,8014826,1347742047.0
Minority_rate,2016,83.76964824120603,0.001382109882482808,4.0,8014826,1347742047.0
Minority_rate,2016,84.26532663316583,0.0013802727387921346,4.0,8014826,1347742047.0
Minority_rate,2016,84.76100502512563,0.00137845254785045,4.0,8014826,1347742047.0
Minority_rate,2016,85.25668341708543,0.0013766284569501725,4.0,8014826,1347742047.0
Minority_rate,2016,85.75236180904523,0.001374757141441914,4.0,8014826,1347742047.0
Minority_rate,2016,86.24804020100503,0.0013727713622879501,4.0,8014826,1347742047.0
Minority_rate,2016,86.74371859296483,0.0013705792716202003,4.0,8014826,1347742047.0
Minority_rate,2016,87.23939698492462,0.0013680645408042842,4.0,8014826,1347742047.0
Minority_rate,2016,87.73507537688442,0.0013650873616144127,4.0,8014826,1347742047.0
Minority_rate,2016,88.23075376884422,0.001361486341856063,4.0,8014826,1347742047.0
Minority_rate,2016,88.72643216080402,0.0013570812858841156,4.0,8014826,1347742047.0
Minority_rate,2016,89.22211055276382,0.001351676817576622,4.0,8014826,1347742047.0
Minority_rate,2016,89.71778894472362,0.0013450667698924593,4.0,8014826,1347742047.0
Minority_rate,2016,90.21346733668342,0.0013370392329807212,4.0,8014826,1347742047.0
Minority_rate,2016,90.70914572864322,0.0013273821232179567,4.0,8014826,1347742047.0
Minority_rate,2016,91.20482412060302,0.001315889109598479,4.0,8014826,1347742047.0
Minority_rate,2016,91.70050251256282,0.0013023657135894787,4.0,8014826,1347742047.0
Minority_rate,2016,92.19618090452262,0.0012866353846108065,4.0,8014826,1347742047.0
Minority_rate,2016,92.69185929648242,0.0012685453467503782,4.0,8014826,1347742047.0
Minority_rate,2016,93.18753768844222,0.0012479720137645973,4.0,8014826,1347742047.0
Minority_rate,2016,93.68321608040202,0.0012248257792210231,4.0,8014826,1347742047.0
Minority_rate,2016,94.17889447236182,0.0011990550062555062,4.0,8014826,1347742047.0
Minority_rate,2016,94.67457286432162,0.001170649066877811,4.0,8014826,1347742047.0
Minority_rate,2016,95.1702512562814,0.0011396403126372396,4.0,8014826,1347742047.0
Minority_rate,2016,95.6659296482412,0.001106104895209953,4.0,8014826,1347742047.0
Minority_rate,2016,96.161608040201,0.0010701623969284484,4.0,8014826,1347742047.0
Minority_rate,2016,96.6572864321608,0.001031974273351023,4.0,8014826,1347742047.0
Minority_rate,2016,97.1529648241206,0.0009917411530217858,4.0,8014826,1347742047.0
Minority_rate,2016,97.6486432160804,0.0009496990804418101,4.0,8014826,1347742047.0
Minority_rate,2016,98.1443216080402,0.0009061148252092778,4.0,8014826,1347742047.0
Minority_rate,2016,98.64,0.0008612804123861122,4.0,8014826,1347742047.0
Minority_rate,2017,0.0,0.04728718852427502,4.0,8019881,1353154783.0
Minority_rate,2017,0.495678391959799,0.048014481636195025,4.0,8019881,1353154783.0
Minority_rate,2017,0.991356783919598,0.04850862949001307,4.0,8019881,1353154783.0
Minority_rate,2017,1.487035175879397,0.048763737460756594,4.0,8019881,1353154783.0
Minority_rate,2017,1.982713567839196,0.048777618033020546,4.0,8019881,1353154783.0
Minority_rate,2017,2.478391959798995,0.048551824230050486,4.0,8019881,1353154783.0
Minority_rate,2017,2.974070351758794,0.048091585397648455,4.0,8019881,1353154783.0
Minority_rate,2017,3.469748743718593,0.04740564830670491,4.0,8019881,1353154783.0
Minority_rate,2017,3.965427135678392,0.046506029954263756,4.0,8019881,1353154783.0
Minority_rate,2017,4.461105527638191,0.045407691540688605,4.0,8019881,1353154783.0
Minority_rate,2017,4.95678391959799,0.044128145745003594,4.0,8019881,1353154783.0
Minority_rate,2017,5.452462311557789,0.042687011476206176,4.0,8019881,1353154783.0
Minority_rate,2017,5.948140703517588,0.04110553169376096,4.0,8019881,1353154783.0
Minority_rate,2017,6.443819095477387,0.039406070605500616,4.0,8019881,1353154783.0
Minority_rate,2017,6.939497487437186,0.03761160656883872,4.0,8019881,1353154783.0
Minority_rate,2017,7.4351758793969855,0.035745236361764875,4.0,8019881,1353154783.0
Minority_rate,2017,7.930854271356784,0.033829705236781596,4.0,8019881,1353154783.0
Minority_rate,2017,8.426532663316584,0.03188697539571901,4.0,8019881,1353154783.0
Minority_rate,2017,8.922211055276382,0.029937843347086733,4.0,8019881,1353154783.0
Minority_rate,2017,9.417889447236181,0.028001614165626486,4.0,8019881,1353154783.0
Minority_rate,2017,9.91356783919598,0.026095838072009374,4.0,8019881,1353154783.0
Minority_rate,2017,10.409246231155779,0.024236112148855713,4.0,8019881,1353154783.0
Minority_rate,2017,10.904924623115578,0.022435947501878002,4.0,8019881,1353154783.0
Minority_rate,2017,11.400603015075378,0.020706699875878674,4.0,8019881,1353154783.0
Minority_rate,2017,11.896281407035175,0.019057559734895774,4.0,8019881,1353154783.0
Minority_rate,2017,12.391959798994975,0.017495596158739895,4.0,8019881,1353154783.0
Minority_rate,2017,12.887638190954775,0.016025847652334575,4.0,8019881,1353154783.0
Minority_rate,2017,13.383316582914574,0.01465145210800692,4.0,8019881,1353154783.0
Minority_rate,2017,13.878994974874372,0.013373807708249901,4.0,8019881,1353154783.0
Minority_rate,2017,14.374673366834172,0.01219275647105561,4.0,8019881,1353154783.0
Minority_rate,2017,14.870351758793971,0.011106782392837074,4.0,8019881,1353154783.0
Minority_rate,2017,15.366030150753769,0.010113216670737049,4.0,8019881,1353154783.0
Minority_rate,2017,15.861708542713568,0.009208443233807187,4.0,8019881,1353154783.0
Minority_rate,2017,16.357386934673368,0.008388098720125817,4.0,8019881,1353154783.0
Minority_rate,2017,16.853065326633168,0.007647262037297836,4.0,8019881,1353154783.0
Minority_rate,2017,17.348743718592967,0.006980629684656918,4.0,8019881,1353154783.0
Minority_rate,2017,17.844422110552763,0.006382674048323567,4.0,8019881,1353154783.0
Minority_rate,2017,18.340100502512563,0.005847782853124436,4.0,8019881,1353154783.0
Minority_rate,2017,18.835778894472362,0.0053703788480518036,4.0,8019881,1353154783.0
Minority_rate,2017,19.331457286432162,0.004945019581177191,4.0,8019881,1353154783.0
Minority_rate,2017,19.82713567839196,0.004566477775876003,4.0,8019881,1353154783.0
Minority_rate,2017,20.32281407035176,0.004229803345754225,4.0,8019881,1353154783.0
Minority_rate,2017,20.818492462311557,0.003930368482811533,4.0,8019881,1353154783.0
Minority_rate,2017,21.314170854271357,0.003663897527655241,4.0,8019881,1353154783.0
Minority_rate,2017,21.809849246231156,0.0034264834949790973,4.0,8019881,1353154783.0
Minority_rate,2017,22.305527638190956,0.00321459319537183,4.0,8019881,1353154783.0
Minority_rate,2017,22.801206030150755,0.003025062882314854,4.0,8019881,1353154783.0
Minority_rate,2017,23.296884422110555,0.0028550862765976855,4.0,8019881,1353154783.0
Minority_rate,2017,23.79256281407035,0.0027021966965435143,4.0,8019881,1353154783.0
Minority_rate,2017,24.28824120603015,0.0025642448642618854,4.0,8019881,1353154783.0
Minority_rate,2017,24.78391959798995,0.0024393737800526387,4.0,8019881,1353154783.0
Minority_rate,2017,25.27959798994975,0.002325991869675356,4.0,8019881,1353154783.0
Minority_rate,2017,25.77527638190955,0.0022227454212631363,4.0,8019881,1353154783.0
Minority_rate,2017,26.27095477386935,0.002128491146633055,4.0,8019881,1353154783.0
Minority_rate,2017,26.76663316582915,0.002042269532247766,4.0,8019881,1353154783.0
Minority_rate,2017,27.262311557788944,0.0019632794893827974,4.0,8019881,1353154783.0
Minority_rate,2017,27.757989949748744,0.0018908546751996826,4.0,8019881,1353154783.0
Minority_rate,2017,28.253668341708543,0.0018244417352433326,4.0,8019881,1353154783.0
Minority_rate,2017,28.749346733668343,0.0017635806158005714,4.0,8019881,1353154783.0
Minority_rate,2017,29.245025125628143,0.001707887008089735,4.0,8019881,1353154783.0
Minority_rate,2017,29.740703517587942,0.0016570369172940812,4.0,8019881,1353154783.0
Minority_rate,2017,30.236381909547738,0.0016107532943328237,4.0,8019881,1353154783.0
Minority_rate,2017,30.732060301507538,0.0015687946266096857,4.0,8019881,1353154783.0
Minority_rate,2017,31.227738693467337,0.0015309453546956597,4.0,8019881,1353154783.0
Minority_rate,2017,31.723417085427137,0.0014970079620312416,4.0,8019881,1353154783.0
Minority_rate,2017,32.21909547738694,0.001466796574241416,4.0,8019881,1353154783.0
Minority_rate,2017,32.714773869346736,0.0014401319012437234,4.0,8019881,1353154783.0
Minority_rate,2017,33.210452261306536,0.001416837358011677,4.0,8019881,1353154783.0
Minority_rate,2017,33.706130653266335,0.0013967362069918596,4.0,8019881,1353154783.0
Minority_rate,2017,34.201809045226135,0.0013796495760347257,4.0,8019881,1353154783.0
Minority_rate,2017,34.697487437185934,0.0013653952185979723,4.0,8019881,1353154783.0
Minority_rate,2017,35.19316582914573,0.0013537868972685,4.0,8019881,1353154783.0
Minority_rate,2017,35.688844221105526,0.0013446342863678458,4.0,8019881,1353154783.0
Minority_rate,2017,36.184522613065326,0.001337743303187514,4.0,8019881,1353154783.0
Minority_rate,2017,36.680201005025125,0.0013329167908086943,4.0,8019881,1353154783.0
Minority_rate,2017,37.175879396984925,0.0013299554863329787,4.0,8019881,1353154783.0
Minority_rate,2017,37.671557788944725,0.001328659217882105,4.0,8019881,1353154783.0
Minority_rate,2017,38.167236180904524,0.0013288282808144908,4.0,8019881,1353154783.0
Minority_rate,2017,38.662914572864324,0.001330264948650773,4.0,8019881,1353154783.0
Minority_rate,2017,39.15859296482412,0.0013327750770804716,4.0,8019881,1353154783.0
Minority_rate,2017,39.65427135678392,0.0013361697611188649,4.0,8019881,1353154783.0
Minority_rate,2017,40.14994974874372,0.0013402670053135261,4.0,8019881,1353154783.0
Minority_rate,2017,40.64562814070352,0.001344893366560575,4.0,8019881,1353154783.0
Minority_rate,2017,41.14130653266332,0.0013498855285427808,4.0,8019881,1353154783.0
Minority_rate,2017,41.636984924623114,0.0013550917660502084,4.0,8019881,1353154783.0
Minority_rate,2017,42.132663316582914,0.0013603732586127968,4.0,8019881,1353154783.0
Minority_rate,2017,42.62834170854271,0.001365605214201547,4.0,8019881,1353154783.0
Minority_rate,2017,43.12402010050251,0.001370677767383564,4.0,8019881,1353154783.0
Minority_rate,2017,43.61969849246231,0.0013754966213694335,4.0,8019881,1353154783.0
Minority_rate,2017,44.11537688442211,0.0013799834100711181,4.0,8019881,1353154783.0
Minority_rate,2017,44.61105527638191,0.0013840757644988393,4.0,8019881,1353154783.0
Minority_rate,2017,45.10673366834171,0.0013877270769887143,4.0,8019881,1353154783.0
Minority_rate,2017,45.60241206030151,0.0013909059672016417,4.0,8019881,1353154783.0
Minority_rate,2017,46.09809045226131,0.0013935954634995548,4.0,8019881,1353154783.0
Minority_rate,2017,46.59376884422111,0.00139579192369329,4.0,8019881,1353154783.0
Minority_rate,2017,47.08944723618091,0.0013975037276640655,4.0,8019881,1353154783.0
Minority_rate,2017,47.5851256281407,0.0013987497822374165,4.0,8019881,1353154783.0
Minority_rate,2017,48.0808040201005,0.0013995578841922301,4.0,8019881,1353154783.0
Minority_rate,2017,48.5764824120603,0.001399962990932337,4.0,8019881,1353154783.0
Minority_rate,2017,49.0721608040201,0.0014000054498585733,4.0,8019881,1353154783.0
Minority_rate,2017,49.5678391959799,0.0013997292365958498,4.0,8019881,1353154783.0
Minority_rate,2017,50.0635175879397,0.0013991802494523553,4.0,8019881,1353154783.0
Minority_rate,2017,50.5591959798995,0.001398404702915206,4.0,8019881,1353154783.0
Minority_rate,2017,51.0548743718593,0.0013974476571636505,4.0,8019881,1353154783.0
Minority_rate,2017,51.5505527638191,0.0013963517137129367,4.0,8019881,1353154783.0
Minority_rate,2017,52.0462311557789,0.0013951559003487712,4.0,8019881,1353154783.0
Minority_rate,2017,52.5419095477387,0.00139389476130243,4.0,8019881,1353154783.0
Minority_rate,2017,53.0375879396985,0.0013925976620192376,4.0,8019881,1353154783.0
Minority_rate,2017,53.5332663316583,0.001391288311923034,4.0,8019881,1353154783.0
Minority_rate,2017,54.02894472361809,0.0013899845037420788,4.0,8019881,1353154783.0
Minority_rate,2017,54.52462311557789,0.0013886980634992435,4.0,8019881,1353154783.0
Minority_rate,2017,55.02030150753769,0.0013874350026358351,4.0,8019881,1353154783.0
Minority_rate,2017,55.51597989949749,0.0013861958605270242,4.0,8019881,1353154783.0
Minority_rate,2017,56.01165829145729,0.0013849762239785638,4.0,8019881,1353154783.0
Minority_rate,2017,56.50733668341709,0.0013837674081242438,4.0,8019881,1353154783.0
Minority_rate,2017,57.00301507537689,0.0013825572809652454,4.0,8019881,1353154783.0
Minority_rate,2017,57.498693467336686,0.0013813312112483994,4.0,8019881,1353154783.0
Minority_rate,2017,57.994371859296486,0.0013800731163566534,4.0,8019881,1353154783.0
Minority_rate,2017,58.490050251256285,0.0013787665833772669,4.0,8019881,1353154783.0
Minority_rate,2017,58.985728643216085,0.0013773960323381377,4.0,8019881,1353154783.0
Minority_rate,2017,59.481407035175884,0.0013759478866588837,4.0,8019881,1353154783.0
Minority_rate,2017,59.977085427135684,0.0013744117117196234,4.0,8019881,1353154783.0
Minority_rate,2017,60.472763819095476,0.0013727812792929661,4.0,8019881,1353154783.0
Minority_rate,2017,60.968442211055276,0.001371055513242456,4.0,8019881,1353154783.0
Minority_rate,2017,61.464120603015076,0.0013692392715970651,4.0,8019881,1353154783.0
Minority_rate,2017,61.959798994974875,0.0013673439214194184,4.0,8019881,1353154783.0
Minority_rate,2017,62.455477386934675,0.0013653876670597794,4.0,8019881,1353154783.0
Minority_rate,2017,62.951155778894474,0.001363395598839479,4.0,8019881,1353154783.0
Minority_rate,2017,63.446834170854274,0.0013613994382528835,4.0,8019881,1353154783.0
Minority_rate,2017,63.94251256281407,0.0013594369673148644,4.0,8019881,1353154783.0
Minority_rate,2017,64.43819095477387,0.0013575511430571315,4.0,8019881,1353154783.0
Minority_rate,2017,64.93386934673367,0.0013557889125679792,4.0,8019881,1353154783.0
Minority_rate,2017,65.42954773869347,0.00135419975953048,4.0,8019881,1353154783.0
Minority_rate,2017,65.92522613065327,0.0013528340276533401,4.0,8019881,1353154783.0
Minority_rate,2017,66.42090452261307,0.0013517410801407441,4.0,8019881,1353154783.0
Minority_rate,2017,66.91658291457287,0.0013509673658386413,4.0,8019881,1353154783.0
Minority_rate,2017,67.41226130653267,0.0013505544708160963,4.0,8019881,1353154783.0
Minority_rate,2017,67.90793969849247,0.0013505372397578687,4.0,8019881,1353154783.0
Minority_rate,2017,68.40361809045227,0.0013509420515081885,4.0,8019881,1353154783.0
Minority_rate,2017,68.89929648241207,0.001351785330735289,4.0,8019881,1353154783.0
Minority_rate,2017,69.39497487437187,0.0013530723697609069,4.0,8019881,1353154783.0
Minority_rate,2017,69.89065326633165,0.0013547965232523621,4.0,8019881,1353154783.0
Minority_rate,2017,70.38633165829145,0.0013569388241915395,4.0,8019881,1353154783.0
Minority_rate,2017,70.88201005025125,0.0013594680521616242,4.0,8019881,1353154783.0
Minority_rate,2017,71.37768844221105,0.0013623412658904334,4.0,8019881,1353154783.0
Minority_rate,2017,71.87336683417085,0.0013655047926892877,4.0,8019881,1353154783.0
Minority_rate,2017,72.36904522613065,0.0013688956471699678,4.0,8019881,1353154783.0
Minority_rate,2017,72.86472361809045,0.00137244333394361,4.0,8019881,1353154783.0
Minority_rate,2017,73.36040201005025,0.0013760719715724173,4.0,8019881,1353154783.0
Minority_rate,2017,73.85608040201005,0.0013797026616569348,4.0,8019881,1353154783.0
Minority_rate,2017,74.35175879396985,0.0013832560157113428,4.0,8019881,1353154783.0
Minority_rate,2017,74.84743718592965,0.0013866547452172412,4.0,8019881,1353154783.0
Minority_rate,2017,75.34311557788945,0.0013898262164764056,4.0,8019881,1353154783.0
Minority_rate,2017,75.83879396984925,0.0013927048715320059,4.0,8019881,1353154783.0
Minority_rate,2017,76.33447236180905,0.001395234420323483,4.0,8019881,1353154783.0
Minority_rate,2017,76.83015075376885,0.001397369715283622,4.0,8019881,1353154783.0
Minority_rate,2017,77.32582914572865,0.0013990782295654812,4.0,8019881,1353154783.0
Minority_rate,2017,77.82150753768845,0.0014003410719459469,4.0,8019881,1353154783.0
Minority_rate,2017,78.31718592964825,0.001401153485823892,4.0,8019881,1353154783.0
Minority_rate,2017,78.81286432160805,0.0014015247954781344,4.0,8019881,1353154783.0
Minority_rate,2017,79.30854271356785,0.0014014777798821425,4.0,8019881,1353154783.0
Minority_rate,2017,79.80422110552765,0.0014010474727898692,4.0,8019881,1353154783.0
Minority_rate,2017,80.29989949748744,0.0014002794058915722,4.0,8019881,1353154783.0
Minority_rate,2017,80.79557788944724,0.0013992273309094481,4.0,8019881,1353154783.0
Minority_rate,2017,81.29125628140704,0.0013979504750089196,4.0,8019881,1353154783.0
Minority_rate,2017,81.78693467336684,0.001396510401260807,4.0,8019881,1353154783.0
Minority_rate,2017,82.28261306532664,0.001394967563050565,4.0,8019881,1353154783.0
Minority_rate,2017,82.77829145728643,0.001393377655930704,4.0,8019881,1353154783.0
Minority_rate,2017,83.27396984924623,0.00139178788348024,4.0,8019881,1353154783.0
Minority_rate,2017,83.76964824120603,0.001390233263554283,4.0,8019881,1353154783.0
Minority_rate,2017,84.26532663316583,0.001388733108421145,4.0,8019881,1353154783.0
Minority_rate,2017,84.76100502512563,0.0013872878146500918,4.0,8019881,1353154783.0
Minority_rate,2017,85.25668341708543,0.0013858760974824224,4.0,8019881,1353154783.0
Minority_rate,2017,85.75236180904523,0.0013844527977596318,4.0,8019881,1353154783.0
Minority_rate,2017,86.24804020100503,0.001382947378241365,4.0,8019881,1353154783.0
Minority_rate,2017,86.74371859296483,0.0013812632095330383,4.0,8019881,1353154783.0
Minority_rate,2017,87.23939698492462,0.0013792777242844889,4.0,8019881,1353154783.0
Minority_rate,2017,87.73507537688442,0.0013768434924191668,4.0,8019881,1353154783.0
Minority_rate,2017,88.23075376884422,0.0013737902399123738,4.0,8019881,1353154783.0
Minority_rate,2017,88.72643216080402,0.0013699278008973733,4.0,8019881,1353154783.0
Minority_rate,2017,89.22211055276382,0.0013650499580966059,4.0,8019881,1353154783.0
Minority_rate,2017,89.71778894472362,0.0013589390912545575,4.0,8019881,1353154783.0
Minority_rate,2017,90.21346733668342,0.0013513715191911114,4.0,8019881,1353154783.0
Minority_rate,2017,90.70914572864322,0.001342123389561609,4.0,8019881,1353154783.0
Minority_rate,2017,91.20482412060302,0.0013309769430245222,4.0,8019881,1353154783.0
Minority_rate,2017,91.70050251256282,0.0013177269568183556,4.0,8019881,1353154783.0
Minority_rate,2017,92.19618090452262,0.0013021871577436612,4.0,8019881,1353154783.0
Minority_rate,2017,92.69185929648242,0.0012841963879566853,4.0,8019881,1353154783.0
Minority_rate,2017,93.18753768844222,0.0012636243082010334,4.0,8019881,1353154783.0
Minority_rate,2017,93.68321608040202,0.0012403764337367137,4.0,8019881,1353154783.0
Minority_rate,2017,94.17889447236182,0.0012143983172605833,4.0,8019881,1353154783.0
Minority_rate,2017,94.67457286432162,0.0011856787200573023,4.0,8019881,1353154783.0
Minority_rate,2017,95.1702512562814,0.0011542516469172405,4.0,8019881,1353154783.0
Minority_rate,2017,95.6659296482412,0.0011201971600305338,4.0,8019881,1353154783.0
Minority_rate,2017,96.161608040201,0.0010836409305988693,4.0,8019881,1353154783.0
Minority_rate,2017,96.6572864321608,0.001044752532837744,4.0,8019881,1353154783.0
Minority_rate,2017,97.1529648241206,0.0010037425303937707,4.0,8019881,1353154783.0
Minority_rate,2017,97.6486432160804,0.0009608584490409502,4.0,8019881,1353154783.0
Minority_rate,2017,98.1443216080402,0.0009163797686752607,4.0,8019881,1353154783.0
Minority_rate,2017,98.64,0.0008706121017174449,4.0,8019881,1353154783.0
Minority_rate,2018,0.0,0.04733663524219912,4.0,8008550,1358475465.0
Minority_rate,2018,0.495678391959799,0.048066025071179956,4.0,8008550,1358475465.0
Minority_rate,2018,0.991356783919598,0.04856147689502451,4.0,8008550,1358475465.0
Minority_rate,2018,1.487035175879397,0.04881706700024421,4.0,8008550,1358475465.0
Minority_rate,2018,1.982713567839196,0.0488306003160547,4.0,8008550,1358475465.0
Minority_rate,2018,2.478391959798995,0.048603643985234354,4.0,8008550,1358475465.0
Minority_rate,2018,2.974070351758794,0.04814146249626039,4.0,8008550,1358475465.0
Minority_rate,2018,3.469748743718593,0.047452857369759745,4.0,8008550,1358475465.0
Minority_rate,2018,3.965427135678392,0.046549917855207054,4.0,8008550,1358475465.0
Minority_rate,2018,4.461105527638191,0.04544769222022249,4.0,8008550,1358475465.0
Minority_rate,2018,4.95678391959799,0.04416379187548391,4.0,8008550,1358475465.0
Minority_rate,2018,5.452462311557789,0.04271794266379683,4.0,8008550,1358475465.0
Minority_rate,2018,5.948140703517588,0.04113149905847059,4.0,8008550,1358475465.0
Minority_rate,2018,6.443819095477387,0.039426937737894026,4.0,8008550,1358475465.0
Minority_rate,2018,6.939497487437186,0.03762734700674902,4.0,8008550,1358475465.0
Minority_rate,2018,7.4351758793969855,0.035755927868692555,4.0,8008550,1358475465.0
Minority_rate,2018,7.930854271356784,0.033835521277099496,4.0,8008550,1358475465.0
Minority_rate,2018,8.426532663316584,0.03188817428822121,4.0,8008550,1358475465.0
Minority_rate,2018,8.922211055276382,0.029934755643483094,4.0,8008550,1358475465.0
Minority_rate,2018,9.417889447236181,0.02799462882839638,4.0,8008550,1358475465.0
Minority_rate,2018,9.91356783919598,0.02608538803204823,4.0,8008550,1358475465.0
Minority_rate,2018,10.409246231155779,0.024222659799369547,4.0,8008550,1358475465.0
Minority_rate,2018,10.904924623115578,0.022419970636002626,4.0,8008550,1358475465.0
Minority_rate,2018,11.400603015075378,0.020688678515129573,4.0,8008550,1358475465.0
Minority_rate,2018,11.896281407035175,0.01903796421133226,4.0,8008550,1358475465.0
Minority_rate,2018,12.391959798994975,0.017474876731482795,4.0,8008550,1358475465.0
Minority_rate,2018,12.887638190954775,0.0160044258445815,4.0,8008550,1358475465.0
Minority_rate,2018,13.383316582914574,0.014629713865574443,4.0,8008550,1358475465.0
Minority_rate,2018,13.878994974874372,0.013352098394851608,4.0,8008550,1358475465.0
Minority_rate,2018,14.374673366834172,0.012171377644570889,4.0,8008550,1358475465.0
Minority_rate,2018,14.870351758793971,0.0110859902436375,4.0,8008550,1358475465.0
Minority_rate,2018,15.366030150753769,0.010093221955180302,4.0,8008550,1358475465.0
Minority_rate,2018,15.861708542713568,0.009189412501470064,4.0,8008550,1358475465.0
Minority_rate,2018,16.357386934673368,0.008370156612126808,4.0,8008550,1358475465.0
Minority_rate,2018,16.853065326633168,0.0076304944246623225,4.0,8008550,1358475465.0
Minority_rate,2018,17.348743718592967,0.0069650874195155525,4.0,8008550,1358475465.0
Minority_rate,2018,17.844422110552763,0.006368377111371713,4.0,8008550,1358475465.0
Minority_rate,2018,18.340100502512563,0.005834724701493396,4.0,8008550,1358475465.0
Minority_rate,2018,18.835778894472362,0.005358530792222719,4.0,8008550,1358475465.0
Minority_rate,2018,19.331457286432162,0.004934335046636243,4.0,8008550,1358475465.0
Minority_rate,2018,19.82713567839196,0.004556896334801624,4.0,8008550,1358475465.0
Minority_rate,2018,20.32281407035176,0.0042212544326915465,4.0,8008550,1358475465.0
Minority_rate,2018,20.818492462311557,0.003922774734780368,4.0,8008550,1358475465.0
Minority_rate,2018,21.314170854271357,0.0036571777139504324,4.0,8008550,1358475465.0
Minority_rate,2018,21.809849246231156,0.003420555022834197,4.0,8008550,1358475465.0
Minority_rate,2018,22.305527638190956,0.0032093741954106994,4.0,8008550,1358475465.0
Minority_rate,2018,22.801206030150755,0.0030204738913709025,4.0,8008550,1358475465.0
Minority_rate,2018,23.296884422110555,0.0028510515461165013,4.0,8008550,1358475465.0
Minority_rate,2018,23.79256281407035,0.002698645161687293,4.0,8008550,1358475465.0
Minority_rate,2018,24.28824120603015,0.0025611108128259534,4.0,8008550,1358475465.0
Minority_rate,2018,24.78391959798995,0.002436597262768634,4.0,8008550,1358475465.0
Minority_rate,2018,25.27959798994975,0.002323518892558327,4.0,8008550,1358475465.0
Minority_rate,2018,25.77527638190955,0.002220527959272882,4.0,8008550,1358475465.0
Minority_rate,2018,26.27095477386935,0.002126487015371816,4.0,8008550,1358475465.0
Minority_rate,2018,26.76663316582915,0.002040442150514779,4.0,8008550,1358475465.0
Minority_rate,2018,27.262311557788944,0.0019615975619198473,4.0,8008550,1358475465.0
Minority_rate,2018,27.757989949748744,0.0018892918207110427,4.0,8008550,1358475465.0
Minority_rate,2018,28.253668341708543,0.001822976080947326,4.0,8008550,1358475465.0
Minority_rate,2018,28.749346733668343,0.001762194375828226,4.0,8008550,1358475465.0
Minority_rate,2018,29.245025125628143,0.001706566059824367,4.0,8008550,1358475465.0
Minority_rate,2018,29.740703517587942,0.0016557703862585147,4.0,8008550,1358475465.0
Minority_rate,2018,30.236381909547738,0.0016095331555601086,4.0,8008550,1358475465.0
Minority_rate,2018,30.732060301507538,0.0015676153281350992,4.0,8008550,1358475465.0
Minority_rate,2018,31.227738693467337,0.0015298034665236426,4.0,8008550,1358475465.0
Minority_rate,2018,31.723417085427137,0.0014959018523546081,4.0,8008550,1358475465.0
Minority_rate,2018,32.21909547738694,0.001465726113239755,4.0,8008550,1358475465.0
Minority_rate,2018,32.714773869346736,0.0014390981918129206,4.0,8008550,1358475465.0
Minority_rate,2018,33.210452261306536,0.001415842491894058,4.0,8008550,1358475465.0
Minority_rate,2018,33.706130653266335,0.001395783044329958,4.0,8008550,1358475465.0
Minority_rate,2018,34.201809045226135,0.001378741546076159,4.0,8008550,1358475465.0
Minority_rate,2018,34.697487437185934,0.0013645361392093454,4.0,8008550,1358475465.0
Minority_rate,2018,35.19316582914573,0.001352980811031027,4.0,8008550,1358475465.0
Minority_rate,2018,35.688844221105526,0.0013438853112736977,4.0,8008550,1358475465.0
Minority_rate,2018,36.184522613065326,0.0013370554964242224,4.0,8008550,1358475465.0
Minority_rate,2018,36.680201005025125,0.001332294024330437,4.0,8008550,1358475465.0
Minority_rate,2018,37.175879396984925,0.0013294013337607628,4.0,8008550,1358475465.0
Minority_rate,2018,37.671557788944725,0.0013281768522810078,4.0,8008550,1358475465.0
Minority_rate,2018,38.167236180904524,0.0013284203838998712,4.0,8008550,1358475465.0
Minority_rate,2018,38.662914572864324,0.0013299336317658369,4.0,8008550,1358475465.0
Minority_rate,2018,39.15859296482412,0.0013325218150267563,4.0,8008550,1358475465.0
Minority_rate,2018,39.65427135678392,0.001335995339721472,4.0,8008550,1358475465.0
Minority_rate,2018,40.14994974874372,0.0013401714838125888,4.0,8008550,1358475465.0
Minority_rate,2018,40.64562814070352,0.0013448760557958801,4.0,8008550,1358475465.0
Minority_rate,2018,41.14130653266332,0.0013499449854209996,4.0,8008550,1358475465.0
Minority_rate,2018,41.636984924623114,0.0013552258047945548,4.0,8008550,1358475465.0
Minority_rate,2018,42.132663316582914,0.0013605789784674148,4.0,8008550,1358475465.0
Minority_rate,2018,42.62834170854271,0.0013658790429513727,4.0,8008550,1358475465.0
Minority_rate,2018,43.12402010050251,0.0013710155195640972,4.0,8008550,1358475465.0
Minority_rate,2018,43.61969849246231,0.0013758935694156954,4.0,8008550,1358475465.0
Minority_rate,2018,44.11537688442211,0.0013804343662129881,4.0,8008550,1358475465.0
Minority_rate,2018,44.61105527638191,0.0013845751708696816,4.0,8008550,1358475465.0
Minority_rate,2018,45.10673366834171,0.0013882691012980764,4.0,8008550,1358475465.0
Minority_rate,2018,45.60241206030151,0.001391484600845599,4.0,8008550,1358475465.0
Minority_rate,2018,46.09809045226131,0.0013942046193656514,4.0,8008550,1358475465.0
Minority_rate,2018,46.59376884422111,0.0013964255308454823,4.0,8008550,1358475465.0
Minority_rate,2018,47.08944723618091,0.0013981558204527206,4.0,8008550,1358475465.0
Minority_rate,2018,47.5851256281407,0.001399414581684139,4.0,8008550,1358475465.0
Minority_rate,2018,48.0808040201005,0.0014002298700267523,4.0,8008550,1358475465.0
Minority_rate,2018,48.5764824120603,0.0014006369630881366,4.0,8008550,1358475465.0
Minority_rate,2018,49.0721608040201,0.0014006765787171929,4.0,8008550,1358475465.0
Minority_rate,2018,49.5678391959799,0.0014003931017856817,4.0,8008550,1358475465.0
Minority_rate,2018,50.0635175879397,0.0013998328674163045,4.0,8008550,1358475465.0
Minority_rate,2018,50.5591959798995,0.0013990425437041282,4.0,8008550,1358475465.0
Minority_rate,2018,51.0548743718593,0.0013980676512368427,4.0,8008550,1358475465.0
Minority_rate,2018,51.5505527638191,0.0013969512497292408,4.0,8008550,1358475465.0
Minority_rate,2018,52.0462311557789,0.0013957328148737347,4.0,8008550,1358475465.0
Minority_rate,2018,52.5419095477387,0.0013944473214462982,4.0,8008550,1358475465.0
Minority_rate,2018,53.0375879396985,0.0013931245418070059,4.0,8008550,1358475465.0
Minority_rate,2018,53.5332663316583,0.0013917885634268847,4.0,8008550,1358475465.0
Minority_rate,2018,54.02894472361809,0.001390457523465165,4.0,8008550,1358475465.0
Minority_rate,2018,54.52462311557789,0.0013891435548601104,4.0,8008550,1358475465.0
Minority_rate,2018,55.02030150753769,0.001387852935041991,4.0,8008550,1358475465.0
Minority_rate,2018,55.51597989949749,0.00138658642576763,4.0,8008550,1358475465.0
Minority_rate,2018,56.01165829145729,0.0013853397906970358,4.0,8008550,1358475465.0
Minority_rate,2018,56.50733668341709,0.0013841044751292607,4.0,8008550,1358475465.0
Minority_rate,2018,57.00301507537689,0.001382868430557857,4.0,8008550,1358475465.0
Minority_rate,2018,57.498693467336686,0.0013816170637279235,4.0,8008550,1358475465.0
Minority_rate,2018,57.994371859296486,0.001380334287142521,4.0,8008550,1358475465.0
Minority_rate,2018,58.490050251256285,0.0013790036443058894,4.0,8008550,1358475465.0
Minority_rate,2018,58.985728643216085,0.0013776094787651745,4.0,8008550,1358475465.0
Minority_rate,2018,59.481407035175884,0.0013761381118959305,4.0,8008550,1358475465.0
Minority_rate,2018,59.977085427135684,0.0013745789902483722,4.0,8008550,1358475465.0
Minority_rate,2018,60.472763819095476,0.001372925759911749,4.0,8008550,1358475465.0
Minority_rate,2018,60.968442211055276,0.001371177222846476,4.0,8008550,1358475465.0
Minority_rate,2018,61.464120603015076,0.00136933812970844,4.0,8008550,1358475465.0
Minority_rate,2018,61.959798994974875,0.0013674197652823832,4.0,8008550,1358475465.0
Minority_rate,2018,62.455477386934675,0.0013654402859841403,4.0,8008550,1358475465.0
Minority_rate,2018,62.951155778894474,0.001363424776278427,4.0,8008550,1358475465.0
Minority_rate,2018,63.446834170854274,0.0013614049992650076,4.0,8008550,1358475465.0
Minority_rate,2018,63.94251256281407,0.0013594188285977016,4.0,8008550,1358475465.0
Minority_rate,2018,64.43819095477387,0.00135750936239204,4.0,8008550,1358475465.0
Minority_rate,2018,64.93386934673367,0.001355723734349239,4.0,8008550,1358475465.0
Minority_rate,2018,65.42954773869347,0.001354111653060879,4.0,8008550,1358475465.0
Minority_rate,2018,65.92522613065327,0.0013527237150747777,4.0,8008550,1358475465.0
Minority_rate,2018,66.42090452261307,0.0013516095513937392,4.0,8008550,1358475465.0
Minority_rate,2018,66.91658291457287,0.001350815878588115,4.0,8008550,1358475465.0
Minority_rate,2018,67.41226130653267,0.001350384534254837,4.0,8008550,1358475465.0
Minority_rate,2018,67.90793969849247,0.0013503505816639947,4.0,8008550,1358475465.0
Minority_rate,2018,68.40361809045227,0.0013507405695093618,4.0,8008550,1358475465.0
Minority_rate,2018,68.89929648241207,0.0013515710291471137,4.0,8008550,1358475465.0
Minority_rate,2018,69.39497487437187,0.001352847284502968,4.0,8008550,1358475465.0
Minority_rate,2018,69.89065326633165,0.001354562638211686,4.0,8008550,1358475465.0
Minority_rate,2018,70.38633165829145,0.0013566979828233967,4.0,8008550,1358475465.0
Minority_rate,2018,70.88201005025125,0.0013592218687649162,4.0,8008550,1358475465.0
Minority_rate,2018,71.37768844221105,0.0013620910411395242,4.0,8008550,1358475465.0
Minority_rate,2018,71.87336683417085,0.0013652514378823144,4.0,8008550,1358475465.0
Minority_rate,2018,72.36904522613065,0.0013686396219434814,4.0,8008550,1358475465.0
Minority_rate,2018,72.86472361809045,0.0013721846010107468,4.0,8008550,1358475465.0
Minority_rate,2018,73.36040201005025,0.0013758099721773555,4.0,8008550,1358475465.0
Minority_rate,2018,73.85608040201005,0.0013794363142765726,4.0,8008550,1358475465.0
Minority_rate,2018,74.35175879396985,0.0013829837398143404,4.0,8008550,1358475465.0
Minority_rate,2018,74.84743718592965,0.001386374510947749,4.0,8008550,1358475465.0
Minority_rate,2018,75.34311557788945,0.0013895356200339314,4.0,8008550,1358475465.0
Minority_rate,2018,75.83879396984925,0.0013924012352441114,4.0,8008550,1358475465.0
Minority_rate,2018,76.33447236180905,0.0013949149151899173,4.0,8008550,1358475465.0
Minority_rate,2018,76.83015075376885,0.0013970315029273382,4.0,8008550,1358475465.0
Minority_rate,2018,77.32582914572865,0.001398718619745023,4.0,8008550,1358475465.0
Minority_rate,2018,77.82150753768845,0.0013999576909571477,4.0,8008550,1358475465.0
Minority_rate,2018,78.31718592964825,0.0014007444503146254,4.0,8008550,1358475465.0
Minority_rate,2018,78.81286432160805,0.0014010888858751666,4.0,8008550,1358475465.0
Minority_rate,2018,79.30854271356785,0.001401014607204031,4.0,8008550,1358475465.0
Minority_rate,2018,79.80422110552765,0.0014005576321457715,4.0,8008550,1358475465.0
Minority_rate,2018,80.29989949748744,0.0013997646102193477,4.0,8008550,1358475465.0
Minority_rate,2018,80.79557788944724,0.0013986905185699116,4.0,8008550,1358475465.0
Minority_rate,2018,81.29125628140704,0.0013973958850794304,4.0,8008550,1358475465.0
Minority_rate,2018,81.78693467336684,0.0013959436111719865,4.0,8008550,1358475465.0
Minority_rate,2018,82.28261306532664,0.0013943954839728287,4.0,8008550,1358475465.0
Minority_rate,2018,82.77829145728643,0.0013928084824006072,4.0,8008550,1358475465.0
Minority_rate,2018,83.27396984924623,0.0013912309951149132,4.0,8008550,1358475465.0
Minority_rate,2018,83.76964824120603,0.0013896990782502666,4.0,8008550,1358475465.0
Minority_rate,2018,84.26532663316583,0.001388232888092744,4.0,8008550,1358475465.0
Minority_rate,2018,84.76100502512563,0.0013868334264237761,4.0,8008550,1358475465.0
Minority_rate,2018,85.25668341708543,0.0013854797351419733,4.0,8008550,1358475465.0
Minority_rate,2018,85.75236180904523,0.0013841266700956058,4.0,8008550,1358475465.0
Minority_rate,2018,86.24804020100503,0.0013827033726598842,4.0,8008550,1358475465.0
Minority_rate,2018,86.74371859296483,0.0013811125408962621,4.0,8008550,1358475465.0
Minority_rate,2018,87.23939698492462,0.001379230580228656,4.0,8008550,1358475465.0
Minority_rate,2018,87.73507537688442,0.0013769086870767191,4.0,8008550,1358475465.0
Minority_rate,2018,88.23075376884422,0.0013739748887108248,4.0,8008550,1358475465.0
Minority_rate,2018,88.72643216080402,0.0013702370287511218,4.0,8008550,1358475465.0
Minority_rate,2018,89.22211055276382,0.0013654866529224864,4.0,8008550,1358475465.0
Minority_rate,2018,89.71778894472362,0.001359503713470846,4.0,8008550,1358475465.0
Minority_rate,2018,90.21346733668342,0.0013520619762675073,4.0,8008550,1358475465.0
Minority_rate,2018,90.70914572864322,0.0013429349825696247,4.0,8008550,1358475465.0
Minority_rate,2018,91.20482412060302,0.0013319023896072209,4.0,8008550,1358475465.0
Minority_rate,2018,91.70050251256282,0.0013187564921280483,4.0,8008550,1358475465.0
Minority_rate,2018,92.19618090452262,0.0013033087121675758,4.0,8008550,1358475465.0
Minority_rate,2018,92.69185929648242,0.0012853958372129278,4.0,8008550,1358475465.0
Minority_rate,2018,93.18753768844222,0.0012648857885480395,4.0,8008550,1358475465.0
Minority_rate,2018,93.68321608040202,0.0012416827126096584,4.0,8008550,1358475465.0
Minority_rate,2018,94.17889447236182,0.0012157312071268424,4.0,8008550,1358475465.0
Minority_rate,2018,94.67457286432162,0.0011870195217216005,4.0,8008550,1358475465.0
Minority_rate,2018,95.1702512562814,0.001155581607263391,4.0,8008550,1358475465.0
Minority_rate,2018,95.6659296482412,0.001121497928641799,4.0,8008550,1358475465.0
Minority_rate,2018,96.161608040201,0.0010848949998507054,4.0,8008550,1358475465.0
Minority_rate,2018,96.6572864321608,0.0010459436468353096,4.0,8008550,1358475465.0
Minority_rate,2018,97.1529648241206,0.0010048560496311997,4.0,8008550,1358475465.0
Minority_rate,2018,97.6486432160804,0.000961881659300416,4.0,8008550,1358475465.0
Minority_rate,2018,98.1443216080402,0.0009173021255568686,4.0,8008550,1358475465.0
Minority_rate,2018,98.64,0.0008714254044066501,4.0,8008550,1358475465.0
Minority_rate,2019,0.0,0.047342541767284925,4.0,7995672,1363306683.0
Minority_rate,2019,0.495678391959799,0.048072188371940106,4.0,7995672,1363306683.0
Minority_rate,2019,0.991356783919598,0.048567799115590594,4.0,7995672,1363306683.0
Minority_rate,2019,1.487035175879397,0.04882344668232842,4.0,7995672,1363306683.0
Minority_rate,2019,1.982713567839196,0.04883693507282197,4.0,7995672,1363306683.0
Minority_rate,2019,2.478391959798995,0.04860983319453345,4.0,7995672,1363306683.0
Minority_rate,2019,2.974070351758794,0.04814740990968108,4.0,7995672,1363306683.0
Minority_rate,2019,3.469748743718593,0.04745847354734201,4.0,7995672,1363306683.0
Minority_rate,2019,3.965427135678392,0.04655512233659272,4.0,7995672,1363306683.0
Minority_rate,2019,4.461105527638191,0.04545241536067071,4.0,7995672,1363306683.0
Minority_rate,2019,4.95678391959799,0.044167976289925685,4.0,7995672,1363306683.0
Minority_rate,2019,5.452462311557789,0.04272154423878499,4.0,7995672,1363306683.0
Minority_rate,2019,5.948140703517588,0.04113448751415268,4.0,7995672,1363306683.0
Minority_rate,2019,6.443819095477387,0.039429296738315536,4.0,7995672,1363306683.0
Minority_rate,2019,6.939497487437186,0.037629073837303496,4.0,7995672,1363306683.0
Minority_rate,2019,7.4351758793969855,0.035757032717844625,4.0,7995672,1363306683.0
Minority_rate,2019,7.930854271356784,0.03383602616791019,4.0,7995672,1363306683.0
Minority_rate,2019,8.426532663316584,0.03188811172433837,4.0,7995672,1363306683.0
Minority_rate,2019,8.922211055276382,0.029934167035371533,4.0,7995672,1363306683.0
Minority_rate,2019,9.417889447236181,0.02799356277187497,4.0,7995672,1363306683.0
Minority_rate,2019,9.91356783919598,0.026083898511913273,4.0,7995672,1363306683.0
Minority_rate,2019,10.409246231155779,0.024220804387134042,4.0,7995672,1363306683.0
Minority_rate,2019,10.904924623115578,0.022417808745649935,4.0,7995672,1363306683.0
Minority_rate,2019,11.400603015075378,0.020686269770678785,4.0,7995672,1363306683.0
Minority_rate,2019,11.896281407035175,0.019035366973657715,4.0,7995672,1363306683.0
Minority_rate,2019,12.391959798994975,0.017472146815928586,4.0,7995672,1363306683.0
Minority_rate,2019,12.887638190954775,0.016001615455102074,4.0,7995672,1363306683.0
Minority_rate,2019,13.383316582914574,0.014626870755671526,4.0,7995672,1363306683.0
Minority_rate,2019,13.878994974874372,0.013349265257093958,4.0,7995672,1363306683.0
Minority_rate,2019,14.374673366834172,0.012168591721695779,4.0,7995672,1363306683.0
Minority_rate,2019,14.870351758793971,0.011083283145545512,4.0,7995672,1363306683.0
Minority_rate,2019,15.366030150753769,0.010090619660603421,4.0,7995672,1363306683.0
Minority_rate,2019,15.861708542713568,0.009186935519250016,4.0,7995672,1363306683.0
Minority_rate,2019,16.357386934673368,0.008367820273776723,4.0,7995672,1363306683.0
Minority_rate,2019,16.853065326633168,0.0076283092790553906,4.0,7995672,1363306683.0
Minority_rate,2019,17.348743718592967,0.006963059701944517,4.0,7995672,1363306683.0
Minority_rate,2019,17.844422110552763,0.006366509259360427,4.0,7995672,1363306683.0
Minority_rate,2019,18.340100502512563,0.005833015893582062,4.0,7995672,1363306683.0
Minority_rate,2019,18.835778894472362,0.005356977488164721,4.0,7995672,1363306683.0
Minority_rate,2019,19.331457286432162,0.004932931511579011,4.0,7995672,1363306683.0
Minority_rate,2019,19.82713567839196,0.004555635133641106,4.0,7995672,1363306683.0
Minority_rate,2019,20.32281407035176,0.004220126883782655,4.0,7995672,1363306683.0
Minority_rate,2019,20.818492462311557,0.003921771316566619,4.0,7995672,1363306683.0
Minority_rate,2019,21.314170854271357,0.003656288420204591,4.0,7995672,1363306683.0
Minority_rate,2019,21.809849246231156,0.0034197696655069664,4.0,7995672,1363306683.0
Minority_rate,2019,22.305527638190956,0.0032086826557725994,4.0,7995672,1363306683.0
Minority_rate,2019,22.801206030150755,0.003019866322082225,4.0,7995672,1363306683.0
Minority_rate,2019,23.296884422110555,0.002850518528048496,4.0,7995672,1363306683.0
Minority_rate,2019,23.79256281407035,0.0026981778198723032,4.0,7995672,1363306683.0
Minority_rate,2019,24.28824120603015,0.0025607008969873463,4.0,7995672,1363306683.0
Minority_rate,2019,24.78391959798995,0.002436237197079104,4.0,7995672,1363306683.0
Minority_rate,2019,25.27959798994975,0.00232320180013184,4.0,7995672,1363306683.0
Minority_rate,2019,25.77527638190955,0.00222024766607816,4.0,7995672,1363306683.0
Minority_rate,2019,26.27095477386935,0.002126238037691481,4.0,7995672,1363306683.0
Minority_rate,2019,26.76663316582915,0.002040219670232918,4.0,7995672,1363306683.0
Minority_rate,2019,27.262311557788944,0.001961397392721771,4.0,7995672,1363306683.0
Minority_rate,2019,27.757989949748744,0.0018891103680301097,4.0,7995672,1363306683.0
Minority_rate,2019,28.253668341708543,0.001822810298201722,4.0,7995672,1363306683.0
Minority_rate,2019,28.749346733668343,0.0017620417185670039,4.0,7995672,1363306683.0
Minority_rate,2019,29.245025125628143,0.0017064244393345876,4.0,7995672,1363306683.0
Minority_rate,2019,29.740703517587942,0.0016556381237100642,4.0,7995672,1363306683.0
Minority_rate,2019,30.236381909547738,0.0016094089374079127,4.0,7995672,1363306683.0
Minority_rate,2019,30.732060301507538,0.0015674981633740555,4.0,7995672,1363306683.0
Minority_rate,2019,31.227738693467337,0.0015296926460140743,4.0,7995672,1363306683.0
Minority_rate,2019,31.723417085427137,0.001495796910451319,4.0,7995672,1363306683.0
Minority_rate,2019,32.21909547738694,0.0014656267917981375,4.0,7995672,1363306683.0
Minority_rate,2019,32.714773869346736,0.0014390044064307773,4.0,7995672,1363306683.0
Minority_rate,2019,33.210452261306536,0.0014157543004539846,4.0,7995672,1363306683.0
Minority_rate,2019,33.706130653266335,0.0013957006176481157,4.0,7995672,1363306683.0
Minority_rate,2019,34.201809045226135,0.0013786651406117424,4.0,7995672,1363306683.0
Minority_rate,2019,34.697487437185934,0.0013644660717113178,4.0,7995672,1363306683.0
Minority_rate,2019,35.19316582914573,0.0013529174350774078,4.0,7995672,1363306683.0
Minority_rate,2019,35.688844221105526,0.0013438289956706135,4.0,7995672,1363306683.0
Minority_rate,2019,36.184522613065326,0.0013370066054016957,4.0,7995672,1363306683.0
Minority_rate,2019,36.680201005025125,0.0013322528997212907,4.0,7995672,1363306683.0
Minority_rate,2019,37.175879396984925,0.001329368278942204,4.0,7995672,1363306683.0
Minority_rate,2019,37.671557788944725,0.0013281521183326722,4.0,7995672,1363306683.0
Minority_rate,2019,38.167236180904524,0.0013284041576982146,4.0,7995672,1363306683.0
Minority_rate,2019,38.662914572864324,0.0013299260264095665,4.0,7995672,1363306683.0
Minority_rate,2019,39.15859296482412,0.0013325228624826934,4.0,7995672,1363306683.0
Minority_rate,2019,39.65427135678392,0.001336004985912482,4.0,7995672,1363306683.0
Minority_rate,2019,40.14994974874372,0.001340189586078713,4.0,7995672,1363306683.0
Minority_rate,2019,40.64562814070352,0.0013449023827926333,4.0,7995672,1363306683.0
Minority_rate,2019,41.14130653266332,0.0013499792193654046,4.0,7995672,1363306683.0
Minority_rate,2019,41.636984924623114,0.0013552675459940276,4.0,7995672,1363306683.0
Minority_rate,2019,42.132663316582914,0.0013606277518877332,4.0,7995672,1363306683.0
Minority_rate,2019,42.62834170854271,0.0013659343066533506,4.0,7995672,1363306683.0
Minority_rate,2019,43.12402010050251,0.0013710766746974218,4.0,7995672,1363306683.0
Minority_rate,2019,43.61969849246231,0.0013759599714289815,4.0,7995672,1363306683.0
Minority_rate,2019,44.11537688442211,0.0013805053368989495,4.0,7995672,1363306683.0
Minority_rate,2019,44.61105527638191,0.0013846500109260817,4.0,7995672,1363306683.0
Minority_rate,2019,45.10673366834171,0.0013883471028566991,4.0,7995672,1363306683.0
Minority_rate,2019,45.60241206030151,0.0013915650597204152,4.0,7995672,1363306683.0
Minority_rate,2019,46.09809045226131,0.0013942868466126992,4.0,7995672,1363306683.0
Minority_rate,2019,46.59376884422111,0.001396508863283992,4.0,7995672,1363306683.0
Minority_rate,2019,47.08944723618091,0.0013982396298934689,4.0,7995672,1363306683.0
Minority_rate,2019,47.5851256281407,0.0013994982827254601,4.0,7995672,1363306683.0
Minority_rate,2019,48.0808040201005,0.0014003129261655355,4.0,7995672,1363306683.0
Minority_rate,2019,48.5764824120603,0.0014007188911851875,4.0,7995672,1363306683.0
Minority_rate,2019,49.0721608040201,0.0014007569517414222,4.0,7995672,1363306683.0
Minority_rate,2019,49.5678391959799,0.0014004715499337328,4.0,7995672,1363306683.0
Minority_rate,2019,50.0635175879397,0.0013999090776776464,4.0,7995672,1363306683.0
Minority_rate,2019,50.5591959798995,0.0013991162579801665,4.0,7995672,1363306683.0
Minority_rate,2019,51.0548743718593,0.0013981386632594042,4.0,7995672,1363306683.0
Minority_rate,2019,51.5505527638191,0.0013970194008255034,4.0,7995672,1363306683.0
Minority_rate,2019,52.0462311557789,0.0013957979888242949,4.0,7995672,1363306683.0
Minority_rate,2019,52.5419095477387,0.001394509438508448,4.0,7995672,1363306683.0
Minority_rate,2019,53.0375879396985,0.0013931835521783969,4.0,7995672,1363306683.0
Minority_rate,2019,53.5332663316583,0.0013918444400412365,4.0,7995672,1363306683.0
Minority_rate,2019,54.02894472361809,0.0013905102545063385,4.0,7995672,1363306683.0
Minority_rate,2019,54.52462311557789,0.0013891931358580385,4.0,7995672,1363306683.0
Minority_rate,2019,55.02030150753769,0.0013878993608322891,4.0,7995672,1363306683.0
Minority_rate,2019,55.51597989949749,0.0013866296823087335,4.0,7995672,1363306683.0
Minority_rate,2019,56.01165829145729,0.0013853798469803285,4.0,7995672,1363306683.0
Minority_rate,2019,56.50733668341709,0.0013841412752869156,4.0,7995672,1363306683.0
Minority_rate,2019,57.00301507537689,0.0013829018864159185,4.0,7995672,1363306683.0
Minority_rate,2019,57.498693467336686,0.0013816470480136993,4.0,7995672,1363306683.0
Minority_rate,2019,57.994371859296486,0.0013803606276540964,4.0,7995672,1363306683.0
Minority_rate,2019,58.490050251256285,0.001379026119283782,4.0,7995672,1363306683.0
Minority_rate,2019,58.985728643216085,0.0013776278138167388,4.0,7995672,1363306683.0
Minority_rate,2019,59.481407035175884,0.0013761519787829396,4.0,7995672,1363306683.0
Minority_rate,2019,59.977085427135684,0.0013745880078186114,4.0,7995672,1363306683.0
Minority_rate,2019,60.472763819095476,0.00137292949724933,4.0,7995672,1363306683.0
Minority_rate,2019,60.968442211055276,0.0013711752050200822,4.0,7995672,1363306683.0
Minority_rate,2019,61.464120603015076,0.001369329846024858,4.0,7995672,1363306683.0
Minority_rate,2019,61.959798994974875,0.001367404680029813,4.0,7995672,1363306683.0
Minority_rate,2019,62.455477386934675,0.0013654178515159297,4.0,7995672,1363306683.0
Minority_rate,2019,62.951155778894474,0.001363394448145744,4.0,7995672,1363306683.0
Minority_rate,2019,63.446834170854274,0.0013613662529314303,4.0,7995672,1363306683.0
Minority_rate,2019,63.94251256281407,0.001359371177325251,4.0,7995672,1363306683.0
Minority_rate,2019,64.43819095477387,0.0013574523756107598,4.0,7995672,1363306683.0
Minority_rate,2019,64.93386934673367,0.001355657055894423,4.0,7995672,1363306683.0
Minority_rate,2019,65.42954773869347,0.0013540350184893851,4.0,7995672,1363306683.0
Minority_rate,2019,65.92522613065327,0.0013526369675136351,4.0,7995672,1363306683.0
Minority_rate,2019,66.42090452261307,0.0013515126550956965,4.0,7995672,1363306683.0
Minority_rate,2019,66.91658291457287,0.0013507089297424251,4.0,7995672,1363306683.0
Minority_rate,2019,67.41226130653267,0.0013502677683958114,4.0,7995672,1363306683.0
Minority_rate,2019,67.90793969849247,0.001350224377530915,4.0,7995672,1363306683.0
Minority_rate,2019,68.40361809045227,0.0013506054488804657,4.0,7995672,1363306683.0
Minority_rate,2019,68.89929648241207,0.001351427652898595,4.0,7995672,1363306683.0
Minority_rate,2019,69.39497487437187,0.0013526964447235239,4.0,7995672,1363306683.0
Minority_rate,2019,69.89065326633165,0.0013544052467674135,4.0,7995672,1363306683.0
Minority_rate,2019,70.38633165829145,0.001356535056902252,4.0,7995672,1363306683.0
Minority_rate,2019,70.88201005025125,0.001359054513718003,4.0,7995672,1363306683.0
Minority_rate,2019,71.37768844221105,0.0013619204315436127,4.0,7995672,1363306683.0
Minority_rate,2019,71.87336683417085,0.0013650787973871197,4.0,7995672,1363306683.0
Minority_rate,2019,72.36904522613065,0.0013684662027417277,4.0,7995672,1363306683.0
Minority_rate,2019,72.86472361809045,0.0013720116638099768,4.0,7995672,1363306683.0
Minority_rate,2019,73.36040201005025,0.0013756387673368403,4.0,7995672,1363306683.0
Minority_rate,2019,73.85608040201005,0.001379268064966671,4.0,7995672,1363306683.0
Minority_rate,2019,74.35175879396985,0.0013828196277633027,4.0,7995672,1363306683.0
Minority_rate,2019,74.84743718592965,0.001386215665313182,4.0,7995672,1363306683.0
Minority_rate,2019,75.34311557788945,0.001389383109840309,4.0,7995672,1363306683.0
Minority_rate,2019,75.83879396984925,0.0013922560656993938,4.0,7995672,1363306683.0
Minority_rate,2019,76.33447236180905,0.0013947780278245464,4.0,7995672,1363306683.0
Minority_rate,2019,76.83015075376885,0.0013969037796583645,4.0,7995672,1363306683.0
Minority_rate,2019,77.32582914572865,0.0013986008904721937,4.0,7995672,1363306683.0
Minority_rate,2019,77.82150753768845,0.0013998507443791083,4.0,7995672,1363306683.0
Minority_rate,2019,78.31718592964825,0.0014006490473480611,4.0,7995672,1363306683.0
Minority_rate,2019,78.81286432160805,0.001401005774964186,4.0,7995672,1363306683.0
Minority_rate,2019,79.30854271356785,0.0014009445406933997,4.0,7995672,1363306683.0
Minority_rate,2019,79.80422110552765,0.0014005013827389544,4.0,7995672,1363306683.0
Minority_rate,2019,80.29989949748744,0.0013997229866662356,4.0,7995672,1363306683.0
Minority_rate,2019,80.79557788944724,0.001398664379274802,4.0,7995672,1363306683.0
Minority_rate,2019,81.29125628140704,0.0013973861489527965,4.0,7995672,1363306683.0
Minority_rate,2019,81.78693467336684,0.0013959512644966632,4.0,7995672,1363306683.0
Minority_rate,2019,82.28261306532664,0.0013944215825246542,4.0,7995672,1363306683.0
Minority_rate,2019,82.77829145728643,0.0013928541481738799,4.0,7995672,1363306683.0
Minority_rate,2019,83.27396984924623,0.0013912974069127516,4.0,7995672,1363306683.0
Minority_rate,2019,83.76964824120603,0.0013897874560716502,4.0,7995672,1363306683.0
Minority_rate,2019,84.26532663316583,0.0013883444711017391,4.0,7995672,1363306683.0
Minority_rate,2019,84.76100502512563,0.001386969444733267,4.0,7995672,1363306683.0
Minority_rate,2019,85.25668341708543,0.0013856413760522648,4.0,7995672,1363306683.0
Minority_rate,2019,85.75236180904523,0.0013843150394084501,4.0,7995672,1363306683.0
Minority_rate,2019,86.24804020100503,0.0013829194523366306,4.0,7995672,1363306683.0
Minority_rate,2019,86.74371859296483,0.0013813571443468536,4.0,7995672,1363306683.0
Minority_rate,2019,87.23939698492462,0.001379504306668266,4.0,7995672,1363306683.0
Minority_rate,2019,87.73507537688442,0.0013772118768918477,4.0,7995672,1363306683.0
Minority_rate,2019,88.23075376884422,0.0013743075814193508,4.0,7995672,1363306683.0
Minority_rate,2019,88.72643216080402,0.0013705989256226948,4.0,7995672,1363306683.0
Minority_rate,2019,89.22211055276382,0.0013658770857992552,4.0,7995672,1363306683.0
Minority_rate,2019,89.71778894472362,0.0013599216216107885,4.0,7995672,1363306683.0
Minority_rate,2019,90.21346733668342,0.00135250589253206,4.0,7995672,1363306683.0
Minority_rate,2019,90.70914572864322,0.0013434030301340892,4.0,7995672,1363306683.0
Minority_rate,2019,91.20482412060302,0.0013323922898937754,4.0,7995672,1363306683.0
Minority_rate,2019,91.70050251256282,0.0013192655844167657,4.0,7995672,1363306683.0
Minority_rate,2019,92.19618090452262,0.0013038339847355103,4.0,7995672,1363306683.0
Minority_rate,2019,92.69185929648242,0.0012859339695038105,4.0,7995672,1363306683.0
Minority_rate,2019,93.18753768844222,0.0012654332034501125,4.0,7995672,1363306683.0
Minority_rate,2019,93.68321608040202,0.0012422356374021991,4.0,7995672,1363306683.0
Minority_rate,2019,94.17889447236182,0.001216285741354851,4.0,7995672,1363306683.0
Minority_rate,2019,94.67457286432162,0.0011875717100087403,4.0,7995672,1363306683.0
Minority_rate,2019,95.1702512562814,0.0011561275148048503,4.0,7995672,1363306683.0
Minority_rate,2019,95.6659296482412,0.0011220337169093478,4.0,7995672,1363306683.0
Minority_rate,2019,96.161608040201,0.001085417000282137,4.0,7995672,1363306683.0
Minority_rate,2019,96.6572864321608,0.0010464484300466731,4.0,7995672,1363306683.0
Minority_rate,2019,97.1529648241206,0.0010053404880551622,4.0,7995672,1363306683.0
Minority_rate,2019,97.6486432160804,0.0009623429814446516,4.0,7995672,1363306683.0
Minority_rate,2019,98.1443216080402,0.0009177379601768823,4.0,7995672,1363306683.0
Minority_rate,2019,98.64,0.0008718338136595882,4.0,7995672,1363306683.0
Minority_rate,2020,0.0,0.04986864888871228,4.0,7971133,1366985362.0
Minority_rate,2020,0.495678391959799,0.05071078861989808,4.0,7971133,1366985362.0
Minority_rate,2020,0.991356783919598,0.0512757233639407,4.0,7971133,1366985362.0
Minority_rate,2020,1.487035175879397,0.051555892621529945,4.0,7971133,1366985362.0
Minority_rate,2020,1.982713567839196,0.05154871866469764,4.0,7971133,1366985362.0
Minority_rate,2020,2.478391959798995,0.05125664669315591,4.0,7971133,1366985362.0
Minority_rate,2020,2.974070351758794,0.05068703714554671,4.0,7971133,1366985362.0
Minority_rate,2020,3.469748743718593,0.04985191567384813,4.0,7971133,1366985362.0
Minority_rate,2020,3.965427135678392,0.048767592059901485,4.0,7971133,1366985362.0
Minority_rate,2020,4.461105527638191,0.047454164502811515,4.0,7971133,1366985362.0
Minority_rate,2020,4.95678391959799,0.04593492994412004,4.0,7971133,1366985362.0
Minority_rate,2020,5.452462311557789,0.04423572424620513,4.0,7971133,1366985362.0
Minority_rate,2020,5.948140703517588,0.042384217956570866,4.0,7971133,1366985362.0
Minority_rate,2020,6.443819095477387,0.04040919403831707,4.0,7971133,1366985362.0
Minority_rate,2020,6.939497487437186,0.038339833338169864,4.0,7971133,1366985362.0
Minority_rate,2020,7.4351758793969855,0.036205031797471574,4.0,7971133,1366985362.0
Minority_rate,2020,7.930854271356784,0.034032770657435575,4.0,7971133,1366985362.0
Minority_rate,2020,8.426532663316584,0.03184955734967204,4.0,7971133,1366985362.0
Minority_rate,2020,8.922211055276382,0.029679950672139358,4.0,7971133,1366985362.0
Minority_rate,2020,9.417889447236181,0.0275461794290198,4.0,7971133,1366985362.0
Minority_rate,2020,9.91356783919598,0.02546785927167586,4.0,7971133,1366985362.0
Minority_rate,2020,10.409246231155779,0.023461808190572864,4.0,7971133,1366985362.0
Minority_rate,2020,10.904924623115578,0.02154195722258206,4.0,7971133,1366985362.0
Minority_rate,2020,11.400603015075378,0.019719349576184816,4.0,7971133,1366985362.0
Minority_rate,2020,11.896281407035175,0.01800221868796117,4.0,7971133,1366985362.0
Minority_rate,2020,12.391959798994975,0.016396133737372948,4.0,7971133,1366985362.0
Minority_rate,2020,12.887638190954775,0.014904199910501948,4.0,7971133,1366985362.0
Minority_rate,2020,13.383316582914574,0.01352730016834639,4.0,7971133,1366985362.0
Minority_rate,2020,13.878994974874372,0.012264365392684048,4.0,7971133,1366985362.0
Minority_rate,2020,14.374673366834172,0.011112660456508057,4.0,7971133,1366985362.0
Minority_rate,2020,14.870351758793971,0.010068074887221043,4.0,7971133,1366985362.0
Minority_rate,2020,15.366030150753769,0.0091254082430494,4.0,7971133,1366985362.0
Minority_rate,2020,15.861708542713568,0.008278641983533007,4.0,7971133,1366985362.0
Minority_rate,2020,16.357386934673368,0.0075211913745264055,4.0,7971133,1366985362.0
Minority_rate,2020,16.853065326633168,0.006846132720072542,4.0,7971133,1366985362.0
Minority_rate,2020,17.348743718592967,0.006246402881071363,4.0,7971133,1366985362.0
Minority_rate,2020,17.844422110552763,0.005714969550803551,4.0,7971133,1366985362.0
Minority_rate,2020,18.340100502512563,0.005244972070252802,4.0,7971133,1366985362.0
Minority_rate,2020,18.835778894472362,0.004829833651801048,4.0,7971133,1366985362.0
Minority_rate,2020,19.331457286432162,0.004463346729115774,4.0,7971133,1366985362.0
Minority_rate,2020,19.82713567839196,0.004139733770387697,4.0,7971133,1366985362.0
Minority_rate,2020,20.32281407035176,0.003853686295438507,4.0,7971133,1366985362.0
Minority_rate,2020,20.818492462311557,0.0036003850510357067,4.0,7971133,1366985362.0
Minority_rate,2020,21.314170854271357,0.0033755043524577332,4.0,7971133,1366985362.0
Minority_rate,2020,21.809849246231156,0.0031752035230202436,4.0,7971133,1366985362.0
Minority_rate,2020,22.305527638190956,0.0029961081913165277,4.0,7971133,1366985362.0
Minority_rate,2020,22.801206030150755,0.0028352839656600763,4.0,7971133,1366985362.0
Minority_rate,2020,23.296884422110555,0.002690204723422199,4.0,7971133,1366985362.0
Minority_rate,2020,23.79256281407035,0.002558717452759699,4.0,7971133,1366985362.0
Minority_rate,2020,24.28824120603015,0.0024390052815827477,4.0,7971133,1366985362.0
Minority_rate,2020,24.78391959798995,0.0023295500379394915,4.0,7971133,1366985362.0
Minority_rate,2020,25.27959798994975,0.0022290954157430203,4.0,7971133,1366985362.0
Minority_rate,2020,25.77527638190955,0.002136611576140669,4.0,7971133,1366985362.0
Minority_rate,2020,26.27095477386935,0.002051261799488962,4.0,7971133,1366985362.0
Minority_rate,2020,26.76663316582915,0.0019723716182857907,4.0,7971133,1366985362.0
Minority_rate,2020,27.262311557788944,0.001899400703790207,4.0,7971133,1366985362.0
Minority_rate,2020,27.757989949748744,0.0018319176496088521,4.0,7971133,1366985362.0
Minority_rate,2020,28.253668341708543,0.0017695776886572957,4.0,7971133,1366985362.0
Minority_rate,2020,28.749346733668343,0.0017121032953232391,4.0,7971133,1366985362.0
Minority_rate,2020,29.245025125628143,0.0016592675579921994,4.0,7971133,1366985362.0
Minority_rate,2020,29.740703517587942,0.0016108801572992818,4.0,7971133,1366985362.0
Minority_rate,2020,30.236381909547738,0.0015667757492429837,4.0,7971133,1366985362.0
Minority_rate,2020,30.732060301507538,0.0015268045285670173,4.0,7971133,1366985362.0
Minority_rate,2020,31.227738693467337,0.0014908247348077229,4.0,7971133,1366985362.0
Minority_rate,2020,31.723417085427137,0.0014586968595486885,4.0,7971133,1366985362.0
Minority_rate,2020,32.21909547738694,0.001430279317584895,4.0,7971133,1366985362.0
Minority_rate,2020,32.714773869346736,0.0014054253556254174,4.0,7971133,1366985362.0
Minority_rate,2020,33.210452261306536,0.0013839809887764758,4.0,7971133,1366985362.0
Minority_rate,2020,33.706130653266335,0.0013657837755964325,4.0,7971133,1366985362.0
Minority_rate,2020,34.201809045226135,0.001350662266550055,4.0,7971133,1366985362.0
Minority_rate,2020,34.697487437185934,0.001338435985881222,4.0,7971133,1366985362.0
Minority_rate,2020,35.19316582914573,0.0013289158327824135,4.0,7971133,1366985362.0
Minority_rate,2020,35.688844221105526,0.001321904812492199,4.0,7971133,1366985362.0
Minority_rate,2020,36.184522613065326,0.0013171990306578424,4.0,7971133,1366985362.0
Minority_rate,2020,36.680201005025125,0.0013145889035737156,4.0,7971133,1366985362.0
Minority_rate,2020,37.175879396984925,0.0013138605526034754,4.0,7971133,1366985362.0
Minority_rate,2020,37.671557788944725,0.001314797361792927,4.0,7971133,1366985362.0
Minority_rate,2020,38.167236180904524,0.0013171816840405145,4.0,7971133,1366985362.0
Minority_rate,2020,38.662914572864324,0.0013207966825897943,4.0,7971133,1366985362.0
Minority_rate,2020,39.15859296482412,0.001325428291978139,4.0,7971133,1366985362.0
Minority_rate,2020,39.65427135678392,0.0013308672764028148,4.0,7971133,1366985362.0
Minority_rate,2020,40.14994974874372,0.0013369113546801315,4.0,7971133,1366985362.0
Minority_rate,2020,40.64562814070352,0.0013433673512041474,4.0,7971133,1366985362.0
Minority_rate,2020,41.14130653266332,0.0013500533220606227,4.0,7971133,1366985362.0
Minority_rate,2020,41.636984924623114,0.0013568005969308411,4.0,7971133,1366985362.0
Minority_rate,2020,42.132663316582914,0.0013634556707757036,4.0,7971133,1366985362.0
Minority_rate,2020,42.62834170854271,0.0013698818767777993,4.0,7971133,1366985362.0
Minority_rate,2020,43.12402010050251,0.001375960772771993,4.0,7971133,1366985362.0
Minority_rate,2020,43.61969849246231,0.001381593179295708,4.0,7971133,1366985362.0
Minority_rate,2020,44.11537688442211,0.001386699817375151,4.0,7971133,1366985362.0
Minority_rate,2020,44.61105527638191,0.0013912215081065644,4.0,7971133,1366985362.0
Minority_rate,2020,45.10673366834171,0.0013951189134857767,4.0,7971133,1366985362.0
Minority_rate,2020,45.60241206030151,0.0013983718173563296,4.0,7971133,1366985362.0
Minority_rate,2020,46.09809045226131,0.0014009779654237508,4.0,7971133,1366985362.0
Minority_rate,2020,46.59376884422111,0.0014029515032571282,4.0,7971133,1366985362.0
Minority_rate,2020,47.08944723618091,0.0014043210689003846,4.0,7971133,1366985362.0
Minority_rate,2020,47.5851256281407,0.0014051276113578137,4.0,7971133,1366985362.0
Minority_rate,2020,48.0808040201005,0.0014054220168645648,4.0,7971133,1366985362.0
Minority_rate,2020,48.5764824120603,0.0014052626305002937,4.0,7971133,1366985362.0
Minority_rate,2020,49.0721608040201,0.0014047127613658378,4.0,7971133,1366985362.0
Minority_rate,2020,49.5678391959799,0.0014038382551887594,4.0,7971133,1366985362.0
Minority_rate,2020,50.0635175879397,0.0014027052095485243,4.0,7971133,1366985362.0
Minority_rate,2020,50.5591959798995,0.0014013778945763048,4.0,7971133,1366985362.0
Minority_rate,2020,51.0548743718593,0.0013999169271861614,4.0,7971133,1366985362.0
Minority_rate,2020,51.5505527638191,0.0013983777313169006,4.0,7971133,1366985362.0
Minority_rate,2020,52.0462311557789,0.0013968093007173043,4.0,7971133,1366985362.0
Minority_rate,2020,52.5419095477387,0.001395253266849838,4.0,7971133,1366985362.0
Minority_rate,2020,53.0375879396985,0.0013937432626640398,4.0,7971133,1366985362.0
Minority_rate,2020,53.5332663316583,0.0013923045642714965,4.0,7971133,1366985362.0
Minority_rate,2020,54.02894472361809,0.0013909539876460683,4.0,7971133,1366985362.0
Minority_rate,2020,54.52462311557789,0.001389700015583411,4.0,7971133,1366985362.0
Minority_rate,2020,55.02030150753769,0.0013885431315190004,4.0,7971133,1366985362.0
Minority_rate,2020,55.51597989949749,0.001387476340320271,4.0,7971133,1366985362.0
Minority_rate,2020,56.01165829145729,0.0013864858607102657,4.0,7971133,1366985362.0
Minority_rate,2020,56.50733668341709,0.0013855519788489197,4.0,7971133,1366985362.0
Minority_rate,2020,57.00301507537689,0.001384650056075915,4.0,7971133,1366985362.0
Minority_rate,2020,57.498693467336686,0.0013837516853711517,4.0,7971133,1366985362.0
Minority_rate,2020,57.994371859296486,0.0013828259899484672,4.0,7971133,1366985362.0
Minority_rate,2020,58.490050251256285,0.001381841052649858,4.0,7971133,1366985362.0
Minority_rate,2020,58.985728643216085,0.001380765457308454,4.0,7971133,1366985362.0
Minority_rate,2020,59.481407035175884,0.0013795699130875884,4.0,7971133,1366985362.0
Minority_rate,2020,59.977085427135684,0.001378228920296387,4.0,7971133,1366985362.0
Minority_rate,2020,60.472763819095476,0.0013767224239285786,4.0,7971133,1366985362.0
Minority_rate,2020,60.968442211055276,0.0013750373890531486,4.0,7971133,1366985362.0
Minority_rate,2020,61.464120603015076,0.0013731692228183216,4.0,7971133,1366985362.0
Minority_rate,2020,61.959798994974875,0.0013711229621223436,4.0,7971133,1366985362.0
Minority_rate,2020,62.455477386934675,0.0013689141455759432,4.0,7971133,1366985362.0
Minority_rate,2020,62.951155778894474,0.0013665692932603858,4.0,7971133,1366985362.0
Minority_rate,2020,63.446834170854274,0.0013641259294273442,4.0,7971133,1366985362.0
Minority_rate,2020,63.94251256281407,0.0013616321007634154,4.0,7971133,1366985362.0
Minority_rate,2020,64.43819095477387,0.0013591453657099697,4.0,7971133,1366985362.0
Minority_rate,2020,64.93386934673367,0.0013567312570364294,4.0,7971133,1366985362.0
Minority_rate,2020,65.42954773869347,0.0013544612494433925,4.0,7971133,1366985362.0
Minority_rate,2020,65.92522613065327,0.0013524102936756292,4.0,7971133,1366985362.0
Minority_rate,2020,66.42090452261307,0.0013506540069438758,4.0,7971133,1366985362.0
Minority_rate,2020,66.91658291457287,0.0013492656338100393,4.0,7971133,1366985362.0
Minority_rate,2020,67.41226130653267,0.0013483129107638358,4.0,7971133,1366985362.0
Minority_rate,2020,67.90793969849247,0.0013478549796821326,4.0,7971133,1366985362.0
Minority_rate,2020,68.40361809045227,0.001347939499302127,4.0,7971133,1366985362.0
Minority_rate,2020,68.89929648241207,0.0013486000991798383,4.0,7971133,1366985362.0
Minority_rate,2020,69.39497487437187,0.0013498543079269194,4.0,7971133,1366985362.0
Minority_rate,2020,69.89065326633165,0.0013517020670847507,4.0,7971133,1366985362.0
Minority_rate,2020,70.38633165829145,0.001354124915424802,4.0,7971133,1366985362.0
Minority_rate,2020,70.88201005025125,0.0013570858972128648,4.0,7971133,1366985362.0
Minority_rate,2020,71.37768844221105,0.001360530214006913,4.0,7971133,1366985362.0
Minority_rate,2020,71.87336683417085,0.0013643866050635043,4.0,7971133,1366985362.0
Minority_rate,2020,72.36904522613065,0.0013685694081471017,4.0,7971133,1366985362.0
Minority_rate,2020,72.86472361809045,0.0013729812225037157,4.0,7971133,1366985362.0
Minority_rate,2020,73.36040201005025,0.0013775160696762657,4.0,7971133,1366985362.0
Minority_rate,2020,73.85608040201005,0.001382062928592965,4.0,7971133,1366985362.0
Minority_rate,2020,74.35175879396985,0.0013865095068080241,4.0,7971133,1366985362.0
Minority_rate,2020,74.84743718592965,0.0013907461029038814,4.0,7971133,1366985362.0
Minority_rate,2020,75.34311557788945,0.0013946694134751032,4.0,7971133,1366985362.0
Minority_rate,2020,75.83879396984925,0.0013981861427567464,4.0,7971133,1366985362.0
Minority_rate,2020,76.33447236180905,0.0014012162818792721,4.0,7971133,1366985362.0
Minority_rate,2020,76.83015075376885,0.0014036959380060187,4.0,7971133,1366985362.0
Minority_rate,2020,77.32582914572865,0.0014055796093883988,4.0,7971133,1366985362.0
Minority_rate,2020,77.82150753768845,0.0014068418204859115,4.0,7971133,1366985362.0
Minority_rate,2020,78.31718592964825,0.0014074780507087057,4.0,7971133,1366985362.0
Minority_rate,2020,78.81286432160805,0.0014075049101126816,4.0,7971133,1366985362.0
Minority_rate,2020,79.30854271356785,0.0014069595361077187,4.0,7971133,1366985362.0
Minority_rate,2020,79.80422110552765,0.001405898205775905,4.0,7971133,1366985362.0
Minority_rate,2020,80.29989949748744,0.0014043941789562188,4.0,7971133,1366985362.0
Minority_rate,2020,80.79557788944724,0.0014025348087957554,4.0,7971133,1366985362.0
Minority_rate,2020,81.29125628140704,0.0014004179769985677,4.0,7971133,1366985362.0
Minority_rate,2020,81.78693467336684,0.0013981479332914799,4.0,7971133,1366985362.0
Minority_rate,2020,82.28261306532664,0.0013958306393641654,4.0,7971133,1366985362.0
Minority_rate,2020,82.77829145728643,0.0013935687394182157,4.0,7971133,1366985362.0
Minority_rate,2020,83.27396984924623,0.0013914562991496936,4.0,7971133,1366985362.0
Minority_rate,2020,83.76964824120603,0.0013895734737478943,4.0,7971133,1366985362.0
Minority_rate,2020,84.26532663316583,0.0013879812813499958,4.0,7971133,1366985362.0
Minority_rate,2020,84.76100502512563,0.00138671666953009,4.0,7971133,1366985362.0
Minority_rate,2020,85.25668341708543,0.0013857880693802908,4.0,7971133,1366985362.0
Minority_rate,2020,85.75236180904523,0.0013851716313397634,4.0,7971133,1366985362.0
Minority_rate,2020,86.24804020100503,0.001384808329779885,4.0,7971133,1366985362.0
Minority_rate,2020,86.74371859296483,0.001384602107179116,4.0,7971133,1366985362.0
Minority_rate,2020,87.23939698492462,0.0013844192047405036,4.0,7971133,1366985362.0
Minority_rate,2020,87.73507537688442,0.001384088792599346,4.0,7971133,1366985362.0
Minority_rate,2020,88.23075376884422,0.0013834049723877356,4.0,7971133,1366985362.0
Minority_rate,2020,88.72643216080402,0.001382130176181936,4.0,7971133,1366985362.0
Minority_rate,2020,89.22211055276382,0.001379999932962711,4.0,7971133,1366985362.0
Minority_rate,2020,89.71778894472362,0.0013767289173120582,4.0,7971133,1366985362.0
Minority_rate,2020,90.21346733668342,0.001372018137843955,4.0,7971133,1366985362.0
Minority_rate,2020,90.70914572864322,0.0013655630687557678,4.0,7971133,1366985362.0
Minority_rate,2020,91.20482412060302,0.0013570624776060186,4.0,7971133,1366985362.0
Minority_rate,2020,91.70050251256282,0.0013462276618978685,4.0,7971133,1366985362.0
Minority_rate,2020,92.19618090452262,0.0013327917754644954,4.0,7971133,1366985362.0
Minority_rate,2020,92.69185929648242,0.0013165189080362205,4.0,7971133,1366985362.0
Minority_rate,2020,93.18753768844222,0.001297212577678543,4.0,7971133,1366985362.0
Minority_rate,2020,93.68321608040202,0.0012747233070792494,4.0,7971133,1366985362.0
Minority_rate,2020,94.17889447236182,0.0012489549819150168,4.0,7971133,1366985362.0
Minority_rate,2020,94.67457286432162,0.0012198697302711757,4.0,7971133,1366985362.0
Minority_rate,2020,95.1702512562814,0.0011874911165884992,4.0,7971133,1366985362.0
Minority_rate,2020,95.6659296482412,0.001151905507816987,4.0,7971133,1366985362.0
Minority_rate,2020,96.161608040201,0.001113261541325548,4.0,7971133,1366985362.0
Minority_rate,2020,96.6572864321608,0.0010717677000331388,4.0,7971133,1366985362.0
Minority_rate,2020,97.1529648241206,0.001027688075838673,4.0,7971133,1366985362.0
Minority_rate,2020,97.6486432160804,0.000981336474782159,4.0,7971133,1366985362.0
Minority_rate,2020,98.1443216080402,0.0009330690822360797,4.0,7971133,1366985362.0
Minority_rate,2020,98.64,0.0008832759609984954,4.0,7971133,1366985362.0
Minority_rate,2021,0.0,0.049786709054786694,4.0,6196602,1370820793.0
Minority_rate,2021,0.495678391959799,0.05062505457782702,4.0,6196602,1370820793.0
Minority_rate,2021,0.991356783919598,0.051187679559510556,4.0,6196602,1370820793.0
Minority_rate,2021,1.487035175879397,0.0514670811177426,4.0,6196602,1370820793.0
Minority_rate,2021,1.982713567839196,0.05146069362352298,4.0,6196602,1370820793.0
Minority_rate,2021,2.478391959798995,0.05117092867052964,4.0,6196602,1370820793.0
Minority_rate,2021,2.974070351758794,0.05060506909218773,4.0,6196602,1370820793.0
Minority_rate,2021,3.469748743718593,0.049775022425978796,4.0,6196602,1370820793.0
Minority_rate,2021,3.965427135678392,0.048696944907168596,4.0,6196602,1370820793.0
Minority_rate,2021,4.461105527638191,0.0473907521451374,4.0,6196602,1370820793.0
Minority_rate,2021,4.95678391959799,0.045879536808879295,4.0,6196602,1370820793.0
Minority_rate,2021,5.452462311557789,0.04418891675937073,4.0,6196602,1370820793.0
Minority_rate,2021,5.948140703517588,0.042346338967159634,4.0,6196602,1370820793.0
Minority_rate,2021,6.443819095477387,0.04038036521180212,4.0,6196602,1370820793.0
Minority_rate,2021,6.939497487437186,0.038319964970776735,4.0,6196602,1370820793.0
Minority_rate,2021,7.4351758793969855,0.036193839203950834,4.0,6196602,1370820793.0
Minority_rate,2021,7.930854271356784,0.03402979603245771,4.0,6196602,1370820793.0
Minority_rate,2021,8.426532663316584,0.0318541958390748,4.0,6196602,1370820793.0
Minority_rate,2021,8.922211055276382,0.02969147928902887,4.0,6196602,1370820793.0
Minority_rate,2021,9.417889447236181,0.02756378744122835,4.0,6196602,1370820793.0
Minority_rate,2021,9.91356783919598,0.02549067873582169,4.0,6196602,1370820793.0
Minority_rate,2021,10.409246231155779,0.023488943430699582,4.0,6196602,1370820793.0
Minority_rate,2021,10.904924623115578,0.021572512213109307,4.0,6196602,1370820793.0
Minority_rate,2021,11.400603015075378,0.019752452395996038,4.0,6196602,1370820793.0
Minority_rate,2021,11.896281407035175,0.01803704242995973,4.0,6196602,1370820793.0
Minority_rate,2021,12.391959798994975,0.01643191348888919,4.0,6196602,1370820793.0
Minority_rate,2021,12.887638190954775,0.014940245636735504,4.0,6196602,1370820793.0
Minority_rate,2021,13.383316582914574,0.013563005533809987,4.0,6196602,1370820793.0
Minority_rate,2021,13.878994974874372,0.012299212726043328,4.0,6196602,1370820793.0
Minority_rate,2021,14.374673366834172,0.011146222204781677,4.0,6196602,1370820793.0
Minority_rate,2021,14.870351758793971,0.010100012006460874,4.0,6196602,1370820793.0
Minority_rate,2021,15.366030150753769,0.009155466038870423,4.0,6196602,1370820793.0
Minority_rate,2021,15.861708542713568,0.00830664394483071,4.0,6196602,1370820793.0
Minority_rate,2021,16.357386934673368,0.007547031542595346,4.0,6196602,1370820793.0
Minority_rate,2021,16.853065326633168,0.006869767109420017,4.0,6196602,1370820793.0
Minority_rate,2021,17.348743718592967,0.006267840419982931,4.0,6196602,1370820793.0
Minority_rate,2021,17.844422110552763,0.005734262948993683,4.0,6196602,1370820793.0
Minority_rate,2021,18.340100502512563,0.005262208950836264,4.0,6196602,1370820793.0
Minority_rate,2021,18.835778894472362,0.004845128211911591,4.0,6196602,1370820793.0
Minority_rate,2021,19.331457286432162,0.0044768321222043,4.0,6196602,1370820793.0
Minority_rate,2021,19.82713567839196,0.0041515553365802215,4.0,6196602,1370820793.0
Minority_rate,2021,20.32281407035176,0.0038639957072452774,4.0,6196602,1370820793.0
Minority_rate,2021,20.818492462311557,0.0036093353923089774,4.0,6196602,1370820793.0
Minority_rate,2021,21.314170854271357,0.003383246107600319,4.0,6196602,1370820793.0
Minority_rate,2021,21.809849246231156,0.0031818814238922842,4.0,6196602,1370820793.0
Minority_rate,2021,22.305527638190956,0.003001858847692826,4.0,6196602,1370820793.0
Minority_rate,2021,22.801206030150755,0.0028402341920388684,4.0,6196602,1370820793.0
Minority_rate,2021,23.296884422110555,0.0026944704689476685,4.0,6196602,1370820793.0
Minority_rate,2021,23.79256281407035,0.002562403240267576,4.0,6196602,1370820793.0
Minority_rate,2021,24.28824120603015,0.002442204064991561,4.0,6196602,1370820793.0
Minority_rate,2021,24.78391959798995,0.002332343393869371,4.0,6196602,1370820793.0
Minority_rate,2021,25.27959798994975,0.0022315539929769934,4.0,6196602,1370820793.0
Minority_rate,2021,25.77527638190955,0.0021387957358381306,4.0,6196602,1370820793.0
Minority_rate,2021,26.27095477386935,0.0020532223880017596,4.0,6196602,1370820793.0
Minority_rate,2021,26.76663316582915,0.0019741508236558753,4.0,6196602,1370820793.0
Minority_rate,2021,27.262311557788944,0.00190103295510504,4.0,6196602,1370820793.0
Minority_rate,2021,27.757989949748744,0.0018334305261230048,4.0,6196602,1370820793.0
Minority_rate,2021,28.253668341708543,0.0017709928123317085,4.0,6196602,1370820793.0
Minority_rate,2021,28.749346733668343,0.0017134371862906235,4.0,6196602,1370820793.0
Minority_rate,2021,29.245025125628143,0.0016605324377222633,4.0,6196602,1370820793.0
Minority_rate,2021,29.740703517587942,0.0016120846886373203,4.0,6196602,1370820793.0
Minority_rate,2021,30.236381909547738,0.001567925706414839,4.0,6196602,1370820793.0
Minority_rate,2021,30.732060301507538,0.0015279033935557682,4.0,6196602,1370820793.0
Minority_rate,2021,31.227738693467337,0.0014918742194665229,4.0,6196602,1370820793.0
Minority_rate,2021,31.723417085427137,0.0014596973550986886,4.0,6196602,1370820793.0
Minority_rate,2021,32.21909547738694,0.0014312302753134573,4.0,6196602,1370820793.0
Minority_rate,2021,32.714773869346736,0.0014063256041798916,4.0,6196602,1370820793.0
Minority_rate,2021,33.210452261306536,0.0013848289945721738,4.0,6196602,1370820793.0
Minority_rate,2021,33.706130653266335,0.0013665778538085576,4.0,6196602,1370820793.0
Minority_rate,2021,34.201809045226135,0.0013514007503674273,4.0,6196602,1370820793.0
Minority_rate,2021,34.697487437185934,0.0013391173618345499,4.0,6196602,1370820793.0
Minority_rate,2021,35.19316582914573,0.0013295388494534463,4.0,6196602,1370820793.0
Minority_rate,2021,35.688844221105526,0.001322468569231717,4.0,6196602,1370820793.0
Minority_rate,2021,36.184522613065326,0.0013177030518551223,4.0,6196602,1370820793.0
Minority_rate,2021,36.680201005025125,0.0013150332027724778,4.0,6196602,1370820793.0
Minority_rate,2021,37.175879396984925,0.0013142456893795755,4.0,6196602,1370820793.0
Minority_rate,2021,37.671557788944725,0.0013151244928800055,4.0,6196602,1370820793.0
Minority_rate,2021,38.167236180904524,0.001317452608684149,4.0,6196602,1370820793.0
Minority_rate,2021,38.662914572864324,0.0013210138810833688,4.0,6196602,1370820793.0
Minority_rate,2021,39.15859296482412,0.0013255949550604962,4.0,6196602,1370820793.0
Minority_rate,2021,39.65427135678392,0.001330987322715445,4.0,6196602,1370820793.0
Minority_rate,2021,40.14994974874372,0.0013369894330136384,4.0,6196602,1370820793.0
Minority_rate,2021,40.64562814070352,0.001343408824339475,4.0,6196602,1370820793.0
Minority_rate,2021,41.14130653266332,0.0013500642294499638,4.0,6196602,1370820793.0
Minority_rate,2021,41.636984924623114,0.0013567875941991178,4.0,6196602,1370820793.0
Minority_rate,2021,42.132663316582914,0.0013634259451975421,4.0,6196602,1370820793.0
Minority_rate,2021,42.62834170854271,0.0013698430390448647,4.0,6196602,1370820793.0
Minority_rate,2021,43.12402010050251,0.0013759207268033264,4.0,6196602,1370820793.0
Minority_rate,2021,43.61969849246231,0.001381559973300112,4.0,6196602,1370820793.0
Minority_rate,2021,44.11537688442211,0.0013866814804789924,4.0,6196602,1370820793.0
Minority_rate,2021,44.61105527638191,0.001391225878095757,4.0,6196602,1370820793.0
Minority_rate,2021,45.10673366834171,0.0013951534617828662,4.0,6196602,1370820793.0
Minority_rate,2021,45.60241206030151,0.0013984434777570098,4.0,6196602,1370820793.0
Minority_rate,2021,46.09809045226131,0.001401092973066263,4.0,6196602,1370820793.0
Minority_rate,2021,46.59376884422111,0.0014031152498537609,4.0,6196602,1370820793.0
Minority_rate,2021,47.08944723618091,0.0014045379793229658,4.0,6196602,1370820793.0
Minority_rate,2021,47.5851256281407,0.001405401045673501,4.0,6196602,1370820793.0
Minority_rate,2021,48.0808040201005,0.0014057542004630758,4.0,6196602,1370820793.0
Minority_rate,2021,48.5764824120603,0.0014056546135531708,4.0,6196602,1370820793.0
Minority_rate,2021,49.0721608040201,0.0014051644074166653,4.0,6196602,1370820793.0
Minority_rate,2021,49.5678391959799,0.0014043482574318809,4.0,6196602,1370820793.0
Minority_rate,2021,50.0635175879397,0.001403271132230164,4.0,6196602,1370820793.0
Minority_rate,2021,50.5591959798995,0.001401996236205126,4.0,6196602,1370820793.0
Minority_rate,2021,51.0548743718593,0.0014005832019544247,4.0,6196602,1370820793.0
Minority_rate,2021,51.5505527638191,0.0013990865648521415,4.0,6196602,1370820793.0
Minority_rate,2021,52.0462311557789,0.0013975545367960302,4.0,6196602,1370820793.0
Minority_rate,2021,52.5419095477387,0.001396028082081057,4.0,6196602,1370820793.0
Minority_rate,2021,53.0375879396985,0.0013945402868849736,4.0,6196602,1370820793.0
Minority_rate,2021,53.5332663316583,0.0013931160052315808,4.0,6196602,1370820793.0
Minority_rate,2021,54.02894472361809,0.0013917717591314493,4.0,6196602,1370820793.0
Minority_rate,2021,54.52462311557789,0.0013905158688053347,4.0,6196602,1370820793.0
Minority_rate,2021,55.02030150753769,0.001389348789834563,4.0,6196602,1370820793.0
Minority_rate,2021,55.51597989949749,0.0013882636372999514,4.0,6196602,1370820793.0
Minority_rate,2021,56.01165829145729,0.001387246881341013,4.0,6196602,1370820793.0
Minority_rate,2021,56.50733668341709,0.001386279202866544,4.0,6196602,1370820793.0
Minority_rate,2021,57.00301507537689,0.0013853365016012172,4.0,6196602,1370820793.0
Minority_rate,2021,57.498693467336686,0.001384391049962427,4.0,6196602,1370820793.0
Minority_rate,2021,57.994371859296486,0.001383412784938158,4.0,6196602,1370820793.0
Minority_rate,2021,58.490050251256285,0.0013823707257754898,4.0,6196602,1370820793.0
Minority_rate,2021,58.985728643216085,0.0013812344979206462,4.0,6196602,1370820793.0
Minority_rate,2021,59.481407035175884,0.0013799759336014785,4.0,6196602,1370820793.0
Minority_rate,2021,59.977085427135684,0.0013785707079619373,4.0,6196602,1370820793.0
Minority_rate,2021,60.472763819095476,0.0013769999574080138,4.0,6196602,1370820793.0
Minority_rate,2021,60.968442211055276,0.0013752518155800016,4.0,6196602,1370820793.0
Minority_rate,2021,61.464120603015076,0.0013733227934495508,4.0,6196602,1370820793.0
Minority_rate,2021,61.959798994974875,0.0013712189247209342,4.0,6196602,1370820793.0
Minority_rate,2021,62.455477386934675,0.0013689565975010074,4.0,6196602,1370820793.0
Minority_rate,2021,62.951155778894474,0.0013665629983701617,4.0,6196602,1370820793.0
Minority_rate,2021,63.446834170854274,0.0013640761064625268,4.0,6196602,1370820793.0
Minority_rate,2021,63.94251256281407,0.0013615441922951188,4.0,6196602,1370820793.0
Minority_rate,2021,64.43819095477387,0.001359024798464266,4.0,6196602,1370820793.0
Minority_rate,2021,64.93386934673367,0.0013565832056147142,4.0,6196602,1370820793.0
Minority_rate,2021,65.42954773869347,0.0013542904157182267,4.0,6196602,1370820793.0
Minority_rate,2021,65.92522613065327,0.0013522207136843108,4.0,6196602,1370820793.0
Minority_rate,2021,66.42090452261307,0.0013504488957970507,4.0,6196602,1370820793.0
Minority_rate,2021,66.91658291457287,0.0013490472772526997,4.0,6196602,1370820793.0
Minority_rate,2021,67.41226130653267,0.001348082609474648,4.0,6196602,1370820793.0
Minority_rate,2021,67.90793969849247,0.0013476130493832283,4.0,6196602,1370820793.0
Minority_rate,2021,68.40361809045227,0.0013476853265563876,4.0,6196602,1370820793.0
Minority_rate,2021,68.89929648241207,0.001348332249644322,4.0,6196602,1370820793.0
Minority_rate,2021,69.39497487437187,0.0013495706808680106,4.0,6196602,1370820793.0
Minority_rate,2021,69.89065326633165,0.0013514000873741654,4.0,6196602,1370820793.0
Minority_rate,2021,70.38633165829145,0.001353801752319099,4.0,6196602,1370820793.0
Minority_rate,2021,70.88201005025125,0.0013567386979037263,4.0,6196602,1370820793.0
Minority_rate,2021,71.37768844221105,0.0013601563393937153,4.0,6196602,1370820793.0
Minority_rate,2021,71.87336683417085,0.0013639838554531734,4.0,6196602,1370820793.0
Minority_rate,2021,72.36904522613065,0.0013681362274085857,4.0,6196602,1370820793.0
Minority_rate,2021,72.86472361809045,0.0013725168705169106,4.0,6196602,1370820793.0
Minority_rate,2021,73.36040201005025,0.0013770207552649787,4.0,6196602,1370820793.0
Minority_rate,2021,73.85608040201005,0.00138153789679107,4.0,6196602,1370820793.0
Minority_rate,2021,74.35175879396985,0.0013859570771356168,4.0,6196602,1370820793.0
Minority_rate,2021,74.84743718592965,0.001390169657290409,4.0,6196602,1370820793.0
Minority_rate,2021,75.34311557788945,0.0013940733349744273,4.0,6196602,1370820793.0
Minority_rate,2021,75.83879396984925,0.0013975757078786935,4.0,6196602,1370820793.0
Minority_rate,2021,76.33447236180905,0.0014005975111609991,4.0,6196602,1370820793.0
Minority_rate,2021,76.83015075376885,0.001403075410600593,4.0,6196602,1370820793.0
Minority_rate,2021,77.32582914572865,0.0014049642484328412,4.0,6196602,1370820793.0
Minority_rate,2021,77.82150753768845,0.0014062386566187583,4.0,6196602,1370820793.0
Minority_rate,2021,78.31718592964825,0.0014068939713276995,4.0,6196602,1370820793.0
Minority_rate,2021,78.81286432160805,0.0014069464022627698,4.0,6196602,1370820793.0
Minority_rate,2021,79.30854271356785,0.0014064324307465012,4.0,6196602,1370820793.0
Minority_rate,2021,79.80422110552765,0.0014054074310095796,4.0,6196602,1370820793.0
Minority_rate,2021,80.29989949748744,0.0014039435298961408,4.0,6196602,1370820793.0
Minority_rate,2021,80.79557788944724,0.0014021267411788588,4.0,6196602,1370820793.0
Minority_rate,2021,81.29125628140704,0.0014000534318366832,4.0,6196602,1370820793.0
Minority_rate,2021,81.78693467336684,0.0013978261991912035,4.0,6196602,1370820793.0
Minority_rate,2021,82.28261306532664,0.001395549259038557,4.0,6196602,1370820793.0
Minority_rate,2021,82.77829145728643,0.0013933234660863944,4.0,6196602,1370820793.0
Minority_rate,2021,83.27396984924623,0.0013912411079766574,4.0,6196602,1370820793.0
Minority_rate,2021,83.76964824120603,0.0013893806323573652,4.0,6196602,1370820793.0
Minority_rate,2021,84.26532663316583,0.001387801481817364,4.0,6196602,1370820793.0
Minority_rate,2021,84.76100502512563,0.0013865392228978076,4.0,6196602,1370820793.0
Minority_rate,2021,85.25668341708543,0.0013856011613969427,4.0,6196602,1370820793.0
Minority_rate,2021,85.75236180904523,0.0013849626360068756,4.0,6196602,1370820793.0
Minority_rate,2021,86.24804020100503,0.0013845641745190767,4.0,6196602,1370820793.0
Minority_rate,2021,86.74371859296483,0.001384309681017869,4.0,6196602,1370820793.0
Minority_rate,2021,87.23939698492462,0.0013840657980731357,4.0,6196602,1370820793.0
Minority_rate,2021,87.73507537688442,0.0013836625549945155,4.0,6196602,1370820793.0
Minority_rate,2021,88.23075376884422,0.0013828953725351857,4.0,6196602,1370820793.0
Minority_rate,2021,88.72643216080402,0.0013815284468131391,4.0,6196602,1370820793.0
Minority_rate,2021,89.22211055276382,0.0013792994827473172,4.0,6196602,1370820793.0
Minority_rate,2021,89.71778894472362,0.0013759256915121332,4.0,6196602,1370820793.0
Minority_rate,2021,90.21346733668342,0.001371110910712942,4.0,6196602,1370820793.0
Minority_rate,2021,90.70914572864322,0.001364553652026951,4.0,6196602,1370820793.0
Minority_rate,2021,91.20482412060302,0.001355955832555933,4.0,6196602,1370820793.0
Minority_rate,2021,91.70050251256282,0.0013450319055615255,4.0,6196602,1370820793.0
Minority_rate,2021,92.19618090452262,0.0013315180759530282,4.0,6196602,1370820793.0
Minority_rate,2021,92.69185929648242,0.0013151812685293402,4.0,6196602,1370820793.0
Minority_rate,2021,93.18753768844222,0.0012958275134310852,4.0,6196602,1370820793.0
Minority_rate,2021,93.68321608040202,0.001273309424915294,4.0,6196602,1370820793.0
Minority_rate,2021,94.17889447236182,0.001247532476004807,4.0,6196602,1370820793.0
Minority_rate,2021,94.67457286432162,0.0012184598123343052,4.0,6196602,1370820793.0
Minority_rate,2021,95.1702512562814,0.0011861154017881973,4.0,6196602,1370820793.0
Minority_rate,2021,95.6659296482412,0.001150585379953335,4.0,6196602,1370820793.0
Minority_rate,2021,96.161608040201,0.0011120175221953077,4.0,6196602,1370820793.0
Minority_rate,2021,96.6572864321608,0.0010706188476464127,4.0,6196602,1370820793.0
Minority_rate,2021,97.1529648241206,0.0010266514350050718,4.0,6196602,1370820793.0
Minority_rate,2021,97.6486432160804,0.0009804266011699794,4.0,6196602,1370820793.0
Minority_rate,2021,98.1443216080402,0.0009322976574784858,4.0,6196602,1370820793.0
Minority_rate,2021,98.64,0.0008826515121528726,4.0,6196602,1370820793.0
Minority_rate,2022,0.0,0.04977990897663927,4.0,6203780,1383245151.0
Minority_rate,2022,0.495678391959799,0.05061797617794558,4.0,6203780,1383245151.0
Minority_rate,2022,0.991356783919598,0.05118042963865559,4.0,6203780,1383245151.0
Minority_rate,2022,1.487035175879397,0.05145977054128774,4.0,6203780,1383245151.0
Minority_rate,2022,1.982713567839196,0.05145343413967949,4.0,6203780,1383245151.0
Minority_rate,2022,2.478391959798995,0.05116382971535934,4.0,6203780,1383245151.0
Minority_rate,2022,2.974070351758794,0.050598234712972444,4.0,6203780,1383245151.0
Minority_rate,2022,3.469748743718593,0.04976854844188813,4.0,6203780,1383245151.0
Minority_rate,2022,3.965427135678392,0.04869091642387801,4.0,6203780,1383245151.0
Minority_rate,2022,4.461105527638191,0.04738524150676529,4.0,6203780,1383245151.0
Minority_rate,2022,4.95678391959799,0.04587460206059512,4.0,6203780,1383245151.0
Minority_rate,2022,5.452462311557789,0.04418460065951719,4.0,6203780,1383245151.0
Minority_rate,2022,5.948140703517588,0.04234266856459177,4.0,6203780,1383245151.0
Minority_rate,2022,6.443819095477387,0.04037735197457002,4.0,6203780,1383245151.0
Minority_rate,2022,6.939497487437186,0.03831760543327822,4.0,6203780,1383245151.0
Minority_rate,2022,7.4351758793969855,0.03619211607099129,4.0,6203780,1383245151.0
Minority_rate,2022,7.930854271356784,0.03402867966776344,4.0,6203780,1383245151.0
Minority_rate,2022,8.426532663316584,0.03185364605117402,4.0,6203780,1383245151.0
Minority_rate,2022,8.922211055276382,0.029691447319995627,4.0,6203780,1383245151.0
Minority_rate,2022,9.417889447236181,0.0275642180653279,4.0,6203780,1383245151.0
Minority_rate,2022,9.91356783919598,0.02549151237563639,4.0,6203780,1383245151.0
Minority_rate,2022,10.409246231155779,0.023490118207438838,4.0,6203780,1383245151.0
Minority_rate,2022,10.904924623115578,0.02157396585931501,4.0,6203780,1383245151.0
Minority_rate,2022,11.400603015075378,0.019754123972125757,4.0,6203780,1383245151.0
Minority_rate,2022,11.896281407035175,0.018038873800902404,4.0,6203780,1383245151.0
Minority_rate,2022,12.391959798994975,0.01643385053349904,4.0,6203780,1383245151.0
Minority_rate,2022,12.887638190954775,0.01494223917706673,4.0,6203780,1383245151.0
Minority_rate,2022,13.383316582914574,0.01356501198473789,4.0,6203780,1383245151.0
Minority_rate,2022,13.878994974874372,0.012301194479234348,4.0,6203780,1383245151.0
Minority_rate,2022,14.374673366834172,0.011148147768709604,4.0,6203780,1383245151.0
Minority_rate,2022,14.870351758793971,0.010101855933303103,4.0,6203780,1383245151.0
Minority_rate,2022,15.366030150753769,0.009157208671772775,4.0,6203780,1383245151.0
Minority_rate,2022,15.861708542713568,0.00830827102347762,4.0,6203780,1383245151.0
Minority_rate,2022,16.357386934673368,0.007548533703353942,4.0,6203780,1383245151.0
Minority_rate,2022,16.853065326633168,0.006871139316004831,4.0,6203780,1383245151.0
Minority_rate,2022,17.348743718592967,0.006269081356553819,4.0,6203780,1383245151.0
Minority_rate,2022,17.844422110552763,0.005735374404213139,4.0,6203780,1383245151.0
Minority_rate,2022,18.340100502512563,0.005263195216463916,4.0,6203780,1383245151.0
Minority_rate,2022,18.835778894472362,0.004845995514391349,4.0,6203780,1383245151.0
Minority_rate,2022,19.331457286432162,0.004477588101346622,4.0,6203780,1383245151.0
Minority_rate,2022,19.82713567839196,0.004152208580217103,4.0,6203780,1383245151.0
Minority_rate,2022,20.32281407035176,0.0038645553475605645,4.0,6203780,1383245151.0
Minority_rate,2022,20.818492462311557,0.003609810764918259,4.0,6203780,1383245151.0
Minority_rate,2022,21.314170854271357,0.0033836464727409234,4.0,6203780,1383245151.0
Minority_rate,2022,21.809849246231156,0.0031822157462818765,4.0,6203780,1383245151.0
Minority_rate,2022,22.305527638190956,0.0030021356302064512,4.0,6203780,1383245151.0
Minority_rate,2022,22.801206030150755,0.002840461357471681,4.0,6203780,1383245151.0
Minority_rate,2022,23.296884422110555,0.002694655283551159,4.0,6203780,1383245151.0
Minority_rate,2022,23.79256281407035,0.002562552272541247,4.0,6203780,1383245151.0
Minority_rate,2022,24.28824120603015,0.0024423231736390954,4.0,6203780,1383245151.0
Minority_rate,2022,24.78391959798995,0.0023324377387719357,4.0,6203780,1383245151.0
Minority_rate,2022,25.27959798994975,0.0022316280640820407,4.0,6203780,1383245151.0
Minority_rate,2022,25.77527638190955,0.0021388533948926316,4.0,6203780,1383245151.0
Minority_rate,2022,26.27095477386935,0.0020532669192895735,4.0,6203780,1383245151.0
Minority_rate,2022,26.76663316582915,0.00197418498975155,4.0,6203780,1383245151.0
Minority_rate,2022,27.262311557788944,0.001901059055180964,4.0,6203780,1383245151.0
Minority_rate,2022,27.757989949748744,0.0018334504539687351,4.0,6203780,1383245151.0
Minority_rate,2022,28.253668341708543,0.0017710081124723848,4.0,6203780,1383245151.0
Minority_rate,2022,28.749346733668343,0.0017134491065342087,4.0,6203780,1383245151.0
Minority_rate,2022,29.245025125628143,0.0016605419772874083,4.0,6203780,1383245151.0
Minority_rate,2022,29.740703517587942,0.0016120926409754577,4.0,6203780,1383245151.0
Minority_rate,2022,30.236381909547738,0.0015679326964653329,4.0,6203780,1383245151.0
Minority_rate,2022,30.732060301507538,0.0015279099093540775,4.0,6203780,1383245151.0
Minority_rate,2022,31.227738693467337,0.0014918806381638275,4.0,6203780,1383245151.0
Minority_rate,2022,31.723417085427137,0.0014597039638197414,4.0,6203780,1383245151.0
Minority_rate,2022,32.21909547738694,0.0014312372872798112,4.0,6203780,1383245151.0
Minority_rate,2022,32.714773869346736,0.0014063331707979871,4.0,6203780,1383245151.0
Minority_rate,2022,33.210452261306536,0.0013848372141203541,4.0,6203780,1383245151.0
Minority_rate,2022,33.706130653266335,0.001366586777527815,4.0,6203780,1383245151.0
Minority_rate,2022,34.201809045226135,0.0013514103866744068,4.0,6203780,1383245151.0
Minority_rate,2022,34.697487437185934,0.001339127679358192,4.0,6203780,1383245151.0
Minority_rate,2022,35.19316582914573,0.0013295497795496945,4.0,6203780,1383245151.0
Minority_rate,2022,35.688844221105526,0.0013224800084971333,4.0,6203780,1383245151.0
Minority_rate,2022,36.184522613065326,0.0013177148650813876,4.0,6203780,1383245151.0
Minority_rate,2022,36.680201005025125,0.0013150452266051389,4.0,6203780,1383245151.0
Minority_rate,2022,37.175879396984925,0.0013142577368304095,4.0,6203780,1383245151.0
Minority_rate,2022,37.671557788944725,0.001315136358641996,4.0,6203780,1383245151.0
Minority_rate,2022,38.167236180904524,0.0013174640752262714,4.0,6203780,1383245151.0
Minority_rate,2022,38.662914572864324,0.0013210247251062368,4.0,6203780,1383245151.0
Minority_rate,2022,39.15859296482412,0.0013256049542013026,4.0,6203780,1383245151.0
Minority_rate,2022,39.65427135678392,0.0013309962619020373,4.0,6203780,1383245151.0
Minority_rate,2022,40.14994974874372,0.0013369971102438188,4.0,6203780,1383245151.0
Minority_rate,2022,40.64562814070352,0.00134341505540658,4.0,6203780,1383245151.0
Minority_rate,2022,41.14130653266332,0.0013500688513032623,4.0,6203780,1383245151.0
Minority_rate,2022,41.636984924623114,0.0013567904667194125,4.0,6203780,1383245151.0
Minority_rate,2022,42.132663316582914,0.0013634269511845344,4.0,6203780,1383245151.0
Minority_rate,2022,42.62834170854271,0.0013698420824718178,4.0,6203780,1383245151.0
Minority_rate,2022,43.12402010050251,0.0013759177293540849,4.0,6203780,1383245151.0
Minority_rate,2022,43.61969849246231,0.0013815548694819516,4.0,6203780,1383245151.0
Minority_rate,2022,44.11537688442211,0.0013866742116226685,4.0,6203780,1383245151.0
Minority_rate,2022,44.61105527638191,0.0013912163856621004,4.0,6203780,1383245151.0
Minority_rate,2022,45.10673366834171,0.0013951416804784476,4.0,6203780,1383245151.0
Minority_rate,2022,45.60241206030151,0.001398429328966896,4.0,6203780,1383245151.0
Minority_rate,2022,46.09809045226131,0.0014010763591168888,4.0,6203780,1383245151.0
Minority_rate,2022,46.59376884422111,0.0014030960495412228,4.0,6203780,1383245151.0
Minority_rate,2022,47.08944723618091,0.0014045160451192017,4.0,6203780,1383245151.0
Minority_rate,2022,47.5851256281407,0.0014053762028568093,4.0,6203780,1383245151.0
Minority_rate,2022,48.0808040201005,0.0014057262483565243,4.0,6203780,1383245151.0
Minority_rate,2022,48.5764824120603,0.0014056233288479829,4.0,6203780,1383245151.0
Minority_rate,2022,49.0721608040201,0.0014051295495112962,4.0,6203780,1383245151.0
Minority_rate,2022,49.5678391959799,0.001404309575511046,4.0,6203780,1383245151.0
Minority_rate,2022,50.0635175879397,0.0014032283737608273,4.0,6203780,1383245151.0
Minority_rate,2022,50.5591959798995,0.0014019491564448332,4.0,6203780,1383245151.0
Minority_rate,2022,51.0548743718593,0.0014005315739746913,4.0,6203780,1383245151.0
Minority_rate,2022,51.5505527638191,0.0013990301896725365,4.0,6203780,1383245151.0
Minority_rate,2022,52.0462311557789,0.0013974932531495396,4.0,6203780,1383245151.0
Minority_rate,2022,52.5419095477387,0.001395961775439377,4.0,6203780,1383245151.0
Minority_rate,2022,53.0375879396985,0.001394468897475673,4.0,6203780,1383245151.0
Minority_rate,2022,53.5332663316583,0.001393039534830931,4.0,6203780,1383245151.0
Minority_rate,2022,54.02894472361809,0.0013916902765913146,4.0,6203780,1383245151.0
Minority_rate,2022,54.52462311557789,0.0013904295143210923,4.0,6203780,1383245151.0
Minority_rate,2022,55.02030150753769,0.001389257778102512,4.0,6203780,1383245151.0
Minority_rate,2022,55.51597989949749,0.0013881682597895902,4.0,6203780,1383245151.0
Minority_rate,2022,56.01165829145729,0.001387147507933782,4.0,6203780,1383245151.0
Minority_rate,2022,56.50733668341709,0.0013861762832071442,4.0,6203780,1383245151.0
Minority_rate,2022,57.00301507537689,0.0013852305663894253,4.0,6203780,1383245151.0
Minority_rate,2022,57.498693467336686,0.0013842827125116841,4.0,6203780,1383245151.0
Minority_rate,2022,57.994371859296486,0.0013833027431437727,4.0,6203780,1383245151.0
Minority_rate,2022,58.490050251256285,0.0013822597646751934,4.0,6203780,1383245151.0
Minority_rate,2022,58.985728643216085,0.0013811234927712497,4.0,6203780,1383245151.0
Minority_rate,2022,59.481407035175884,0.0013798658534744255,4.0,6203780,1383245151.0
Minority_rate,2022,59.977085427135684,0.0013784626196136909,4.0,6203780,1383245151.0
Minority_rate,2022,60.472763819095476,0.0013768950291597522,4.0,6203780,1383245151.0
Minority_rate,2022,60.968442211055276,0.0013751513208416616,4.0,6203780,1383245151.0
Minority_rate,2022,61.464120603015076,0.0013732281134368198,4.0,6203780,1383245151.0
Minority_rate,2022,61.959798994974875,0.001371131549961534,4.0,6203780,1383245151.0
Minority_rate,2022,62.455477386934675,0.001368878127566504,4.0,6203780,1383245151.0
Minority_rate,2022,62.951155778894474,0.00136649513940559,4.0,6203780,1383245151.0
Minority_rate,2022,63.446834170854274,0.001364020666061926,4.0,6203780,1383245151.0
Minority_rate,2022,63.94251256281407,0.0013615030712770787,4.0,6203780,1383245151.0
Minority_rate,2022,64.43819095477387,0.0013589999792519094,4.0,6203780,1383245151.0
Minority_rate,2022,64.93386934673367,0.0013565767369231301,4.0,6203780,1383245151.0
Minority_rate,2022,65.42954773869347,0.0013543043933848527,4.0,6203780,1383245151.0
Minority_rate,2022,65.92522613065327,0.0013522572575789525,4.0,6203780,1383245151.0
Minority_rate,2022,66.42090452261307,0.0013505101228694742,4.0,6203780,1383245151.0
Minority_rate,2022,66.91658291457287,0.0013491352709033724,4.0,6203780,1383245151.0
Minority_rate,2022,67.41226130653267,0.0013481993855909682,4.0,6203780,1383245151.0
Minority_rate,2022,67.90793969849247,0.0013477605195588572,4.0,6203780,1383245151.0
Minority_rate,2022,68.40361809045227,0.0013478652591258872,4.0,6203780,1383245151.0
Minority_rate,2022,68.89929648241207,0.0013485462294676126,4.0,6203780,1383245151.0
Minority_rate,2022,69.39497487437187,0.001349820068798404,4.0,6203780,1383245151.0
Minority_rate,2022,69.89065326633165,0.0013516859806976447,4.0,6203780,1383245151.0
Minority_rate,2022,70.38633165829145,0.0013541249474516483,4.0,6203780,1383245151.0
Minority_rate,2022,70.88201005025125,0.0013570996568104928,4.0,6203780,1383245151.0
Minority_rate,2022,71.37768844221105,0.0013605551612912079,4.0,6203780,1383245151.0
Minority_rate,2022,71.87336683417085,0.0013644202552505677,4.0,6203780,1383245151.0
Minority_rate,2022,72.36904522613065,0.0013686095223517446,4.0,6203780,1383245151.0
Minority_rate,2022,72.86472361809045,0.0013730259763984815,4.0,6203780,1383245151.0
Minority_rate,2022,73.36040201005025,0.0013775641931613035,4.0,6203780,1383245151.0
Minority_rate,2022,73.85608040201005,0.0013821138111697459,4.0,6203780,1383245151.0
Minority_rate,2022,74.35175879396985,0.001386563265583709,4.0,6203780,1383245151.0
Minority_rate,2022,74.84743718592965,0.0013908036118889737,4.0,6203780,1383245151.0
Minority_rate,2022,75.34311557788945,0.001394732294610083,4.0,6203780,1383245151.0
Minority_rate,2022,75.83879396984925,0.0013982567204451411,4.0,6203780,1383245151.0
Minority_rate,2022,76.33447236180905,0.001401297504038078,4.0,6203780,1383245151.0
Minority_rate,2022,76.83015075376885,0.00140379126728013,4.0,6203780,1383245151.0
Minority_rate,2022,77.32582914572865,0.001405692888847731,4.0,6203780,1383245151.0
Minority_rate,2022,77.82150753768845,0.0014069771183759286,4.0,6203780,1383245151.0
Minority_rate,2022,78.31718592964825,0.001407639488847743,4.0,6203780,1383245151.0
Minority_rate,2022,78.81286432160805,0.0014076964807742936,4.0,6203780,1383245151.0
Minority_rate,2022,79.30854271356785,0.0014071849121857888,4.0,6203780,1383245151.0
Minority_rate,2022,79.80422110552765,0.0014061605490926212,4.0,6203780,1383245151.0
Minority_rate,2022,80.29989949748744,0.0014046959519705194,4.0,6203780,1383245151.0
Minority_rate,2022,80.79557788944724,0.0014028775949500878,4.0,6203780,1383245151.0
Minority_rate,2022,81.29125628140704,0.0014008023157096165,4.0,6203780,1383245151.0
Minority_rate,2022,81.78693467336684,0.0013985731755065704,4.0,6203780,1383245151.0
Minority_rate,2022,82.28261306532664,0.0013962948302779353,4.0,6203780,1383245151.0
Minority_rate,2022,82.77829145728643,0.001394068534793374,4.0,6203780,1383245151.0
Minority_rate,2022,83.27396984924623,0.0013919869217897428,4.0,6203780,1383245151.0
Minority_rate,2022,83.76964824120603,0.001390128716157517,4.0,6203780,1383245151.0
Minority_rate,2022,84.26532663316583,0.0013885535595990503,4.0,6203780,1383245151.0
Minority_rate,2022,84.76100502512563,0.0013872971322347963,4.0,6203780,1383245151.0
Minority_rate,2022,85.25668341708543,0.0013863667638306487,4.0,6203780,1383245151.0
Minority_rate,2022,85.75236180904523,0.0013857377266418397,4.0,6203780,1383245151.0
Minority_rate,2022,86.24804020100503,0.0013853503942484729,4.0,6203780,1383245151.0
Minority_rate,2022,86.74371859296483,0.0013851084345654577,4.0,6203780,1383245151.0
Minority_rate,2022,87.23939698492462,0.00138487818077043,4.0,6203780,1383245151.0
Minority_rate,2022,87.73507537688442,0.0013844892908630247,4.0,6203780,1383245151.0
Minority_rate,2022,88.23075376884422,0.0013837367656531691,4.0,6203780,1383245151.0
Minority_rate,2022,88.72643216080402,0.0013823843474973943,4.0,6203780,1383245151.0
Minority_rate,2022,89.22211055276382,0.0013801692693558507,4.0,6203780,1383245151.0
Minority_rate,2022,89.71778894472362,0.0013768082681470614,4.0,6203780,1383245151.0
Minority_rate,2022,90.21346733668342,0.0013720047204175232,4.0,6203780,1383245151.0
Minority_rate,2022,90.70914572864322,0.0013654567045387786,4.0,6203780,1383245151.0
Minority_rate,2022,91.20482412060302,0.00135686574516745,4.0,6203780,1383245151.0
Minority_rate,2022,91.70050251256282,0.0013459459551556125,4.0,6203780,1383245151.0
Minority_rate,2022,92.19618090452262,0.001332433260028754,4.0,6203780,1383245151.0
Minority_rate,2022,92.69185929648242,0.0013160943727597494,4.0,6203780,1383245151.0
Minority_rate,2022,93.18753768844222,0.0012967351831860837,4.0,6203780,1383245151.0
Minority_rate,2022,93.68321608040202,0.0012742082381921548,4.0,6203780,1383245151.0
Minority_rate,2022,94.17889447236182,0.0012484190153296182,4.0,6203780,1383245151.0
Minority_rate,2022,94.67457286432162,0.0012193307334017922,4.0,6203780,1383245151.0
Minority_rate,2022,95.1702512562814,0.00118696749683828,4.0,6203780,1383245151.0
Minority_rate,2022,95.6659296482412,0.0011514156343015137,4.0,6203780,1383245151.0
Minority_rate,2022,96.161608040201,0.0011128231626755737,4.0,6203780,1383245151.0
Minority_rate,2022,96.6572864321608,0.0010713973821180316,4.0,6203780,1383245151.0
Minority_rate,2022,97.1529648241206,0.0010274006825236848,4.0,6203780,1383245151.0
Minority_rate,2022,97.6486432160804,0.000981144712746088,4.0,6203780,1383245151.0
Minority_rate,2022,98.1443216080402,0.0009329831277484126,4.0,6203780,1383245151.0
Minority_rate,2022,98.64,0.0008833031825294241,4.0,6203780,1383245151.0
Minority_rate,2023,0.0,0.05154873478402995,4.0,6071639,1385454179.0
Minority_rate,2023,0.495678391959799,0.05247213918901876,4.0,6071639,1385454179.0
Minority_rate,2023,0.991356783919598,0.053086684739941374,4.0,6071639,1385454179.0
Minority_rate,2023,1.487035175879397,0.053383537899834695,4.0,6071639,1385454179.0
Minority_rate,2023,1.982713567839196,0.05335985980683282,4.0,6071639,1385454179.0
Minority_rate,2023,2.478391959798995,0.053018849962196565,4.0,6071639,1385454179.0
Minority_rate,2023,2.974070351758794,0.05236959833810929,4.0,6071639,1385454179.0
Minority_rate,2023,3.469748743718593,0.051426753985918665,4.0,6071639,1385454179.0
Minority_rate,2023,3.965427135678392,0.05021002623661576,4.0,6071639,1385454179.0
Minority_rate,2023,4.461105527638191,0.048743541625111374,4.0,6071639,1385454179.0
Minority_rate,2023,4.95678391959799,0.047055085340034705,4.0,6071639,1385454179.0
Minority_rate,2023,5.452462311557789,0.04517526003479117,4.0,6071639,1385454179.0
Minority_rate,2023,5.948140703517588,0.04313659705677004,4.0,6071639,1385454179.0
Minority_rate,2023,6.443819095477387,0.04097265551758033,4.0,6071639,1385454179.0
Minority_rate,2023,6.939497487437186,0.03871714320762633,4.0,6071639,1385454179.0
Minority_rate,2023,7.4351758793969855,0.036403090337361534,4.0,6071639,1385454179.0
Minority_rate,2023,7.930854271356784,0.0340621027238408,4.0,6071639,1385454179.0
Minority_rate,2023,8.426532663316584,0.031723715687419905,4.0,6071639,1385454179.0
Minority_rate,2023,8.922211055276382,0.029414863929172693,4.0,6071639,1385454179.0
Minority_rate,2023,9.417889447236181,0.02715947642751071,4.0,6071639,1385454179.0
Minority_rate,2023,9.91356783919598,0.024978199275082658,4.0,6071639,1385454179.0
Minority_rate,2023,10.409246231155779,0.022888243700651414,4.0,6071639,1385454179.0
Minority_rate,2023,10.904924623115578,0.02090335155811136,4.0,6071639,1385454179.0
Minority_rate,2023,11.400603015075378,0.019033866503695544,4.0,6071639,1385454179.0
Minority_rate,2023,11.896281407035175,0.017286896048320125,4.0,6071639,1385454179.0
Minority_rate,2023,12.391959798994975,0.015666547706479655,4.0,6071639,1385454179.0
Minority_rate,2023,12.887638190954775,0.014174221540289383,4.0,6071639,1385454179.0
Minority_rate,2023,13.383316582914574,0.012808941436228738,4.0,6071639,1385454179.0
Minority_rate,2023,13.878994974874372,0.01156770831298402,4.0,6071639,1385454179.0
Minority_rate,2023,14.374673366834172,0.010445859989145373,4.0,6071639,1385454179.0
Minority_rate,2023,14.870351758793971,0.009437424453460245,4.0,6071639,1385454179.0
Minority_rate,2023,15.366030150753769,0.008535455599109025,4.0,6071639,1385454179.0
Minority_rate,2023,15.861708542713568,0.007732342937780985,4.0,6071639,1385454179.0
Minority_rate,2023,16.357386934673368,0.007020089244542046,4.0,6071639,1385454179.0
Minority_rate,2023,16.853065326633168,0.0063905523798737105,4.0,6071639,1385454179.0
Minority_rate,2023,17.348743718592967,0.005835649592405041,4.0,6071639,1385454179.0
Minority_rate,2023,17.844422110552763,0.005347524362436986,4.0,6071639,1385454179.0
Minority_rate,2023,18.340100502512563,0.004918677268303386,4.0,6071639,1385454179.0
Minority_rate,2023,18.835778894472362,0.004542063434993556,4.0,6071639,1385454179.0
Minority_rate,2023,19.331457286432162,0.004211159873375218,4.0,6071639,1385454179.0
Minority_rate,2023,19.82713567839196,0.003920006465882806,4.0,6071639,1385454179.0
Minority_rate,2023,20.32281407035176,0.0036632245446366696,4.0,6071639,1385454179.0
Minority_rate,2023,20.818492462311557,0.003436016986215987,4.0,6071639,1385454179.0
Minority_rate,2023,21.314170854271357,0.0032341535639038976,4.0,6071639,1385454179.0
Minority_rate,2023,21.809849246231156,0.0030539449996434638,4.0,6071639,1385454179.0
Minority_rate,2023,22.305527638190956,0.002892208787295017,4.0,6071639,1385454179.0
Minority_rate,2023,22.801206030150755,0.0027462294523778303,4.0,6071639,1385454179.0
Minority_rate,2023,23.296884422110555,0.0026137154997663684,4.0,6071639,1385454179.0
Minority_rate,2023,23.79256281407035,0.002492754902799765,4.0,6071639,1385454179.0
Minority_rate,2023,24.28824120603015,0.002381770618431969,4.0,6071639,1385454179.0
Minority_rate,2023,24.78391959798995,0.0022794772835978546,4.0,6071639,1385454179.0
Minority_rate,2023,25.27959798994975,0.002184839960646542,4.0,6071639,1385454179.0
Minority_rate,2023,25.77527638190955,0.002097035555851373,4.0,6071639,1385454179.0
Minority_rate,2023,26.27095477386935,0.0020154173309966357,4.0,6071639,1385454179.0
Minority_rate,2023,26.76663316582915,0.0019394827606750845,4.0,6071639,1385454179.0
Minority_rate,2023,27.262311557788944,0.001868844852345897,4.0,6071639,1385454179.0
Minority_rate,2023,27.757989949748744,0.001803206936853271,4.0,6071639,1385454179.0
Minority_rate,2023,28.253668341708543,0.0017423408507843386,4.0,6071639,1385454179.0
Minority_rate,2023,28.749346733668343,0.0016860683638219704,4.0,6071639,1385454179.0
Minority_rate,2023,29.245025125628143,0.0016342456517073308,4.0,6071639,1385454179.0
Minority_rate,2023,29.740703517587942,0.001586750576162376,4.0,6071639,1385454179.0
Minority_rate,2023,30.236381909547738,0.0015434725055124324,4.0,6071639,1385454179.0
Minority_rate,2023,30.732060301507538,0.0015043043925436332,4.0,6071639,1385454179.0
Minority_rate,2023,31.227738693467337,0.0014691368184451762,4.0,6071639,1385454179.0
Minority_rate,2023,31.723417085427137,0.0014378537131669845,4.0,6071639,1385454179.0
Minority_rate,2023,32.21909547738694,0.0014103294719756815,4.0,6071639,1385454179.0
Minority_rate,2023,32.714773869346736,0.001386427204960523,4.0,6071639,1385454179.0
Minority_rate,2023,33.210452261306536,0.0013659978797574475,4.0,6071639,1385454179.0
Minority_rate,2023,33.706130653266335,0.0013488801461190329,4.0,6071639,1385454179.0
Minority_rate,2023,34.201809045226135,0.001334900663679094,4.0,6071639,1385454179.0
Minority_rate,2023,34.697487437185934,0.001323874788411687,4.0,6071639,1385454179.0
Minority_rate,2023,35.19316582914573,0.0013156075086348908,4.0,6071639,1385454179.0
Minority_rate,2023,35.688844221105526,0.0013098945546960855,4.0,6071639,1385454179.0
Minority_rate,2023,36.184522613065326,0.0013065236372192706,4.0,6071639,1385454179.0
Minority_rate,2023,36.680201005025125,0.0013052757945920975,4.0,6071639,1385454179.0
Minority_rate,2023,37.175879396984925,0.0013059268504185906,4.0,6071639,1385454179.0
Minority_rate,2023,37.671557788944725,0.0013082489949091506,4.0,6071639,1385454179.0
Minority_rate,2023,38.167236180904524,0.001312012510114365,4.0,6071639,1385454179.0
Minority_rate,2023,38.662914572864324,0.0013169876576403952,4.0,6071639,1385454179.0
Minority_rate,2023,39.15859296482412,0.0013229467397090889,4.0,6071639,1385454179.0
Minority_rate,2023,39.65427135678392,0.0013296663307508793,4.0,6071639,1385454179.0
Minority_rate,2023,40.14994974874372,0.001336929659425466,4.0,6071639,1385454179.0
Minority_rate,2023,40.64562814070352,0.00134452910096495,4.0,6071639,1385454179.0
Minority_rate,2023,41.14130653266332,0.0013522687198558934,4.0,6071639,1385454179.0
Minority_rate,2023,41.636984924623114,0.0013599667847931684,4.0,6071639,1385454179.0
Minority_rate,2023,42.132663316582914,0.0013674581636426823,4.0,6071639,1385454179.0
Minority_rate,2023,42.62834170854271,0.0013745964975681619,4.0,6071639,1385454179.0
Minority_rate,2023,43.12402010050251,0.0013812560516006428,4.0,6071639,1385454179.0
Minority_rate,2023,43.61969849246231,0.0013873331447072058,4.0,6071639,1385454179.0
Minority_rate,2023,44.11537688442211,0.001392747075564712,4.0,6071639,1385454179.0
Minority_rate,2023,44.61105527638191,0.0013974404803859478,4.0,6071639,1385454179.0
Minority_rate,2023,45.10673366834171,0.001401379084939816,4.0,6071639,1385454179.0
Minority_rate,2023,45.60241206030151,0.0014045508425433837,4.0,6071639,1385454179.0
Minority_rate,2023,46.09809045226131,0.0014069644813352732,4.0,6071639,1385454179.0
Minority_rate,2023,46.59376884422111,0.0014086475147253431,4.0,6071639,1385454179.0
Minority_rate,2023,47.08944723618091,0.0014096437969598893,4.0,6071639,1385454179.0
Minority_rate,2023,47.5851256281407,0.0014100107282391534,4.0,6071639,1385454179.0
Minority_rate,2023,48.0808040201005,0.0014098162298217453,4.0,6071639,1385454179.0
Minority_rate,2023,48.5764824120603,0.0014091356173392842,4.0,6071639,1385454179.0
Minority_rate,2023,49.0721608040201,0.001408048499938348,4.0,6071639,1385454179.0
Minority_rate,2023,49.5678391959799,0.001406635823977889,4.0,6071639,1385454179.0
Minority_rate,2023,50.0635175879397,0.0014049771639012116,4.0,6071639,1385454179.0
Minority_rate,2023,50.5591959798995,0.0014031483409205619,4.0,6071639,1385454179.0
Minority_rate,2023,51.0548743718593,0.0014012194246700931,4.0,6071639,1385454179.0
Minority_rate,2023,51.5505527638191,0.001399253146009545,4.0,6071639,1385454179.0
Minority_rate,2023,52.0462311557789,0.0013973037232080736,4.0,6071639,1385454179.0
Minority_rate,2023,52.5419095477387,0.0013954160811100232,4.0,6071639,1385454179.0
Minority_rate,2023,53.0375879396985,0.0013936254251970313,4.0,6071639,1385454179.0
Minority_rate,2023,53.5332663316583,0.0013919571212119683,4.0,6071639,1385454179.0
Minority_rate,2023,54.02894472361809,0.0013904268265860868,4.0,6071639,1385454179.0
Minority_rate,2023,54.52462311557789,0.0013890408222688902,4.0,6071639,1385454179.0
Minority_rate,2023,55.02030150753769,0.0013877965018071516,4.0,6071639,1385454179.0
Minority_rate,2023,55.51597989949749,0.001386682987058896,4.0,6071639,1385454179.0
Minority_rate,2023,56.01165829145729,0.0013856818548020863,4.0,6071639,1385454179.0
Minority_rate,2023,56.50733668341709,0.0013847679735314044,4.0,6071639,1385454179.0
Minority_rate,2023,57.00301507537689,0.0013839104624481194,4.0,6071639,1385454179.0
Minority_rate,2023,57.498693467336686,0.0013830737932037538,4.0,6071639,1385454179.0
Minority_rate,2023,57.994371859296486,0.0013822190576404125,4.0,6071639,1385454179.0
Minority_rate,2023,58.490050251256285,0.0013813054206625898,4.0,6071639,1385454179.0
Minority_rate,2023,58.985728643216085,0.0013802917663831783,4.0,6071639,1385454179.0
Minority_rate,2023,59.481407035175884,0.001379138528427334,4.0,6071639,1385454179.0
Minority_rate,2023,59.977085427135684,0.001377809673231154,4.0,6071639,1385454179.0
Minority_rate,2023,60.472763819095476,0.0013762747805322105,4.0,6071639,1385454179.0
Minority_rate,2023,60.968442211055276,0.0013745111404866457,4.0,6071639,1385454179.0
Minority_rate,2023,61.464120603015076,0.0013725057649509327,4.0,6071639,1385454179.0
Minority_rate,2023,61.959798994974875,0.0013702571939939723,4.0,6071639,1385454179.0
Minority_rate,2023,62.455477386934675,0.0013677769702045198,4.0,6071639,1385454179.0
Minority_rate,2023,62.951155778894474,0.0013650906545335604,4.0,6071639,1385454179.0
Minority_rate,2023,63.446834170854274,0.0013622382690922526,4.0,6071639,1385454179.0
Minority_rate,2023,63.94251256281407,0.001359274074840712,4.0,6071639,1385454179.0
Minority_rate,2023,64.43819095477387,0.0013562656239538905,4.0,6071639,1385454179.0
Minority_rate,2023,64.93386934673367,0.0013532920664683127,4.0,6071639,1385454179.0
Minority_rate,2023,65.42954773869347,0.0013504417354144687,4.0,6071639,1385454179.0
Minority_rate,2023,65.92522613065327,0.0013478090810947992,4.0,6071639,1385454179.0
Minority_rate,2023,66.42090452261307,0.0013454910697257038,4.0,6071639,1385454179.0
Minority_rate,2023,66.91658291457287,0.0013435832010823092,4.0,6071639,1385454179.0
Minority_rate,2023,67.41226130653267,0.0013421753306309015,4.0,6071639,1385454179.0
Minority_rate,2023,67.90793969849247,0.001341347501747387,4.0,6071639,1385454179.0
Minority_rate,2023,68.40361809045227,0.0013411660010141653,4.0,6071639,1385454179.0
Minority_rate,2023,68.89929648241207,0.0013416798438813124,4.0,6071639,1385454179.0
Minority_rate,2023,69.39497487437187,0.0013429178793401462,4.0,6071639,1385454179.0
Minority_rate,2023,69.89065326633165,0.0013448866720784716,4.0,6071639,1385454179.0
Minority_rate,2023,70.38633165829145,0.0013475692810687456,4.0,6071639,1385454179.0
Minority_rate,2023,70.88201005025125,0.0013509250074708167,4.0,6071639,1385454179.0
Minority_rate,2023,71.37768844221105,0.0013548901353526693,4.0,6071639,1385454179.0
Minority_rate,2023,71.87336683417085,0.0013593796392275916,4.0,6071639,1385454179.0
Minority_rate,2023,72.36904522613065,0.0013642897860190431,4.0,6071639,1385454179.0
Minority_rate,2023,72.86472361809045,0.0013695015183898696,4.0,6071639,1385454179.0
Minority_rate,2023,73.36040201005025,0.0013748844734951602,4.0,6071639,1385454179.0
Minority_rate,2023,73.85608040201005,0.0013803014674948352,4.0,6071639,1385454179.0
Minority_rate,2023,74.35175879396985,0.0013856132620535852,4.0,6071639,1385454179.0
Minority_rate,2023,74.84743718592965,0.0013906834244956704,4.0,6071639,1385454179.0
Minority_rate,2023,75.34311557788945,0.0013953830970848179,4.0,6071639,1385454179.0
Minority_rate,2023,75.83879396984925,0.0013995955022074447,4.0,6071639,1385454179.0
Minority_rate,2023,76.33447236180905,0.0014032200266836821,4.0,6071639,1385454179.0
Minority_rate,2023,76.83015075376885,0.0014061757489295717,4.0,6071639,1385454179.0
Minority_rate,2023,77.32582914572865,0.0014084042950121022,4.0,6071639,1385454179.0
Minority_rate,2023,77.82150753768845,0.001409871932642996,4.0,6071639,1385454179.0
Minority_rate,2023,78.31718592964825,0.0014105708347189785,4.0,6071639,1385454179.0
Minority_rate,2023,78.81286432160805,0.0014105194655037092,4.0,6071639,1385454179.0
Minority_rate,2023,79.30854271356785,0.001409762062801846,4.0,6071639,1385454179.0
Minority_rate,2023,79.80422110552765,0.001408367208957082,4.0,6071639,1385454179.0
Minority_rate,2023,80.29989949748744,0.0014064255022117659,4.0,6071639,1385454179.0
Minority_rate,2023,80.79557788944724,0.0014040463595511052,4.0,6071639,1385454179.0
Minority_rate,2023,81.29125628140704,0.001401354002098003,4.0,6071639,1385454179.0
Minority_rate,2023,81.78693467336684,0.0013984826962689773,4.0,6071639,1385454179.0
Minority_rate,2023,82.28261306532664,0.0013955713474606282,4.0,6071639,1385454179.0
Minority_rate,2023,82.77829145728643,0.001392757568548636,4.0,6071639,1385454179.0
Minority_rate,2023,83.27396984924623,0.0013901713721006773,4.0,6071639,1385454179.0
Minority_rate,2023,83.76964824120603,0.0013879286617555946,4.0,6071639,1385454179.0
Minority_rate,2023,84.26532663316583,0.0013861247235416713,4.0,6071639,1385454179.0
Minority_rate,2023,84.76100502512563,0.001384827939654623,4.0,6071639,1385454179.0
Minority_rate,2023,85.25668341708543,0.0013840739637777124,4.0,6071639,1385454179.0
Minority_rate,2023,85.75236180904523,0.001383860605999356,4.0,6071639,1385454179.0
Minority_rate,2023,86.24804020100503,0.0013841436748553133,4.0,6071639,1385454179.0
Minority_rate,2023,86.74371859296483,0.001384834012456892,4.0,6071639,1385454179.0
Minority_rate,2023,87.23939698492462,0.0013857959348408536,4.0,6071639,1385454179.0
Minority_rate,2023,87.73507537688442,0.0013868472531934745,4.0,6071639,1385454179.0
Minority_rate,2023,88.23075376884422,0.0013877610028506374,4.0,6071639,1385454179.0
Minority_rate,2023,88.72643216080402,0.001388268947047453,4.0,6071639,1385454179.0
Minority_rate,2023,89.22211055276382,0.001388066853494697,4.0,6071639,1385454179.0
Minority_rate,2023,89.71778894472362,0.0013868214667042136,4.0,6071639,1385454179.0
Minority_rate,2023,90.21346733668342,0.0013841790210978818,4.0,6071639,1385454179.0
Minority_rate,2023,90.70914572864322,0.0013797750634443255,4.0,6071639,1385454179.0
Minority_rate,2023,91.20482412060302,0.0013732452821447858,4.0,6071639,1385454179.0
Minority_rate,2023,91.70050251256282,0.0013642369797216161,4.0,6071639,1385454179.0
Minority_rate,2023,92.19618090452262,0.001352420777466995,4.0,6071639,1385454179.0
Minority_rate,2023,92.69185929648242,0.0013375021109916208,4.0,6071639,1385454179.0
Minority_rate,2023,93.18753768844222,0.001319232064960928,4.0,6071639,1385454179.0
Minority_rate,2023,93.68321608040202,0.0012974171060777693,4.0,6071639,1385454179.0
Minority_rate,2023,94.17889447236182,0.0012719273059815658,4.0,6071639,1385454179.0
Minority_rate,2023,94.67457286432162,0.0012427026987986956,4.0,6071639,1385454179.0
Minority_rate,2023,95.1702512562814,0.001209757489968312,4.0,6071639,1385454179.0
Minority_rate,2023,95.6659296482412,0.0011731819198869493,4.0,6071639,1385454179.0
Minority_rate,2023,96.161608040201,0.0011331416838225225,4.0,6071639,1385454179.0
Minority_rate,2023,96.6572864321608,0.001089874913194629,4.0,6071639,1385454179.0
Minority_rate,2023,97.1529648241206,0.0010436868274295212,4.0,6071639,1385454179.0
Minority_rate,2023,97.6486432160804,0.0009949422643899285,4.0,6071639,1385454179.0
Minority_rate,2023,98.1443216080402,0.0009440563857793312,4.0,6071639,1385454179.0
Minority_rate,2023,98.64,0.000891483927223954,4.0,6071639,1385454179.0
Minority_rate,2024,0.0,0.05145305701552213,4.0,5866617,1388313671.0
Minority_rate,2024,0.495678391959799,0.05237174497610936,4.0,5866617,1388313671.0
Minority_rate,2024,0.991356783919598,0.05298345362680112,4.0,5866617,1388313671.0
Minority_rate,2024,1.487035175879397,0.053279425015478166,4.0,5866617,1388313671.0
Minority_rate,2024,1.982713567839196,0.053256833463644196,4.0,5866617,1388313671.0
Minority_rate,2024,2.478391959798995,0.05291882912344638,4.0,5866617,1388313671.0
Minority_rate,2024,2.974070351758794,0.05227439274739075,4.0,5866617,1388313671.0
Minority_rate,2024,3.469748743718593,0.051338009573175254,4.0,5866617,1388313671.0
Minority_rate,2024,3.965427135678392,0.05012917809946407,4.0,5866617,1388313671.0
Minority_rate,2024,4.461105527638191,0.04867177643450833,4.0,5866617,1388313671.0
Minority_rate,2024,4.95678391959799,0.04699331448831386,4.0,5866617,1388313671.0
Minority_rate,2024,5.452462311557789,0.04512410424891519,4.0,5866617,1388313671.0
Minority_rate,2024,5.948140703517588,0.04309638259489269,4.0,5866617,1388313671.0
Minority_rate,2024,6.443819095477387,0.04094342148398371,4.0,5866617,1388313671.0
Minority_rate,2024,6.939497487437186,0.03869865899564987,4.0,5866617,1388313671.0
Minority_rate,2024,7.4351758793969855,0.03639488177227588,4.0,5866617,1388313671.0
Minority_rate,2024,7.930854271356784,0.034063485152354536,4.0,5866617,1388313671.0
Minority_rate,2024,8.426532663316584,0.03173383205021944,4.0,5866617,1388313671.0
Minority_rate,2024,8.922211055276382,0.029432725776330892,4.0,5866617,1388313671.0
Minority_rate,2024,9.417889447236181,0.027184005870878523,4.0,5866617,1388313671.0
Minority_rate,2024,9.91356783919598,0.025008270018135624,4.0,5866617,1388313671.0
Minority_rate,2024,10.409246231155779,0.022922719518122726,4.0,5866617,1388313671.0
Minority_rate,2024,10.904924623115578,0.020941120893712264,4.0,5866617,1388313671.0
Minority_rate,2024,11.400603015075378,0.01907387219075039,4.0,5866617,1388313671.0
Minority_rate,2024,11.896281407035175,0.017328159508421113,4.0,5866617,1388313671.0
Minority_rate,2024,12.391959798994975,0.015708187323779533,4.0,5866617,1388313671.0
Minority_rate,2024,12.887638190954775,0.014215465225323206,4.0,5866617,1388313671.0
Minority_rate,2024,13.383316582914574,0.012849133663570704,4.0,5866617,1388313671.0
Minority_rate,2024,13.878994974874372,0.011606312136965655,4.0,5866617,1388313671.0
Minority_rate,2024,14.374673366834172,0.010482454702649508,4.0,5866617,1388313671.0
Minority_rate,2024,14.870351758793971,0.009471699654275053,4.0,5866617,1388313671.0
Minority_rate,2024,15.366030150753769,0.008567202474293796,4.0,5866617,1388313671.0
Minority_rate,2024,15.861708542713568,0.007761443569971616,4.0,5866617,1388313671.0
Minority_rate,2024,16.357386934673368,0.007046504698720785,4.0,5866617,1388313671.0
Minority_rate,2024,16.853065326633168,0.0064143102501357015,4.0,5866617,1388313671.0
Minority_rate,2024,17.348743718592967,0.005856831589302096,4.0,5866617,1388313671.0
Minority_rate,2024,17.844422110552763,0.005366254410748084,4.0,5866617,1388313671.0
Minority_rate,2024,18.340100502512563,0.0049351104707490686,4.0,5866617,1388313671.0
Minority_rate,2024,18.835778894472362,0.004556376148696218,4.0,5866617,1388313671.0
Minority_rate,2024,19.331457286432162,0.0042235410456020524,4.0,5866617,1388313671.0
Minority_rate,2024,19.82713567839196,0.003930650289951365,4.0,5866617,1388313671.0
Minority_rate,2024,20.32281407035176,0.003672324426487639,4.0,5866617,1388313671.0
Minority_rate,2024,20.818492462311557,0.0034437607582119144,4.0,5866617,1388313671.0
Minority_rate,2024,21.314170854271357,0.0032407198438661093,4.0,5866617,1388313671.0
Minority_rate,2024,21.809849246231156,0.0030595005694392364,4.0,5866617,1388313671.0
Minority_rate,2024,22.305527638190956,0.002896906853122566,4.0,5866617,1388313671.0
Minority_rate,2024,22.801206030150755,0.002750208646878076,4.0,5866617,1388313671.0
Minority_rate,2024,23.296884422110555,0.0026170994913716503,4.0,5866617,1388313671.0
Minority_rate,2024,23.79256281407035,0.0024956524878288464,4.0,5866617,1388313671.0
Minority_rate,2024,24.28824120603015,0.00238427618505531,4.0,5866617,1388313671.0
Minority_rate,2024,24.78391959798995,0.0022816715511078294,4.0,5866617,1388313671.0
Minority_rate,2024,25.27959798994975,0.002186790912586369,4.0,5866617,1388313671.0
Minority_rate,2024,25.77527638190955,0.002098799499263314,4.0,5866617,1388313671.0
Minority_rate,2024,26.27095477386935,0.0020170400266793943,4.0,5866617,1388313671.0
Minority_rate,2024,26.76663316582915,0.0019410005804541186,4.0,5866617,1388313671.0
Minority_rate,2024,27.262311557788944,0.0018702859284290539,4.0,5866617,1388313671.0
Minority_rate,2024,27.757989949748744,0.0018045922763276013,4.0,5866617,1388313671.0
Minority_rate,2024,28.253668341708543,0.0017436853946270433,4.0,5866617,1388313671.0
Minority_rate,2024,28.749346733668343,0.0016873819750728295,4.0,5866617,1388313671.0
Minority_rate,2024,29.245025125628143,0.0016355340220326183,4.0,5866617,1388313671.0
Minority_rate,2024,29.740703517587942,0.0015880160438517968,4.0,5866617,1388313671.0
Minority_rate,2024,30.236381909547738,0.0015447147812420342,4.0,5866617,1388313671.0
Minority_rate,2024,30.732060301507538,0.0015055211923017896,4.0,5866617,1388313671.0
Minority_rate,2024,31.227738693467337,0.001470324405728415,4.0,5866617,1388313671.0
Minority_rate,2024,31.723417085427137,0.0014390073548538184,4.0,5866617,1388313671.0
Minority_rate,2024,32.21909547738694,0.0014114438144343536,4.0,5866617,1388313671.0
Minority_rate,2024,32.714773869346736,0.00138749657860482,4.0,5866617,1388313671.0
Minority_rate,2024,33.210452261306536,0.0013670165415309043,4.0,5866617,1388313671.0
Minority_rate,2024,33.706130653266335,0.0013498424702116062,4.0,5866617,1388313671.0
Minority_rate,2024,34.201809045226135,0.0013358012909582403,4.0,5866617,1388313671.0
Minority_rate,2024,34.697487437185934,0.001324708744958014,4.0,5866617,1388313671.0
Minority_rate,2024,35.19316582914573,0.0013163703027415207,4.0,5866617,1388313671.0
Minority_rate,2024,35.688844221105526,0.001310582260628853,4.0,5866617,1388313671.0
Minority_rate,2024,36.184522613065326,0.0013071329721451592,4.0,5866617,1388313671.0
Minority_rate,2024,36.680201005025125,0.0013058041932131725,4.0,5866617,1388313671.0
Minority_rate,2024,37.175879396984925,0.0013063725395424104,4.0,5866617,1388313671.0
Minority_rate,2024,37.671557788944725,0.0013086110680015348,4.0,5866617,1388313671.0
Minority_rate,2024,38.167236180904524,0.001312290999730515,4.0,5866617,1388313671.0
Minority_rate,2024,38.662914572864324,0.001317183601834776,4.0,5866617,1388313671.0
Minority_rate,2024,39.15859296482412,0.0013230622370389784,4.0,5866617,1388313671.0
Minority_rate,2024,39.65427135678392,0.001329704577769814,4.0,5866617,1388313671.0
Minority_rate,2024,40.14994974874372,0.0013368949641343738,4.0,5866617,1388313671.0
Minority_rate,2024,40.64562814070352,0.0013444268663192138,4.0,5866617,1388313671.0
Minority_rate,2024,41.14130653266332,0.0013521053924338306,4.0,5866617,1388313671.0
Minority_rate,2024,41.636984924623114,0.0013597497654633482,4.0,5866617,1388313671.0
Minority_rate,2024,42.132663316582914,0.0013671956792203478,4.0,5866617,1388313671.0
Minority_rate,2024,42.62834170854271,0.0013742974349615041,4.0,5866617,1388313671.0
Minority_rate,2024,43.12402010050251,0.001380929758559445,4.0,5866617,1388313671.0
Minority_rate,2024,43.61969849246231,0.0013869892037350407,4.0,5866617,1388313671.0
Minority_rate,2024,44.11537688442211,0.0013923950598075758,4.0,5866617,1388313671.0
Minority_rate,2024,44.61105527638191,0.0013970897019405196,4.0,5866617,1388313671.0
Minority_rate,2024,45.10673366834171,0.001401038347034497,4.0,5866617,1388313671.0
Minority_rate,2024,45.60241206030151,0.0014042282073030684,4.0,5866617,1388313671.0
Minority_rate,2024,46.09809045226131,0.0014066670641861758,4.0,5866617,1388313671.0
Minority_rate,2024,46.59376884422111,0.0014083813151676754,4.0,5866617,1388313671.0
Minority_rate,2024,47.08944723618091,0.0014094135732874605,4.0,5866617,1388313671.0
Minority_rate,2024,47.5851256281407,0.001409819921195379,4.0,5866617,1388313671.0
Minority_rate,2024,48.0808040201005,0.0014096669371564655,4.0,5866617,1388313671.0
Minority_rate,2024,48.5764824120603,0.0014090286182066808,4.0,5866617,1388313671.0
Minority_rate,2024,49.0721608040201,0.0014079833250747707,4.0,5866617,1388313671.0
Minority_rate,2024,49.5678391959799,0.0014066108651476993,4.0,5866617,1388313671.0
Minority_rate,2024,50.0635175879397,0.0014049898140377037,4.0,5866617,1388313671.0
Minority_rate,2024,50.5591959798995,0.0014031951552786926,4.0,5866617,1388313671.0
Minority_rate,2024,51.0548743718593,0.0014012962928475453,4.0,5866617,1388313671.0
Minority_rate,2024,51.5505527638191,0.001399355465171568,4.0,5866617,1388313671.0
Minority_rate,2024,52.0462311557789,0.001397426564059929,4.0,5866617,1388313671.0
Minority_rate,2024,52.5419095477387,0.001395554340002643,4.0,5866617,1388313671.0
Minority_rate,2024,53.0375879396985,0.0013937739580180677,4.0,5866617,1388313671.0
Minority_rate,2024,53.5332663316583,0.0013921108571559343,4.0,5866617,1388313671.0
Minority_rate,2024,54.02894472361809,0.0013905808623048555,4.0,5866617,1388313671.0
Minority_rate,2024,54.52462311557789,0.001389190498965916,4.0,5866617,1388313671.0
Minority_rate,2024,55.02030150753769,0.0013879374693648585,4.0,5866617,1388313671.0
Minority_rate,2024,55.51597989949749,0.001386811260157956,4.0,5866617,1388313671.0
Minority_rate,2024,56.01165829145729,0.001385793866042544,4.0,5866617,1388313671.0
Minority_rate,2024,56.50733668341709,0.0013848606278805899,4.0,5866617,1388313671.0
Minority_rate,2024,57.00301507537689,0.001383981195866151,4.0,5866617,1388313671.0
Minority_rate,2024,57.498693467336686,0.0013831206364021264,4.0,5866617,1388313671.0
Minority_rate,2024,57.994371859296486,0.0013822407036014135,4.0,5866617,1388313671.0
Minority_rate,2024,58.490050251256285,0.0013813012922004638,4.0,5866617,1388313671.0
Minority_rate,2024,58.985728643216085,0.0013802620779522047,4.0,5866617,1388313671.0
Minority_rate,2024,59.481407035175884,0.0013790843347104287,4.0,5866617,1388313671.0
Minority_rate,2024,59.977085427135684,0.0013777328961779374,4.0,5866617,1388313671.0
Minority_rate,2024,60.472763819095476,0.0013761782064686291,4.0,5866617,1388313671.0
Minority_rate,2024,60.968442211055276,0.0013743983798860033,4.0,5866617,1388313671.0
Minority_rate,2024,61.464120603015076,0.0013723811692979097,4.0,5866617,1388313671.0
Minority_rate,2024,61.959798994974875,0.0013701257269201808,4.0,5866617,1388313671.0
Minority_rate,2024,62.455477386934675,0.0013676440333567105,4.0,5866617,1388313671.0
Minority_rate,2024,62.951155778894474,0.001364961872297994,4.0,5866617,1388313671.0
Minority_rate,2024,63.446834170854274,0.0013621192400253201,4.0,5866617,1388313671.0
Minority_rate,2024,63.94251256281407,0.0013591701009562048,4.0,5866617,1388313671.0
Minority_rate,2024,64.43819095477387,0.001356181431812589,4.0,5866617,1388313671.0
Minority_rate,2024,64.93386934673367,0.0013532315358085471,4.0,5866617,1388313671.0
Minority_rate,2024,65.42954773869347,0.0013504076517964092,4.0,5866617,1388313671.0
Minority_rate,2024,65.92522613065327,0.0013478029285542213,4.0,5866617,1388313671.0
Minority_rate,2024,66.42090452261307,0.0013455128777553299,4.0,5866617,1388313671.0
Minority_rate,2024,66.91658291457287,0.0013436314574617318,4.0,5866617,1388313671.0
Minority_rate,2024,67.41226130653267,0.0013422469679538625,4.0,5866617,1388313671.0
Minority_rate,2024,67.90793969849247,0.0013414379611729223,4.0,5866617,1388313671.0
Minority_rate,2024,68.40361809045227,0.0013412693721963854,4.0,5866617,1388313671.0
Minority_rate,2024,68.89929648241207,0.0013417890754478998,4.0,5866617,1388313671.0
Minority_rate,2024,69.39497487437187,0.0013430250501592037,4.0,5866617,1388313671.0
Minority_rate,2024,69.89065326633165,0.0013449833100361275,4.0,5866617,1388313671.0
Minority_rate,2024,70.38633165829145,0.001347646713563067,4.0,5866617,1388313671.0
Minority_rate,2024,70.88201005025125,0.0013509747263240853,4.0,5866617,1388313671.0
Minority_rate,2024,71.37768844221105,0.0013549041584521807,4.0,5866617,1388313671.0
Minority_rate,2024,71.87336683417085,0.0013593508519774223,4.0,5866617,1388313671.0
Minority_rate,2024,72.36904522613065,0.0013642122473071032,4.0,5866617,1388313671.0
Minority_rate,2024,72.86472361809045,0.001369370718325323,4.0,5866617,1388313671.0
Minority_rate,2024,73.36040201005025,0.0013746975331057612,4.0,5866617,1388313671.0
Minority_rate,2024,73.85608040201005,0.0013800572739175471,4.0,5866617,1388313671.0
Minority_rate,2024,74.35175879396985,0.001385312536072585,4.0,5866617,1388313671.0
Minority_rate,2024,74.84743718592965,0.0013903287203538555,4.0,5866617,1388313671.0
Minority_rate,2024,75.34311557788945,0.0013949787373050873,4.0,5866617,1388313671.0
Minority_rate,2024,75.83879396984925,0.0013991474522801468,4.0,5866617,1388313671.0
Minority_rate,2024,76.33447236180905,0.0014027357161969219,4.0,5866617,1388313671.0
Minority_rate,2024,76.83015075376885,0.0014056638467277365,4.0,5866617,1388313671.0
Minority_rate,2024,77.32582914572865,0.0014078744465431546,4.0,5866617,1388313671.0
Minority_rate,2024,77.82150753768845,0.0014093344677782377,4.0,5866617,1388313671.0
Minority_rate,2024,78.31718592964825,0.0014100364542087211,4.0,5866617,1388313671.0
Minority_rate,2024,78.81286432160805,0.0014099989138999698,4.0,5866617,1388313671.0
Minority_rate,2024,79.30854271356785,0.001409265795458921,4.0,5866617,1388313671.0
Minority_rate,2024,79.80422110552765,0.0014079050604231937,4.0,5866617,1388313671.0
Minority_rate,2024,80.29989949748744,0.0014060063634106464,4.0,5866617,1388313671.0
Minority_rate,2024,80.79557788944724,0.0014036778711682678,4.0,5866617,1388313671.0
Minority_rate,2024,81.29125628140704,0.001401042271986123,4.0,5866617,1388313671.0
Minority_rate,2024,81.78693467336684,0.0013982320490202103,4.0,5866617,1388313671.0
Minority_rate,2024,82.28261306532664,0.0013953841146704905,4.0,5866617,1388313671.0
Minority_rate,2024,82.77829145728643,0.0013926339285210212,4.0,5866617,1388313671.0
Minority_rate,2024,83.27396984924623,0.0013901092476273687,4.0,5866617,1388313671.0
Minority_rate,2024,83.76964824120603,0.0013879236841336194,4.0,5866617,1388313671.0
Minority_rate,2024,84.26532663316583,0.0013861702699173115,4.0,5866617,1388313671.0
Minority_rate,2024,84.76100502512563,0.0013849152491149826,4.0,5866617,1388313671.0
Minority_rate,2024,85.25668341708543,0.0013841923353636685,4.0,5866617,1388313671.0
Minority_rate,2024,85.75236180904523,0.0013839976788499408,4.0,5866617,1388313671.0
Minority_rate,2024,86.24804020100503,0.0013842857873248965,4.0,5866617,1388313671.0
Minority_rate,2024,86.74371859296483,0.0013849666332361435,4.0,5866617,1388313671.0
Minority_rate,2024,87.23939698492462,0.0013859041551603838,4.0,5866617,1388313671.0
Minority_rate,2024,87.73507537688442,0.001386916325303136,4.0,5866617,1388313671.0
Minority_rate,2024,88.23075376884422,0.0013877769063520404,4.0,5866617,1388313671.0
Minority_rate,2024,88.72643216080402,0.0013882189617198417,4.0,5866617,1388313671.0
Minority_rate,2024,89.22211055276382,0.001387940115072826,4.0,5866617,1388313671.0
Minority_rate,2024,89.71778894472362,0.0013866094809622917,4.0,5866617,1388313671.0
Minority_rate,2024,90.21346733668342,0.0013838761117755814,4.0,5866617,1388313671.0
Minority_rate,2024,90.70914572864322,0.0013793787309610368,4.0,5866617,1388313671.0
Minority_rate,2024,91.20482412060302,0.0013727564528935796,4.0,5866617,1388313671.0
Minority_rate,2024,91.70050251256282,0.0013636601297847574,4.0,5866617,1388313671.0
Minority_rate,2024,92.19618090452262,0.0013517639198170962,4.0,5866617,1388313671.0
Minority_rate,2024,92.69185929648242,0.001336776641308839,4.0,5866617,1388313671.0
Minority_rate,2024,93.18753768844222,0.0013184524678114384,4.0,5866617,1388313671.0
Minority_rate,2024,93.68321608040202,0.0012966005300915403,4.0,5866617,1388313671.0
Minority_rate,2024,94.17889447236182,0.0012710930232124609,4.0,5866617,1388313671.0
Minority_rate,2024,94.67457286432162,0.0012418714695471519,4.0,5866617,1388313671.0
Minority_rate,2024,95.1702512562814,0.0012089508593405814,4.0,5866617,1388313671.0
Minority_rate,2024,95.6659296482412,0.0011724214761073008,4.0,5866617,1388313671.0
Minority_rate,2024,96.161608040201,0.001132448310479386,4.0,5866617,1388313671.0
Minority_rate,2024,96.6572864321608,0.0010892680680774254,4.0,5866617,1388313671.0
Minority_rate,2024,97.1529648241206,0.0010431838792772867,4.0,5866617,1388313671.0
Minority_rate,2024,97.6486432160804,0.0009945579159121019,4.0,5866617,1388313671.0
Minority_rate,2024,98.1443216080402,0.0009438022068034371,4.0,5866617,1388313671.0
Minority_rate,2024,98.64,0.0008913680160973357,4.0,5866617,1388313671.0
