Year,省级,省级码,min,max,grid_num,pop_num,snap_invalid_pop_pct,valid_acc_grid_num,valid_acc_pop_num,valid_acc_pop_pct,inequality_population_universe,pop_mean,pop_25%,pop_median,pop_75%,pop_std,pop_gini,pop_theil,pop_atkinson_05,zero_access_pop_pct,p90_p10,p80_p20,pop_theil_within_city,pop_theil_between_city,pop_theil_decomp_sum,pop_theil_decomp_residual,pop_theil_within_city_share_pct,pop_theil_between_city_share_pct,pop_theil_city_count
2014,上海市,310000,0.0,20.740402221679688,8699,23392502.0,0.0,8699,23392502.0,1.0,finite_acc_ge_0_and_positive_population_for_all_formal_inequality_metrics,17.243204287761085,16.127784102360216,18.794391845230297,19.966616868234926,4.191872104405765,0.11353610750851484,0.04313409880689027,0.032242422626461265,1.5342950489007119,1.6477196157526695,1.3107478284642053,0.04313409880689001,0.0,0.04313409880689001,0.0,100.0,0.0,1
2014,云南省,530000,0.0,33.61820602416992,477420,46657199.0,0.0,477420,46657199.0,1.0,finite_acc_ge_0_and_positive_population_for_all_formal_inequality_metrics,5.107313457304138,0.0,0.0,5.947380653164561,9.600529620158273,0.8022422655038052,1.3953705929730211,0.7284746356159499,68.84892297113679,,,0.5720146218296076,0.8233559711434137,1.3953705929730214,0.0,40.993742071835904,59.006257928164096,16
2014,内蒙古自治区,150000,0.0,39.89912414550781,898996,25340463.0,0.0,898996,25340463.0,1.0,finite_acc_ge_0_and_positive_population_for_all_formal_inequality_metrics,7.554481330220263,0.0,0.0,13.191613296019895,12.273961261456583,0.7534876495290478,1.195474297190349,0.6746452240501604,63.54484130775353,,,0.4771316868399458,0.7183426103504034,1.1954742971903491,0.0,39.9114968813064,60.0885031186936,12
2014,北京市,110000,0.0,25.617900848388672,21076,19920740.0,0.0,21076,19920740.0,1.0,finite_acc_ge_0_and_positive_population_for_all_formal_inequality_metrics,20.468527850847533,18.54425558782136,22.791657085841038,24.634070982232018,5.912679984283533,0.14266529740503298,0.05740116079121017,0.038527811480072005,0.8676886501204273,2.1570980699559894,1.4598306552873392,0.05740116079121371,0.0,0.05740116079121371,0.0,100.0000000000062,0.0,1
2014,吉林省,220000,0.0,58.18506622314453,240554,27867163.0,0.0,240554,27867163.0,1.0,finite_acc_ge_0_and_positive_population_for_all_formal_inequality_metrics,12.602666427548415,0.0,2.61810302734375,20.43323096931851,17.121357532106238,0.6824219967562086,0.9104420415731065,0.5478958636017396,45.230237466225034,,,0.6142584043351631,0.2961836372379425,0.9104420415731056,0.0,67.4681502266545,32.5318497733455,9
2014,四川省,510000,0.0,94.2752456665039,576639,81706159.0,0.0,576639,81706159.0,1.0,finite_acc_ge_0_and_positive_population_for_all_formal_inequality_metrics,10.948000080546585,0.183970108628273,8.767614257091271,18.259464263916016,11.94989890527149,0.5485167130156906,0.5669176467295965,0.3578859723437159,23.635849777248737,,,0.3865699315176161,0.18034771521198012,0.5669176467295962,0.0,68.1880223252248,31.811977674775203,21
2014,天津市,120000,0.0,30.99951934814453,16424,13043378.0,0.0,16424,13043378.0,1.0,finite_acc_ge_0_and_positive_population_for_all_formal_inequality_metrics,20.98051208511902,11.59092903137207,24.876668594944903,30.12197271590388,10.224043495069468,0.26656516751897585,0.15331563559405673,0.0939718429998484,0.38549829653023937,6.4055682175565245,3.4042058490250753,0.15331563559405614,0.0,0.15331563559405614,0.0,100.0,0.0,1
2014,宁夏回族自治区,640000,0.0,23.8862361907959,73412,6389183.0,0.0,73412,6389183.0,1.0,finite_acc_ge_0_and_positive_population_for_all_formal_inequality_metrics,7.524890224574399,0.0,0.9847486382350326,15.109604099465976,9.290389559943337,0.6445000571572028,0.8377232432333458,0.5282045035236415,43.80051408763844,,,0.19621049905090793,0.6415127441824375,0.8377232432333455,0.0,23.42187597584111,76.57812402415888,5
2014,安徽省,340000,0.0,38.173213958740234,181355,60380162.0,0.0,181355,60380162.0,1.0,finite_acc_ge_0_and_positive_population_for_all_formal_inequality_metrics,10.109036764290313,0.0,7.137449264526367,17.30816639959812,10.221697051295655,0.5582800055935042,0.5802986557859456,0.38206072487958154,27.357864657600622,,,0.4036063790360278,0.17669227674991772,0.5802986557859455,0.0,69.5514930134365,30.448506986563505,16
2014,山东省,370000,0.0,41.447776794433594,219517,97211924.0,0.0,219517,97211924.0,1.0,finite_acc_ge_0_and_positive_population_for_all_formal_inequality_metrics,9.854306529137935,3.142797461871443,7.723746786793718,14.096785333777078,8.856415815870285,0.47838810573291757,0.39470519744773225,0.2321769015366032,8.875507905799704,121.18034099599477,6.9008041926224,0.27274173215939523,0.12196346528833679,0.394705197447732,0.0,69.10011165878109,30.8998883412189,16
2014,山西省,140000,0.0,44.17239761352539,224108,36332774.0,0.0,224108,36332774.0,1.0,finite_acc_ge_0_and_positive_population_for_all_formal_inequality_metrics,11.314161343976561,0.0408427300909073,7.127731807529926,17.476000418927935,12.726982124885337,0.5890787197594726,0.6259818710827324,0.383938398419124,24.713051087153435,,,0.3155879036946474,0.31039396738808556,0.625981871082733,0.0,50.41486315710534,49.585136842894656,11
2014,广东省,440000,0.0,52.83577346801758,215999,105781753.0,0.0,215999,105781753.0,1.0,finite_acc_ge_0_and_positive_population_for_all_formal_inequality_metrics,12.212504586441144,3.8720536890808757,9.496221890506975,18.832604221288893,10.730112641381233,0.4843908182844492,0.41303051216327025,0.2614354085025128,14.37706841557069,,10.123444230062775,0.18360172291837484,0.22942878924489474,0.4130305121632696,0.0,44.45233887364663,55.547661126353375,21
2014,广西壮族自治区,450000,0.0,52.032798767089844,292546,46746755.0,0.0,292546,46746755.0,1.0,finite_acc_ge_0_and_positive_population_for_all_formal_inequality_metrics,11.021898544614078,0.0,3.0659255289145033,17.80686721048857,14.87792157748155,0.679240888146033,0.8773137711027132,0.5248642369936305,40.57318417075153,,,0.6950850946510627,0.18222867645165053,0.8773137711027132,0.0,79.22879106039751,20.77120893960249,14
2014,新疆维吾尔自治区,650000,0.0,49.029232025146484,434799,22186814.0,0.0,434799,22186814.0,1.0,finite_acc_ge_0_and_positive_population_for_all_formal_inequality_metrics,11.787242758444927,0.0,0.0,20.38210196503407,16.880617496156585,0.7058236903963748,0.9972819324566001,0.5958344882423604,53.96684715525176,,,0.32735643566806916,0.6699254967885304,0.9972819324565996,0.0,32.82486376361935,67.17513623638065,15
2014,江苏省,320000,0.0,32.03206253051758,130774,79821398.0,0.0,130774,79821398.0,1.0,finite_acc_ge_0_and_positive_population_for_all_formal_inequality_metrics,9.037103737486033,2.189949174875458,7.364164313531066,13.040704978726994,8.185598863488185,0.4945437250733177,0.42896815873869176,0.2632646837570216,11.642264145762017,,11.67050006110947,0.26206664060234,0.16690151813635223,0.4289681587386922,0.0,61.092329410393134,38.907670589606866,13
2014,江西省,360000,0.0,48.763145446777344,207267,45326188.0,0.0,207267,45326188.0,1.0,finite_acc_ge_0_and_positive_population_for_all_formal_inequality_metrics,11.094301517161306,0.0,5.108005369863203,14.245490363021204,14.194584268259288,0.6470544902679469,0.7702690593360647,0.45683577960689736,31.920500351805455,,,0.511708695485741,0.25856036385032377,0.7702690593360648,0.0,66.4324613956076,33.5675386043924,11
2014,河北省,130000,0.0,34.40122985839844,271000,72953426.0,0.0,271000,72953426.0,1.0,finite_acc_ge_0_and_positive_population_for_all_formal_inequality_metrics,7.724772382194503,0.2940479071869973,5.877218246459961,12.849826668928975,7.649546392361612,0.542002788380972,0.5376279626536739,0.34633081810320243,21.014198839681637,,,0.4374489785237867,0.10017898412988746,0.5376279626536742,0.0,81.3664855459871,18.6335144540129,11
2014,河南省,410000,0.0,49.9134407043457,228566,95492938.0,0.0,228566,95492938.0,1.0,finite_acc_ge_0_and_positive_population_for_all_formal_inequality_metrics,8.375658927983487,0.0,4.487984033919174,12.591376167072154,10.514607408091805,0.6331908433330062,0.7340701007810738,0.43909683839463076,29.418176451959198,,,0.3279649825759825,0.4061051182050912,0.7340701007810737,0.0,44.677610793167766,55.322389206832234,18
2014,浙江省,330000,0.0,52.80101013183594,129987,55133230.0,0.0,129987,55133230.0,1.0,finite_acc_ge_0_and_positive_population_for_all_formal_inequality_metrics,13.86202291348883,5.388024436318376,11.375037043516489,19.22615180091635,11.36253790272939,0.44240273920827533,0.3321610332619572,0.1906142192842094,5.20696683288826,24.399459986668802,4.678068617322223,0.21674312763309,0.11541790562886733,0.33216103326195734,0.0,65.25242455581973,34.74757544418027,11
2014,海南省,460000,0.0,40.34518051147461,37882,8767903.0,0.0,37882,8767903.0,1.0,finite_acc_ge_0_and_positive_population_for_all_formal_inequality_metrics,12.556846684333337,0.0,4.858787536621094,23.37872730843237,14.79991110966546,0.6225931536281216,0.734358001207632,0.45715156854927363,33.605743585438844,,,0.11331969291115884,0.6210383082964737,0.7343580012076325,0.0,15.431123883011772,84.56887611698824,18
2014,湖北省,420000,0.0,89.90049743652344,243644,58100615.0,0.0,243644,58100615.0,1.0,finite_acc_ge_0_and_positive_population_for_all_formal_inequality_metrics,14.130168310541984,0.0,7.394801982886511,27.225787011480165,15.503573564417142,0.5913236391285697,0.6529072578400913,0.4119831091528974,26.52191375254806,,,0.40762255918476065,0.24528469865533076,0.6529072578400914,0.0,62.43192341485575,37.56807658514425,17
2014,湖南省,430000,0.0,46.849822998046875,270484,66763668.0,0.0,270484,66763668.0,1.0,finite_acc_ge_0_and_positive_population_for_all_formal_inequality_metrics,9.325855857495867,0.0,4.277298442529838,15.395159024850592,11.634208902054343,0.6372372434573976,0.7491675165492276,0.4540560902682951,31.89050367933649,,,0.4596239987101347,0.2895435178390935,0.7491675165492282,0.0,61.35129841550365,38.64870158449635,14
2014,甘肃省,620000,0.0,40.81117248535156,328722,25967712.0,0.0,328722,25967712.0,1.0,finite_acc_ge_0_and_positive_population_for_all_formal_inequality_metrics,8.992176677259344,0.0,0.0,18.11273243608634,12.701748569983698,0.7025949641414053,0.9968614690160694,0.5992639094046351,54.16231510885518,,,0.5288746318630762,0.46798683715299383,0.99686146901607,0.0,53.05397472981779,46.94602527018221,14
2014,福建省,350000,0.0,38.068695068359375,154104,37333056.0,0.0,154104,37333056.0,1.0,finite_acc_ge_0_and_positive_population_for_all_formal_inequality_metrics,10.926100221634487,0.6904360125591229,7.731233973450382,18.416836261749268,11.03325032996223,0.5489757746458479,0.5426457109073368,0.3463731142272477,22.993804739692354,,,0.3431950814901201,0.1994506294172167,0.5426457109073368,0.0,63.24477916102514,36.75522083897485,9
2014,西藏自治区,540000,0.0,41.230655670166016,575074,4054954.0,0.0,575074,4054954.0,1.0,finite_acc_ge_0_and_positive_population_for_all_formal_inequality_metrics,3.7468956159113604,0.0,0.0,0.0,11.329678438294653,0.9073004954161022,2.2843356997457813,0.8951332484966888,88.94549728554257,,,0.4541482922620883,1.8301874074836924,2.284335699745781,0.0,19.880978628168773,80.11902137183121,7
2014,贵州省,520000,0.0,77.2181396484375,228201,35308128.0,0.0,228201,35308128.0,1.0,finite_acc_ge_0_and_positive_population_for_all_formal_inequality_metrics,8.931289737234817,0.0,0.12186347741273142,15.539398905921118,13.05226710240997,0.7090777015531209,0.989780712403657,0.5818441993750555,49.270683509474075,,,0.6758377916233158,0.3139429207803408,0.9897807124036566,0.0,68.28156814473192,31.718431855268086,9
2014,辽宁省,210000,0.0,46.22200393676758,211402,44418301.0,0.0,211402,44418301.0,1.0,finite_acc_ge_0_and_positive_population_for_all_formal_inequality_metrics,16.99770819228764,2.1445648670196533,14.124815445582009,28.0101211079117,14.933494704974526,0.4960430051378478,0.45609195820601156,0.30498204501518056,19.320556632726678,,238.9901000102942,0.3129332009405994,0.14315875726541138,0.4560919582060108,0.0,68.61186550437961,31.388134495620385,14
2014,重庆市,500000,0.0,31.8900203704834,109803,29266395.0,0.0,109803,29266395.0,1.0,finite_acc_ge_0_and_positive_population_for_all_formal_inequality_metrics,9.804696166888913,1.7681031227111816,8.471071101249532,17.829341834148842,8.318083897020921,0.481646810268089,0.4322071291214637,0.2884154298042868,17.082226902220107,,41.55983902727396,0.43220712912146597,0.0,0.43220712912146597,0.0,100.00000000000051,0.0,1
2014,陕西省,610000,0.0,47.74028778076172,281852,37889120.0,0.0,281852,37889120.0,1.0,finite_acc_ge_0_and_positive_population_for_all_formal_inequality_metrics,9.632872788038515,0.0,6.885342827614616,17.706057811639248,9.830607916064471,0.5570123178579391,0.5974642813575419,0.39411418131470277,28.027008808861225,,,0.36449414773481426,0.23297013362272834,0.5974642813575426,0.0,61.006851640841234,38.993148359158766,10
2014,青海省,630000,0.0,48.117088317871094,312672,5733572.0,0.0,312672,5733572.0,1.0,finite_acc_ge_0_and_positive_population_for_all_formal_inequality_metrics,18.6664110105888,0.0,3.7342941714310323,41.078308699967025,20.451336290077244,0.5848846144776262,0.7461491720005937,0.5062458144487575,46.135620168369734,,,0.18459037401128509,0.56155879798931,0.746149172000595,0.0,24.739071078288067,75.26092892171194,8
2014,黑龙江省,230000,0.0,69.65190887451172,520335,38764549.0,0.0,520335,38764549.0,1.0,finite_acc_ge_0_and_positive_population_for_all_formal_inequality_metrics,19.5668466943403,0.0,7.4000043869018555,34.7007308847764,23.868036528502053,0.6411557680143514,0.7909135512118995,0.497166993377678,39.46764091077134,,,0.6032858283956557,0.18762772281624462,0.7909135512119003,0.0,76.27708837094185,23.722911629058142,13
2014,,,0.0,48.099449157714844,20324,2170017.0,0.0,20324,2170017.0,1.0,finite_acc_ge_0_and_positive_population_for_all_formal_inequality_metrics,4.40164683418948,0.0,0.0,5.898945999239745,7.501173599215984,0.7570572643921231,1.1372234784922972,0.6178022914314648,50.10651990283947,,,1.137223478492297,0.0,1.137223478492297,0.0,99.99999999999997,0.0,1
2015,上海市,310000,0.0,20.45942497253418,8708,23595989.0,0.0,8708,23595989.0,1.0,finite_acc_ge_0_and_positive_population_for_all_formal_inequality_metrics,17.02300416176108,15.911154764321608,18.593507041504218,19.723381453256902,4.140202371386756,0.1140564437310192,0.04284322345495072,0.03177135083276161,1.4382910587049351,1.6680419668072315,1.3112387907994312,0.04284322345495006,0.0,0.04284322345495006,0.0,99.99999999999896,0.0,1
2015,云南省,530000,0.0,81.4105224609375,478436,47062566.0,0.0,478436,47062566.0,1.0,finite_acc_ge_0_and_positive_population_for_all_formal_inequality_metrics,8.348770520674375,0.0,0.0,13.687264337123139,13.684762573585926,0.7523799789882412,1.1721266604673468,0.6596294083050409,60.675571748467775,,,0.7921169395645102,0.3800097209028368,1.172126660467347,0.0,67.57946613454553,32.42053386545447,16
2015,内蒙古自治区,150000,0.0,43.21533203125,900023,25560681.0,0.0,900023,25560681.0,1.0,finite_acc_ge_0_and_positive_population_for_all_formal_inequality_metrics,8.472518547308436,0.0,0.0,15.995050309103064,13.236153138092993,0.7401949371127781,1.1388440780049636,0.6538346210025321,60.632191294120844,,,0.5460392917416055,0.5928047862633576,1.1388440780049631,0.0,47.946799942812355,52.05320005718765,12
2015,北京市,110000,0.0,26.77458381652832,21079,20094025.0,0.0,21079,20094025.0,1.0,finite_acc_ge_0_and_positive_population_for_all_formal_inequality_metrics,21.37552328100384,19.323935381990914,23.626052433960652,25.605567386251618,5.982805507821481,0.13884235160815694,0.05342900094888792,0.035746148151938884,0.8171384279655272,2.0655814256052483,1.4442837977073173,0.05342900094889025,0.0,0.05342900094889025,0.0,100.000000000005,0.0,1
2015,吉林省,220000,0.0,56.403297424316406,238579,28109772.0,0.0,238579,28109772.0,1.0,finite_acc_ge_0_and_positive_population_for_all_formal_inequality_metrics,12.434379677274817,0.0,3.1141781330108644,21.769261304069968,16.515117812014264,0.6735962709036338,0.8839634368390034,0.5368335660581354,44.16445640327499,,,0.591408053426072,0.29255538341293175,0.8839634368390037,0.0,66.90413073428795,33.09586926571205,9
2015,四川省,510000,0.0,91.6412582397461,576056,82416220.0,0.0,576056,82416220.0,1.0,finite_acc_ge_0_and_positive_population_for_all_formal_inequality_metrics,10.959914570484644,0.0,8.753455294095552,17.787909948497603,12.060267098268612,0.5569760137461062,0.5869699944341099,0.3747101589336036,26.253623376563496,,,0.39491092783770565,0.19205906659640393,0.5869699944341096,0.0,67.2795767385749,32.72042326142508,21
2015,天津市,120000,0.0,32.07460403442383,16432,13156820.0,0.0,16432,13156820.0,1.0,finite_acc_ge_0_and_positive_population_for_all_formal_inequality_metrics,22.327961016088903,12.891533198603165,25.516292364849864,31.237609551280098,9.676303703368534,0.23874146461529377,0.11134450635662796,0.06264715248781538,0.06394402294779437,4.197060706819978,3.15685275484771,0.11134450635662851,0.0,0.11134450635662851,0.0,100.0000000000008,0.0,1
2015,宁夏回族自治区,640000,0.0,23.672100067138672,73393,6444763.0,0.0,73393,6444763.0,1.0,finite_acc_ge_0_and_positive_population_for_all_formal_inequality_metrics,7.463198596802818,0.0,0.9147311834884542,15.032481407394702,9.218071658507615,0.6446329363552191,0.8386179595749367,0.5289450360355936,44.10640080946344,,,0.19894550064286598,0.6396724589320706,0.8386179595749366,0.0,23.723019328575297,76.2769806714247,5
2015,安徽省,340000,0.0,37.33643341064453,181244,60905426.0,0.0,181244,60905426.0,1.0,finite_acc_ge_0_and_positive_population_for_all_formal_inequality_metrics,9.933238084566375,0.053657542619496415,7.148183841350743,16.945840979467707,9.969890877609895,0.5526913193255463,0.558849350556583,0.3629219947063045,24.413711513979067,,,0.36888249774656234,0.18996685281002046,0.5588493505565828,0.0,66.00750226857667,33.992497731423335,16
2015,山东省,370000,0.0,43.85151290893555,219469,98054864.0,0.0,219469,98054864.0,1.0,finite_acc_ge_0_and_positive_population_for_all_formal_inequality_metrics,10.703684985400049,3.71978970796634,8.587243196915606,15.349205017089844,9.279649639806088,0.4629971413121533,0.36620642587464397,0.21107725984869785,6.41109144774297,30.972887723494715,6.1272212328378615,0.24637896284571825,0.11982746302892577,0.366206425874644,0.0,67.2787109776321,32.72128902236791,16
2015,山西省,140000,0.0,47.24592971801758,224435,36649327.0,0.0,224435,36649327.0,1.0,finite_acc_ge_0_and_positive_population_for_all_formal_inequality_metrics,11.628268774679578,0.617670820332041,7.801604864434872,15.891624450683594,13.076305773843004,0.5801139951017527,0.6051943477293161,0.36597045463252,22.345881003490188,,,0.2895694227997554,0.3156249249295602,0.6051943477293156,0.0,47.84734422689465,52.15265577310535,11
2015,广东省,440000,0.0,39.65813064575195,215936,106701589.0,0.0,215936,106701589.0,1.0,finite_acc_ge_0_and_positive_population_for_all_formal_inequality_metrics,12.451045615124862,3.9776707810271468,9.802166529441307,19.653531404020814,10.751593283073843,0.48102567160983634,0.40704534191623715,0.2584941696106702,13.715341202650693,,10.582329090000117,0.17243022293934995,0.2346151189768868,0.40704534191623676,0.0,42.36142885890911,57.6385711410909,21
2015,广西壮族自治区,450000,0.0,63.41775131225586,292594,47153532.0,0.0,292594,47153532.0,1.0,finite_acc_ge_0_and_positive_population_for_all_formal_inequality_metrics,10.816495653940372,0.0,2.926515953542384,16.963674253941555,15.78507295265794,0.7012220178807933,0.9345744599945895,0.5388529399992447,41.2233234193358,,,0.7549539199191084,0.179620540075482,0.9345744599945904,0.0,80.78049981415909,19.219500185840914,14
2015,新疆维吾尔自治区,650000,0.0,52.12753677368164,430564,22380223.0,0.0,430564,22380223.0,1.0,finite_acc_ge_0_and_positive_population_for_all_formal_inequality_metrics,14.561904638328997,0.0,0.23381966878046362,26.399375960230827,18.30411497485817,0.6535680693586783,0.8560917039048943,0.545650504112341,49.79251994048495,,,0.4419184596518444,0.4141732442530497,0.8560917039048941,0.0,51.62045813972034,48.379541860279666,15
2015,江苏省,320000,0.0,32.71550369262695,130759,80515839.0,0.0,130759,80515839.0,1.0,finite_acc_ge_0_and_positive_population_for_all_formal_inequality_metrics,9.59218642150248,2.534155607799401,8.416321754455566,13.791406576156616,8.210568506994173,0.4722239041284849,0.394245871312361,0.24586722929086413,10.723172120208545,,9.959814063788837,0.2441175951890986,0.15012827612326296,0.39424587131236155,0.0,61.9201399310746,38.07986006892539,13
2015,江西省,360000,0.0,49.45682144165039,207716,45720433.0,0.0,207716,45720433.0,1.0,finite_acc_ge_0_and_positive_population_for_all_formal_inequality_metrics,11.23171821532031,0.0,5.284815788269043,14.350857734680176,14.173865474596575,0.6395074704320021,0.7469751402283278,0.44153001050322727,29.616714259902132,,,0.4970199639264523,0.2499551763018757,0.746975140228328,0.0,66.53768474470625,33.46231525529375,11
2015,河北省,130000,0.0,34.300743103027344,270721,73589602.0,0.0,270721,73589602.0,1.0,finite_acc_ge_0_and_positive_population_for_all_formal_inequality_metrics,8.06938287407752,0.9241650700569153,6.360428500175476,13.205795584186431,7.66771557267816,0.5215391190183045,0.4915552823804452,0.3134750047241537,17.364294211021825,,66.78889234875415,0.39560830510095046,0.0959469772794952,0.49155528238044566,0.0,80.48093862101237,19.519061378987637,11
2015,河南省,410000,0.0,53.587039947509766,228152,96323588.0,0.0,228152,96323588.0,1.0,finite_acc_ge_0_and_positive_population_for_all_formal_inequality_metrics,9.17512221091116,0.5775077722768868,5.60334062891732,12.869597718150153,10.980653568679328,0.6026586383555514,0.648896230798163,0.37789834196244976,20.405262519913606,,,0.2787912351032955,0.3701049956948679,0.6488962307981634,0.0,42.963916551090655,57.036083448909345,18
2015,浙江省,330000,0.0,49.35383224487305,129913,55612895.0,0.0,129913,55612895.0,1.0,finite_acc_ge_0_and_positive_population_for_all_formal_inequality_metrics,14.265125486636512,5.899116049685703,11.792907166583145,19.347171581724236,11.097527885752777,0.42498364433549096,0.306726283000697,0.17791281808712234,4.7901750124678815,19.316332948776843,4.320014166862319,0.20372941222529928,0.10299687077539765,0.30672628300069693,0.0,66.42059175112696,33.57940824887303,11
2015,海南省,460000,0.0,40.80474090576172,37919,8842961.0,0.0,37919,8842961.0,1.0,finite_acc_ge_0_and_positive_population_for_all_formal_inequality_metrics,12.444356933352632,0.0,4.668881190450568,23.368391309976577,15.006816771784267,0.6323021904323298,0.7607663441011896,0.4700127712404155,34.79328926136845,,,0.11575958814611997,0.6450067559550696,0.7607663441011896,0.0,15.216181557411637,84.78381844258837,18
2015,湖北省,420000,0.0,101.63517761230469,243851,58605629.0,0.0,243851,58605629.0,1.0,finite_acc_ge_0_and_positive_population_for_all_formal_inequality_metrics,15.167845495669656,0.18064152278218193,7.942972031957504,28.902084780507096,16.981758123825728,0.597997736037047,0.6554857531438879,0.40160631931792834,22.959547111080404,,,0.3918080253333569,0.2636777278105309,0.6554857531438878,0.0,59.773690496572826,40.226309503427174,17
2015,湖南省,430000,0.0,50.848812103271484,270288,67344416.0,0.0,270288,67344416.0,1.0,finite_acc_ge_0_and_positive_population_for_all_formal_inequality_metrics,9.756810971097188,0.0,4.433924775163667,15.510656356811523,12.447810151134561,0.6464480798658867,0.772999059205736,0.4647721574802387,32.32534082707021,,,0.46487972259090515,0.3081193366148307,0.7729990592057359,0.0,60.13975270145524,39.860247298544756,14
2015,甘肃省,620000,0.0,43.29652404785156,327382,26193144.0,0.0,327382,26193144.0,1.0,finite_acc_ge_0_and_positive_population_for_all_formal_inequality_metrics,9.681896839239107,0.0,0.0,17.978604278802315,13.44923610946677,0.6950499744277293,0.9536564639272979,0.5755927508889258,50.62185738374897,,,0.512301926607797,0.4413545373195009,0.953656463927298,0.0,53.719756116165996,46.280243883834,14
2015,福建省,350000,0.0,38.320091247558594,154287,37656766.0,0.0,154287,37656766.0,1.0,finite_acc_ge_0_and_positive_population_for_all_formal_inequality_metrics,11.355817475205617,0.5751955509185791,8.456017143840052,18.988019545227523,11.19276285354286,0.5388070431093158,0.5254667023248807,0.3397857580715312,22.640465195550778,,,0.3410640891050858,0.1844026132197949,0.5254667023248807,0.0,64.90688898003965,35.09311101996034,9
2015,西藏自治区,540000,0.0,41.137508392333984,555050,4090330.0,0.0,555050,4090330.0,1.0,finite_acc_ge_0_and_positive_population_for_all_formal_inequality_metrics,3.7153851032072187,0.0,0.0,0.0,11.293155178256134,0.9079910900162852,2.2954113365301985,0.8963571753569147,89.0689015311723,,,0.4486907315051507,1.8467206050250484,2.295411336530199,0.0,19.54729090880081,80.45270909119921,7
2015,贵州省,520000,0.0,57.47706604003906,228147,35615270.0,0.0,228147,35615270.0,1.0,finite_acc_ge_0_and_positive_population_for_all_formal_inequality_metrics,9.633182673804724,0.0,3.2227182440705353,16.109945404247973,12.490383613330101,0.6632859176576464,0.8393628472752583,0.513755109151592,41.009783163233074,,,0.6343751784849863,0.20498766879027253,0.8393628472752588,0.0,75.57818177732028,24.421818222679722,9
2015,辽宁省,210000,0.0,47.15119171142578,211315,44802377.0,0.0,211315,44802377.0,1.0,finite_acc_ge_0_and_positive_population_for_all_formal_inequality_metrics,17.038020452961025,1.605865433230708,13.987711585264435,28.311195896839767,15.278946085909565,0.5044735491533199,0.4719450341999739,0.3144337618827475,20.020560516242252,,,0.32282169457011545,0.14912333962985835,0.4719450341999738,0.0,68.40239247719865,31.597607522801358,14
2015,重庆市,500000,0.0,33.40591049194336,109667,29521004.0,0.0,109667,29521004.0,1.0,finite_acc_ge_0_and_positive_population_for_all_formal_inequality_metrics,10.620608515621187,1.317624807357788,8.991318702697754,18.79065286489303,9.225446103497347,0.4920061124468411,0.45130476673036757,0.301390812437798,18.517835640007366,,104.38263293676332,0.4513047667303649,0.0,0.4513047667303649,0.0,99.99999999999942,0.0,1
2015,陕西省,610000,0.0,48.963714599609375,281856,38218126.0,0.0,281856,38218126.0,1.0,finite_acc_ge_0_and_positive_population_for_all_formal_inequality_metrics,10.312862042380731,0.0,7.860540165166847,18.43995092081469,10.54578468805737,0.5554742697122365,0.5888109284504204,0.38712381075049374,26.973596245927915,,,0.37842204541971913,0.21038888303070102,0.5888109284504202,0.0,64.26885560966342,35.73114439033658,10
2015,青海省,630000,0.0,48.243770599365234,309747,5783296.0,0.0,309747,5783296.0,1.0,finite_acc_ge_0_and_positive_population_for_all_formal_inequality_metrics,18.56805338408098,0.0,2.4688482714898883,40.732508621741324,20.47873881642099,0.5876872449919721,0.7554052531575983,0.5114116076398489,46.49838085410119,,,0.18752119947566026,0.5678840536819374,0.7554052531575977,0.0,24.823920497219305,75.1760795027807,8
2015,黑龙江省,230000,0.0,72.63984680175781,517590,39102053.0,0.0,517590,39102053.0,1.0,finite_acc_ge_0_and_positive_population_for_all_formal_inequality_metrics,20.176433424858338,0.0,7.334739624443701,35.262152203396084,24.668423515417192,0.641801823573312,0.7892289360858636,0.49405221545923506,38.7379353201736,,,0.6071614684371531,0.1820674676487104,0.7892289360858635,0.0,76.93096903521254,23.069030964787448,13
2015,,,0.0,60.74531555175781,20339,2190534.0,0.0,20339,2190534.0,1.0,finite_acc_ge_0_and_positive_population_for_all_formal_inequality_metrics,4.7956099065005136,0.0,0.18677938103148367,6.738978271683057,7.747420643866826,0.739279228640978,1.0707663325593388,0.5962739638334913,48.179621955194484,,,1.0707663325593397,0.0,1.0707663325593397,0.0,100.00000000000009,0.0,1
2016,上海市,310000,0.0,20.489534378051758,8704,23700484.0,0.0,8704,23700484.0,1.0,finite_acc_ge_0_and_positive_population_for_all_formal_inequality_metrics,17.054709003905618,15.91005913258201,18.62481462288823,19.755154857227534,4.106138331155905,0.11329001345738565,0.04188403705940786,0.031119626689164903,1.440434718548364,1.6731929033203563,1.3165829278957768,0.04188403705940802,0.0,0.04188403705940802,0.0,100.0,0.0,1
2016,云南省,530000,0.0,80.24317169189453,478444,47271210.0,0.0,478444,47271210.0,1.0,finite_acc_ge_0_and_positive_population_for_all_formal_inequality_metrics,8.87368460660697,0.0,0.0,14.404306411743164,14.485659933834876,0.7523930864136014,1.1681135099194087,0.6569567242682733,60.071220939764395,,,0.7705592929302587,0.39755421698915017,1.1681135099194089,0.0,65.96613140647791,34.03386859352208,16
2016,内蒙古自治区,150000,0.0,41.71159744262695,898421,25673971.0,0.0,898421,25673971.0,1.0,finite_acc_ge_0_and_positive_population_for_all_formal_inequality_metrics,10.90222109749779,0.0,0.0,23.60940218813279,14.147527838529296,0.6670683710290983,0.906193804600407,0.5681737358378554,51.57978483344085,,,0.6702162025284117,0.23597760207199592,0.9061938046004077,0.0,73.9594774457709,26.040522554229096,12
2016,北京市,110000,0.0,26.63215446472168,21084,20183014.0,0.0,21084,20183014.0,1.0,finite_acc_ge_0_and_positive_population_for_all_formal_inequality_metrics,21.280047513833704,19.42122375997201,23.53032774381438,25.482879162440742,6.021937898186507,0.13925669000854923,0.055646115847167964,0.037732415146111586,0.705191999569539,2.0533719711927265,1.4325602529429002,0.05564611584716861,0.0,0.05564611584716861,0.0,100.00000000000159,0.0,1
2016,吉林省,220000,0.0,58.128543853759766,238898,28234305.0,0.0,238898,28234305.0,1.0,finite_acc_ge_0_and_positive_population_for_all_formal_inequality_metrics,12.46516834869318,0.0,2.848392871094913,21.331196760959763,16.782885389094808,0.6790730492799564,0.8984074995700407,0.5418215691510335,44.48045383089826,,,0.6004003255064294,0.2980071740636121,0.8984074995700415,0.0,66.82939821782077,33.17060178217924,9
2016,四川省,510000,0.0,162.9971923828125,574665,82781414.0,0.0,574665,82781414.0,1.0,finite_acc_ge_0_and_positive_population_for_all_formal_inequality_metrics,10.963830047816673,0.0,9.091635254607803,18.12577233428047,11.704041846576414,0.5413809594776393,0.5567234650229194,0.35903276055869715,25.480163941147467,,,0.3709423544728656,0.18578111055005353,0.5567234650229191,0.0,66.62955269140572,33.37044730859428,21
2016,天津市,120000,0.0,32.34934997558594,16431,13215094.0,0.0,16431,13215094.0,1.0,finite_acc_ge_0_and_positive_population_for_all_formal_inequality_metrics,22.588051999636466,13.253976980465698,25.788970288600357,31.548582259126462,9.693188692428382,0.23637363984055926,0.1090897800683625,0.061372495852401565,0.06321559271542071,4.130534436858125,3.0465386727747825,0.10908978006836056,0.0,0.10908978006836056,0.0,99.99999999999878,0.0,1
2016,宁夏回族自治区,640000,0.0,23.505144119262695,73512,6473436.0,0.0,73512,6473436.0,1.0,finite_acc_ge_0_and_positive_population_for_all_formal_inequality_metrics,7.430484162876795,0.0,0.9108697376164654,15.019698342440421,9.1597226162476,0.6437700962910058,0.8372432952757349,0.5289599582720785,44.30367427746254,,,0.19588121148769932,0.6413620837880356,0.8372432952757349,0.0,23.395972543821742,76.60402745617826,5
2016,安徽省,340000,0.0,38.584815979003906,181276,61175159.0,0.0,181276,61175159.0,1.0,finite_acc_ge_0_and_positive_population_for_all_formal_inequality_metrics,10.472245538843827,0.0588466369262245,7.8427285944341785,17.815900145836597,10.432151713447764,0.5492112496296186,0.5523538387134713,0.3601135025767429,24.568866261549072,,,0.38190888828666214,0.17044495042680952,0.5523538387134717,0.0,69.1420718965572,30.857928103442806,16
2016,山东省,370000,0.0,84.51323699951172,219650,98488751.0,0.0,219650,98488751.0,1.0,finite_acc_ge_0_and_positive_population_for_all_formal_inequality_metrics,11.545313446131948,4.18036121063786,9.487577469410635,16.57878189626094,9.439195460662438,0.44383250334420987,0.3331637749903943,0.1903372528766505,4.640727954809783,18.84026113391439,6.145092281620777,0.2383909151863728,0.09477285980402161,0.3331637749903944,0.0,71.55367212214051,28.446327877859485,16
2016,山西省,140000,0.0,46.823551177978516,224694,36811668.0,0.0,224694,36811668.0,1.0,finite_acc_ge_0_and_positive_population_for_all_formal_inequality_metrics,11.55463809968355,0.41321608424186707,7.827518336269834,16.339475786544714,13.001378807472712,0.5815776190579056,0.6096780300005771,0.3703666270420697,23.053766539456998,,,0.2955218842807801,0.3141561457197972,0.6096780300005773,0.0,48.471794904681126,51.52820509531888,11
2016,广东省,440000,0.0,40.28872299194336,215830,107174048.0,0.0,215830,107174048.0,1.0,finite_acc_ge_0_and_positive_population_for_all_formal_inequality_metrics,13.189019199799018,4.80468035317614,10.304309726390946,20.85357842155583,10.93085683072679,0.4627455551938764,0.3727794413005313,0.23350645341204757,11.287970572876,,6.991706372388615,0.16814034606137662,0.20463909523915458,0.3727794413005312,0.0,45.104511524234915,54.895488475765085,21
2016,广西壮族自治区,450000,0.0,48.35263442993164,292349,47362509.0,0.0,292349,47362509.0,1.0,finite_acc_ge_0_and_positive_population_for_all_formal_inequality_metrics,10.761114065316693,0.0,2.9790787513924655,17.4528878426444,14.733934033955052,0.6844123477744835,0.8909303957734921,0.5292097860306956,41.31449835142813,,,0.6925270993215582,0.198403296451934,0.8909303957734922,0.0,77.73077477285042,22.269225227149565,14
2016,新疆维吾尔自治区,650000,0.0,53.6678352355957,430017,22479283.0,0.0,430017,22479283.0,1.0,finite_acc_ge_0_and_positive_population_for_all_formal_inequality_metrics,16.91839776576125,0.0,3.124569892883301,33.82149740117504,20.345000464761483,0.6345476289257521,0.8163884679140088,0.5290023887377371,47.79692483964013,,,0.4820285760623628,0.3343598918516464,0.8163884679140092,0.0,59.044020709162595,40.955979290837405,15
2016,江苏省,320000,0.0,36.09434127807617,130791,80872839.0,0.0,130791,80872839.0,1.0,finite_acc_ge_0_and_positive_population_for_all_formal_inequality_metrics,10.284747698360794,2.9776884034031728,8.786689039164303,14.248567259792493,9.04555591279574,0.47629437704898503,0.397395572622656,0.2408121007046724,9.464815498810422,650.3291486065455,8.248069355744091,0.24079618535589864,0.15659938726675726,0.3973955726226559,0.0,60.59357525468582,39.40642474531418,13
2016,江西省,360000,0.0,50.433555603027344,207578,45922904.0,0.0,207578,45922904.0,1.0,finite_acc_ge_0_and_positive_population_for_all_formal_inequality_metrics,11.233021565489674,0.0,5.305636882781982,15.242350598938499,14.080474022195926,0.6381212337065683,0.74308656355504,0.4411726617388809,29.447072859329626,,,0.5009562357509569,0.24213032780408295,0.7430865635550399,0.0,67.4155960180878,32.5844039819122,11
2016,河北省,130000,0.0,33.66745376586914,270964,73915538.0,0.0,270964,73915538.0,1.0,finite_acc_ge_0_and_positive_population_for_all_formal_inequality_metrics,8.27317274411533,1.0905376481158393,6.413813591003418,13.46750359604324,7.857084321399058,0.5214427316884231,0.4877278488616989,0.3084756849478665,16.569985596262587,,42.27521503466768,0.3853688729004072,0.10235897596129107,0.4877278488616983,0.0,79.01309588940116,20.986904110598843,11
2016,河南省,410000,0.0,56.128604888916016,228551,96750183.0,0.0,228551,96750183.0,1.0,finite_acc_ge_0_and_positive_population_for_all_formal_inequality_metrics,9.512315505893637,0.6743973214263815,5.53406993022635,13.765159609951551,11.543358747263717,0.6045647000045975,0.6533691593647776,0.3758445594704649,19.297100450962454,,255.1287606690873,0.2669955558186299,0.386373603546148,0.6533691593647779,0.0,40.86442587498463,59.13557412501537,18
2016,浙江省,330000,0.0,47.89651870727539,129991,55859072.0,0.0,129991,55859072.0,1.0,finite_acc_ge_0_and_positive_population_for_all_formal_inequality_metrics,14.147549845718226,5.884877976828353,11.669858046697977,18.70374015114524,10.923591726628997,0.4213322591255957,0.30135727147535046,0.1741723779185962,4.641453764215775,16.771840967502786,4.241460165439668,0.2005316907752155,0.10082558070013459,0.3013572714753501,0.0,66.54284125731415,33.45715874268584,11
2016,海南省,460000,0.0,39.74479675292969,37914,8879968.0,0.0,37914,8879968.0,1.0,finite_acc_ge_0_and_positive_population_for_all_formal_inequality_metrics,14.424648530972588,0.0,5.823055267333984,33.64885827957466,15.758230514168378,0.5880981243185897,0.6807155698359081,0.4372927352897401,32.01475500812616,,,0.10256221705891466,0.5781533527769938,0.6807155698359084,0.0,15.066824031017545,84.93317596898245,19
2016,湖北省,420000,0.0,66.39266967773438,243621,58865112.0,0.0,243621,58865112.0,1.0,finite_acc_ge_0_and_positive_population_for_all_formal_inequality_metrics,15.201194825600508,0.44828875654097294,8.433992773337085,28.365942747933524,16.682348212669424,0.5893466907240406,0.631626434260645,0.38584001917152055,20.90539299407092,,,0.35848059813817956,0.27314583612246635,0.6316264342606459,0.0,56.75516075539194,43.244839244608066,17
2016,湖南省,430000,0.0,53.32827377319336,270463,67642700.0,0.0,270463,67642700.0,1.0,finite_acc_ge_0_and_positive_population_for_all_formal_inequality_metrics,9.725885649144484,0.0,4.4845332504646285,15.022078014881423,12.591949289465301,0.6495645656917293,0.7777070940314913,0.4622848069657888,31.254339344822128,,,0.45381409322799593,0.32389300080349503,0.777707094031491,0.0,58.35282932492063,41.64717067507937,14
2016,甘肃省,620000,0.0,49.22285842895508,327136,26309280.0,0.0,327136,26309280.0,1.0,finite_acc_ge_0_and_positive_population_for_all_formal_inequality_metrics,10.200276753151263,0.0,0.0,17.860420186318173,14.594503604405332,0.7048236692586316,0.9767931104551459,0.581619159461102,51.08830040198744,,,0.513612873909632,0.4631802365455142,0.9767931104551462,0.0,52.58154141467164,47.41845858532836,14
2016,福建省,350000,0.0,38.46826934814453,154244,37823162.0,0.0,154244,37823162.0,1.0,finite_acc_ge_0_and_positive_population_for_all_formal_inequality_metrics,11.307533830966749,0.4703078094355731,8.325199468022955,19.17109084462574,11.11815562782975,0.5384385770044127,0.5262067616088559,0.3414985138895166,22.997733505199804,,,0.33734766699558527,0.18885909461327088,0.5262067616088562,0.0,64.10933716704025,35.890662832959755,9
2016,西藏自治区,540000,0.0,40.55575942993164,554414,4114275.0,0.0,554414,4114275.0,1.0,finite_acc_ge_0_and_positive_population_for_all_formal_inequality_metrics,3.6934037215269684,0.0,0.0,0.0,11.13576883568508,0.9069888273429241,2.278965354023842,0.8945460210617071,88.88226965868836,,,0.44846050041122787,1.8305048536126143,2.278965354023842,0.0,19.678250027777132,80.32174997222286,7
2016,贵州省,520000,0.0,87.06954193115234,228198,35773014.0,0.0,228198,35773014.0,1.0,finite_acc_ge_0_and_positive_population_for_all_formal_inequality_metrics,10.636191770967523,0.0,3.7186368307356017,17.05514114682037,14.024638133803256,0.6612107301400654,0.838269507506778,0.5136511636956015,41.70083068762392,,,0.6224775559193736,0.21579195158740472,0.8382695075067783,0.0,74.25744946524136,25.742550534758635,9
2016,辽宁省,210000,0.0,46.71404266357422,211338,45000817.0,0.0,211338,45000817.0,1.0,finite_acc_ge_0_and_positive_population_for_all_formal_inequality_metrics,17.103595161655342,2.1861190953246363,13.928424439031653,28.12549069442413,15.131695180745194,0.4977197982661301,0.4571581426284394,0.3034090759120077,18.760943829086482,,135.70113938852725,0.3054496726141043,0.15170847001433474,0.457158142628439,0.0,66.81488179515208,33.18511820484792,14
2016,重庆市,500000,0.0,42.15114974975586,109760,29651707.0,0.0,109760,29651707.0,1.0,finite_acc_ge_0_and_positive_population_for_all_formal_inequality_metrics,11.0593717976216,1.35330331325531,9.583076657006057,19.261881507641462,9.68217594096335,0.49278936167764553,0.45323465581164557,0.3028870987911294,18.969376704012355,,140.21774799556692,0.45323465581163935,0.0,0.45323465581163935,0.0,99.99999999999862,0.0,1
2016,陕西省,610000,0.0,56.60003662109375,281667,38387292.0,0.0,281667,38387292.0,1.0,finite_acc_ge_0_and_positive_population_for_all_formal_inequality_metrics,10.9568783440461,0.0,8.140543109533922,19.464781963463984,11.42684781318127,0.5621716615306176,0.6035493597389703,0.3946558310658351,27.66240713202692,,,0.3840987786590784,0.21945058107989235,0.6035493597389707,0.0,63.63999438673871,36.36000561326129,10
2016,青海省,630000,0.0,48.63407516479492,311753,5808774.0,0.0,311753,5808774.0,1.0,finite_acc_ge_0_and_positive_population_for_all_formal_inequality_metrics,18.488098974361147,0.0,2.077410156240467,40.85006940953059,20.555002600005263,0.5920343650943799,0.762104659763297,0.5139011739000967,46.55092451522473,,,0.1811457767544704,0.5809588830088264,0.7621046597632968,0.0,23.769146984448664,76.23085301555133,8
2016,黑龙江省,230000,0.0,73.2674560546875,518170,39275144.0,0.0,518170,39275144.0,1.0,finite_acc_ge_0_and_positive_population_for_all_formal_inequality_metrics,20.41942887393352,0.0,6.980402271512529,36.415117558950854,25.05106669425784,0.6435613460194956,0.7965065426094629,0.4987585622308758,39.50246751482312,,,0.6131366460253611,0.18336989658410152,0.7965065426094626,0.0,76.97823096551636,23.02176903448364,13
2016,,,0.0,46.3179931640625,20332,2201130.0,0.0,20332,2201130.0,1.0,finite_acc_ge_0_and_positive_population_for_all_formal_inequality_metrics,5.22876534125198,0.0,0.38407075270268715,7.288816005625623,8.332755358574003,0.7337982624718755,1.0477130238720984,0.5857925497501169,46.95565459559408,,,1.0477130238720984,0.0,1.0477130238720984,0.0,100.0,0.0,1
2017,上海市,310000,0.0,20.33807945251465,8702,23812909.0,0.0,8702,23812909.0,1.0,finite_acc_ge_0_and_positive_population_for_all_formal_inequality_metrics,17.01987429905614,15.936300047246828,18.49212119692848,19.592492775564534,3.943114667901473,0.1086486577074891,0.03854886451451107,0.02849459599014259,1.3046495075423166,1.639824417602291,1.3029631995569282,0.03854886451451156,0.0,0.03854886451451156,0.0,100.0,0.0,1
2017,云南省,530000,0.0,78.66867065429688,477017,47494018.0,0.0,477017,47494018.0,1.0,finite_acc_ge_0_and_positive_population_for_all_formal_inequality_metrics,9.33871351204184,0.0,0.0,16.458187103271484,14.87317396573984,0.744397601475726,1.1393262958166712,0.6487472705630846,59.32082436150169,,,0.7524773761310244,0.3868489196856473,1.1393262958166717,0.0,66.04581838354278,33.95418161645721,16
2017,内蒙古自治区,150000,0.0,52.031944274902344,896633,25810306.0,0.0,896633,25810306.0,1.0,finite_acc_ge_0_and_positive_population_for_all_formal_inequality_metrics,13.335304556916922,0.0,1.53546142578125,27.546685192999337,16.627303277230926,0.6505444814616992,0.8426258118138549,0.5364400532203696,47.60649873736483,,,0.599339125667512,0.2432866861463423,0.8426258118138543,0.0,71.12755356702898,28.87244643297102,12
2017,北京市,110000,0.0,26.33594512939453,21087,20268005.0,0.0,21087,20268005.0,1.0,finite_acc_ge_0_and_positive_population_for_all_formal_inequality_metrics,21.33752249528436,19.619765198172505,23.690743246044445,25.294173614762087,5.8528181328197775,0.1329533483288009,0.05223324954473267,0.03527271402872956,0.647335541904593,1.9555877847930532,1.4046902749118717,0.052233249544733074,0.0,0.052233249544733074,0.0,100.0000000000017,0.0,1
2017,吉林省,220000,0.0,60.35508346557617,239618,28348069.0,0.0,239618,28348069.0,1.0,finite_acc_ge_0_and_positive_population_for_all_formal_inequality_metrics,12.750221589891842,0.0,4.416366460532497,20.295345136296678,16.78883460665889,0.6671904674919853,0.8474968024020555,0.5093595261705612,39.32444216923558,,,0.595411781778656,0.2520850206234,0.8474968024020559,0.0,70.25534256779298,29.74465743220702,9
2017,四川省,510000,0.0,171.5692138671875,576683,83336467.0,0.0,576683,83336467.0,1.0,finite_acc_ge_0_and_positive_population_for_all_formal_inequality_metrics,10.996690009244134,0.3471541404724121,8.704400355999287,18.6121768951416,11.426841110432251,0.5383908065298089,0.5425389919549024,0.34820068404008786,23.154257307308214,,,0.3464901679423673,0.19604882401253487,0.5425389919549022,0.0,63.86456514284393,36.13543485715607,21
2017,天津市,120000,0.0,33.22153854370117,16435,13360619.0,0.0,16435,13360619.0,1.0,finite_acc_ge_0_and_positive_population_for_all_formal_inequality_metrics,23.277353520519785,13.988267800421886,26.560189922931478,32.136385106730984,9.713719427010298,0.22989300938589208,0.10306662847342236,0.05810724967606351,0.11083318819285246,3.907989909550682,2.814104737969256,0.10306662847342318,0.0,0.10306662847342318,0.0,100.00000000000087,0.0,1
2017,宁夏回族自治区,640000,0.0,29.019561767578125,73699,6505578.0,0.0,73699,6505578.0,1.0,finite_acc_ge_0_and_positive_population_for_all_formal_inequality_metrics,9.283635331935216,0.0,0.6198222947617372,20.126077551590768,11.414842280555723,0.6421756846559079,0.843902805441408,0.5362767003453985,45.538044428950045,,,0.19452044319936546,0.6493823622420427,0.8439028054414082,0.0,23.050100313106604,76.9498996868934,5
2017,安徽省,340000,0.0,44.825923919677734,181582,61432078.0,0.0,181582,61432078.0,1.0,finite_acc_ge_0_and_positive_population_for_all_formal_inequality_metrics,11.29023464866528,1.0680515920737979,8.371096124387767,18.138788237581796,11.262981553031372,0.5414274596341345,0.5254407181859305,0.33192390856191356,19.9600296770036,,3945.7204425844247,0.3499749029357364,0.175465815250194,0.5254407181859304,0.0,66.60597300947957,33.39402699052043,16
2017,山东省,370000,0.0,46.11098861694336,219801,98883571.0,0.0,219801,98883571.0,1.0,finite_acc_ge_0_and_positive_population_for_all_formal_inequality_metrics,12.05964099873173,5.020425187220311,10.12860107421875,17.120165451944874,9.31427720429891,0.41840199321895555,0.29511770007742866,0.16547973319284448,3.040878246599731,13.104399799147236,4.916849735253006,0.20834629550111794,0.08677140457631083,0.29511770007742877,0.0,70.59769557924008,29.40230442075992,16
2017,山西省,140000,0.0,46.18779373168945,224658,36939151.0,0.0,224658,36939151.0,1.0,finite_acc_ge_0_and_positive_population_for_all_formal_inequality_metrics,11.474850391710268,1.1932901940946246,7.5065530102167815,16.234080866182122,12.666042787158375,0.5724668718423787,0.583767148640311,0.3501679464970614,20.042298752345445,,,0.27736526058999944,0.30640188805031165,0.5837671486403111,0.0,47.51299576141418,52.48700423858582,11
2017,广东省,440000,0.0,41.37549591064453,216033,107632990.0,0.0,216033,107632990.0,1.0,finite_acc_ge_0_and_positive_population_for_all_formal_inequality_metrics,14.547450737570266,6.061857779388842,13.257040779018698,21.599034242892483,11.085220692364214,0.42872783099281175,0.32194064907050707,0.20272111427232664,8.75345467964794,129.13792507682274,5.938681415240129,0.1339856907467012,0.18795495832380515,0.32194064907050635,0.0,41.61813400499101,58.38186599500899,21
2017,广西壮族自治区,450000,0.0,59.494815826416016,292480,47533915.0,0.0,292480,47533915.0,1.0,finite_acc_ge_0_and_positive_population_for_all_formal_inequality_metrics,10.789882497088657,0.0,3.4510900404142295,18.001118165889544,14.309817598015968,0.6705176813423304,0.8498802283372773,0.5114352118102443,39.39486785382606,,,0.6524458232003392,0.19743440513693766,0.8498802283372768,0.0,76.76914951613801,23.23085048386199,14
2017,新疆维吾尔自治区,650000,0.0,58.38468551635742,432367,22478623.0,0.0,432367,22478623.0,1.0,finite_acc_ge_0_and_positive_population_for_all_formal_inequality_metrics,17.600174966835873,0.0,4.9150963731172705,34.15967035101886,20.498526805329533,0.6210151072071906,0.7826808123717163,0.5143278489794351,46.365638144293804,,,0.4932559088564217,0.2894249035152945,0.7826808123717162,0.0,63.02133654736398,36.97866345263602,15
2017,江苏省,320000,0.0,34.9567756652832,130872,81152045.0,0.0,130872,81152045.0,1.0,finite_acc_ge_0_and_positive_population_for_all_formal_inequality_metrics,12.110403941676372,4.260669708251953,11.30440451735503,17.581518173217773,9.36466178387318,0.4343687147756614,0.33703074527330856,0.21462567562823254,8.982244378438029,250.33203398072388,7.443858010645755,0.22694575076669343,0.11008499450661491,0.33703074527330834,0.0,67.33680946011508,32.66319053988492,13
2017,江西省,360000,0.0,54.982383728027344,207695,46082371.0,0.0,207695,46082371.0,1.0,finite_acc_ge_0_and_positive_population_for_all_formal_inequality_metrics,11.723754060790583,0.0,5.402075103173173,15.966230392456055,14.542754168731914,0.6325343697432817,0.7252964024593135,0.4290834649251267,27.480908046159342,,,0.4859936767145041,0.23930272574480949,0.7252964024593136,0.0,67.00621636431825,32.99378363568176,11
2017,河北省,130000,0.0,37.09707260131836,271051,74153253.0,0.0,271051,74153253.0,1.0,finite_acc_ge_0_and_positive_population_for_all_formal_inequality_metrics,8.565465603901409,1.3890249333943367,6.998539607446115,13.72957706451416,7.895200856191054,0.5061771064424849,0.4609338164578457,0.29173422772906465,14.843108770966529,,25.78639815461549,0.3578060002615975,0.10312781619624811,0.4609338164578456,0.0,77.62632887542118,22.373671124578813,11
2017,河南省,410000,0.0,57.503543853759766,228190,97162832.0,0.0,228190,97162832.0,1.0,finite_acc_ge_0_and_positive_population_for_all_formal_inequality_metrics,10.666965913321029,1.874341368675232,7.28047989493563,14.287782198925942,11.69438803403946,0.5594202778454658,0.5507579934302421,0.3206409918430676,15.646115584609554,,19.687002005385672,0.2812065601577318,0.2695514332725102,0.550757993430242,0.0,51.058098749745874,48.94190125025413,18
2017,浙江省,330000,0.0,46.328006744384766,130137,56084355.0,0.0,130137,56084355.0,1.0,finite_acc_ge_0_and_positive_population_for_all_formal_inequality_metrics,14.345079569063973,6.355594721713731,12.42610848905668,19.080673637258176,10.576173085176949,0.4060449309270777,0.28101709761521343,0.16464351846702086,4.589358297871127,14.787536180040497,4.011184123033554,0.19337773305277306,0.08763936456244048,0.28101709761521354,0.0,68.81351159549664,31.186488404503365,11
2017,海南省,460000,0.0,39.78239822387695,38050,8925006.0,0.0,38050,8925006.0,1.0,finite_acc_ge_0_and_positive_population_for_all_formal_inequality_metrics,14.369308145573958,0.0,6.602220819351521,32.12892768502765,15.469123000062888,0.5832677306800904,0.6587339500388643,0.42278488052971397,30.058881753132717,,,0.10137885669387892,0.5573550933449858,0.6587339500388647,0.0,15.389954728748634,84.61004527125137,19
2017,湖北省,420000,0.0,62.2242546081543,243794,59139021.0,0.0,243794,59139021.0,1.0,finite_acc_ge_0_and_positive_population_for_all_formal_inequality_metrics,15.792257746034352,0.8485385090112686,9.719065812237025,27.27695268128135,16.672772836103196,0.5722703246957926,0.5898933111305243,0.36389490119081414,19.939203931022124,,18190.389598420894,0.34209974215936256,0.24779356897116145,0.589893311130524,0.0,57.9934940275441,42.006505972455905,17
2017,湖南省,430000,0.0,53.331825256347656,270557,67933038.0,0.0,270557,67933038.0,1.0,finite_acc_ge_0_and_positive_population_for_all_formal_inequality_metrics,10.52052760041106,0.0,5.935012340545654,16.730382919311523,12.778635828287273,0.6210932218645395,0.7010815674071036,0.42232992350708,27.56488823597143,,,0.42502700813186456,0.27605455927523925,0.7010815674071038,0.0,60.62447336959581,39.37552663040419,14
2017,甘肃省,620000,0.0,47.73497009277344,330812,26418742.0,0.0,330812,26418742.0,1.0,finite_acc_ge_0_and_positive_population_for_all_formal_inequality_metrics,10.221522004844267,0.0,0.0,17.616735693097336,14.325404542588515,0.6965390385483267,0.9526932568438637,0.5728485911179242,50.044392726951195,,,0.5095650039649171,0.44312825287894597,0.9526932568438631,0.0,53.48678604622786,46.513213953772144,14
2017,福建省,350000,0.0,38.01274108886719,154212,37985093.0,0.0,154212,37985093.0,1.0,finite_acc_ge_0_and_positive_population_for_all_formal_inequality_metrics,12.47225798594747,1.023395840211775,10.889636165416793,20.438241650044677,11.189391451320326,0.5003597004568254,0.46363521909473493,0.31320869883459,21.79809063518681,,,0.3062778585579209,0.15735736053681393,0.4636352190947348,0.0,66.0600933544134,33.93990664558661,9
2017,西藏自治区,540000,0.0,70.23695373535156,555652,4143475.0,0.0,555652,4143475.0,1.0,finite_acc_ge_0_and_positive_population_for_all_formal_inequality_metrics,7.167836524160746,0.0,0.0,0.0,16.436183993975156,0.8554616986342851,1.7702879014340673,0.8207405742690411,80.51524384725381,,,0.9338462515973651,0.836441649836702,1.7702879014340671,0.0,52.75109494003088,47.24890505996912,7
2017,贵州省,520000,0.0,61.12737274169922,228175,35900917.0,0.0,228175,35900917.0,1.0,finite_acc_ge_0_and_positive_population_for_all_formal_inequality_metrics,10.766071939061849,0.0,4.120497408815267,17.810794163088225,13.56640186042839,0.6515384333391847,0.8098152601867128,0.5043723521863656,41.105688191752876,,,0.6032238119715365,0.2065914482151765,0.809815260186713,0.0,74.4890645592991,25.510935440700916,9
2017,辽宁省,210000,0.0,46.49924850463867,211324,45183386.0,0.0,211324,45183386.0,1.0,finite_acc_ge_0_and_positive_population_for_all_formal_inequality_metrics,17.2709787507187,2.3946031369268894,14.61106055013401,28.051789613870476,14.882694653087928,0.4871144880395455,0.440681810414328,0.29519637783536745,18.178710643775126,,96.62123142873821,0.31008285532336677,0.13059895509096098,0.44068181041432775,0.0,70.36434179841183,29.63565820158818,14
2017,重庆市,500000,0.0,39.29726028442383,109734,29751783.0,0.0,109734,29751783.0,1.0,finite_acc_ge_0_and_positive_population_for_all_formal_inequality_metrics,11.419792346275873,1.4708986310000272,9.074087754735407,20.8553688847685,10.138676780000013,0.500353780462885,0.4612740035209492,0.30263603702706,17.524173257112018,,60.57329537870298,0.46127400352095993,0.0,0.46127400352095993,0.0,100.0000000000023,0.0,1
2017,陕西省,610000,0.0,72.74920654296875,281770,38565135.0,0.0,281770,38565135.0,1.0,finite_acc_ge_0_and_positive_population_for_all_formal_inequality_metrics,11.689443667353856,0.0,8.902946472167969,20.732180541798435,12.617817295747287,0.5658542015625654,0.6191983678648841,0.4018777145897001,28.57083217782072,,,0.4012018481248725,0.21799651974001177,0.6191983678648842,0.0,64.79375091189178,35.206249088108216,10
2017,青海省,630000,0.0,49.38656997680664,306142,5819474.0,0.0,306142,5819474.0,1.0,finite_acc_ge_0_and_positive_population_for_all_formal_inequality_metrics,18.985665948167238,0.0,3.9643021496859463,41.44212473884332,20.78988794934268,0.5856127088240044,0.7446417755651317,0.505056113641195,45.67048499572298,,,0.1807612169454722,0.5638805586196587,0.7446417755651309,0.0,24.27492290615674,75.72507709384327,8
2017,黑龙江省,230000,0.0,70.20442199707031,520535,39437380.0,0.0,520535,39437380.0,1.0,finite_acc_ge_0_and_positive_population_for_all_formal_inequality_metrics,21.009732024446357,0.0,9.049731658795558,36.92217025463491,24.678697006230177,0.6248568508329635,0.749397517355723,0.47693286160460335,37.46081002338391,,,0.5946834032455621,0.15471411411016112,0.7493975173557232,0.0,79.35486700622181,20.645132993778198,13
2017,,,0.0,42.762332916259766,20286,2268962.0,0.0,20286,2268962.0,1.0,finite_acc_ge_0_and_positive_population_for_all_formal_inequality_metrics,5.6779108330341765,0.0,1.5529677300002631,8.757180576256099,8.164425336676938,0.6950795824765295,0.9207460823038407,0.5385923173006347,42.61710861618661,,,0.920746082303842,0.0,0.920746082303842,0.0,100.00000000000011,0.0,1
2018,上海市,310000,0.0,20.662094116210938,8694,23904935.0,0.0,8694,23904935.0,1.0,finite_acc_ge_0_and_positive_population_for_all_formal_inequality_metrics,17.284581001278337,16.20793626229022,18.76656793165198,19.93081390142393,4.029131087481523,0.10970187335848902,0.0389053834766172,0.02868285789784919,1.302517660056386,1.672865221716702,1.3049476018353356,0.03890538347661732,0.0,0.03890538347661732,0.0,100.0,0.0,1
2018,云南省,530000,0.0,78.38556671142578,477176,47680288.0,0.0,477176,47680288.0,1.0,finite_acc_ge_0_and_positive_population_for_all_formal_inequality_metrics,11.364955107645006,0.0,0.0,20.490906878625253,16.491986739695122,0.7107162229529111,1.0116769331676052,0.6016607229454756,53.930869712867505,,,0.767444779041258,0.24423215412634747,1.0116769331676054,0.0,75.8586811541066,24.141318845893394,16
2018,内蒙古自治区,150000,0.0,56.75249481201172,894150,25912793.0,0.0,894150,25912793.0,1.0,finite_acc_ge_0_and_positive_population_for_all_formal_inequality_metrics,13.756335845884132,0.0,3.5792890578606733,27.560771942138672,16.799577920280893,0.6416079761962049,0.8095698809633334,0.5184596504495402,45.15720478298113,,,0.6044727554057179,0.20509712555761572,0.8095698809633336,0.0,74.66591453308959,25.3340854669104,12
2018,北京市,110000,0.0,27.62637710571289,21492,20346533.0,0.0,21492,20346533.0,1.0,finite_acc_ge_0_and_positive_population_for_all_formal_inequality_metrics,22.3723358051722,20.54684956405862,24.95784306112263,26.58509171064168,6.280034539352112,0.13535644961584048,0.055478380657740786,0.0381557309743249,0.8099021096124828,1.9773953151214334,1.4094314559406027,0.05547838065773947,0.0,0.05547838065773947,0.0,99.99999999999841,0.0,1
2018,吉林省,220000,0.0,57.63566207885742,244051,28459697.0,0.0,244051,28459697.0,1.0,finite_acc_ge_0_and_positive_population_for_all_formal_inequality_metrics,12.666121491444134,0.0,4.712696445403979,20.244110960080576,16.447163080798155,0.6613863028635263,0.8285824353031183,0.5008572108891586,38.68421719317672,,,0.5742089430922808,0.2543734922108385,0.8285824353031193,0.0,69.30015875634857,30.699841243651438,9
2018,四川省,510000,0.0,178.45530700683594,577263,83661892.0,0.0,577263,83661892.0,1.0,finite_acc_ge_0_and_positive_population_for_all_formal_inequality_metrics,12.144161238299077,0.5822994644735374,9.701011845322906,20.13110155134059,12.340028779267428,0.5334366211533517,0.5298184086629217,0.34091661251867256,22.089317559301673,,,0.3334126070825696,0.19640580158035226,0.5298184086629218,0.0,62.92960033683759,37.07039966316242,21
2018,天津市,120000,0.0,33.62138366699219,16615,13413876.0,0.0,16615,13413876.0,1.0,finite_acc_ge_0_and_positive_population_for_all_formal_inequality_metrics,23.30237088621909,13.050341068669054,26.882384593629812,32.60946971104333,10.167887338423942,0.24023755704287297,0.11367158008945685,0.06456706231311138,0.1251912571727963,4.206096437440866,3.1271943743172828,0.11367158008945699,0.0,0.11367158008945699,0.0,100.0,0.0,1
2018,宁夏回族自治区,640000,0.0,29.004846572875977,73722,6530985.0,0.0,73722,6530985.0,1.0,finite_acc_ge_0_and_positive_population_for_all_formal_inequality_metrics,9.244561661148063,0.0,0.6055350298780536,20.002178966907774,11.406951996224343,0.643714534355845,0.8477797298064641,0.5376521740292413,45.53152395848406,,,0.19616039118593553,0.6516193386205278,0.8477797298064633,0.0,23.138131791699752,76.86186820830025,5
2018,安徽省,340000,0.0,47.015342712402344,181695,61671946.0,0.0,181695,61671946.0,1.0,finite_acc_ge_0_and_positive_population_for_all_formal_inequality_metrics,12.535899376632456,1.2924668447397176,9.410960400382416,19.508296195701785,12.525000803181355,0.5409199649323919,0.522795965920887,0.32821366564369414,19.152376025235203,,161.51396435618665,0.34092142373901213,0.1818745421818746,0.5227959659208867,0.0,65.21118102709363,34.78881897290638,16
2018,山东省,370000,0.0,45.64627456665039,220379,99261990.0,0.0,220379,99261990.0,1.0,finite_acc_ge_0_and_positive_population_for_all_formal_inequality_metrics,12.8088565444417,5.423093333825118,10.71875518324685,18.07377086642314,9.679317469326357,0.4142538328491062,0.28679180199048254,0.16048431414278752,2.572849889469272,13.442644285259094,4.717018542153164,0.20096380008395132,0.08582800190653161,0.28679180199048293,0.0,70.07306299871857,29.926937001281434,16
2018,山西省,140000,0.0,47.75764846801758,224498,37082874.0,0.0,224498,37082874.0,1.0,finite_acc_ge_0_and_positive_population_for_all_formal_inequality_metrics,12.196697913632612,1.2564380466938019,7.65218699619469,18.386240527841004,13.328722069365913,0.5738859318774758,0.5835874702302849,0.3507864930615249,19.583754484617348,,361.1751316358853,0.2733948647650677,0.3101926054652169,0.5835874702302846,0.0,46.847281463597156,53.152718536402844,11
2018,广东省,440000,0.0,41.5951042175293,216293,108053326.0,0.0,216293,108053326.0,1.0,finite_acc_ge_0_and_positive_population_for_all_formal_inequality_metrics,14.880284433137682,6.6348049532769675,13.395051844394446,21.67160727219148,11.038514061052789,0.4171843283018326,0.3037864839668538,0.19030786742462602,8.063471364129967,42.45495640021251,5.164153462841126,0.12221777055151861,0.18156871341533565,0.30378648396685426,0.0,40.23147078684832,59.76852921315169,21
2018,广西壮族自治区,450000,0.0,57.198734283447266,292610,47719589.0,0.0,292610,47719589.0,1.0,finite_acc_ge_0_and_positive_population_for_all_formal_inequality_metrics,11.547898360912246,0.0,3.884387731552124,17.87114984043478,15.26064795419539,0.6679289166421258,0.8371321815256065,0.5003319040383367,36.80737904092175,,,0.6311682600116075,0.205963921513999,0.8371321815256065,0.0,75.39648742942289,24.60351257057711,14
2018,新疆维吾尔自治区,650000,0.0,78.96347045898438,434399,22566364.0,0.0,434399,22566364.0,1.0,finite_acc_ge_0_and_positive_population_for_all_formal_inequality_metrics,19.439342193086272,0.0,6.20301153686186,39.07658916823776,22.346249986083293,0.6151863053708568,0.7703683169691479,0.5104749629287001,46.472626250290034,,,0.4742185603937821,0.2961497565753657,0.7703683169691478,0.0,61.55738105371407,38.44261894628593,15
2018,江苏省,320000,0.0,46.60979461669922,131003,81469512.0,0.0,131003,81469512.0,1.0,finite_acc_ge_0_and_positive_population_for_all_formal_inequality_metrics,13.043774220088478,4.403627679589089,11.548346258345104,17.8901071648899,10.97807896891327,0.45763526194276993,0.3699451445678475,0.2272647063115274,9.115061349575777,335.99107950937304,7.373563247544913,0.23809412783625383,0.1318510167315936,0.36994514456784744,0.0,64.35930605722214,35.640693942777865,13
2018,江西省,360000,0.0,54.311527252197266,207898,46262322.0,0.0,207898,46262322.0,1.0,finite_acc_ge_0_and_positive_population_for_all_formal_inequality_metrics,11.685925612318636,0.0,5.734839401697453,15.852954201076342,14.345141206235674,0.6272081415375658,0.7097616315036257,0.4187828432520856,26.022610797616252,,,0.46606718995730256,0.24369444154632314,0.7097616315036257,0.0,65.66531202453731,34.334687975462685,11
2018,河北省,130000,0.0,36.670387268066406,271658,74436999.0,0.0,271658,74436999.0,1.0,finite_acc_ge_0_and_positive_population_for_all_formal_inequality_metrics,9.162230112581488,1.7115243077278137,7.46796783836939,14.595608792686551,8.329184731598698,0.503054678869093,0.4503282666386466,0.28394975259370914,14.174234778057079,,18.429937615280902,0.3582237395140666,0.09210452712457995,0.45032826663864656,0.0,79.54724720878188,20.452752791218117,11
2018,河南省,410000,0.0,61.34394836425781,228001,97542290.0,0.0,228001,97542290.0,1.0,finite_acc_ge_0_and_positive_population_for_all_formal_inequality_metrics,11.31469210081708,1.9738891329681665,7.779575828986894,15.23269976879573,12.381298156214704,0.5583849510408885,0.5482731851666003,0.3188626716739248,15.330267517812018,,19.40183357960071,0.28096448907595484,0.26730869609064545,0.5482731851666003,0.0,51.24534569214432,48.75465430785568,18
2018,浙江省,330000,0.0,44.79648971557617,130318,56302242.0,0.0,130318,56302242.0,1.0,finite_acc_ge_0_and_positive_population_for_all_formal_inequality_metrics,14.470340348937583,6.49764025671842,12.592336759896114,18.852632738940308,10.622615819546994,0.40328199031997725,0.2764241355790759,0.16098354149044647,4.401204840119866,12.775048946080036,3.926251363433029,0.18817940032324332,0.08824473525583265,0.27642413557907597,0.0,68.07632767993637,31.923672320063634,11
2018,海南省,460000,0.0,41.320011138916016,38028,8959803.0,0.0,38028,8959803.0,1.0,finite_acc_ge_0_and_positive_population_for_all_formal_inequality_metrics,16.520463469892,2.713069267963108,10.896837768607966,33.413582282188614,15.129503409667127,0.5089006037042201,0.4786731410417171,0.30878243833880226,18.273247748862335,,83.97723984569333,0.0959479179246876,0.3827252231170295,0.4786731410417171,0.0,20.044558530248846,79.95544146975115,19
2018,湖北省,420000,0.0,61.67383575439453,243683,59369988.0,0.0,243683,59369988.0,1.0,finite_acc_ge_0_and_positive_population_for_all_formal_inequality_metrics,16.31944145863901,0.859071360688148,10.059886775487442,27.84840878573331,17.154240637005504,0.5709433675747957,0.5876916739616478,0.36270123567001433,19.38664026679608,,741.804780243907,0.33963522806901025,0.24805644589263798,0.5876916739616482,0.0,57.791396937703475,42.20860306229653,17
2018,湖南省,430000,0.0,52.21748733520508,270698,68198310.0,0.0,270698,68198310.0,1.0,finite_acc_ge_0_and_positive_population_for_all_formal_inequality_metrics,11.231425583978968,0.0,6.956308042837417,18.007745914616862,12.836781345159626,0.5979227794483328,0.6490154808856394,0.40011906749653847,26.147524770041958,,,0.4306149968701156,0.2184004840155236,0.6490154808856392,0.0,66.34895615779507,33.65104384220493,14
2018,甘肃省,620000,0.0,47.55044174194336,330922,26521901.0,0.0,330922,26521901.0,1.0,finite_acc_ge_0_and_positive_population_for_all_formal_inequality_metrics,10.285468306885333,0.0,0.0,18.750571608543396,14.347669136264907,0.6949782130161007,0.9492119344789508,0.5720835649585869,50.17235755461119,,,0.5106165855138811,0.43859534896506913,0.9492119344789502,0.0,53.793738465179885,46.20626153482012,14
2018,福建省,350000,0.0,38.36178970336914,154379,38148108.0,0.0,154379,38148108.0,1.0,finite_acc_ge_0_and_positive_population_for_all_formal_inequality_metrics,12.56982066818453,0.9731384633617872,11.155979723959181,20.215136888257028,11.194248077529744,0.4961314217892763,0.45814275580655006,0.3108313681265875,21.699257011645244,,,0.30543133554275714,0.15271142026379225,0.4581427558065494,0.0,66.66728474295147,33.33271525704852,9
2018,西藏自治区,540000,0.0,59.04860305786133,533687,4161655.0,0.0,533687,4161655.0,1.0,finite_acc_ge_0_and_positive_population_for_all_formal_inequality_metrics,7.135456732020117,0.0,0.0,0.0,15.997383485259293,0.8499319208913251,1.7318032508764079,0.8131356764999269,79.58449222725093,,,0.8900045937673071,0.8417986571091007,1.7318032508764079,0.0,51.39178444877647,48.60821555122353,7
2018,贵州省,520000,0.0,63.057952880859375,227962,36041122.0,0.0,227962,36041122.0,1.0,finite_acc_ge_0_and_positive_population_for_all_formal_inequality_metrics,10.802559977348984,0.0,2.6447781936542407,17.71234703063965,14.189430053059496,0.6694175717071227,0.8619506394043104,0.528240833361118,43.454585015416555,,,0.6230744902350298,0.23887614916928124,0.861950639404311,0.0,72.28656279733524,27.713437202664775,9
2018,辽宁省,210000,0.0,49.80958557128906,212408,45357174.0,0.0,212408,45357174.0,1.0,finite_acc_ge_0_and_positive_population_for_all_formal_inequality_metrics,18.072556624075457,2.3770544428600178,14.920602008444657,30.20298093784041,15.800643065846623,0.49364767042168056,0.44959113908765547,0.2990075809687004,18.0962398583298,,101.06418269177398,0.30988341887603355,0.13970772021162103,0.4495911390876546,0.0,68.92560638647664,31.074393613523355,14
2018,重庆市,500000,0.0,39.61465835571289,109688,29867954.0,0.0,109688,29867954.0,1.0,finite_acc_ge_0_and_positive_population_for_all_formal_inequality_metrics,13.155082341502514,1.6326912641525269,10.346756044644875,24.61671458905057,11.746596836493234,0.5037466983117341,0.4692849529954385,0.3077518068416826,18.036715872804677,,65.13649266471882,0.4692849529954346,0.0,0.4692849529954346,0.0,99.99999999999925,0.0,1
2018,陕西省,610000,0.0,72.54431915283203,282049,38715619.0,0.0,282049,38715619.0,1.0,finite_acc_ge_0_and_positive_population_for_all_formal_inequality_metrics,14.840945062488679,0.0,11.419683771337418,25.31817626953125,15.294824282416778,0.561323523790862,0.594944164110399,0.3896809603806368,27.11385035584734,,,0.3620111311517378,0.23293303295866163,0.5949441641103994,0.0,60.84791699621782,39.15208300378218,10
2018,青海省,630000,0.0,48.591060638427734,306513,5842210.0,0.0,306513,5842210.0,1.0,finite_acc_ge_0_and_positive_population_for_all_formal_inequality_metrics,18.83374025082762,0.0,4.847721094698519,41.39327607836042,20.55081123152229,0.5839095383376163,0.7384296524845398,0.5003998147853517,44.745139253809775,,,0.17967219325994943,0.5587574592245903,0.7384296524845397,0.0,24.33166011893207,75.66833988106792,8
2018,黑龙江省,230000,0.0,71.97748565673828,522270,39591609.0,0.0,522270,39591609.0,1.0,finite_acc_ge_0_and_positive_population_for_all_formal_inequality_metrics,21.30954997639682,0.0,9.320908432915097,38.36965694039116,25.01803360578347,0.6245590946406893,0.7445012654450387,0.47176909673694756,36.151690627173046,,,0.5880169059325318,0.15648435951250717,0.7445012654450389,0.0,78.98131718836423,21.018682811635767,13
2018,,,0.0,43.558837890625,20415,2293777.0,0.0,20415,2293777.0,1.0,finite_acc_ge_0_and_positive_population_for_all_formal_inequality_metrics,5.9405957770961875,0.0,1.7211029529571533,8.533159852027893,8.73617613302694,0.7005114766425065,0.933527808871514,0.5383532124853838,41.47033473611428,,,0.933527808871514,0.0,0.933527808871514,0.0,99.99999999999996,0.0,1
2019,上海市,310000,0.0,21.068744659423828,8728,23989439.0,0.0,8728,23989439.0,1.0,finite_acc_ge_0_and_positive_population_for_all_formal_inequality_metrics,17.66147776609682,16.55546749223165,19.20516897501876,20.32462028015082,4.0672351681792165,0.10820073070421432,0.037888354989097164,0.02786007758167308,1.2563194995931335,1.6413425853629855,1.3012752315030427,0.037888354989096484,0.0,0.037888354989096484,0.0,100.0,0.0,1
2019,云南省,530000,0.0,78.09575653076172,476771,47849531.0,0.0,476771,47849531.0,1.0,finite_acc_ge_0_and_positive_population_for_all_formal_inequality_metrics,12.763673537231542,0.0,0.0,22.289024379518295,17.63319365918981,0.6917587351752574,0.9453457945249493,0.5738721920710348,50.744196426920055,,,0.7212108737759824,0.22413492074896624,0.9453457945249486,0.0,76.29069468050074,23.709305319499265,16
2019,内蒙古自治区,150000,0.0,56.46346664428711,890562,26004737.0,0.0,890562,26004737.0,1.0,finite_acc_ge_0_and_positive_population_for_all_formal_inequality_metrics,13.899567363718315,0.0,3.8049917297978557,27.95915712861933,16.83878282001228,0.6383842812522809,0.8028150815143369,0.516008908509594,45.041686058966874,,,0.6015711300659614,0.20124395144837592,0.8028150815143373,0.0,74.93271413526853,25.06728586473147,12
2019,北京市,110000,0.0,27.081907272338867,21533,20418888.0,0.0,21533,20418888.0,1.0,finite_acc_ge_0_and_positive_population_for_all_formal_inequality_metrics,21.96523576343925,20.265021388861282,24.435162095794258,26.03085139979552,6.079305171089887,0.13350716617725267,0.05346871759576285,0.0360912970701035,0.4451466700831113,1.972677340673616,1.4022399682917097,0.05346871759576732,0.0,0.05346871759576732,0.0,100.00000000000912,0.0,1
2019,吉林省,220000,0.0,57.99980926513672,244258,28561431.0,0.0,244258,28561431.0,1.0,finite_acc_ge_0_and_positive_population_for_all_formal_inequality_metrics,12.766482129960501,0.0,4.6907158432503,20.600768496901352,16.59736573205506,0.661907828766008,0.8288759914955534,0.49984140810570477,38.16120417775986,,,0.5710389397461544,0.2578370517493993,0.8288759914955537,0.0,68.89316925633472,31.10683074366528,9
2019,四川省,510000,0.0,152.3114776611328,576762,83959768.0,0.0,576762,83959768.0,1.0,finite_acc_ge_0_and_positive_population_for_all_formal_inequality_metrics,13.605146911213975,1.615547123448602,11.336054339553371,22.035809428495295,13.123801460029785,0.5135523133735556,0.4872112711318245,0.3140745573827871,19.387297497058352,,244.26953739451363,0.32757899818475433,0.1596322729470705,0.48721127113182483,0.0,67.23551313247866,32.76448686752133,21
2019,天津市,120000,0.0,34.28874969482422,16617,13461235.0,0.0,16617,13461235.0,1.0,finite_acc_ge_0_and_positive_population_for_all_formal_inequality_metrics,23.97131199874801,13.724456802868087,27.79016010849564,33.37415494311715,10.230246251856459,0.2347695157415356,0.10802716428123815,0.06075139080052672,0.014367181020166426,4.025137068441045,2.9226061645647623,0.10802716428123693,0.0,0.10802716428123693,0.0,99.99999999999876,0.0,1
2019,宁夏回族自治区,640000,0.0,38.31029510498047,73702,6554237.0,0.0,73702,6554237.0,1.0,finite_acc_ge_0_and_positive_population_for_all_formal_inequality_metrics,12.088069874344434,0.0,0.6302204728126526,25.542910905402,15.00334438122224,0.6461828612598762,0.8520311873292516,0.5389928335033034,45.32335342771401,,,0.193802246123985,0.658228941205266,0.852031187329251,0.0,22.745909892274152,77.25409010772584,5
2019,安徽省,340000,0.0,51.295166015625,181584,61890972.0,0.0,181584,61890972.0,1.0,finite_acc_ge_0_and_positive_population_for_all_formal_inequality_metrics,13.690535526116628,2.180205225944519,10.434999756191088,20.55476510350975,13.28644643290433,0.5269565812651437,0.49105159115361235,0.3041643772842495,15.869392065776571,,27.542729842912067,0.31620629712310944,0.17484529403050253,0.49105159115361197,0.0,64.39370176568535,35.60629823431465,16
2019,山东省,370000,0.0,45.362579345703125,220447,99610040.0,0.0,220447,99610040.0,1.0,finite_acc_ge_0_and_positive_population_for_all_formal_inequality_metrics,13.267509917043295,5.686166432828026,11.050854577886632,19.063593293056254,9.765378148601252,0.4068495615756932,0.275395178055712,0.15358519353882238,2.0345920953349683,12.635621665603038,4.736710634743799,0.19506893800863256,0.08032624004707989,0.27539517805571245,0.0,70.83237236970436,29.16762763029565,16
2019,山西省,140000,0.0,47.66504669189453,224416,37214911.0,0.0,224416,37214911.0,1.0,finite_acc_ge_0_and_positive_population_for_all_formal_inequality_metrics,12.113853196923447,1.2178570102242863,7.5901058715841225,18.229099237001858,13.241901150822995,0.5743848654514537,0.584558744953309,0.3514201223591079,19.602693662225875,,401.75169611124204,0.2755496611313637,0.3090090838219455,0.5845587449533092,0.0,47.138061573841114,52.861938426158886,11
2019,广东省,440000,0.0,41.07221984863281,216233,108437079.0,0.0,216233,108437079.0,1.0,finite_acc_ge_0_and_positive_population_for_all_formal_inequality_metrics,15.042928018230239,6.7154259810781785,13.468746760913303,22.240523840173342,10.969698489048865,0.4120366135325585,0.29603778358319355,0.18547456835033882,7.617334472832858,33.02792703093873,5.000665379356175,0.11626552814419266,0.17977225543900088,0.29603778358319355,0.0,39.273881440717965,60.726118559282035,21
2019,广西壮族自治区,450000,0.0,64.78824615478516,292708,47889439.0,0.0,292708,47889439.0,1.0,finite_acc_ge_0_and_positive_population_for_all_formal_inequality_metrics,12.389354729793855,0.0,5.195280466832966,18.52083969116211,15.64640679755989,0.6460160248481053,0.7743071609122301,0.4691564655203858,33.47751265158901,,,0.6212628639890236,0.15304429692320687,0.7743071609122305,0.0,80.23467886530953,19.765321134690474,14
2019,新疆维吾尔自治区,650000,0.0,78.26305389404297,437600,22646625.0,0.0,437600,22646625.0,1.0,finite_acc_ge_0_and_positive_population_for_all_formal_inequality_metrics,20.399723633556007,0.0,7.264455570493426,39.36588187979049,23.415115768691606,0.6147985315306324,0.7674437049142689,0.5086009038564583,46.168221534113805,,,0.4754114051381708,0.29203229977609757,0.7674437049142684,0.0,61.947397847413356,38.05260215258664,15
2019,江苏省,320000,0.0,47.567138671875,131137,81759626.0,0.0,131137,81759626.0,1.0,finite_acc_ge_0_and_positive_population_for_all_formal_inequality_metrics,13.618975409793384,5.4114870429039,12.079937588974861,18.34049867078895,10.92441885463189,0.43683740247807157,0.33684925412402794,0.20732392105026431,8.277563549520151,106.35308931277314,5.404054092053551,0.2234421891480971,0.11340706497593134,0.33684925412402844,0.0,66.33299210626285,33.667007893737136,13
2019,江西省,360000,0.0,53.73475646972656,207726,46426996.0,0.0,207726,46426996.0,1.0,finite_acc_ge_0_and_positive_population_for_all_formal_inequality_metrics,12.244699389732148,0.4246515976274285,6.537853198004241,17.929813385009766,14.597504993485865,0.6123291944031259,0.6684282215671979,0.39215926735443885,22.652624348127112,,,0.425840397184285,0.24258782438291293,0.6684282215671979,0.0,63.70772260121795,36.29227739878204,11
2019,河北省,130000,0.0,36.51735305786133,271936,74702146.0,0.0,271936,74702146.0,1.0,finite_acc_ge_0_and_positive_population_for_all_formal_inequality_metrics,9.639140797639062,1.75812954422314,7.748728829138743,15.292543957310338,8.856530872022748,0.5075182018517357,0.45602381567315553,0.28539931957436293,13.847528556943999,,17.70115492598064,0.352509420421268,0.10351439525188733,0.4560238156731553,0.0,77.30066025190251,22.69933974809748,11
2019,河南省,410000,0.0,62.337738037109375,228478,97889530.0,0.0,228478,97889530.0,1.0,finite_acc_ge_0_and_positive_population_for_all_formal_inequality_metrics,11.720165568337615,1.9705387353897095,8.119719467163087,16.064308759726675,12.698170466181567,0.5576898755022814,0.5463009026044894,0.32007432025151894,15.7165388371974,,20.17192319222139,0.280129971212038,0.26617093139245185,0.5463009026044898,0.0,51.27759626178873,48.72240373821127,18
2019,浙江省,330000,0.0,42.716453552246094,130610,56498901.0,0.0,130610,56498901.0,1.0,finite_acc_ge_0_and_positive_population_for_all_formal_inequality_metrics,14.835052070981833,6.801420785637917,12.789197040826469,18.791938604882073,10.932198183242397,0.40244222431783294,0.27361513108574015,0.1564429267546984,3.7494570027123184,12.066166281842522,3.7615021292148993,0.18064514332095305,0.09296998776478693,0.27361513108574,0.0,66.02162044333218,33.97837955666782,11
2019,海南省,460000,0.0,41.81455993652344,38133,8990164.0,0.0,38133,8990164.0,1.0,finite_acc_ge_0_and_positive_population_for_all_formal_inequality_metrics,16.765443514816972,3.416958229398249,10.849016189575195,33.93355282387435,15.195479316150355,0.5040432689125409,0.46546912467980706,0.29706898651687863,16.521478362352454,,33.816773041407195,0.09184544634946823,0.3736236783303397,0.46546912467980794,0.0,19.73180206370248,80.26819793629751,19
2019,湖北省,420000,0.0,61.09608459472656,243727,59581350.0,0.0,243727,59581350.0,1.0,finite_acc_ge_0_and_positive_population_for_all_formal_inequality_metrics,16.405773077343436,1.0488912537797601,10.438951583266947,27.54341424661985,16.939803793851954,0.5630129408757281,0.5701372636786609,0.35311194889969555,18.76810444879144,,255.33953688123913,0.3339109252471153,0.23622633843154617,0.5701372636786615,0.0,58.56676041356119,41.43323958643881,17
2019,湖南省,430000,0.0,54.31269073486328,270242,68441134.0,0.0,270242,68441134.0,1.0,finite_acc_ge_0_and_positive_population_for_all_formal_inequality_metrics,11.797044505890097,0.09507253766059875,7.449527543374347,18.18684285296464,13.367765841089287,0.591830566682322,0.6310431188960691,0.3859184990315615,24.05351875087283,,,0.41432108540419943,0.21672203349186914,0.6310431188960686,0.0,65.65654120894348,34.34345879105653,14
2019,甘肃省,620000,0.0,51.53480529785156,330842,26616321.0,0.0,330842,26616321.0,1.0,finite_acc_ge_0_and_positive_population_for_all_formal_inequality_metrics,11.31740752617334,0.0,1.500991654396057,20.277894769066876,15.535683555094186,0.6892376749461857,0.9233494444131365,0.556160383100037,47.16705588274202,,,0.4894069217487762,0.4339425226643603,0.9233494444131365,0.0,53.003434908636784,46.996565091363216,14
2019,福建省,350000,0.0,36.05364990234375,154335,38283336.0,0.0,154335,38283336.0,1.0,finite_acc_ge_0_and_positive_population_for_all_formal_inequality_metrics,13.20682668351324,2.0855511744417736,12.269345195592402,21.756910040706074,10.884551320662299,0.4673573766206167,0.4137670225341175,0.28841901105579737,20.435003365432937,,,0.2820695939128761,0.131697428621242,0.4137670225341181,0.0,68.17111527770858,31.828884722291416,9
2019,西藏自治区,540000,0.0,58.9416389465332,521323,4184662.0,0.0,521323,4184662.0,1.0,finite_acc_ge_0_and_positive_population_for_all_formal_inequality_metrics,7.096081932731971,0.0,0.0,0.0,15.910359693899753,0.8497682155353481,1.7328672369080398,0.8135409475103392,79.69601845979436,,,0.8919785862651253,0.8408886506429141,1.7328672369080393,0.0,51.47414454304564,48.52585545695436,7
2019,贵州省,520000,0.0,65.83840942382812,228022,36169444.0,0.0,228022,36169444.0,1.0,finite_acc_ge_0_and_positive_population_for_all_formal_inequality_metrics,11.817525550843532,0.0,3.489526606071034,20.18184603824195,15.338635876582071,0.6655156295938989,0.8489655535768736,0.5191158328427845,41.44121209051485,,,0.6137831633926534,0.2351823901842205,0.8489655535768739,0.0,72.29777001041484,27.70222998958517,9
2019,辽宁省,210000,0.0,51.169090270996094,212220,45518047.0,0.0,212220,45518047.0,1.0,finite_acc_ge_0_and_positive_population_for_all_formal_inequality_metrics,18.324522759729803,2.334094172080761,14.940219281829668,31.04505258569387,16.17870548902841,0.49761239038619,0.45443938804418255,0.30056470822274894,18.00150828088033,,90.26871100038335,0.30603043009113007,0.1484089579530523,0.4544393880441824,0.0,67.34240872214549,32.65759127785451,14
2019,重庆市,500000,0.0,39.62469482421875,109738,29974281.0,0.0,109738,29974281.0,1.0,finite_acc_ge_0_and_positive_population_for_all_formal_inequality_metrics,13.664642940075762,1.7309795657045952,10.677014425480166,25.50724659053158,12.241625361458583,0.5049753867766925,0.47020049250445245,0.30735110519156994,17.894130638196128,,63.02657409840939,0.47020049250446005,0.0,0.47020049250446005,0.0,100.00000000000134,0.0,1
2019,陕西省,610000,0.0,71.58338928222656,282077,38853432.0,0.0,282077,38853432.0,1.0,finite_acc_ge_0_and_positive_population_for_all_formal_inequality_metrics,15.461398032953964,0.21130093521853013,12.398366928100586,26.034094727345003,15.334449857882772,0.5442138722808996,0.5519881446039627,0.36125625162519026,23.795434596356895,,,0.35953988538292814,0.1924482592210346,0.5519881446039627,0.0,65.13543613167431,34.864563868325696,10
2019,青海省,630000,0.0,51.002872467041016,306381,5862984.0,0.0,306381,5862984.0,1.0,finite_acc_ge_0_and_positive_population_for_all_formal_inequality_metrics,19.284569988423183,0.0,2.4725337361180504,42.88734431234472,21.523990313270552,0.5940969199865778,0.766880067903576,0.5183544926068224,48.08058490352353,,,0.1871601283823523,0.5797199395212234,0.7668800679035757,0.0,24.405397429873616,75.59460257012638,8
2019,黑龙江省,230000,0.0,72.29585266113281,522735,39733156.0,0.0,522735,39733156.0,1.0,finite_acc_ge_0_and_positive_population_for_all_formal_inequality_metrics,21.712545898236808,0.0,9.443306592467485,40.206174016712666,25.139398440248502,0.6192092594470818,0.7336127701913175,0.46712621668453147,35.76811265634172,,,0.5829581334234444,0.15065463676787338,0.7336127701913178,0.0,79.464011139203,20.535988860797012,13
2019,,,0.0,44.442604064941406,20499,2312174.0,0.0,20499,2312174.0,1.0,finite_acc_ge_0_and_positive_population_for_all_formal_inequality_metrics,6.153991426498246,0.0,1.8696519850275002,9.182942238889,8.920378930519773,0.6944076688887985,0.9147393669658745,0.5303291208665581,40.57739599182415,,,0.9147393669658743,0.0,0.9147393669658743,0.0,100.0,0.0,1
2020,上海市,310000,0.0,22.083791732788086,9272,24035938.0,0.0,9272,24035938.0,1.0,finite_acc_ge_0_and_positive_population_for_all_formal_inequality_metrics,18.176158642302244,16.670735539373897,19.773350728117933,21.241262728033387,4.346466451695639,0.11702594724738313,0.03936940516963782,0.027731180008798373,1.010216451714928,1.7529822200184175,1.3653629307822202,0.039369405169638494,0.0,0.039369405169638494,0.0,100.00000000000114,0.0,1
2020,云南省,530000,0.0,103.49453735351562,476629,48001519.0,0.0,476629,48001519.0,1.0,finite_acc_ge_0_and_positive_population_for_all_formal_inequality_metrics,13.457999844427317,0.0,0.3755886343538776,22.83306606997794,18.744593239358828,0.6890489229025127,0.931733304127671,0.5634625753807585,49.11460822729381,,,0.7242272250017927,0.20750607912587782,0.9317333041276705,0.0,77.72902629898434,22.270973701015667,16
2020,内蒙古自治区,150000,0.0,55.766719818115234,889624,26084287.0,0.0,889624,26084287.0,1.0,finite_acc_ge_0_and_positive_population_for_all_formal_inequality_metrics,14.832522312418263,0.0,7.107991695404053,28.474622581433007,16.699608946461456,0.6053712522298531,0.7298526445712347,0.48452899972333663,42.26208291604827,,,0.5687630135105608,0.16108963106067353,0.7298526445712343,0.0,77.92847196500759,22.071528034992415,12
2020,北京市,110000,0.0,28.32917594909668,19661,20485664.0,0.0,19661,20485664.0,1.0,finite_acc_ge_0_and_positive_population_for_all_formal_inequality_metrics,22.852128138186195,20.856363386721224,25.38699330087946,27.21458534757898,6.355619405625248,0.13553974454248907,0.053843548636784366,0.03632480881860156,0.4674244388661261,1.9479669023187527,1.4167527463022187,0.053843548636785865,0.0,0.053843548636785865,0.0,100.00000000000246,0.0,1
2020,吉林省,220000,0.0,57.971588134765625,244201,28651697.0,0.0,244201,28651697.0,1.0,finite_acc_ge_0_and_positive_population_for_all_formal_inequality_metrics,13.383299465662938,0.0,6.6521253490448,20.61540562251829,16.41125826108385,0.6380569472053945,0.7675687335533589,0.4765640162708049,36.8011849350494,,,0.5457213421375027,0.22184739141585563,0.7675687335533583,0.0,71.09739079797552,28.902609202024472,9
2020,四川省,510000,0.0,163.81317138671875,577561,84251200.0,0.0,577561,84251200.0,1.0,finite_acc_ge_0_and_positive_population_for_all_formal_inequality_metrics,14.820820576067108,2.4849674421198227,12.253579931389796,23.471845711703004,13.9453834371862,0.5046741159500684,0.4634611357402293,0.29647484753236675,17.501072981749815,,33.877859407637054,0.29791129630510493,0.16554983943512447,0.4634611357402294,0.0,64.2796716555937,35.72032834440629,21
2020,天津市,120000,0.0,33.8906135559082,16886,13490618.0,0.0,16886,13490618.0,1.0,finite_acc_ge_0_and_positive_population_for_all_formal_inequality_metrics,23.891638045212503,15.526161149584292,26.9519021894111,32.920474561896896,9.762113020199056,0.22537675701414273,0.0992400705392476,0.05588268685296005,0.010384994964648765,4.169097109262306,2.591840248817123,0.09924007053924822,0.0,0.09924007053924822,0.0,100.0,0.0,1
2020,宁夏回族自治区,640000,0.0,38.66991424560547,73793,6574998.0,0.0,73793,6574998.0,1.0,finite_acc_ge_0_and_positive_population_for_all_formal_inequality_metrics,12.190515165424555,0.0,0.7786789337793986,25.682252018829512,15.132290940306962,0.6462355760058678,0.8502916695359353,0.5371231354591117,45.02193004469355,,,0.19070332344496732,0.6595883460909677,0.850291669535935,0.0,22.427989156832236,77.57201084316776,5
2020,安徽省,340000,0.0,52.622581481933594,181608,62108670.0,0.0,181608,62108670.0,1.0,finite_acc_ge_0_and_positive_population_for_all_formal_inequality_metrics,13.850889337691278,2.844467372768752,11.02873757011012,20.279716867615633,12.92956339337235,0.5090157299612507,0.45595256269608375,0.2816028067197889,13.632191769683685,,15.273991012362206,0.2858450114578064,0.17010755123827792,0.4559525626960843,0.0,62.691831309727,37.30816869027301,16
2020,山东省,370000,0.0,46.51773452758789,221569,99809435.0,0.0,221569,99809435.0,1.0,finite_acc_ge_0_and_positive_population_for_all_formal_inequality_metrics,14.104550585791547,6.415270183144546,11.769738571526224,19.9985445275199,10.01192868774918,0.39152648362971487,0.2531691052345953,0.13953072673598954,1.6747935703673704,9.936879253802053,4.1708334968620955,0.1784569684756292,0.07471213675896582,0.253169105234595,0.0,70.48923616104933,29.510763838950666,16
2020,山西省,140000,0.0,51.56275177001953,221125,37331357.0,0.0,221125,37331357.0,1.0,finite_acc_ge_0_and_positive_population_for_all_formal_inequality_metrics,12.782029499855952,1.5092949082422102,7.788857986977151,19.243709096070347,14.227032809421745,0.5786164720139917,0.5915477639000075,0.350687458983135,19.110982223335736,,133.62519666831702,0.26808186723249605,0.32346589666751147,0.5915477639000075,0.0,45.31871872273891,54.68128127726109,11
2020,广东省,440000,0.0,40.48811721801758,212968,108638137.0,0.0,212968,108638137.0,1.0,finite_acc_ge_0_and_positive_population_for_all_formal_inequality_metrics,15.38506803155988,7.180096587196726,14.036997644105133,22.57592212158264,10.835698405958393,0.3999282356721918,0.28022652278679855,0.1765558697513847,7.069202595033455,25.058353837927037,4.676347025885246,0.1136267335287462,0.16659978925805285,0.28022652278679905,0.0,40.54817238523681,59.45182761476319,21
2020,广西壮族自治区,450000,0.0,67.53697967529297,290968,48024565.0,0.0,290968,48024565.0,1.0,finite_acc_ge_0_and_positive_population_for_all_formal_inequality_metrics,13.518803039040568,0.0,6.975469556615873,18.99351840465917,16.71506461862488,0.6346024443743352,0.736375270122745,0.4436361170188179,30.058754306259722,,,0.573817573162096,0.16255769696064926,0.7363752701227453,0.0,77.92461214326865,22.07538785673136,14
2020,新疆维吾尔自治区,650000,0.0,78.52689361572266,433515,22718032.0,0.0,433515,22718032.0,1.0,finite_acc_ge_0_and_positive_population_for_all_formal_inequality_metrics,21.28397935764872,0.0,12.190828323364258,39.94302005103063,23.60372570876289,0.6006932051087084,0.7154824852323426,0.47751953919424617,42.0485101878543,,,0.43905961676155325,0.27642286847078923,0.7154824852323425,0.0,61.365529670369924,38.63447032963007,15
2020,江苏省,320000,0.0,49.91720962524414,133273,82026611.0,0.0,133273,82026611.0,1.0,finite_acc_ge_0_and_positive_population_for_all_formal_inequality_metrics,14.583560699282648,6.384106080591644,13.28821962057276,19.960104489536935,10.954358028720288,0.4121257364818055,0.2985983622781614,0.18273775823107263,6.4172442769822595,31.4998604000985,4.423711519414866,0.18913947902117156,0.10945888325698938,0.29859836227816094,0.0,63.34243683660181,36.65756316339818,13
2020,江西省,360000,0.0,56.473819732666016,204892,46576318.0,0.0,204892,46576318.0,1.0,finite_acc_ge_0_and_positive_population_for_all_formal_inequality_metrics,13.975232018823622,0.7767030807969334,7.108386003334104,19.54512801046265,16.813855782988153,0.6131779103377566,0.6699025042427597,0.38780556100872665,21.408967965222153,,,0.38775939336710463,0.28214311087565536,0.66990250424276,0.0,57.882959223360054,42.117040776639946,11
2020,河北省,130000,0.0,36.52034378051758,267429,74903218.0,0.0,267429,74903218.0,1.0,finite_acc_ge_0_and_positive_population_for_all_formal_inequality_metrics,10.169857530770551,2.2422559027859625,8.524842982538344,15.62740134019118,9.06737784097836,0.4930301765486257,0.42815687416101683,0.26635607087776125,12.03690741297657,,13.040778006276273,0.3268415689134887,0.10131530524752774,0.42815687416101644,0.0,76.33687291695188,23.66312708304812,11
2020,河南省,410000,0.0,64.5543441772461,228710,98209109.0,0.0,228710,98209109.0,1.0,finite_acc_ge_0_and_positive_population_for_all_formal_inequality_metrics,12.406348711502906,2.6511367672620474,8.741792588929336,16.64848534883419,13.081884974835049,0.5428299728288801,0.5166043858418282,0.3027165052609577,14.603036465792599,,14.30535465566829,0.25580349628636556,0.2608008895554623,0.5166043858418279,0.0,49.516322992404206,50.483677007595794,18
2020,浙江省,330000,0.0,46.35111618041992,130171,56575263.0,0.0,130171,56575263.0,1.0,finite_acc_ge_0_and_positive_population_for_all_formal_inequality_metrics,15.817363559251463,7.40856722487679,13.690300531954932,19.0748427801354,11.62126986380868,0.39708437207982694,0.26690350396632745,0.1510674239078199,3.5975899926439583,10.628831822326283,3.568132253254026,0.17119081847856554,0.0957126854877619,0.26690350396632745,0.0,64.13959200032195,35.86040799967805,11
2020,海南省,460000,0.0,45.23002624511719,37039,8956843.0,0.0,37039,8956843.0,1.0,finite_acc_ge_0_and_positive_population_for_all_formal_inequality_metrics,18.98118465713388,4.960791221686772,15.857870071427401,34.1494859802589,15.378568950718172,0.46138787803038106,0.3905766158650685,0.25779428927212633,14.4232739147041,,14.12175996980997,0.10238608983698994,0.28819052602807904,0.390576615865069,0.0,26.214085963702665,73.78591403629733,19
2020,湖北省,420000,0.0,62.593990325927734,244891,59783734.0,0.0,244891,59783734.0,1.0,finite_acc_ge_0_and_positive_population_for_all_formal_inequality_metrics,17.167718421961876,1.4414490197612122,12.049795512965819,29.647937663139835,16.941376286270625,0.5443670526094644,0.5345632444625068,0.3358930462324118,17.786973627308058,,132.94752111487497,0.3209938602911393,0.21356938417136773,0.534563244462507,0.0,60.04787340249934,39.95212659750066,17
2020,湖南省,430000,0.0,54.19857406616211,270839,68658569.0,0.0,270839,68658569.0,1.0,finite_acc_ge_0_and_positive_population_for_all_formal_inequality_metrics,12.348951546141329,0.164574703801768,7.723209999595842,19.460955098671757,13.79147947347388,0.5893250224856358,0.624976540598689,0.3837627499249415,23.626176945225875,,,0.4142804378748166,0.21069610272387207,0.6249765405986887,0.0,66.28735815874973,33.71264184125028,14
2020,甘肃省,620000,0.0,61.166473388671875,331414,26703620.0,0.0,331414,26703620.0,1.0,finite_acc_ge_0_and_positive_population_for_all_formal_inequality_metrics,14.341349453470125,0.0,6.542475994368245,21.93955854898297,18.162478730876664,0.6501254142612019,0.7902242489591054,0.4839691852259662,37.65529542436569,,,0.4585185977851123,0.33170565117399287,0.7902242489591051,0.0,58.02385821354883,41.97614178645117,14
2020,福建省,350000,0.0,36.61043167114258,152481,38252897.0,0.0,152481,38252897.0,1.0,finite_acc_ge_0_and_positive_population_for_all_formal_inequality_metrics,13.446019558063908,2.4647220538722143,12.262966961840705,22.005794347072804,11.062896786984632,0.4664136421124112,0.4079670495604731,0.28053364177288576,18.58202268968021,,99.71144302640921,0.28245165903793934,0.1255153905225339,0.40796704956047325,0.0,69.23393919735454,30.766060802645452,9
2020,西藏自治区,540000,0.0,69.25827026367188,518779,4206848.0,0.0,518779,4206848.0,1.0,finite_acc_ge_0_and_positive_population_for_all_formal_inequality_metrics,8.560870058265932,0.0,0.0,0.0,17.36849623824457,0.821890356351606,1.5905548404277796,0.7890441501914208,77.65312652132903,,,1.0978626647319714,0.4926921756958076,1.590554840427779,0.0,69.02388002143338,30.97611997856661,7
2020,贵州省,520000,0.0,64.94233703613281,228264,36293803.0,0.0,228264,36293803.0,1.0,finite_acc_ge_0_and_positive_population_for_all_formal_inequality_metrics,12.04074205142376,0.0,3.371773560320329,20.799498036287833,15.688338992509532,0.6672823481084387,0.8548278253955996,0.5216939523600611,41.618925963752,,,0.6103429390406374,0.24448488635496224,0.8548278253955996,0.0,71.39951706160024,28.600482938399768,9
2020,辽宁省,210000,0.0,51.06395721435547,212225,45662190.0,0.0,212225,45662190.0,1.0,finite_acc_ge_0_and_positive_population_for_all_formal_inequality_metrics,18.2647150467769,2.3898095102066645,14.788205939248792,30.92678344902987,16.136131016576844,0.4977652763116127,0.45408300385338707,0.2998612186706916,17.881934703526046,,82.41431048973531,0.30492219456467007,0.14916080928871667,0.45408300385338674,0.0,67.15120186773665,32.84879813226336,14
2020,重庆市,500000,0.0,38.28314208984375,109861,30090764.0,0.0,109861,30090764.0,1.0,finite_acc_ge_0_and_positive_population_for_all_formal_inequality_metrics,14.87807532971704,2.414717355870312,12.075502548762245,27.81205987930298,12.851397277108099,0.48911991119210463,0.4433204838013423,0.292277723020382,17.205648218170865,,35.03775578637442,0.4433204838013447,0.0,0.4433204838013447,0.0,100.0000000000006,0.0,1
2020,陕西省,610000,0.0,63.01674270629883,278605,38992086.0,0.0,278605,38992086.0,1.0,finite_acc_ge_0_and_positive_population_for_all_formal_inequality_metrics,16.2051565759627,0.32916920603988886,12.678255436032318,28.160774762336153,15.915453550117736,0.5431944348266827,0.5465734002327114,0.3570779397031142,23.02381052401249,,,0.3342705976758613,0.21230280255685008,0.5465734002327114,0.0,61.157494589663685,38.842505410336315,10
2020,青海省,630000,0.0,55.20354461669922,306115,5881522.0,0.0,306115,5881522.0,1.0,finite_acc_ge_0_and_positive_population_for_all_formal_inequality_metrics,20.977337541821075,0.0,3.3529400948517445,46.18860687173339,23.256790043627813,0.5912998678903799,0.7589707447949903,0.512835188309718,45.81402568926887,,,0.1878745053653379,0.5710962394296528,0.7589707447949907,0.0,24.753853380222925,75.24614661977708,8
2020,黑龙江省,230000,0.0,71.78057861328125,523490,39858016.0,0.0,523490,39858016.0,1.0,finite_acc_ge_0_and_positive_population_for_all_formal_inequality_metrics,21.897165142605893,0.0,9.462248537913862,39.91213607788086,25.333400773617097,0.6186187837361228,0.7328073474307856,0.46658141994515046,35.74386141046258,,,0.5844165674136419,0.14839078001714423,0.7328073474307861,0.0,79.75036951561681,20.24963048438318,13
2020,,,0.0,45.52310562133789,23660,2734845.0,0.0,23660,2734845.0,1.0,finite_acc_ge_0_and_positive_population_for_all_formal_inequality_metrics,7.3243797446008,0.0,3.279353062311808,11.925549989922224,9.411478649622248,0.6473551717890773,0.7744049926051899,0.4648687144937701,33.1244732334008,,,0.7744049926051892,0.0,0.7744049926051892,0.0,100.0,0.0,1
2021,上海市,310000,0.0,22.53485870361328,9256,24102871.0,0.0,9256,24102871.0,1.0,finite_acc_ge_0_and_positive_population_for_all_formal_inequality_metrics,18.593569137808917,17.11520443753509,20.191565865513727,21.673432236272394,4.390210261769441,0.11526461499804552,0.03840846117046925,0.0271445233577281,1.031051446111959,1.7467866003889558,1.3534501318549967,0.03840846117046981,0.0,0.03840846117046981,0.0,100.0,0.0,1
2021,云南省,530000,0.0,101.2610092163086,318762,48143895.0,0.0,318762,48143895.0,1.0,finite_acc_ge_0_and_positive_population_for_all_formal_inequality_metrics,13.55247549530373,0.0,1.9023950427889045,22.696158256921773,18.498986679388974,0.6807177039708514,0.9019970193593666,0.5486659329460829,47.18159799908171,,,0.6954323361058234,0.20656468325354327,0.9019970193593667,0.0,77.0991833875179,22.900816612482103,16
2021,内蒙古自治区,150000,0.0,54.877132415771484,327745,26163487.0,0.0,327745,26163487.0,1.0,finite_acc_ge_0_and_positive_population_for_all_formal_inequality_metrics,15.165688906152255,0.0,8.155864140987397,28.424002446864623,17.11233156028959,0.6050745950544065,0.7222307605991513,0.4777923419126656,41.12971256468987,,,0.5445282184827134,0.177702542116438,0.7222307605991514,0.0,75.39532351557295,24.604676484427046,12
2021,北京市,110000,0.0,29.168529510498047,19668,20542707.0,0.0,19668,20542707.0,1.0,finite_acc_ge_0_and_positive_population_for_all_formal_inequality_metrics,23.455741743061992,21.244232696399354,26.09513285385935,28.044028108562145,6.595612930011454,0.1377289241609464,0.05491828996905435,0.036963088951771805,0.47602781853433435,1.980112829707615,1.43017127088233,0.05491828996905257,0.0,0.05491828996905257,0.0,99.99999999999838,0.0,1
2021,吉林省,220000,0.0,57.62308120727539,243870,28730929.0,0.0,243870,28730929.0,1.0,finite_acc_ge_0_and_positive_population_for_all_formal_inequality_metrics,12.99271194202169,0.0,5.557326394861395,20.639184510385668,16.339233405541105,0.648577466119001,0.7917556985608253,0.4840827789149865,36.845756014363474,,,0.5520025435874727,0.2397531549733527,0.7917556985608254,0.0,69.71879641546602,30.281203584533976,9
2021,四川省,510000,0.0,104.56751251220703,324955,84492889.0,0.0,324955,84492889.0,1.0,finite_acc_ge_0_and_positive_population_for_all_formal_inequality_metrics,17.74283106344255,4.480486379182043,14.733921726930488,27.29033023656759,15.518807032514504,0.4825399091222681,0.4143469784473647,0.2629483305476539,13.756768335853684,,13.711169291745499,0.25653765358394676,0.1578093248634178,0.41434697844736457,0.0,61.91372615898907,38.08627384101093,21
2021,天津市,120000,0.0,34.071163177490234,16889,13528188.0,0.0,16889,13528188.0,1.0,finite_acc_ge_0_and_positive_population_for_all_formal_inequality_metrics,24.050637708258733,15.573113097290625,27.160615906177327,33.113053487310346,9.824796385025216,0.22522752784651257,0.09911223261862047,0.05580111969408741,0.010378330046862151,4.123804908826172,2.6142557413417937,0.09911223261861846,0.0,0.09911223261861846,0.0,99.99999999999865,0.0,1
2021,宁夏回族自治区,640000,0.0,37.603477478027344,39040,6592379.0,0.0,39040,6592379.0,1.0,finite_acc_ge_0_and_positive_population_for_all_formal_inequality_metrics,12.156383744718909,0.0,0.9767231800976921,25.444435033155848,14.746925491486142,0.6364632769712102,0.8243197761670363,0.5261703189549449,43.87956153613134,,,0.17428552814727416,0.6500342480197627,0.8243197761670369,0.0,21.14295121702353,78.85704878297646,5
2021,安徽省,340000,0.0,52.160888671875,181645,62281618.0,0.0,181645,62281618.0,1.0,finite_acc_ge_0_and_positive_population_for_all_formal_inequality_metrics,13.932584905920683,2.957969620035983,11.043592965539126,20.2279235244295,13.061930728182867,0.509834365138234,0.45646419909756425,0.28043392727610283,13.288550082305184,,14.97552621862948,0.2822690928241083,0.1741951062734559,0.4564641990975642,0.0,61.83816680084836,38.161833199151644,16
2021,山东省,370000,0.0,47.13933563232422,221530,100087368.0,0.0,221530,100087368.0,1.0,finite_acc_ge_0_and_positive_population_for_all_formal_inequality_metrics,14.317576736938726,6.524179050220285,11.930431817857318,20.465918019132793,10.123290508295895,0.3909774389858738,0.2516785456794791,0.13831434884234683,1.5262725262192927,9.939901588851745,4.173787425459419,0.17548779100946899,0.07619075467001002,0.251678545679479,0.0,69.72695687496483,30.27304312503517,16
2021,山西省,140000,0.0,52.558685302734375,220876,37435234.0,0.0,220876,37435234.0,1.0,finite_acc_ge_0_and_positive_population_for_all_formal_inequality_metrics,12.994467502371677,1.5775134872490157,7.870887279510498,19.403736603565704,14.512241905971289,0.5790672067617987,0.5925734030742752,0.3503840498335361,19.003487463174398,,108.02423873338849,0.26849073809425317,0.32408266498002236,0.5925734030742755,0.0,45.30927927263038,54.69072072736962,11
2021,广东省,440000,0.0,43.614524841308594,212927,108940658.0,0.0,212927,108940658.0,1.0,finite_acc_ge_0_and_positive_population_for_all_formal_inequality_metrics,16.251787540562205,7.1917029280215505,14.749134375290437,23.82638645172119,11.53606502367607,0.40385827825412246,0.28432765367606083,0.17770212934948182,6.769492800383123,23.531680695180334,4.887753804293591,0.10863640478225456,0.1756912488938056,0.28432765367606017,0.0,38.20817404768727,61.79182595231273,21
2021,广西壮族自治区,450000,0.0,67.82726287841797,290849,48158282.0,0.0,290849,48158282.0,1.0,finite_acc_ge_0_and_positive_population_for_all_formal_inequality_metrics,14.644387116930053,0.0,7.418559551239014,23.74762144000351,17.844302396139323,0.6306368598220118,0.725431209701015,0.4366915683507089,28.48290559866733,,,0.5668831354903281,0.15854807421068706,0.7254312097010152,0.0,78.14429926773728,21.85570073226272,14
2021,新疆维吾尔自治区,650000,0.0,110.25078582763672,434340,22781274.0,0.0,434340,22781274.0,1.0,finite_acc_ge_0_and_positive_population_for_all_formal_inequality_metrics,22.8080612395457,0.0,14.907452077008365,40.371401179221365,24.682659676764054,0.5887522000217764,0.6813381740055735,0.45721163794908193,39.4787973666442,,,0.43684937128844403,0.2444888027171297,0.6813381740055737,0.0,64.11637978835314,35.88362021164686,15
2021,江苏省,320000,0.0,49.340126037597656,133260,82255012.0,0.0,133260,82255012.0,1.0,finite_acc_ge_0_and_positive_population_for_all_formal_inequality_metrics,15.103824522607802,6.863397626943522,13.784219544495913,20.10871824154184,11.265608071640818,0.4081482276188674,0.29321025430784786,0.17896663385231038,6.2183189517983415,29.184558725021198,4.133395333813512,0.17815700581616323,0.11505324849168463,0.29321025430784786,0.0,60.76083738500915,39.239162614990846,13
2021,江西省,360000,0.0,59.66286087036133,204747,46706011.0,0.0,204747,46706011.0,1.0,finite_acc_ge_0_and_positive_population_for_all_formal_inequality_metrics,14.316829888852151,0.8428319968358872,6.982395113484141,20.510383588296396,17.49648662720747,0.6190377224059826,0.6828165482311439,0.3916598408191775,21.134465968416784,,,0.38777783436389646,0.2950387138672479,0.6828165482311443,0.0,56.79092508353026,43.20907491646974,11
2021,河北省,130000,0.0,38.054832458496094,267489,75111626.0,0.0,267489,75111626.0,1.0,finite_acc_ge_0_and_positive_population_for_all_formal_inequality_metrics,10.739033138305471,2.4216062570098043,9.092129358668236,16.221492447082653,9.623086234030549,0.49235125185698225,0.4259437678005515,0.2628226484294197,11.508613859590792,,11.927230262771449,0.3085130420559721,0.11743072574457925,0.4259437678005513,0.0,72.43046274606691,27.569537253933092,11
2021,河南省,410000,0.0,67.83119201660156,228757,98482530.0,0.0,228757,98482530.0,1.0,finite_acc_ge_0_and_positive_population_for_all_formal_inequality_metrics,13.573891937102879,3.413853168487549,9.685660507842785,18.076878119195698,13.936155765572764,0.528545709734066,0.49042085669243396,0.28782609136527026,13.338789123309486,,11.199524063471108,0.2512495032450186,0.23917135344741514,0.49042085669243374,0.0,51.23140662074026,48.76859337925974,18
2021,浙江省,330000,0.0,50.04891586303711,130052,56732799.0,0.0,130052,56732799.0,1.0,finite_acc_ge_0_and_positive_population_for_all_formal_inequality_metrics,17.316153667619254,8.445081303830733,15.711386675980753,21.36641653021586,12.19253120209227,0.3825145256941215,0.2482691022851527,0.14101635724073502,3.162340007232853,9.309245360071092,3.345763438976606,0.15964026933720676,0.08862883294794566,0.24826910228515242,0.0,64.30130365310221,35.6986963468978,11
2021,海南省,460000,0.0,45.114540100097656,37056,8981770.0,0.0,37056,8981770.0,1.0,finite_acc_ge_0_and_positive_population_for_all_formal_inequality_metrics,18.977279369792488,6.083412926861328,15.331763496398926,34.05995271225606,14.913574945392083,0.4469266255684954,0.3586711102146104,0.23205981193109537,11.834905592104898,,8.871042193593274,0.08487030579353672,0.27380080442107335,0.35867111021461007,0.0,23.66243150800597,76.33756849199402,19
2021,湖北省,420000,0.0,61.08449172973633,244956,59950220.0,0.0,244956,59950220.0,1.0,finite_acc_ge_0_and_positive_population_for_all_formal_inequality_metrics,18.586937778369645,3.0836627006530763,14.072173212771254,30.49236106571918,17.05600427516586,0.5119484385149757,0.4675198959544232,0.2956412082193953,15.210262781354263,,29.652252155599662,0.2872735571772669,0.18024633877715646,0.46751989595442334,0.0,61.44627419348845,38.55372580651155,17
2021,湖南省,430000,0.0,55.778106689453125,270706,68849127.0,0.0,270706,68849127.0,1.0,finite_acc_ge_0_and_positive_population_for_all_formal_inequality_metrics,12.646577662056675,0.30937179923057556,7.953249386664015,19.85675174678087,14.09592590395992,0.5866817234983033,0.617527897296875,0.3775777209789245,22.681193909691842,,,0.4046023129378269,0.21292558435904807,0.617527897296875,0.0,65.51968173566017,34.48031826433983,14
2021,甘肃省,620000,0.0,60.2422981262207,175041,26788409.0,0.0,175041,26788409.0,1.0,finite_acc_ge_0_and_positive_population_for_all_formal_inequality_metrics,15.534987889484077,0.0,8.7961156818102,24.93141906792717,18.421682932845286,0.6234756642134331,0.7233862029652246,0.45341997425918956,34.59583583332627,,,0.4241939293261874,0.29919227363903733,0.7233862029652247,0.0,58.64003592926967,41.359964070730335,14
2021,福建省,350000,0.0,38.89638900756836,152496,38358789.0,0.0,152496,38358789.0,1.0,finite_acc_ge_0_and_positive_population_for_all_formal_inequality_metrics,13.838167165994214,2.8285750765337725,12.293309843119022,22.403431167205174,11.529178817299059,0.4703241185636956,0.4105839462118913,0.27920129991717546,18.00139728081614,,64.333582475347,0.27432783249364423,0.13625611371824675,0.410583946211891,0.0,66.81406689780103,33.18593310219897,9
2021,西藏自治区,540000,0.0,79.96788024902344,144603,4225327.0,0.0,144603,4225327.0,1.0,finite_acc_ge_0_and_positive_population_for_all_formal_inequality_metrics,9.05218757085168,0.0,0.0,0.0,17.980665574472734,0.8178657690501934,1.5415247637847704,0.7762871361198624,75.93260829280194,,,1.0894623435755313,0.4520624202092387,1.54152476378477,0.0,70.67433291831591,29.325667081684088,7
2021,贵州省,520000,0.0,61.813594818115234,206447,36402765.0,0.0,206447,36402765.0,1.0,finite_acc_ge_0_and_positive_population_for_all_formal_inequality_metrics,12.792797200235505,0.0,4.456717402932361,21.078367233276367,16.298649675801823,0.656884241666108,0.8204996090984134,0.5040113104751804,39.33972323256214,,,0.5656632208415533,0.2548363882568605,0.8204996090984138,0.0,68.94131509253474,31.058684907465263,9
2021,辽宁省,210000,0.0,51.0970573425293,212092,45789402.0,0.0,212092,45789402.0,1.0,finite_acc_ge_0_and_positive_population_for_all_formal_inequality_metrics,18.28953153175196,2.4747777954169683,14.911849643407242,30.87724232687444,16.05508509190111,0.49506996525765334,0.44919778828238965,0.29722857573484573,17.773108283877566,,71.8373129677701,0.29872324596258215,0.15047454231980728,0.44919778828238943,0.0,66.50149527779709,33.49850472220292,14
2021,重庆市,500000,0.0,39.81718444824219,109830,30162546.0,0.0,109830,30162546.0,1.0,finite_acc_ge_0_and_positive_population_for_all_formal_inequality_metrics,15.437964188166205,2.7748214926789787,12.533790593406026,28.78071207731788,13.247269325121508,0.48622109439735206,0.43607192468450023,0.2865960101518269,16.62592076942046,,27.90518597500072,0.4360719246844931,0.0,0.4360719246844931,0.0,99.99999999999827,0.0,1
2021,陕西省,610000,0.0,63.497982025146484,278512,39100935.0,0.0,278512,39100935.0,1.0,finite_acc_ge_0_and_positive_population_for_all_formal_inequality_metrics,17.463721965740817,0.6915866200140107,13.31318857335493,30.42745243109942,17.053121162454335,0.5408632406155292,0.537793230420762,0.3482668265377382,21.402759294630677,,,0.3199135761320635,0.2178796542886987,0.5377932304207622,0.0,59.48635238152169,40.51364761847831,10
2021,青海省,630000,0.0,53.649757385253906,87540,5895910.0,0.0,87540,5895910.0,1.0,finite_acc_ge_0_and_positive_population_for_all_formal_inequality_metrics,20.92668996397279,0.0,7.500001026412188,45.027023566809795,22.53747210071427,0.5784678533444567,0.728661970204284,0.49868412182939403,44.45725935436599,,,0.17573625320290764,0.5529257170013766,0.7286619702042842,0.0,24.117665033848144,75.88233496615186,8
2021,黑龙江省,230000,0.0,70.73535919189453,523587,39968209.0,0.0,523587,39968209.0,1.0,finite_acc_ge_0_and_positive_population_for_all_formal_inequality_metrics,22.10321614953824,0.0,9.550953843127722,41.04787504727043,25.30197341283932,0.6142709095709846,0.7268536115617764,0.4659464985466263,36.04776986629549,,,0.5790510374923952,0.1478025740693818,0.726853611561777,0.0,79.66542757463898,20.33457242536102,13
2021,,,0.0,46.07774353027344,20988,2729840.0,0.0,20988,2729840.0,1.0,finite_acc_ge_0_and_positive_population_for_all_formal_inequality_metrics,7.7795653764943085,0.0,3.89867162989999,12.609413822978532,9.651989546439818,0.6341313100429494,0.7372691772368024,0.44583939264786054,31.12083492072795,,,0.7372691772368034,0.0,0.7372691772368034,0.0,100.00000000000011,0.0,1
2022,上海市,310000,0.0,22.402149200439453,9275,24320328.0,0.0,9275,24320328.0,1.0,finite_acc_ge_0_and_positive_population_for_all_formal_inequality_metrics,18.45445695117977,16.900638536326436,20.029241158511187,21.548015002209993,4.374710315394583,0.11608072135529746,0.03860005112441859,0.027197391918328928,1.0278027500287004,1.7508694362490544,1.3603658628131687,0.03860005112441822,0.0,0.03860005112441822,0.0,99.9999999999977,0.0,1
2022,云南省,530000,0.0,100.88479614257812,319062,48578390.0,0.0,319062,48578390.0,1.0,finite_acc_ge_0_and_positive_population_for_all_formal_inequality_metrics,13.699887071108604,0.0,2.440307140350342,23.988031713917845,18.47324220737139,0.6758317335925157,0.887290425759445,0.5422945148045437,46.37438581229226,,,0.6900237042334485,0.19726672152599622,0.8872904257594447,0.0,77.76751379266233,22.23248620733767,16
2022,内蒙古自治区,150000,0.0,57.41845703125,329394,26400074.0,0.0,329394,26400074.0,1.0,finite_acc_ge_0_and_positive_population_for_all_formal_inequality_metrics,15.723003240094295,0.0,8.795996117628707,30.63307856183447,17.754627574499892,0.6050828396481203,0.7216866759537001,0.47710263150571897,41.03269559017145,,,0.5297165839685247,0.19197009198517545,0.7216866759537002,0.0,73.39980099653506,26.600199003464947,12
2022,北京市,110000,0.0,29.515869140625,19694,20728467.0,0.0,19694,20728467.0,1.0,finite_acc_ge_0_and_positive_population_for_all_formal_inequality_metrics,23.712123828494548,21.580138296605796,26.349072246690064,28.278574271441002,6.648606907740684,0.13687129360021155,0.05478994838699697,0.037038410520259024,0.5304492609125412,1.979883330938755,1.425163427868638,0.054789948386997356,0.0,0.054789948386997356,0.0,100.00000000000244,0.0,1
2022,吉林省,220000,0.0,57.77309799194336,243582,28990564.0,0.0,243582,28990564.0,1.0,finite_acc_ge_0_and_positive_population_for_all_formal_inequality_metrics,13.143096943503592,0.0,5.761250914557506,20.454048627892657,16.524511673868332,0.6479277151106755,0.7883462428893032,0.48086824338205103,36.24177163300445,,,0.5475140334123885,0.24083220947691508,0.7883462428893036,0.0,69.4509599494937,30.54904005050631,9
2022,四川省,510000,0.0,102.89431762695312,325780,85257094.0,0.0,325780,85257094.0,1.0,finite_acc_ge_0_and_positive_population_for_all_formal_inequality_metrics,17.926228478283186,4.844851493835449,15.156241818379037,27.56977690204342,15.366899451342155,0.4742031004957573,0.40065902199914327,0.25488316680364176,13.131343651004574,,12.492129680115974,0.24393795670913532,0.15672106529000818,0.4006590219991435,0.0,60.88417914364519,39.11582085635481,21
2022,天津市,120000,0.0,33.9193115234375,16895,13650543.0,0.0,16895,13650543.0,1.0,finite_acc_ge_0_and_positive_population_for_all_formal_inequality_metrics,23.989364416425186,15.571807280587718,27.02748411182617,32.97835406520261,9.720670181482586,0.2235060748467873,0.09724824048788243,0.05462769149927049,0.008724927645735412,4.0283173234764655,2.5985515967141146,0.09724824048788339,0.0,0.09724824048788339,0.0,100.00000000000138,0.0,1
2022,宁夏回族自治区,640000,0.0,38.9852294921875,39063,6651996.0,0.0,39063,6651996.0,1.0,finite_acc_ge_0_and_positive_population_for_all_formal_inequality_metrics,12.634207305973272,0.0,1.020143609420926,26.66552366704902,15.295255236899047,0.6355551608900454,0.8214241552285128,0.5248439235445823,43.75229630324492,,,0.17085603347793699,0.6505681217505757,0.8214241552285126,0.0,20.799976770881106,79.2000232291189,5
2022,安徽省,340000,0.0,52.413909912109375,181640,62844862.0,0.0,181640,62844862.0,1.0,finite_acc_ge_0_and_positive_population_for_all_formal_inequality_metrics,14.160530799986704,3.0502746677123054,11.157107137743758,20.626369162609702,13.313645040000676,0.5109835831907199,0.4566262008704666,0.2787939343986525,12.869526231118147,,13.930199197991719,0.27908489623317667,0.1775413046372898,0.45662620087046646,0.0,61.11889674774622,38.88110325225377,16
2022,山东省,370000,0.0,49.14967346191406,221500,100987998.0,0.0,221500,100987998.0,1.0,finite_acc_ge_0_and_positive_population_for_all_formal_inequality_metrics,14.924382968654887,6.579051358462647,12.115087642565966,21.86259235673704,10.684639523466286,0.39577602762527886,0.25627253897116803,0.1391074825798697,1.2704717643773866,9.740936477239764,4.345899181156194,0.1734141590582361,0.0828583799129321,0.2562725389711682,0.0,67.66786630921308,32.33213369078692,16
2022,山西省,140000,0.0,51.71882247924805,221123,37773778.0,0.0,221123,37773778.0,1.0,finite_acc_ge_0_and_positive_population_for_all_formal_inequality_metrics,12.847488762378376,1.7462494827777655,7.905870995279086,18.97865098149883,14.236732162703987,0.5745086611166922,0.5821284200196838,0.3431415788054928,18.110338341057652,,49.77508108482954,0.2580511806453023,0.32407723937438115,0.5821284200196835,0.0,44.3289095276566,55.6710904723434,11
2022,广东省,440000,0.0,46.39592742919922,212945,109925590.0,0.0,212945,109925590.0,1.0,finite_acc_ge_0_and_positive_population_for_all_formal_inequality_metrics,17.401125116553967,8.088693220483208,15.83688595011028,25.421886532159892,11.950386248507561,0.39273793399204726,0.2720131509307795,0.17194817216756875,6.499765887087802,21.943042189229615,4.721924385370226,0.10478460153552671,0.16722854939525256,0.27201315093077927,0.0,38.521888069372004,61.478111930627996,21
2022,广西壮族自治区,450000,0.0,81.29940032958984,291227,48591526.0,0.0,291227,48591526.0,1.0,finite_acc_ge_0_and_positive_population_for_all_formal_inequality_metrics,15.62190560846486,0.0,7.88798079241483,25.982688288164194,18.9353070025834,0.6263410196839204,0.7084020575748787,0.4200681452043731,25.24304134840301,,,0.5487691403676997,0.15963291720717843,0.7084020575748782,0.0,77.46577448494986,22.534225515050146,14
2022,新疆维吾尔自治区,650000,0.0,107.47737884521484,435633,22987115.0,0.0,435633,22987115.0,1.0,finite_acc_ge_0_and_positive_population_for_all_formal_inequality_metrics,23.20219192487907,0.0,15.81521315363995,44.054933176394854,24.8003103041497,0.5836597237989993,0.6722768489118629,0.4536303264632233,39.24850943669965,,,0.4475788173379751,0.22469803157388757,0.6722768489118627,0.0,66.57656262630782,33.423437373692174,15
2022,江苏省,320000,0.0,49.622310638427734,133295,82998691.0,0.0,133295,82998691.0,1.0,finite_acc_ge_0_and_positive_population_for_all_formal_inequality_metrics,16.863417710161688,7.587609644684345,14.989452683279351,22.891102556952703,12.337694129088876,0.4045158698483998,0.28384279168662513,0.17144073170273666,5.392203113179218,20.327668610825587,4.223834902295749,0.15658569357972896,0.12725709810689612,0.2838427916866251,0.0,55.16634495076642,44.83365504923357,13
2022,江西省,360000,0.0,59.11564254760742,205164,47128391.0,0.0,205164,47128391.0,1.0,finite_acc_ge_0_and_positive_population_for_all_formal_inequality_metrics,14.279510458300123,0.9103129663401179,6.946257610245055,20.54344413979736,17.34633632087626,0.6170983620944803,0.6776668795643485,0.38933028123638846,20.888754721119167,,,0.38403093963733825,0.29363593992700965,0.6776668795643479,0.0,56.6695748631275,43.33042513687249,11
2022,河北省,130000,0.0,36.917972564697266,267703,75790813.0,0.0,267703,75790813.0,1.0,finite_acc_ge_0_and_positive_population_for_all_formal_inequality_metrics,10.566586345102804,2.5251704514541955,8.933302695644745,15.72183188282941,9.396228342161777,0.48806565133057267,0.41687817305108754,0.2557189262139564,10.828283369911865,,10.854628522831128,0.29658134733860875,0.12029682571247946,0.4168781730510882,0.0,71.14340987631003,28.856590123689962,11
2022,河南省,410000,0.0,69.23930358886719,228831,99373216.0,0.0,228831,99373216.0,1.0,finite_acc_ge_0_and_positive_population_for_all_formal_inequality_metrics,13.920450461417953,3.919945153952634,10.20536795376681,18.225918016638428,14.092726720921897,0.5187566703563188,0.47295231921083813,0.27637789630850695,12.390572123579053,,8.952924109036966,0.2318646264389268,0.24108769277191122,0.472952319210838,0.0,49.02494755196741,50.9750524480326,18
2022,浙江省,330000,0.0,51.21083450317383,130184,57245481.0,0.0,130184,57245481.0,1.0,finite_acc_ge_0_and_positive_population_for_all_formal_inequality_metrics,18.409716484402622,9.712971980562347,16.501070976257324,22.841726403794297,12.405161175757002,0.3664009583890435,0.23040555451542793,0.13239278297334145,3.0336246104736198,8.85073107389472,3.087125451415371,0.15715978461609348,0.07324576989933362,0.2304055545154271,0.0,68.21006765510535,31.789932344894645,11
2022,海南省,460000,0.0,48.58548355102539,37063,9062809.0,0.0,37063,9062809.0,1.0,finite_acc_ge_0_and_positive_population_for_all_formal_inequality_metrics,19.88520571771227,6.07015206873981,15.711913870341743,35.69198601705986,15.976830149588423,0.45556683659121233,0.3698880444027958,0.2366109646569431,11.651155839210558,,8.846710714757698,0.08187177304180393,0.28801627136099217,0.3698880444027961,0.0,22.13420365451126,77.86579634548873,19
2022,湖北省,420000,0.0,73.36669158935547,245019,60492404.0,0.0,245019,60492404.0,1.0,finite_acc_ge_0_and_positive_population_for_all_formal_inequality_metrics,20.121190545976802,4.498322802619381,15.76269051755545,33.04738619748284,17.92629076238405,0.4962986466689767,0.4373785413102618,0.2770899780310082,14.233747430503838,,18.986701192237835,0.2711291327505103,0.1662494085597519,0.4373785413102622,0.0,61.98958273953821,38.010417260461786,17
2022,湖南省,430000,0.0,59.94530487060547,270718,69471777.0,0.0,270718,69471777.0,1.0,finite_acc_ge_0_and_positive_population_for_all_formal_inequality_metrics,12.876922936554523,0.45668164703970643,8.471555709838867,19.874470259251485,14.222992014533514,0.5812090294161301,0.6054745421363648,0.37036188740865394,22.012671419071374,,,0.3982098436058559,0.20726469853050933,0.6054745421363652,0.0,65.76822242613314,34.231777573866864,14
2022,甘肃省,620000,0.0,63.2265625,175540,27030623.0,0.0,175540,27030623.0,1.0,finite_acc_ge_0_and_positive_population_for_all_formal_inequality_metrics,15.783563964372807,0.0,8.682657912925437,24.73302662224784,19.014529530400853,0.6287892964132146,0.7338497762717409,0.4557988715466458,34.37192698074328,,,0.41886704433372923,0.3149827319380112,0.7338497762717404,0.0,57.078036660547426,42.92196333945258,14
2022,福建省,350000,0.0,39.46992111206055,152403,38704365.0,0.0,152403,38704365.0,1.0,finite_acc_ge_0_and_positive_population_for_all_formal_inequality_metrics,13.850391435694187,2.7733690611507313,12.319750311065187,22.322710137997255,11.584431269622147,0.47151880018138714,0.41204502466314696,0.27967873284387024,18.094884129994124,,60.606510602306635,0.2725540317697477,0.1394909928933994,0.4120450246631471,0.0,66.14666248975209,33.853337510247904,9
2022,西藏自治区,540000,0.0,70.44982147216797,144152,4301147.0,0.0,144152,4301147.0,1.0,finite_acc_ge_0_and_positive_population_for_all_formal_inequality_metrics,9.728594529521072,0.0,0.0,0.0,19.41626805833884,0.8190894221669874,1.5457922728584244,0.7766654978506954,75.86327554022218,,,1.1802710533899181,0.3655212194685058,1.545792272858424,0.0,76.35379436898097,23.646205631019036,7
2022,贵州省,520000,0.0,61.145748138427734,206696,36731988.0,0.0,206696,36731988.0,1.0,finite_acc_ge_0_and_positive_population_for_all_formal_inequality_metrics,12.361026012012822,0.0,5.037068090940776,19.71992564201355,15.59572564231556,0.6512583870807478,0.8007991985321417,0.4929411312462184,38.20592830423444,,,0.5339753803084699,0.2668238182236715,0.8007991985321414,0.0,66.68030903218217,33.319690967817834,9
2022,辽宁省,210000,0.0,50.51313400268555,211916,46203275.0,0.0,211916,46203275.0,1.0,finite_acc_ge_0_and_positive_population_for_all_formal_inequality_metrics,18.124290716989787,2.4366208819242625,14.595747600700431,30.518870518323286,15.977881039284929,0.496737800335074,0.4516914312571104,0.29798942097756365,17.614019785394,,69.6488534519824,0.29977507960811467,0.15191635164899608,0.45169143125711075,0.0,66.36722746185491,33.6327725381451,14
2022,重庆市,500000,0.0,41.11128234863281,109816,30435346.0,0.0,109816,30435346.0,1.0,finite_acc_ge_0_and_positive_population_for_all_formal_inequality_metrics,15.920042238140185,2.852181183278036,12.76695042257556,29.747489415302176,13.709841486460947,0.48759737822021154,0.43755184772129585,0.2868054404841345,16.55510011287534,,26.617167963965635,0.43755184772129363,0.0,0.43755184772129363,0.0,99.99999999999959,0.0,1
2022,陕西省,610000,0.0,64.47541809082031,278707,39454564.0,0.0,278707,39454564.0,1.0,finite_acc_ge_0_and_positive_population_for_all_formal_inequality_metrics,18.854860573285237,0.9279497949869041,14.513466120237728,33.62212337766375,18.171436419594404,0.5357472475505908,0.5277143575372467,0.34264291233273114,20.91935168767801,,,0.31309020069736926,0.21462415683987768,0.5277143575372469,0.0,59.32948312388314,40.67051687611686,10
2022,青海省,630000,0.0,52.05998992919922,87985,5949224.0,0.0,87985,5949224.0,1.0,finite_acc_ge_0_and_positive_population_for_all_formal_inequality_metrics,20.682391876666415,0.0,8.482454482121254,43.87316254484439,21.998948116670142,0.5717188450204873,0.7183103980761004,0.49445212528762617,44.08467390032717,,,0.18276644232211536,0.535543955753985,0.7183103980761003,0.0,25.443936606184618,74.55606339381538,8
2022,黑龙江省,230000,0.0,74.61660766601562,524858,40329595.0,0.0,524858,40329595.0,1.0,finite_acc_ge_0_and_positive_population_for_all_formal_inequality_metrics,22.67949355665187,0.0,9.94254127196734,41.70407623445927,26.067147961939703,0.6160070440588572,0.7258512467275806,0.46349616078619527,35.37488040730386,,,0.5710000040057017,0.1548512427218789,0.7258512467275806,0.0,78.66625656151885,21.333743438481157,13
2022,,,0.0,54.10791015625,20980,2755347.0,0.0,20980,2755347.0,1.0,finite_acc_ge_0_and_positive_population_for_all_formal_inequality_metrics,8.035704019449474,0.0,4.206482285226116,12.625411857595099,9.867248251544298,0.6277899259335571,0.7206790939023313,0.4365826029566493,30.178195341639363,,,0.7206790939023326,0.0,0.7206790939023326,0.0,100.00000000000017,0.0,1
2023,上海市,310000,0.0,22.874967575073242,9280,24356525.0,0.0,9280,24356525.0,1.0,finite_acc_ge_0_and_positive_population_for_all_formal_inequality_metrics,18.875022323575486,17.369616325951704,20.403388122961392,21.96752219108913,4.350995413303084,0.11288073779226437,0.03636122007126573,0.0255628214097956,0.9792488871052006,1.701636144410111,1.3509536627264696,0.03636122007126552,0.0,0.03636122007126552,0.0,99.99999999999878,0.0,1
2023,云南省,530000,0.0,104.8036117553711,317808,48649440.0,0.0,317808,48649440.0,1.0,finite_acc_ge_0_and_positive_population_for_all_formal_inequality_metrics,14.035208972332072,0.0,2.0477224974350574,23.888998629812725,19.23210767851856,0.6819647411007279,0.9021317389163452,0.5466717603400636,46.30574781539109,,,0.6884572996062572,0.21367443931008756,0.9021317389163448,0.0,76.31449708589604,23.68550291410396,16
2023,内蒙古自治区,150000,0.0,67.30000305175781,320469,26444670.0,0.0,320469,26444670.0,1.0,finite_acc_ge_0_and_positive_population_for_all_formal_inequality_metrics,19.07054497570043,0.0,13.787551190171923,34.14338684082031,20.91434240182965,0.5913382301692762,0.6730887588593816,0.44587044906375894,37.08175220186148,,,0.49236528130260737,0.18072347755677454,0.6730887588593819,0.0,73.15012690703243,26.84987309296757,12
2023,北京市,110000,0.0,29.925622940063477,19161,20761799.0,0.0,19161,20761799.0,1.0,finite_acc_ge_0_and_positive_population_for_all_formal_inequality_metrics,24.196239175624555,22.18894836586446,26.855907926324278,28.73308946199687,6.663264034245189,0.133679311866443,0.052666488206218706,0.03537858972982555,0.4598638104530345,1.9502196006542247,1.4087368150349384,0.05266648820622155,0.0,0.05266648820622155,0.0,100.00000000000422,0.0,1
2023,吉林省,220000,0.0,58.44302749633789,241507,29033174.0,0.0,241507,29033174.0,1.0,finite_acc_ge_0_and_positive_population_for_all_formal_inequality_metrics,14.394170650368793,0.0,8.6337182230229,20.71535672339185,16.93288759335796,0.6195727829920656,0.7162141990534717,0.4494097765329248,33.87124328879784,,,0.5022233537216501,0.21399084533182133,0.7162141990534714,0.0,70.1219487669156,29.878051233084406,9
2023,四川省,510000,0.0,106.41067504882812,322929,85382484.0,0.0,322929,85382484.0,1.0,finite_acc_ge_0_and_positive_population_for_all_formal_inequality_metrics,19.336903860784297,5.481049060821533,16.07609421687899,29.878623023596003,16.48629345585285,0.47302035023068534,0.3964993377270526,0.2518256726385756,12.942646409771822,,10.5481791167324,0.24115327466782377,0.15534606305922916,0.3964993377270529,0.0,60.82059961316551,39.17940038683449,21
2023,天津市,120000,0.0,36.64961624145508,16897,13665387.0,0.0,16897,13665387.0,1.0,finite_acc_ge_0_and_positive_population_for_all_formal_inequality_metrics,26.084179112654983,17.391102350675144,29.514549218891748,35.66526468417771,10.470097683223253,0.22098413280549167,0.09569665922862113,0.05381234974681681,0.0022245985422878986,4.157075620520604,2.4870292286503393,0.09569665922861903,0.0,0.09569665922861903,0.0,99.99999999999815,0.0,1
2023,宁夏回族自治区,640000,0.0,44.02974319458008,39066,6668141.0,0.0,39066,6668141.0,1.0,finite_acc_ge_0_and_positive_population_for_all_formal_inequality_metrics,17.442969227452384,2.861755647103895,13.129109193004531,30.939844255862027,15.809220351399116,0.5053208661360526,0.46592930890184164,0.3015152946934958,17.940397481097055,,57.61997780492903,0.16959787152733607,0.29633143737450673,0.4659293089018428,0.0,36.39991481262777,63.60008518737224,5
2023,安徽省,340000,0.0,54.41680908203125,181763,62939803.0,0.0,181763,62939803.0,1.0,finite_acc_ge_0_and_positive_population_for_all_formal_inequality_metrics,15.429729580759242,3.916358385844664,12.283129558105587,22.08069503553135,13.980039019566014,0.4940520826424505,0.4229501153172189,0.255264128449873,10.619893424197722,,9.849628505317487,0.2544201265691326,0.168529988748086,0.4229501153172186,0.0,60.153695992803755,39.846304007196245,16
2023,山东省,370000,0.0,52.4463996887207,221686,101126063.0,0.0,221686,101126063.0,1.0,finite_acc_ge_0_and_positive_population_for_all_formal_inequality_metrics,15.67540022404493,6.760208234754525,12.675159484122178,22.59177490594062,11.51297751248682,0.40289161850763133,0.26579296071168246,0.14339241469502662,1.29403336902377,10.127557859074436,4.385396931529174,0.1754070311456899,0.09038592956599256,0.26579296071168246,0.0,65.99385878242342,34.00614121757658,16
2023,山西省,140000,0.0,53.804866790771484,221451,37833214.0,0.0,221451,37833214.0,1.0,finite_acc_ge_0_and_positive_population_for_all_formal_inequality_metrics,13.530301545865083,1.3216306589672933,9.247932482231711,19.20326723376885,14.884476264221831,0.570326307798068,0.5806415545738072,0.34916238920730225,19.801436906734914,,1077.6398573847555,0.262450081543645,0.3181914730301618,0.5806415545738068,0.0,45.20001702879919,54.79998297120081,11
2023,广东省,440000,0.0,47.11542892456055,213230,110058991.0,0.0,213230,110058991.0,1.0,finite_acc_ge_0_and_positive_population_for_all_formal_inequality_metrics,18.353003337523184,8.93153271765936,16.72853101383556,26.56035967966933,12.292674304664168,0.3836974015501825,0.26092299912386474,0.16552984607326282,6.10917285258412,19.805855153176456,4.52502924089443,0.10460922771545267,0.1563137714084113,0.26092299912386396,0.0,40.091991915895896,59.908008084104104,21
2023,广西壮族自治区,450000,0.0,82.5816879272461,291588,48668680.0,0.0,291588,48668680.0,1.0,finite_acc_ge_0_and_positive_population_for_all_formal_inequality_metrics,17.61398602692348,1.253487214375713,10.751787185668945,26.688994458210793,19.758511567129023,0.5870027409658114,0.6106725222775973,0.36456794275116555,20.11748829021046,,,0.4830061289075811,0.12766639337001617,0.6106725222775973,0.0,79.09413168061587,20.905868319384126,14
2023,新疆维吾尔自治区,650000,0.0,103.15632629394531,352329,23030136.0,0.0,352329,23030136.0,1.0,finite_acc_ge_0_and_positive_population_for_all_formal_inequality_metrics,23.474065758040187,0.0,16.500792185465496,44.379061565498,24.834185674799198,0.5793087342351628,0.6587757089136994,0.444656608023852,37.91730973712009,,,0.42561543453584205,0.23316027437785714,0.6587757089136992,0.0,64.60703222310197,35.39296777689803,15
2023,江苏省,320000,0.0,48.366878509521484,133297,83159977.0,0.0,133297,83159977.0,1.0,finite_acc_ge_0_and_positive_population_for_all_formal_inequality_metrics,17.38160376640731,8.27573653183162,15.554843280082101,23.890672693986158,12.216861615148712,0.39155557405602837,0.2650913043460666,0.15984937125564147,4.598386312685007,15.543674862267983,4.019737045422873,0.14478350057130873,0.1203078037747578,0.26509130434606654,0.0,54.616465420645945,45.383534579354055,13
2023,江西省,360000,0.0,58.370521545410156,205410,47213267.0,0.0,205410,47213267.0,1.0,finite_acc_ge_0_and_positive_population_for_all_formal_inequality_metrics,14.575424603376872,1.1761341762763482,8.192962194298799,20.315831407587577,17.203377786672785,0.6039968136278986,0.6478567968190174,0.3763541508726943,20.353516311421533,,,0.3753176774220335,0.27253911939698394,0.6478567968190174,0.0,57.93219724865843,42.06780275134157,11
2023,河北省,130000,0.0,37.22138214111328,267945,75961501.0,0.0,267945,75961501.0,1.0,finite_acc_ge_0_and_positive_population_for_all_formal_inequality_metrics,11.44499748686612,3.0921690572391856,9.717500666076061,16.88967639661802,9.956155505282897,0.47761645904007155,0.40010300880967736,0.24677626724570323,10.519054909144042,,9.44114013851798,0.28826504134233444,0.11183796746734309,0.40010300880967753,0.0,72.04770646437638,27.952293535623618,11
2023,河南省,410000,0.0,70.69784545898438,228926,99554930.0,0.0,228926,99554930.0,1.0,finite_acc_ge_0_and_positive_population_for_all_formal_inequality_metrics,14.436338868215563,4.090307235717773,10.949309700413755,18.80920048238842,14.3263762795075,0.5116334672149692,0.46074571899695965,0.27140668733759665,12.170647902620193,,8.535819885635261,0.23862249900149557,0.22212321999546436,0.46074571899695993,0.0,51.79049726625241,48.209502733747584,18
2023,浙江省,330000,0.0,54.472068786621094,130355,57304595.0,0.0,130355,57304595.0,1.0,finite_acc_ge_0_and_positive_population_for_all_formal_inequality_metrics,20.474132847282704,11.47061498493129,18.578421637008752,26.0416079583913,13.051894382048445,0.3502367548556161,0.2112238726188643,0.12291691664219873,2.83187936325176,7.948352736464279,2.9209753333370667,0.14885032845966828,0.06237354415919549,0.21122387261886377,0.0,70.47040971938647,29.529590280613526,11
2023,海南省,460000,0.0,53.05624008178711,37092,9059868.0,0.0,37092,9059868.0,1.0,finite_acc_ge_0_and_positive_population_for_all_formal_inequality_metrics,21.612951795008513,5.9795609031504275,16.768842982205637,37.07716890171494,17.832929002511733,0.4662247129755175,0.3853638898571028,0.24291935893583527,11.185637583240728,,10.090307422145083,0.07972357146224951,0.3056403183948535,0.385363889857103,0.0,20.68786763902862,79.31213236097138,19
2023,湖北省,420000,0.0,70.19258117675781,245439,60608153.0,0.0,245439,60608153.0,1.0,finite_acc_ge_0_and_positive_population_for_all_formal_inequality_metrics,21.358557478645317,4.47699499130249,16.268658723917092,34.39991543399301,19.4276748059963,0.5059165799457268,0.45263084243288837,0.2845804654819972,14.355484484075928,,20.520891182597083,0.26564384194624857,0.18698700048663985,0.4526308424328884,0.0,58.68885127633246,41.31114872366754,17
2023,湖南省,430000,0.0,56.93321228027344,271165,69583184.0,0.0,271165,69583184.0,1.0,finite_acc_ge_0_and_positive_population_for_all_formal_inequality_metrics,13.337040861112465,0.8348209826255155,8.930312356523647,20.281726837158203,14.426661074435872,0.5711359869047745,0.5816582032017353,0.3559497534043744,20.714052119259158,,,0.3853025506282206,0.19635565257351484,0.5816582032017354,0.0,66.2420900293891,33.757909970610896,14
2023,甘肃省,620000,0.0,66.64620208740234,174312,27077617.0,0.0,174312,27077617.0,1.0,finite_acc_ge_0_and_positive_population_for_all_formal_inequality_metrics,16.260713504454152,0.0,8.802925041705201,24.659342373502096,19.705198694972815,0.6296910000639009,0.7309310078967719,0.4492350677160305,32.71379826370983,,,0.3993665940868474,0.3315644138099252,0.7309310078967726,0.0,54.63806977296123,45.36193022703877,14
2023,福建省,350000,0.0,42.43973159790039,152897,38746584.0,0.0,152897,38746584.0,1.0,finite_acc_ge_0_and_positive_population_for_all_formal_inequality_metrics,14.102148135236575,2.7242100303237504,12.216570638841198,22.056333406064688,12.207223046172896,0.4823378733146806,0.42654836893241704,0.28460065428870684,17.994156594552955,,61.60290651916829,0.2683708723764897,0.15817749655592728,0.426548368932417,0.0,62.91686756373714,37.08313243626286,9
2023,西藏自治区,540000,0.0,77.53047943115234,134146,4313853.0,0.0,134146,4313853.0,1.0,finite_acc_ge_0_and_positive_population_for_all_formal_inequality_metrics,9.78179669861314,0.0,0.0,0.0,19.738482602841597,0.8221579292322858,1.5479508797181578,0.7749853087823038,75.35829338644594,,,1.1864197400710155,0.36153113964714256,1.547950879718158,0.0,76.64453411383647,23.355465886163522,7
2023,贵州省,520000,0.0,58.11484909057617,206815,36778173.0,0.0,206815,36778173.0,1.0,finite_acc_ge_0_and_positive_population_for_all_formal_inequality_metrics,13.506394232116422,0.0,5.58019568575056,20.90256983252997,17.263437000817827,0.6548550507239714,0.8032672406014956,0.4888755752746864,37.136080685682785,,,0.5009602301548939,0.30230701044660213,0.803267240601496,0.0,62.36532561439564,37.634674385604356,9
2023,辽宁省,210000,0.0,51.234039306640625,212534,46252251.0,0.0,212534,46252251.0,1.0,finite_acc_ge_0_and_positive_population_for_all_formal_inequality_metrics,18.595143836962865,2.6290095610560966,15.126112222671509,31.68571650590774,16.25495629004756,0.4937055380473182,0.4464793822895547,0.29489640920656246,17.278549318605055,,55.86394582512937,0.29941660465778464,0.14706277763177011,0.44647938228955475,0.0,67.06168672837045,32.93831327162957,14
2023,重庆市,500000,0.0,46.59836959838867,109903,30493540.0,0.0,109903,30493540.0,1.0,finite_acc_ge_0_and_positive_population_for_all_formal_inequality_metrics,17.958341293811216,4.719933342289281,15.21586829104258,31.958212292841612,14.243932462167258,0.4528703039265045,0.3760874800083152,0.24682129949520004,12.931250356632912,,12.872126957958372,0.3760874800083296,0.0,0.3760874800083296,0.0,100.00000000000402,0.0,1
2023,陕西省,610000,0.0,77.84759521484375,279359,39515238.0,0.0,279359,39515238.0,1.0,finite_acc_ge_0_and_positive_population_for_all_formal_inequality_metrics,19.81490616923108,0.6582446396350861,14.008322715759277,35.05626594230018,20.179072687580923,0.5582055110511057,0.569331543998418,0.3616639257308353,21.515998461150605,,,0.32944076545895395,0.23989077853946394,0.5693315439984179,0.0,57.86448492653157,42.13551507346843,10
2023,青海省,630000,0.0,62.03084182739258,86516,5961457.0,0.0,86516,5961457.0,1.0,finite_acc_ge_0_and_positive_population_for_all_formal_inequality_metrics,24.753688030929418,0.0,11.452811973263518,52.66483922220355,26.191311635230743,0.5695366577806222,0.7127015506051645,0.49205677505372614,44.149441990439584,,,0.17196381348126089,0.5407377371239042,0.712701550605165,0.0,24.128446659789635,75.87155334021037,8
2023,黑龙江省,230000,0.0,74.47916412353516,499052,40396898.0,0.0,499052,40396898.0,1.0,finite_acc_ge_0_and_positive_population_for_all_formal_inequality_metrics,22.93808704844129,0.0,10.408190727233887,41.88254535804361,25.941493993086777,0.6087127362804814,0.7041100464300626,0.4491337577551847,32.92715198082784,,,0.5477053240637573,0.1564047223663052,0.7041100464300625,0.0,77.78689238148223,22.213107618517768,13
2023,,,0.0,62.40920639038086,20981,3098500.0,0.0,20981,3098500.0,1.0,finite_acc_ge_0_and_positive_population_for_all_formal_inequality_metrics,8.365547358847408,0.0,4.3356991597075965,12.842427820262342,10.531220297817825,0.6356174399053127,0.7408734669805781,0.445118527177346,30.845925447797324,,,0.7408734669805774,0.0,0.7408734669805774,0.0,99.99999999999987,0.0,1
2024,上海市,310000,0.0,22.863243103027344,9271,24404048.0,0.0,9271,24404048.0,1.0,finite_acc_ge_0_and_positive_population_for_all_formal_inequality_metrics,18.85291444369317,17.3845600783238,20.348272492930626,21.956827897045578,4.356657658337855,0.11330413289579067,0.03648130541468467,0.025590200428348364,0.9743219649461433,1.707886389184699,1.3461593446927937,0.03648130541468442,0.0,0.03648130541468442,0.0,99.99999999999878,0.0,1
2024,云南省,530000,0.0,101.67057800292969,313976,48750969.0,0.0,313976,48750969.0,1.0,finite_acc_ge_0_and_positive_population_for_all_formal_inequality_metrics,14.424262794710831,0.0,3.0262661377588906,23.842538365051507,19.690299937819344,0.6805878695112462,0.8922902554636022,0.5395858054844815,45.18510185920612,,,0.6747594895304796,0.21753076593312226,0.8922902554636019,0.0,75.62107569805286,24.37892430194714,16
2024,内蒙古自治区,150000,0.0,75.44136810302734,280099,26502076.0,0.0,280099,26502076.0,1.0,finite_acc_ge_0_and_positive_population_for_all_formal_inequality_metrics,19.85816245523923,0.0,14.967024326324463,34.76898659600152,21.323161840973267,0.5822675198405906,0.6557781439735465,0.4377154603759885,36.15275271265542,,,0.4938903954582998,0.16188774851524634,0.6557781439735462,0.0,75.31364074832953,24.68635925167046,12
2024,北京市,110000,0.0,31.897523880004883,18917,20804910.0,0.0,18917,20804910.0,1.0,finite_acc_ge_0_and_positive_population_for_all_formal_inequality_metrics,25.816177446885458,23.674884440852146,28.654725888111262,30.57229309425294,7.043203710169356,0.1323730409229622,0.0512060183934076,0.033854135654113215,0.3426210447437648,1.9293849912389172,1.4012175671729592,0.0512060183934091,0.0,0.0512060183934091,0.0,100.00000000000173,0.0,1
2024,吉林省,220000,0.0,58.98762893676758,237184,29090909.0,0.0,237184,29090909.0,1.0,finite_acc_ge_0_and_positive_population_for_all_formal_inequality_metrics,15.030223952663162,0.0,9.841463559370881,21.46040232706878,16.790570686351227,0.5949041979978236,0.649621782472144,0.4082171085554469,28.674734777108547,,,0.4834069428249128,0.16621483964723094,0.6496217824721437,0.0,74.4135981686608,25.586401831339202,9
2024,四川省,510000,0.0,95.91435241699219,318015,85558386.0,0.0,318015,85558386.0,1.0,finite_acc_ge_0_and_positive_population_for_all_formal_inequality_metrics,21.132455031821742,6.936123318142361,17.911210648556974,32.86527878490847,17.143877808300733,0.454555417816359,0.3636770071614778,0.23019941562038237,11.043486724959958,,7.794033765249727,0.22465452768520988,0.13902247947626778,0.36367700716147766,0.0,61.77309075397779,38.22690924602222,21
2024,天津市,120000,0.0,36.853355407714844,16872,13689560.0,0.0,16872,13689560.0,1.0,finite_acc_ge_0_and_positive_population_for_all_formal_inequality_metrics,27.02504465930252,19.048260124054583,30.70770519162402,36.01956197237643,10.173642375362439,0.20491350847287226,0.08482968809883785,0.0479760321160706,0.0024836444706769246,3.5975708007342817,2.230851386799845,0.08482968809883795,0.0,0.08482968809883795,0.0,100.0,0.0,1
2024,宁夏回族自治区,640000,0.0,47.665470123291016,38840,6682071.0,0.0,38840,6682071.0,1.0,finite_acc_ge_0_and_positive_population_for_all_formal_inequality_metrics,19.104842935036856,4.235772791993681,13.589246999233142,33.71620048706188,17.07093282019522,0.499710270207011,0.45312142748690637,0.2922244664839484,17.05571521164621,,31.66774770037466,0.16410265635439547,0.2890187711325112,0.45312142748690665,0.0,36.21604417706275,63.783955822937244,5
2024,安徽省,340000,0.0,60.29698181152344,180852,63071684.0,0.0,180852,63071684.0,1.0,finite_acc_ge_0_and_positive_population_for_all_formal_inequality_metrics,16.284357749151987,4.1886571060796705,12.767090341492336,22.706472691957117,14.8239969058766,0.49476650224740537,0.4228600784489403,0.25305076012151295,10.070948795342138,,9.85179609006753,0.24833087789994002,0.17452920054900067,0.4228600784489407,0.0,58.726489105054014,41.273510894945986,16
2024,山东省,370000,0.0,56.59716033935547,221617,101337243.0,0.0,221617,101337243.0,1.0,finite_acc_ge_0_and_positive_population_for_all_formal_inequality_metrics,16.869475638810915,7.483173029525455,14.165390461178148,24.00635536145668,11.87988085100342,0.3879716594015493,0.24631785868150144,0.13305052071428014,1.1519555549779463,8.507696963934007,4.245760369779417,0.16355761428122362,0.08276024440027774,0.24631785868150136,0.0,66.40103773097104,33.59896226902897,16
2024,山西省,140000,0.0,56.007896423339844,220383,37909200.0,0.0,220383,37909200.0,1.0,finite_acc_ge_0_and_positive_population_for_all_formal_inequality_metrics,14.455913849885203,2.2891750999804876,10.916240141425334,19.37803030014038,15.268778183718327,0.5470190337732911,0.5342555418074811,0.3213264238973317,17.450413092336426,,35.33282543139364,0.2518939067759409,0.2823616350315401,0.534255541807481,0.0,47.14858098125464,52.85141901874536,11
2024,广东省,440000,0.0,49.174503326416016,212610,110281538.0,0.0,212610,110281538.0,1.0,finite_acc_ge_0_and_positive_population_for_all_formal_inequality_metrics,19.829398177297872,10.179404512744084,19.03975371500892,29.76151327610016,12.718261081997486,0.3691615336886013,0.24537466990666187,0.15753661052266899,5.818721897041371,17.420626946045065,4.308279070663726,0.10043285246254241,0.14494181744411838,0.2453746699066608,0.0,40.93040756845298,59.069592431547015,21
2024,广西壮族自治区,450000,0.0,85.89537048339844,291053,48766090.0,0.0,291053,48766090.0,1.0,finite_acc_ge_0_and_positive_population_for_all_formal_inequality_metrics,18.82481779408185,2.0527605511221214,11.900367537965165,29.36581698357014,20.16977694204657,0.5692586951124733,0.5710466999639338,0.3433482363990529,18.017981347284557,,67.73167534075398,0.45774384985336036,0.11330285011057306,0.5710466999639334,0.0,80.1587418125822,19.841258187417793,14
2024,新疆维吾尔自治区,650000,0.0,94.83231353759766,299090,23077178.0,0.0,299090,23077178.0,1.0,finite_acc_ge_0_and_positive_population_for_all_formal_inequality_metrics,25.26410780712648,0.0,17.405359728116515,45.02502591389391,26.919890860188268,0.582447858806706,0.6591722935330518,0.4418076944485727,37.116323321681705,,,0.40041915643453674,0.2587531370985148,0.6591722935330515,0.0,60.74575044535899,39.25424955464101,15
2024,江苏省,320000,0.0,52.50607681274414,132965,83330225.0,0.0,132965,83330225.0,1.0,finite_acc_ge_0_and_positive_population_for_all_formal_inequality_metrics,19.032061478576395,9.568295706178723,17.18170878188536,26.630811607468388,12.761004188352262,0.3761472625025958,0.243738995606116,0.14624582715082923,3.718987918249351,11.80319729732252,3.7537811944316952,0.13977454153936675,0.10396445406674992,0.24373899560611667,0.0,57.34599061253335,42.654009387466644,13
2024,江西省,360000,0.0,60.274478912353516,203816,47310700.0,0.0,203816,47310700.0,1.0,finite_acc_ge_0_and_positive_population_for_all_formal_inequality_metrics,15.43361070851714,1.491765558719635,8.514366072853216,22.02301701632413,17.949601360763467,0.5986190436226709,0.6343906967069022,0.368665111431413,19.35566795672015,,275.64683374101264,0.3744741825159834,0.2599165141909192,0.6343906967069026,0.0,59.028952419993594,40.971047580006406,11
2024,河北省,130000,0.0,36.61893844604492,266481,76123350.0,0.0,266481,76123350.0,1.0,finite_acc_ge_0_and_positive_population_for_all_formal_inequality_metrics,11.67826107893797,3.4283525856102215,10.215593474722485,17.12914918598376,9.818386270134798,0.4647966908665665,0.38084475021740744,0.2375668677004823,10.29250157803092,,8.886929212774785,0.2793487836896724,0.10149596652773507,0.3808447502174075,0.0,73.34977928150631,26.65022071849369,11
2024,河南省,410000,0.0,72.94619750976562,228593,99761045.0,0.0,228593,99761045.0,1.0,finite_acc_ge_0_and_positive_population_for_all_formal_inequality_metrics,14.811582987102383,4.247441046946758,11.354828661537521,19.12090272316736,14.745960268305124,0.5108728657209256,0.46018083137306787,0.2699533197480415,11.8293397989165,,8.245294434930933,0.2349719080792898,0.22520892329377862,0.4601808313730684,0.0,51.06077699459806,48.93922300540194,18
2024,浙江省,330000,0.0,55.748538970947266,129525,57409636.0,0.0,129525,57409636.0,1.0,finite_acc_ge_0_and_positive_population_for_all_formal_inequality_metrics,20.860926844659318,11.64156062675245,18.847609539698617,26.491502299213632,13.375325219010108,0.3519005012946771,0.2126749831582996,0.12313991898509236,2.7026055347224287,7.900223776618185,2.932581927256781,0.1484494426088112,0.0642255405494887,0.2126749831582999,0.0,69.80108351451763,30.19891648548238,11
2024,海南省,460000,0.0,55.143001556396484,36299,9078979.0,0.0,36299,9078979.0,1.0,finite_acc_ge_0_and_positive_population_for_all_formal_inequality_metrics,23.16668348179798,6.907661794316544,18.639325534910263,37.074952376920216,18.360863706046093,0.4494653207470969,0.35510774295931474,0.21861726715211238,7.154163480276803,80.71891916014297,9.298995856340794,0.07291032546312559,0.2821974174961892,0.3551077429593148,0.0,20.5318883940751,79.46811160592489,19
2024,湖北省,420000,0.0,71.58338928222656,244783,60732376.0,0.0,244783,60732376.0,1.0,finite_acc_ge_0_and_positive_population_for_all_formal_inequality_metrics,22.126076135523462,4.702347507560831,17.23631414026022,35.534282262146235,19.823250110677648,0.5006846680496385,0.4444381813510717,0.28032778751764564,13.691530856622505,,20.6770469883635,0.26667011037367283,0.17776807097739944,0.44443818135107227,0.0,60.00162037451589,39.99837962548411,17
2024,湖南省,430000,0.0,73.54222106933594,270797,69724069.0,0.0,270797,69724069.0,1.0,finite_acc_ge_0_and_positive_population_for_all_formal_inequality_metrics,15.840569244945547,2.343053808413356,11.974142531787647,22.267092569750183,16.60574613538444,0.5449156708987772,0.5280011932936186,0.31858276764205984,16.876661343445114,,34.992785213678744,0.32235147718423063,0.20564971610938843,0.528001193293619,0.0,61.05127815591365,38.94872184408635,14
2024,甘肃省,620000,0.0,75.15467071533203,170194,27135740.0,0.0,170194,27135740.0,1.0,finite_acc_ge_0_and_positive_population_for_all_formal_inequality_metrics,18.953506239353356,0.0,9.772966911117596,30.39358564785794,22.487338097610117,0.6230668299930688,0.7144101545674691,0.44106555815837756,31.561169881492084,,,0.39913245432776545,0.31527770023970403,0.7144101545674695,0.0,55.86881034318656,44.13118965681345,14
2024,福建省,350000,0.0,46.27667999267578,152180,38826866.0,0.0,152180,38826866.0,1.0,finite_acc_ge_0_and_positive_population_for_all_formal_inequality_metrics,15.031490329299647,2.7975558471093227,12.91179552590669,24.405898725492715,13.17633307634349,0.4880455761874719,0.4351567363237912,0.2885809326753862,18.032297533362595,,66.16015706120176,0.26249245139225064,0.1726642849315403,0.4351567363237909,0.0,60.32135768132417,39.67864231867583,9
2024,西藏自治区,540000,0.0,70.2447509765625,112065,4323468.0,0.0,112065,4323468.0,1.0,finite_acc_ge_0_and_positive_population_for_all_formal_inequality_metrics,9.43659696477853,0.0,0.0,1.1161219775676727,18.576140720687516,0.8154609768530309,1.5170106927579974,0.7683852228816928,74.59511669798412,,,1.0767958512009224,0.44021484155707435,1.5170106927579967,0.0,70.98142790564363,29.018572094356376,7
2024,贵州省,520000,0.0,60.56614685058594,206630,36853001.0,0.0,206630,36853001.0,1.0,finite_acc_ge_0_and_positive_population_for_all_formal_inequality_metrics,14.723991363410226,0.0,7.789571892131459,21.806786442669956,17.872730159291063,0.6299062409356864,0.7289803874587044,0.44534712750236793,31.25175884590783,,,0.46415478512835895,0.2648256023303457,0.7289803874587046,0.0,63.67177953119519,36.3282204688048,9
2024,辽宁省,210000,0.0,51.316280364990234,210828,46349999.0,0.0,210828,46349999.0,1.0,finite_acc_ge_0_and_positive_population_for_all_formal_inequality_metrics,18.842247586265326,2.856523070671807,15.458568193595907,31.852487041996167,16.358486502670274,0.49083111317996875,0.44137249372467835,0.29150846853134516,16.892317516554854,,47.75448383991223,0.2975954294529095,0.1437770642717684,0.4413724937246779,0.0,67.42500579081067,32.574994209189335,14
2024,重庆市,500000,0.0,47.24634552001953,109903,30557293.0,0.0,109903,30557293.0,1.0,finite_acc_ge_0_and_positive_population_for_all_formal_inequality_metrics,18.086616940442365,5.078143443380084,14.844596219209075,32.13076973036341,14.27809203857406,0.4502535591566026,0.36690081931849533,0.2374377982709559,11.693264190646731,,11.049955954766292,0.3669008193184884,0.0,0.3669008193184884,0.0,99.99999999999807,0.0,1
2024,陕西省,610000,0.0,76.7838134765625,275584,39593563.0,0.0,275584,39593563.0,1.0,finite_acc_ge_0_and_positive_population_for_all_formal_inequality_metrics,20.387670472762984,0.6886942581619535,14.284525490406924,36.1812943996199,20.857896812642558,0.5603150919819886,0.5734081253048342,0.3632946339881006,21.499782679320877,,,0.3263838461784814,0.24702427912635327,0.5734081253048346,0.0,56.9199897551102,43.08001024488979,10
2024,青海省,630000,0.0,62.33517837524414,67823,5974600.0,0.0,67823,5974600.0,1.0,finite_acc_ge_0_and_positive_population_for_all_formal_inequality_metrics,25.01413361091672,0.0,12.784687541780018,52.92936905349018,26.314751716870514,0.5669526243437921,0.7067564421637224,0.48919077237374864,43.9886854350082,,,0.16829524423783582,0.5384611979258862,0.706756442163722,0.0,23.812339612017258,76.18766038798275,8
2024,黑龙江省,230000,0.0,72.79843139648438,461462,40479201.0,0.0,461462,40479201.0,1.0,finite_acc_ge_0_and_positive_population_for_all_formal_inequality_metrics,22.952346364525443,0.0,10.928702850341796,42.016849141252486,25.56464395817326,0.6021287044210586,0.6886303856123,0.44122848168505613,32.1351229239925,,,0.5452940282132825,0.14333635739901718,0.6886303856122997,0.0,79.18529876203925,20.81470123796074,13
2024,,,0.0,62.6397819519043,20620,3101058.0,0.0,20620,3101058.0,1.0,finite_acc_ge_0_and_positive_population_for_all_formal_inequality_metrics,8.924199998416979,0.0,4.73881296173157,14.046967028449563,11.041703068525907,0.6296012862738398,0.7241743982165487,0.4362263952739647,29.562136535337295,,,0.7241743982165487,0.0,0.7241743982165487,0.0,100.0,0.0,1
