legal_entity_id,hospital_legal_entity_name,aliases_or_campus_names,institution_category,province,province_en,city,city_en,tertiary_grade_a_analysis_start_year,primary_source_urls
C48LE0003,昆明同仁医院,,general_hospital,云南省,Yunnan,昆明市,Kunming,2023,https://www.kmtrh.org/front/hospital/231.shtml
C48LE0004,昆明安琪儿妇产医院,,specialized_hospital,云南省,Yunnan,昆明市,Kunming,2021,https://kunming.cn/news/c/2021-03-01/13169756.shtml
C48LE0005,昆明市第二人民医院,云南康复医院,specialized_hospital,云南省,Yunnan,昆明市,Kunming,2020,https://csp.ncmi.cn/WebManage/StrokeRecognition/CzdtUUDetailWeb?uid=24994
C48LE0006,玉溪市第二人民医院,,specialized_hospital,云南省,Yunnan,玉溪市,Yuxi,2017,https://www.ylrj.cn/hospital/400735.html
C48LE0007,红河哈尼族彝族自治州第二人民医院,红河州第二人民医院;红河州精神病医院（前身）,specialized_hospital,云南省,Yunnan,红河哈尼族彝族自治州,Honghe Hani and Yi Autonomous Prefecture,2017,https://www.hh.gov.cn/info/11371/1203492.htm
C48LE0008,迪庆藏族自治州人民医院,迪庆州人民医院,general_hospital,云南省,Yunnan,迪庆藏族自治州,Diqing Tibetan Autonomous Prefecture,2020,https://hzjl.sh.gov.cn/n1311/20221224/c81f7b2ce0544b3ca2598cda6439deff.html
C48LE0009,包头市第三医院,包头市传染病医院,specialized_hospital,内蒙古自治区,Inner Mongolia,包头市,Baotou,2022,https://s.dayi.org.cn/mip/s/hospital/1156077.html
C48LE0010,内蒙古自治区第四医院,内蒙古自治区胸科医院,specialized_hospital,内蒙古自治区,Inner Mongolia,呼和浩特市,Huhehaote,2014,https://economy.nmgnews.com.cn/system/2019/11/13/012804077.shtml
C48LE0011,呼和浩特市第二医院,呼和浩特市传染病医院,specialized_hospital,内蒙古自治区,Inner Mongolia,呼和浩特市,Huhehaote,2017,https://www.dayi.org.cn/hospital/1131567?from=sg
C48LE0012,通辽市传染病医院,通辽市第六人民医院,specialized_hospital,内蒙古自治区,Inner Mongolia,通辽市,Tongliao,2023,https://www.tongliao.gov.cn/zwgk/zfxxgk/fdzdgknr/zdlyxx/ggqsydwxxgk/wsjkly/202302/t20230224_137135.html
C48LE0013,鄂尔多斯市中医医院,,traditional_chinese_medicine_hospital,内蒙古自治区,Inner Mongolia,鄂尔多斯市,Eerduosi,2020,https://www.nmgyyxh.org.cn/nmgyyxh/zcfg/686cdcc3f266ba2c90c83f35.shtml
C48LE0015,北京市健宫医院,,traditional_chinese_and_western_medicine_hospital,北京市,Beijing,北京市,Beijing,2024,https://zyj.beijing.gov.cn/sy/tzgg/202412/t20241216_3966691.html
C48LE0016,北京朝阳中西医结合急诊抢救医院,,traditional_chinese_and_western_medicine_hospital,北京市,Beijing,北京市,Beijing,2023,https://zyj.beijing.gov.cn/sy/tzgg/202311/t20231114_3301174.html
C48LE0017,白山市中医院,长春中医药大学附属白山医院,traditional_chinese_medicine_hospital,吉林省,Jilin,白山市,Baishan,2023,https://jltcm.jl.gov.cn/zwgk/gsgg/202306/t20230620_2384643.html
C48LE0018,长春中医药大学附属第三临床医院,,traditional_chinese_medicine_hospital,吉林省,Jilin,长春市,Changchun,2023,https://jltcm.jl.gov.cn/zwgk/gsgg/202306/t20230620_2384643.html
C48LE0019,亳州市中医院,安徽中医药大学附属亳州中医院,traditional_chinese_medicine_hospital,安徽省,Anhui,亳州市,Bozhou,2019,https://www.sohu.com/a/352143502_120424507
C48LE0020,蒙城县中医院,亳州市第二中医院,traditional_chinese_medicine_hospital,安徽省,Anhui,亳州市,Bozhou,2023,https://www.mcxzyy.com/show.aspx?cid=100&tid=723
C48LE0021,安徽省胸科医院,,specialized_hospital,安徽省,Anhui,合肥市,Hefei,2022,https://ah.people.com.cn/n2/2022/0812/c358325-40078051.html
C48LE0022,安徽省皖南康复医院（芜湖市第五人民医院）,皖南医学院附属皖南康复医院,specialized_hospital,安徽省,Anhui,芜湖市,Wuhu,2023,https://wsjkw.wuhu.gov.cn/xwdt/bmyw/8402336.html
C48LE0023,蚌埠市第一人民医院,,general_hospital,安徽省,Anhui,蚌埠市,Bengbu,2022,https://www.xyl2002.com/zpxq/27261.html
C48LE0024,安徽医科大学附属阜阳医院,,general_hospital,安徽省,Anhui,阜阳市,Fuyang,2023,https://www.ahmu.edu.cn/2023/0407/c4325a135209/page.htm
C48LE0025,阜阳市中医医院,,traditional_chinese_medicine_hospital,安徽省,Anhui,阜阳市,Fuyang,2023,https://ah.people.com.cn/n2/2023/0621/c358428-40465096.html
C48LE0026,临沂市精神卫生中心（临沂市第四人民医院）,临沂市第四人民医院,specialized_hospital,山东省,Shandong,临沂市,Linyi,2015,https://wsjsw.linyi.gov.cn/info/1007/14140.htm
C48LE0027,临沂市肿瘤医院,,specialized_hospital,山东省,Shandong,临沂市,Linyi,2016,https://www.lyzlyy.net/news/512.html
C48LE0028,威海市立医院,,general_hospital,山东省,Shandong,威海市,Weihai,2014,https://wsjkw.weihai.gov.cn/art/2024/8/9/art_78865_4802626.html
C48LE0029,中国中医科学院西苑医院济宁医院（济宁市中医院）,济宁市中医院;中国中医科学院西苑医院济宁医院,traditional_chinese_medicine_hospital,山东省,Shandong,济宁市,Jining,2016,https://www.jnszyy.com/view.php?id=664
C48LE0030,曲阜市中医院,,traditional_chinese_medicine_hospital,山东省,Shandong,济宁市,Jining,2014,https://www.jining.gov.cn/art/2026/4/27/art_91311_2804736.html
C48LE0031,高密市中医院,,traditional_chinese_medicine_hospital,山东省,Shandong,潍坊市,Weifang,2024,https://wfgmszyy.cn/web/1002.html
C48LE0033,烟台市心理康复医院,烟台市精神卫生中心,specialized_hospital,山东省,Shandong,烟台市,Yantai,2016,https://www.ytsjsws.cn/news_detail/369.html
C48LE0035,东阿县人民医院,,general_hospital,山东省,Shandong,聊城市,Liaocheng,2024,https://www.netbig.top/thread-65109-76-1.html
C48LE0036,山东大学齐鲁第三医院,山东大学齐鲁医院（青岛）;山东大学齐鲁医院青岛院区,general_hospital,山东省,Shandong,青岛市,Qingdao,2024,https://www.netbig.top/thread-65109-76-1.html
C48LE0037,太原市第四人民医院,山西医科大学附属肺科医院;太原市结核病医院;山西省结核病防治中心,specialized_hospital,山西省,Shanxi,太原市,Taiyuan,2014,https://hospital.tyut.edu.cn/info/1013/1144.htm
C48LE0038,忻州市中医医院,忻州市中医院,traditional_chinese_medicine_hospital,山西省,Shanxi,忻州市,Xinzhou,2014,https://wjw.shanxi.gov.cn/zfxxgk/fdzdgknr/gggs/202203/t20220310_5279805.shtml
C48LE0039,晋中市中医院,山西中医药大学附属晋中医院,traditional_chinese_medicine_hospital,山西省,Shanxi,晋中市,Jinzhong,2018,https://www.sxtcm.edu.cn/ylfw.htm
C48LE0040,佛山市口腔医院,佛山大学附属口腔医院,specialized_hospital,广东省,Guangdong,佛山市,Foshan,2024,https://www.foshannews.net/fsxwfb/index/pic/202407/t20240721_6418316.html
C48LE0041,广东省职业病防治院,,specialized_hospital,广东省,Guangdong,广州市,Guangzhou,2023,https://www.gdpcc.com/index.php/Index/article/column_id/11.html
C48LE0042,广州中医药大学第一附属医院白云医院,广州市白云区中医院,traditional_chinese_medicine_hospital,广东省,Guangdong,广州市,Guangzhou,2024,https://wjw.gz.gov.cn/xxgk/tzgg/content/post_10044085.html
C48LE0043,广州医科大学附属市八医院,广州市第八人民医院,specialized_hospital,广东省,Guangdong,广州市,Guangzhou,2024,https://mp.weixin.qq.com/s/DCDQlzb17JQ4fL_h3I9RQQ
C48LE0044,惠州市第六人民医院,,general_hospital,广东省,Guangdong,惠州市,Huizhou,2023,https://static.nfnews.com/content/202312/02/c8362442.html?enterColumnId=100
C48LE0045,中山大学附属第三医院粤东医院,梅县区人民医院,general_hospital,广东省,Guangdong,梅州市,Meizhou,2018,https://www.sysu.edu.cn/news/info/2161/546091.htm
C48LE0046,汕头大学·香港中文大学联合汕头国际眼科中心,汕头国际眼科中心,specialized_hospital,广东省,Guangdong,汕头市,Shantou,2022,https://www.stu.edu.cn/info/1088/8392.htm
C48LE0047,汕头大学医学院附属肿瘤医院,,specialized_hospital,广东省,Guangdong,汕头市,Shantou,2023,https://www.stu.edu.cn/info/1085/10055.htm
C48LE0048,中国医学科学院肿瘤医院深圳医院,,specialized_hospital,广东省,Guangdong,深圳市,Shenzhen,2022,https://www.cicams-sz.org.cn/yygk/yyjs/index.html
C48LE0049,英德市中医院,,traditional_chinese_medicine_hospital,广东省,Guangdong,清远市,Qingyuan,2024,https://www.yingde.gov.cn/yqydwsj/gkmlpt/content/2/2046/post_2046850.html
C48LE0050,潮州市人民医院,,general_hospital,广东省,Guangdong,潮州市,Chaozhou,2024,https://static.nfnews.com/content/202412/07/c10319466.html
C48LE0051,广东省中医院珠海医院,珠海市中医院,traditional_chinese_medicine_hospital,广东省,Guangdong,珠海市,Zhuhai,2014,https://portal.smu.edu.cn/zyyxy/info/1119/2003.htm
C48LE0052,遵义医科大学第五附属（珠海）医院,遵义医科大学第五附属医院,general_hospital,广东省,Guangdong,珠海市,Zhuhai,2024,https://m.mp.oeeee.com/a/BAAFRD000020240606961358.html
C48LE0053,茂名市人民医院,,general_hospital,广东省,Guangdong,茂名市,Maoming,2014,https://www.mmrmyy.com/
C48LE0054,阳春市中医院,,traditional_chinese_medicine_hospital,广东省,Guangdong,阳江市,Yangjiang,2024,https://www.yangchun.gov.cn/yjycwsj/gkmlpt/content/0/872/post_872006.html
C48LE0055,广西医科大学附属武鸣医院,广西医科大学武鸣临床医学院,general_hospital,广西壮族自治区,Guangxi,南宁市,Nanning,2022,https://www.gxmuwmfy.com/News/NewsDetailPartialView/6498
C48LE0056,来宾市中医医院,来宾市瑶医医院;来宾市民族医药研究所;广西中医药大学第一附属医院来宾分院,traditional_chinese_medicine_hospital,广西壮族自治区,Guangxi,来宾市,Laibin,2014,https://jyw.glmu.edu.cn/schoolinfo/mcompany.htm?code=f7b9f7deQ0d0cR4526Rad0bhe4aa4a784543&f=cfed4922Qe9acR41b4R8112h78295140c8e7
C48LE0057,桂林市中西医结合医院,桂林市第五人民医院;桂林市肿瘤医院,traditional_chinese_and_western_medicine_hospital,广西壮族自治区,Guangxi,桂林市,Guilin,2020,https://www.glwyy.org.cn/list/3/3.html
C48LE0058,广西壮族自治区桂东人民医院,桂东人民医院;桂林医科大学附属桂东医院;原梧州地区人民医院,general_hospital,广西壮族自治区,Guangxi,梧州市,Wuzhou,2014,https://www.nhc.gov.cn/yzygj/s10347/200910/0a6ec40db66d4a788e2fdd612c34dade.shtml
C48LE0059,玉林市红十字会医院,,general_hospital,广西壮族自治区,Guangxi,玉林市,Yulin,2014,https://www.nhc.gov.cn/yzygj/s10347/200910/0a6ec40db66d4a788e2fdd612c34dade.shtml
C48LE0060,贵港市中医医院,,traditional_chinese_medicine_hospital,广西壮族自治区,Guangxi,贵港市,Guigang,2024,https://www.ggnews.com.cn/news/yaowen/2024-06-08/84254.html
C48LE0061,灵山县中医医院,,traditional_chinese_medicine_hospital,广西壮族自治区,Guangxi,钦州市,Qinzhou,2023,https://www.cn-healthcare.com/articlewm/20231016/content-1613692.html
C48LE0062,新疆维吾尔自治区传染病医院（新疆维吾尔自治区第六人民医院）,新疆维吾尔自治区第六人民医院;新疆医科大学第八附属医院（2020.9-2024.7合并期间）;新疆维吾尔自治区胸科医院（历史合并主体）,specialized_hospital,新疆维吾尔自治区,Xinjiang,乌鲁木齐市,Urumqi,2015,https://wjw.xinjiang.gov.cn/hfpc/yljggl/201603/6c2ff5b6de5c4519affd4b77bcfe71ad.shtml
C48LE0063,阿勒泰地区中医医院（阿勒泰地区哈萨克医医院）,阿勒泰地区哈萨克医医院,ethnic_medicine_hospital,新疆维吾尔自治区,Xinjiang,阿勒泰地区,Altay Prefecture,2021,https://xj.people.com.cn/n2/2021/0205/c394722-34567620.html
C48LE0064,海安市中医院,,traditional_chinese_medicine_hospital,江苏省,Jiangsu,南通市,Nantong,2023,https://www.jshazyy.com/about/5.html
C48LE0065,常州市儿童医院,,specialized_hospital,江苏省,Jiangsu,常州市,Changzhou,2022,https://www.changzhou.gov.cn/gi_news/38167334236725
C48LE0066,常州市德安医院,,specialized_hospital,江苏省,Jiangsu,常州市,Changzhou,2022,https://www.changzhou.gov.cn/gi_news/38167334236725
C48LE0067,常州市武进人民医院,,general_hospital,江苏省,Jiangsu,常州市,Changzhou,2022,https://www.changzhou.gov.cn/gi_news/38167334236725
C48LE0068,常州市第三人民医院,,specialized_hospital,江苏省,Jiangsu,常州市,Changzhou,2020,https://www.jsczsy.cn/news/view?id=577
C48LE0069,徐州市第七人民医院,徐州市传染病医院;徐州市公共卫生医疗中心,specialized_hospital,江苏省,Jiangsu,徐州市,Xuzhou,2022,https://www.thepaper.cn/newsDetail_forward_20307898
C48LE0070,邳州市中医院,,traditional_chinese_medicine_hospital,江苏省,Jiangsu,徐州市,Xuzhou,2021,https://yjs.cd120.com/contents/427/4259.html
C48LE0071,宜兴市中医医院,,traditional_chinese_medicine_hospital,江苏省,Jiangsu,无锡市,Wuxi,2023,https://www.yixing.gov.cn/doc/2024/03/18/1215255.shtml
C48LE0072,无锡市儿童医院,,specialized_hospital,江苏省,Jiangsu,无锡市,Wuxi,2022,https://www.thepaper.cn/newsDetail_forward_20307898
C48LE0073,无锡市第九人民医院,无锡市骨科医院,specialized_hospital,江苏省,Jiangsu,无锡市,Wuxi,2022,https://www.thepaper.cn/newsDetail_forward_20307898
C48LE0074,无锡市第五人民医院,无锡市传染病医院,specialized_hospital,江苏省,Jiangsu,无锡市,Wuxi,2020,https://www.xz12320.com/article/13860.html
C48LE0075,江阴市中医院,,traditional_chinese_medicine_hospital,江苏省,Jiangsu,无锡市,Wuxi,2023,https://wjw.wuxi.gov.cn/doc/2023/02/13/3880953.shtml
C48LE0076,泰兴市人民医院,,general_hospital,江苏省,Jiangsu,泰州市,Taizhou,2022,https://www.taixing.gov.cn/ztzl/ztlb/txs2024nmssszt/ylfwgg/art/2024/art_118338654.html
C48LE0077,泰州市姜堰中医院,,traditional_chinese_medicine_hospital,江苏省,Jiangsu,泰州市,Taizhou,2023,https://www.jiangyan.gov.cn/zwzl/zysfxcjzt/tjls/art/2023/art_899bdeafff544fbea54ba29b23a35fb8.html
C48LE0078,淮安市第三人民医院,淮安市精神病医院;淮安市精神卫生中心,specialized_hospital,江苏省,Jiangsu,淮安市,Huaian,2022,https://www.thepaper.cn/newsDetail_forward_20307898
C48LE0079,丹阳市人民医院,,general_hospital,江苏省,Jiangsu,镇江市,Zhenjiang,2022,https://www.dys120.com/html/dyry/introduction/
C48LE0080,上饶东信第五医院,上饶市第五人民医院;上饶市肿瘤医院,general_hospital,江西省,Jiangxi,上饶市,Shangrao,2014,https://zl.hxyjw.com/arc_555
C48LE0081,上饶市广信区人民医院,,general_hospital,江西省,Jiangxi,上饶市,Shangrao,2023,https://www.srsgxqrmyy.cn/Wap/Introduce
C48LE0082,九江市中医医院,九江市中医院,traditional_chinese_medicine_hospital,江西省,Jiangxi,九江市,Jiujiang,2014,https://www.nhc.gov.cn/yzygj/s10347/200910/0b0652780c674b289c0b7fb556932d0a.shtml
C48LE0083,都昌县中医院,都昌县中医医院,traditional_chinese_medicine_hospital,江西省,Jiangxi,九江市,Jiujiang,2024,https://jx.ifeng.com/c/8d6T98CPNCS
C48LE0084,丰城市中医院,江西中医药大学附属第四医院,traditional_chinese_medicine_hospital,江西省,Jiangxi,宜春市,Yichun,2024,https://scotmf.jxutcm.edu.cn/jxfc/sjyy/fcszyy.htm
C48LE0085,宜春市中医院,宜春市中医医院,traditional_chinese_medicine_hospital,江西省,Jiangxi,宜春市,Yichun,2014,https://passport.wenxuecity.com/book/?act=view&bookID=60556081&chapterID=52396026
C48LE0086,新余市中医院,新余市中医医院,traditional_chinese_medicine_hospital,江西省,Jiangxi,新余市,Xinyu,2014,https://y.dxy.cn/v2/hospital/1339
C48LE0087,赣州市南康区中医院,南康区中医院,traditional_chinese_medicine_hospital,江西省,Jiangxi,赣州市,Ganzhou,2024,https://www.nkjx.gov.cn/nkqxxgk/gmjjshfz/202509/90ef21e981134e208492d535e74bf714.shtml
C48LE0088,鹰潭市中医院,鹰潭市中医医院,traditional_chinese_medicine_hospital,江西省,Jiangxi,鹰潭市,Yingtan,2014,https://yp.guahao.com/hospital/introduction/03C75DAD538410C7E0530F01A8C0CA32000
C48LE0089,唐山市第四医院（唐山市肺科医院）,唐山市肺科医院;唐山市结核病医院,specialized_hospital,河北省,Hebei,唐山市,Tangshan,2014,https://www.a-hospital.com/w/%E5%94%90%E5%B1%B1%E5%B8%82%E8%82%BA%E7%A7%91%E5%8C%BB%E9%99%A2
C48LE0090,迁安市中医医院,,traditional_chinese_medicine_hospital,河北省,Hebei,唐山市,Tangshan,2014,https://ts.hebccw.cn/system/2019/03/01/019483720.shtml
C48LE0091,京东誉美肾病医院,京东誉美中西医结合肾病医院,traditional_chinese_and_western_medicine_hospital,河北省,Hebei,廊坊市,Langfang,2014,https://jdymsbyy.com/aboutus
C48LE0092,张家口市中医院,,traditional_chinese_medicine_hospital,河北省,Hebei,张家口市,Zhangjiakou,2023,https://m.sohu.com/a/705831453_121124526/
C48LE0093,河北医科大学口腔医院,河北省口腔医院,specialized_hospital,河北省,Hebei,石家庄市,Shijiazhuang,2014,https://www.dayi.org.cn/hospital/1130990?from=sg
C48LE0095,石家庄平安医院,,traditional_chinese_and_western_medicine_hospital,河北省,Hebei,石家庄市,Shijiazhuang,2023,https://www.pinganyiyuan.com/index.php/view.html?nid=11128
C48LE0096,邢台市中医医院,,traditional_chinese_medicine_hospital,河北省,Hebei,邢台市,Xingtai,2024,https://wsjkw.xingtai.gov.cn/content.php?id=8252
C48LE0097,邢台市中心医院,邢台市第三医院,general_hospital,河北省,Hebei,邢台市,Xingtai,2023,https://www.beijing.gov.cn/zhengce/zhengcefagui/202312/W020231214382293932544.pdf
C48LE0098,邯郸明仁医院,,traditional_chinese_and_western_medicine_hospital,河北省,Hebei,邯郸市,Handan,2023,https://guoqing.china.com.cn/2023-11/22/content_116833194.htm
C48LE0099,北京中医药大学东直门医院洛阳医院（洛阳市中医院）,,traditional_chinese_medicine_hospital,河南省,Henan,洛阳市,Luoyang,2014,https://hlxy.pdsu.edu.cn/info/1122/1396.htm
C48LE0100,漯河医学高等专科学校第二附属医院,,general_hospital,河南省,Henan,漯河市,Luohe,2024,https://www.lhrb.com.cn/2024/12/13/99550367.html
C48LE0101,漯河市中医院,,traditional_chinese_medicine_hospital,河南省,Henan,漯河市,Luohe,2014,https://zhuanjia.m.xywy.com/wenzhang/86-7930.htm
C48LE0102,长兴县中医院,,traditional_chinese_medicine_hospital,浙江省,Zhejiang,湖州市,Huzhou,2023,https://www.peopleapp.com/rmharticle/30005499750
C48LE0103,海南省眼科医院,中山大学中山眼科中心海南眼科医院,specialized_hospital,海南省,Hainan,海口市,Haikou,2018,https://www.sysu.edu.cn/news/info/2161/543141.htm
C48LE0104,海南省肿瘤医院,海南省肿瘤防治中心;海南医学院附属肿瘤医院;天津市肿瘤医院海南分院,specialized_hospital,海南省,Hainan,海口市,Haikou,2023,https://hi.people.com.cn/n2/2023/0423/c338424-40388826.html
C48LE0105,孝感市中医医院,孝感市中医院,traditional_chinese_medicine_hospital,湖北省,Hubei,孝感市,Xiaogan,2014,https://wjw.hubei.gov.cn/zfxxgk/zc/gkwj/ywh/202509/t20250901_5760338.shtml
C48LE0106,武汉市肺科医院,武汉市结核病防治所,specialized_hospital,湖北省,Hubei,武汉市,Wuhan,2023,https://wjw.wuhan.gov.cn/zwgk_28/fdzdgknr/czxx/bmjs/202410/P020241012701401210071.pdf
C48LE0107,大冶市人民医院,,general_hospital,湖北省,Hubei,黄石市,Huangshi,2023,https://www.hbdaye.gov.cn/zfxxgk/dfbmptlj/ggqsyxx/ggqsyxxyl/202503/t20250308_1202016.html
C48LE0108,澧县中医医院,,traditional_chinese_medicine_hospital,湖南省,Hunan,常德市,Changde,2023,https://tcm.hunan.gov.cn/tcm/xxgk/tzgg/202304/t20230404_29305724.html
C48LE0109,石门县中医医院,,traditional_chinese_medicine_hospital,湖南省,Hunan,常德市,Changde,2024,https://tcm.hunan.gov.cn/tcm/xxgk/tzgg/202410/t20241022_33482483.html
C48LE0110,怀化市第二人民医院,怀化市肿瘤医院,specialized_hospital,湖南省,Hunan,怀化市,Huaihua,2019,https://hnrb.hunantoday.cn/hnrb_epaper/html/2021-06/26/content_1526295.htm?div=-1
C48LE0111,湘潭市中医医院,,traditional_chinese_medicine_hospital,湖南省,Hunan,湘潭市,Xiangtan,2014,https://www.mtnfz.com/zkdt/100.html
C48LE0112,常宁市中医医院,,traditional_chinese_medicine_hospital,湖南省,Hunan,衡阳市,Hengyang,2024,https://www.hnchangning.gov.cn/zwgk/szfbmxxgkml/wsjkj/ywl/20250120/i3563931.html
C48LE0113,正大邵阳骨伤科医院,邵阳正骨医院;新邵县中医医院,specialized_hospital,湖南省,Hunan,邵阳市,Shaoyang,2021,https://ylbzj.shaoyang.gov.cn/syybj/tzgg/202201/c5e322ca5bcc4d8aae80955be019cf7e/files/65139c8d929442f984c336086c4c89b7.pdf
C48LE0114,宁乡市中医医院,,traditional_chinese_medicine_hospital,湖南省,Hunan,长沙市,Changsha,2017,https://tcm.hunan.gov.cn/tcm/xxgk/tpxw/201708/t20170829_4443179.html
C48LE0115,浏阳市中医医院,湖南中医药大学附属第二中西医结合医院,traditional_chinese_medicine_hospital,湖南省,Hunan,长沙市,Changsha,2015,https://xjzb.icswb.com/h/106002/20231215/845327.html
C48LE0116,长沙市口腔医院,,specialized_hospital,湖南省,Hunan,长沙市,Changsha,2020,https://wjw.hunan.gov.cn/xxgk/tzgg/202005/t20200511_12085462.html
C48LE0117,天水市第三人民医院,,specialized_hospital,甘肃省,Gansu,天水市,Tianshui,2021,https://gansu.gscn.com.cn/system/2021/06/07/012597592.shtml
C48LE0118,金昌市人民医院,,general_hospital,甘肃省,Gansu,金昌市,Jinchang,2023,https://m.thepaper.cn/newsDetail_forward_26440987
C48LE0119,三明市中西医结合医院,,traditional_chinese_and_western_medicine_hospital,福建省,Fujian,三明市,Sanming,2014,https://www.fjdaily.com/app/content/2020-12/28/content_902248.html
C48LE0120,厦门医学院附属口腔医院,厦门市口腔医院,specialized_hospital,福建省,Fujian,厦门市,Xiamen,2024,https://wjw.fj.gov.cn/xxgk/fgwj/zxwj/202501/t20250106_6605223.htm
C48LE0121,厦门大学附属心血管病医院,,specialized_hospital,福建省,Fujian,厦门市,Xiamen,2024,https://wjw.fj.gov.cn/xxgk/fgwj/zxwj/202501/t20250106_6605223.htm
C48LE0122,复旦大学附属中山医院厦门医院,复旦大学附属中山医院（厦门）,general_hospital,福建省,Fujian,厦门市,Xiamen,2024,https://wjw.fj.gov.cn/xxgk/fgwj/zxwj/202501/t20250106_6605223.htm
C48LE0123,福建中医药大学附属第三人民医院,福建省第三人民医院,traditional_chinese_medicine_hospital,福建省,Fujian,福州市,Fuzhou,2021,https://wjw.fujian.gov.cn/jggk/csxx/zyyglcszyyglj/yzgl/202105/t20210528_5603142.htm
C48LE0124,上海交通大学医学院附属上海儿童医学中心贵州医院,,specialized_hospital,贵州省,Guizhou,贵阳市,Guiyang,2023,https://rst.guizhou.gov.cn/zwgk/zdlyxx/sydwgkzp/202402/t20240208_83804493.html
C48LE0126,德江县人民医院,,general_hospital,贵州省,Guizhou,铜仁市,Tongren,2024,https://www.tongren.gov.cn/2024/0124/312533.shtml
C48LE0127,思南县人民医院,,general_hospital,贵州省,Guizhou,铜仁市,Tongren,2024,https://www.tongren.gov.cn/2024/0124/312533.shtml
C48LE0130,抚顺市中医院,,traditional_chinese_medicine_hospital,辽宁省,Liaoning,抚顺市,Fushun,2014,https://www.a-hospital.com/w/%E6%8A%9A%E9%A1%BA%E5%B8%82%E4%B8%89%E7%BA%A7%E7%94%B2%E7%AD%89%E5%8C%BB%E9%99%A2%E5%88%97%E8%A1%A8
C48LE0131,本溪市中医院,,traditional_chinese_medicine_hospital,辽宁省,Liaoning,本溪市,Benxi,2014,https://www.dayi.org.cn/hospital/1138176.html
C48LE0133,海城市正骨医院,,traditional_chinese_medicine_hospital,辽宁省,Liaoning,鞍山市,Anshan,2014,https://www.dayi.org.cn/hospital/1127117
C48LE0134,鞍山市中医院,,traditional_chinese_medicine_hospital,辽宁省,Liaoning,鞍山市,Anshan,2014,https://www.a-hospital.com/w/%E9%9E%8D%E5%B1%B1%E5%B8%82%E4%B8%AD%E5%8C%BB%E9%99%A2
C48LE0135,重庆医药高等专科学校附属第一医院,重庆市职业病防治院;重庆市第六人民医院;重庆市中毒控制中心,general_hospital,重庆市,Chongqing,重庆市,Chongqing,2022,https://www.cqmpc.edu.cn/info/1059/11735.htm
C48LE0136,青海省第四人民医院,青海省传染病专科医院,specialized_hospital,青海省,Qinghai,西宁市,Xining,2014,https://www.qh4yy.com.cn/Index.asp
C48LE0137,七台河七煤医院有限公司,七煤总医院; 七台河矿业集团总医院,general_hospital,黑龙江省,Heilongjiang,七台河市,Qitaihe,2014,https://yyk.39.net/qth/e9fec/
C48LE0138,双矿集团双矿医院有限公司,双鸭山双矿医院; 双鸭山矿业集团总医院; 双鸭山煤炭总医院,general_hospital,黑龙江省,Heilongjiang,双鸭山市,Shuangyashan,2014,https://www.nhc.gov.cn/yzygj/s10347/200910/524b4b7bfec640c0b949dec36750a40b.shtml
C48LE0140,黑龙江中德骨科医院,,specialized_hospital,黑龙江省,Heilongjiang,哈尔滨市,Harbin,2017,https://www.shebaoonline.com/yiliaobaoxian/914338/
C48LE0141,鹤岗鹤矿医院有限公司,鹤岗矿业集团总医院; 鹤岗矿务局总医院,general_hospital,黑龙江省,Heilongjiang,鹤岗市,Hegang,2014,https://upimg.baike.so.com/doc/5396453-5633649.html
C59LE0001,成都市妇女儿童中心医院,,specialized_hospital,四川省,Sichuan,成都市,Chengdu,2014,https://wsjkw.sc.gov.cn/scwsjkw/wszy/2017/1/9/6abf3ec8fde641499c1d14cde078fd8e/files/c81cc40e07594b98b02c90a91a1379ec.pdf
C59LE0002,普洱市第二人民医院,普洱市精神卫生中心,specialized_hospital,云南省,Yunnan,普洱市,Puer,2020,https://yn.people.com.cn/news/yunnan/n2/2020/1119/c384614-34426126.html
C59LE0003,延边中医医院（延吉市中医医院）,延吉市中医医院;延边大学附属中医医院,traditional_chinese_medicine_hospital,吉林省,Jilin,延边朝鲜族自治州,Yanbian Korean Autonomous Prefecture,2014,https://www.ggj.gov.cn/jn/tfiles/ENTYPATH/files/enty/EF20240823398337055575.pdf
C59LE0004,长春市第四医院,长春市胸科医院;长春市传染病医院,specialized_hospital,吉林省,Jilin,长春市,Changchun,2014,https://sthjt.jl.gov.cn/ywdt/gkgs/gszx/slgs/202301/P020230109789470230454.pdf
C59LE0005,兴安界首骨伤医院,兴安界首骨伤医院有限公司;兴安界首中西医结合医院,traditional_chinese_medicine_hospital,广西壮族自治区,Guangxi,桂林市,Guilin,2024,https://www.jsgsyy.com/history.html
C61LE0001,云南省传染病医院,云南省传染病专科医院;云南省艾滋病关爱中心;云南省心理卫生中心;昆明医科大学附属传染病医院,specialized_hospital,云南省,Yunnan,昆明市,Kunming,2023,https://ynkgyy.com/info/i/4299.html
C63LE0001,青海省妇产医院,青海省妇幼保健院,specialized_hospital,青海省,Qinghai,西宁市,Xining,2017,https://www.cmcha.org/detail/15789754393277935910.html
LE000002,上海中医药大学附属岳阳中西医结合医院,,traditional_chinese_and_western_medicine_hospital,上海市,Shanghai,上海市,Shanghai,2014,https://www.shyueyanghospital.com/Html/News/Columns/8/Index.html
LE000003,上海中医药大学附属曙光医院,上海中医药大学附属曙光医院东院;上海中医药大学附属曙光医院西院,traditional_chinese_medicine_hospital,上海市,Shanghai,上海市,Shanghai,2014,https://www.nhc.gov.cn/yzygj/s10347/200910/3c9163f9a993489a94d55c4bd33db26c.shtml
LE000005,上海中医药大学附属龙华医院,,general_hospital,上海市,Shanghai,上海市,Shanghai,2014,https://www.longhua.net/yyjs.htm
LE000006,上海交通大学医学院附属上海儿童医学中心,,specialized_hospital,上海市,Shanghai,上海市,Shanghai,2014,https://www.nhc.gov.cn/yzygj/s10347/200910/3c9163f9a993489a94d55c4bd33db26c.shtml
LE000007,上海交通大学医学院附属仁济医院,上海交通大学医学院附属仁济医院(东院);上海交通大学医学院附属仁济医院(南院);上海交通大学医学院附属仁济医院(西院),general_hospital,上海市,Shanghai,上海市,Shanghai,2014,https://www.shsmu.edu.cn/__local/C/21/AD/7C698E24D321C7C1700754B2F33_93F1333B_2AE4E3.pdf?e=.pdf
LE000011,上海交通大学医学院附属新华医院,,general_hospital,上海市,Shanghai,上海市,Shanghai,2014,https://www.dayi.org.cn/hospital/2140.html
LE000012,上海交通大学医学院附属瑞金医院,上海交通大学医学院附属瑞金医院北院,general_hospital,上海市,Shanghai,上海市,Shanghai,2014,https://www.shsmu.edu.cn/__local/C/21/AD/7C698E24D321C7C1700754B2F33_93F1333B_2AE4E3.pdf?e=.pdf
LE000014,上海市第一人民医院,上海交通大学医学院附属第一人民医院;上海交通大学医学院附属第一人民医院(南院),general_hospital,上海市,Shanghai,上海市,Shanghai,2014,https://www.shsmu.edu.cn/qnxzforum/info/1038/1101.htm
LE000016,上海交通大学医学院附属第九人民医院,,general_hospital,上海市,Shanghai,上海市,Shanghai,2014,https://www.shsmu.edu.cn/__local/C/21/AD/7C698E24D321C7C1700754B2F33_93F1333B_2AE4E3.pdf?e=.pdf
LE000017,上海市东方医院,,general_hospital,上海市,Shanghai,上海市,Shanghai,2014,https://m.easthospital.cn/news/index/id/282.shtml
LE000018,上海市中医医院,上海市中医院,traditional_chinese_medicine_hospital,上海市,Shanghai,上海市,Shanghai,2014,https://www.nhc.gov.cn/yzygj/s10347/200910/3c9163f9a993489a94d55c4bd33db26c.shtml
LE000019,上海市中西医结合医院,,traditional_chinese_and_western_medicine_hospital,上海市,Shanghai,上海市,Shanghai,2014,https://ygc.shutcm.edu.cn/2021/1216/c1308a139211/page.htm
LE000020,上海市儿童医院,,specialized_hospital,上海市,Shanghai,上海市,Shanghai,2014,https://www.shsmu.edu.cn/__local/C/21/AD/7C698E24D321C7C1700754B2F33_93F1333B_2AE4E3.pdf?e=.pdf
LE000021,上海市光华中西医结合医院,,traditional_chinese_and_western_medicine_hospital,上海市,Shanghai,上海市,Shanghai,2014,https://www.ghhospital.com.cn/yyjj/index_13.aspx
LE000022,上海市公共卫生临床中心,,general_hospital,上海市,Shanghai,上海市,Shanghai,2014,https://www.ynpxrz.com/n841674c1348.aspx
LE000023,上海市宝山区中西医结合医院,,traditional_chinese_and_western_medicine_hospital,上海市,Shanghai,上海市,Shanghai,2014,https://xxgk.shbsq.gov.cn/article.html?infoid=e2f81747-c8d1-422d-a4a6-ff54dc1ec044
LE000025,上海市第七人民医院,,traditional_chinese_and_western_medicine_hospital,上海市,Shanghai,上海市,Shanghai,2014,https://www.hosno7.com/shsqyy/lsyg/index.jhtml
LE000026,上海市第六人民医院,上海市第六人民医院东院,general_hospital,上海市,Shanghai,上海市,Shanghai,2014,https://www.6thhosp.com/upload/doc/201505/06094930.pdf
LE000028,上海市第十人民医院,,general_hospital,上海市,Shanghai,上海市,Shanghai,2014,https://www.shanghai.gov.cn/cmsres/bb/bbe906e1ec484bbcbe03a9e85a5f57d5/c939e44ce71eaf67a4ac6057992d1e61.pdf
LE000029,上海市精神卫生中心,上海市精神卫生中心分部;上海市精神卫生中心分部(闵行院区),specialized_hospital,上海市,Shanghai,上海市,Shanghai,2014,https://www.smhc.org.cn/info/1009/6821.htm
LE000030,上海市肺科医院,,specialized_hospital,上海市,Shanghai,上海市,Shanghai,2014,https://www.dayi.org.cn/hospital/2261.html
LE000031,上海市胸科医院,,specialized_hospital,上海市,Shanghai,上海市,Shanghai,2014,https://www.thepaper.cn/newsDetail_forward_11411374
LE000032,上海长征医院,,general_hospital,上海市,Shanghai,上海市,Shanghai,2014,https://m.kaoyan.com/yanzhao/smmu/zixun/08/372966/
LE000033,上海长海医院,,general_hospital,上海市,Shanghai,上海市,Shanghai,2014,https://s.dayi.org.cn/mip/s/hospital/1134237.html
LE000039,同济大学附属同济医院,,general_hospital,上海市,Shanghai,上海市,Shanghai,2014,https://y.dxy.cn/hospital/65/shanghaistongjiyyh/article/739643/
LE000040,复旦大学附属中山医院,,general_hospital,上海市,Shanghai,上海市,Shanghai,2014,https://csp.ncmi.cn/UsersInfo/UserUnit/UserUnitDetailWeb?type=&uid=01535
LE000041,复旦大学附属儿科医院,,specialized_hospital,上海市,Shanghai,上海市,Shanghai,2014,https://dangjian.ch.shmu.edu.cn/news/content/pid/10956/id/492.html
LE000042,华东医院,复旦大学附属华东医院,general_hospital,上海市,Shanghai,上海市,Shanghai,2014,https://wmzx.fudan.edu.cn/87/5a/c20566a231258/page.htm
LE000043,复旦大学附属华山医院,复旦大学附属华山医院(北院);复旦大学附属华山医院(西院);复旦大学附属华山医院东院,general_hospital,上海市,Shanghai,上海市,Shanghai,2014,https://www.huashan.org.cn/about/1018/index.html
LE000047,复旦大学附属妇产科医院,,specialized_hospital,上海市,Shanghai,上海市,Shanghai,2014,https://news.fudan.edu.cn/_upload/article/files/3a/fb/9092decf4feb965a5b0cd0e3b92a/40519148-9894-4e0e-978d-6964748e9285.pdf
LE000048,复旦大学附属眼耳鼻喉科医院,,specialized_hospital,上海市,Shanghai,上海市,Shanghai,2014,https://shmc.fudan.edu.cn/news/2013/0819/c1891a127376/page.htm
LE000049,复旦大学附属肿瘤医院,复旦大学附属肿瘤医院(浦东院区),specialized_hospital,上海市,Shanghai,上海市,Shanghai,2014,https://www.shca.org.cn/Home/news/content/id/331/pid/5666
LE000050,临沧市人民医院,,general_hospital,云南省,Yunnan,临沧市,Lincang,2018,https://www.sohu.com/a/252822387_787275
LE000052,丽江市人民医院,,general_hospital,云南省,Yunnan,丽江市,Lijiang,2018,https://www.ynwsjkrc.cn/temp/1686124063840019722.pdf
LE000053,保山市中医院,,traditional_chinese_medicine_hospital,云南省,Yunnan,保山市,Baoshan,2018,https://baoshan.gov.cn/info/4996/2861044.htm
LE000054,保山市人民医院,,general_hospital,云南省,Yunnan,保山市,Baoshan,2015,https://www.yypdca.com/psdt/2019/0527/314.html
LE000055,保山市第三人民医院,,specialized_hospital,云南省,Yunnan,保山市,Baoshan,2017,https://baoshan.gov.cn/info/4953/1540604.htm
LE000056,云南省第四人民医院,,general_hospital,云南省,Yunnan,大理白族自治州,Dali Bai Autonomous Prefecture,2015,https://www.ynwsjkrc.cn/temp/1750812005040036199.pdf
LE000057,大理州人民医院,,general_hospital,云南省,Yunnan,大理白族自治州,Dali Bai Autonomous Prefecture,2014,https://sj.p-fire.com/show.php?classid=24&id=4557
LE000058,大理州第二人民医院,,specialized_hospital,云南省,Yunnan,大理白族自治州,Dali Bai Autonomous Prefecture,2017,https://zh.wikipedia.org/wiki/%E5%A4%A7%E7%90%86%E5%B7%9E%E7%AC%AC%E4%BA%8C%E4%BA%BA%E6%B0%91%E5%8C%BB%E9%99%A2
LE000059,大理白族自治州中医院,,traditional_chinese_medicine_hospital,云南省,Yunnan,大理白族自治州,Dali Bai Autonomous Prefecture,2018,https://www.dlzzyyy.com/news/2971.cshtml
LE000060,云南省德宏州医疗集团,,general_hospital,云南省,Yunnan,德宏傣族景颇族自治州,Dehong Dai and Jingpo Autonomous Prefecture,2018,https://s.dayi.org.cn/mip/s/hospital/1156281.html
LE000061,怒江州人民医院,,general_hospital,云南省,Yunnan,怒江傈僳族自治州,Nujiang Lisu Autonomous Prefecture,2020,https://www.114gh.com/yy/yn/4368.html
LE000062,文山州中医院,,traditional_chinese_medicine_hospital,云南省,Yunnan,文山壮族苗族自治州,Wenshan Zhuang and Miao Autonomous Prefecture,2018,https://www.caivd-org.cn/article.asp?id=6647
LE000063,文山州人民医院,,general_hospital,云南省,Yunnan,文山壮族苗族自治州,Wenshan Zhuang and Miao Autonomous Prefecture,2015,https://hospital.51daifu.com/hos2033/
LE000064,昆明市中医医院,云南中医学院第三附属医院,traditional_chinese_medicine_hospital,云南省,Yunnan,昆明市,Kunming,2014,https://www.nhc.gov.cn/yzygj/s10347/200912/3f4c850e718f4114ad6bd940877b31a9.shtml
LE000065,云南中医药大学第一附属医院,云南中医药大学第一附属医院(滇池院区),traditional_chinese_medicine_hospital,云南省,Yunnan,昆明市,Kunming,2014,https://www.nhc.gov.cn/yzygj/s10347/200912/3f4c850e718f4114ad6bd940877b31a9.shtml
LE000066,云南昆钢医院,,general_hospital,云南省,Yunnan,昆明市,Kunming,2019,https://www.yndaily.com/html/2019/yaowenyunnan_1225/115274.html
LE000068,云南省第一人民医院,,general_hospital,云南省,Yunnan,昆明市,Kunming,2014,https://www.nhc.gov.cn/yzygj/s10347/200912/3f4c850e718f4114ad6bd940877b31a9.shtml
LE000069,云南省第三人民医院,,general_hospital,云南省,Yunnan,昆明市,Kunming,2014,https://www.haodf.com/neirong/wenzhang/973308140.html
LE000070,云南省第二人民医院,,general_hospital,云南省,Yunnan,昆明市,Kunming,2014,https://www.chictr.org.cn/showproj.html?proj=8961
LE000071,云南省精神病医院,,specialized_hospital,云南省,Yunnan,昆明市,Kunming,2016,https://www.ynjs.com.cn/main/yijiaozhichuang/detail/875.html
LE000072,云南省阜外心血管病医院,,specialized_hospital,云南省,Yunnan,昆明市,Kunming,2019,https://www.yndaily.com/html/2019/yaowenyunnan_1225/115274.html
LE000074,昆明医科大学第一附属医院,昆明医科大学第一附属医院(呈贡医院),general_hospital,云南省,Yunnan,昆明市,Kunming,2014,https://www.nhc.gov.cn/yzygj/s10347/200912/3f4c850e718f4114ad6bd940877b31a9.shtml
LE000076,昆明医科大学第三附属医院,,specialized_hospital,云南省,Yunnan,昆明市,Kunming,2015,https://www.ynszlyy.com/Subject/XWZX_ZHXW_New/Article/19564.html
LE000077,昆明医科大学第二附属医院,,general_hospital,云南省,Yunnan,昆明市,Kunming,2014,https://www.nhc.gov.cn/yzygj/s10347/200912/3f4c850e718f4114ad6bd940877b31a9.shtml
LE000078,昆明医科大学附属延安医院,,general_hospital,云南省,Yunnan,昆明市,Kunming,2014,https://www.nhc.gov.cn/yzygj/s10347/200912/3f4c850e718f4114ad6bd940877b31a9.shtml
LE000079,昆明市儿童医院,,specialized_hospital,云南省,Yunnan,昆明市,Kunming,2014,https://www.etyy.cn/News/40/76981.html
LE000081,昆明市第一人民医院,昆明市第一人民医院(北院区),general_hospital,云南省,Yunnan,昆明市,Kunming,2014,https://www.nhc.gov.cn/yzygj/s10347/200912/3f4c850e718f4114ad6bd940877b31a9.shtml
LE000082,昆明市第三人民医院,,specialized_hospital,云南省,Yunnan,昆明市,Kunming,2016,https://s.dayi.org.cn/mip/s/hospital/1134357.html
LE000083,昭通市中医院,,traditional_chinese_medicine_hospital,云南省,Yunnan,昭通市,Zhaotong,2014,https://www.dayi.org.cn/hospital/1154675.html
LE000084,昭通市第一人民医院,,general_hospital,云南省,Yunnan,昭通市,Zhaotong,2015,https://ztsdyrmyy.com/info/i/1555.html
LE000085,普洱市中医院,,traditional_chinese_medicine_hospital,云南省,Yunnan,普洱市,Puer,2014,https://s.dayi.org.cn/mip/s/hospital/1151876.html
LE000086,普洱市人民医院,,general_hospital,云南省,Yunnan,普洱市,Puer,2015,https://sj.ruizhipak.com/show.php?classid=28&id=8745
LE000088,宣威市中医院,,traditional_chinese_medicine_hospital,云南省,Yunnan,曲靖市,Qujing,2019,https://www.dqzzyy.com/a/xinwenzhongxin/tongzhigonggao/477.html
LE000089,曲靖市中医医院,曲靖市中医医院(三元院区),traditional_chinese_medicine_hospital,云南省,Yunnan,曲靖市,Qujing,2014,https://www.hf960.com/n49806c94.aspx
LE000091,曲靖市第一人民医院,,general_hospital,云南省,Yunnan,曲靖市,Qujing,2014,https://qjyyy.com/contents/113/3774.html
LE000092,曲靖市第三人民医院,,specialized_hospital,云南省,Yunnan,曲靖市,Qujing,2014,https://www.qj.gov.cn/html/2022/wsjk_0718/103416.html
LE000093,曲靖市第二人民医院,,general_hospital,云南省,Yunnan,曲靖市,Qujing,2016,https://s.dayi.org.cn/mip/s/hospital/1134361.html
LE000094,楚雄彝族自治州中医医院,,traditional_chinese_medicine_hospital,云南省,Yunnan,楚雄彝族自治州,Chuxiong Yi Autonomous Prefecture,2014,https://s.dayi.org.cn/mip/s/hospital/1133785.html
LE000095,楚雄彝族自治州人民医院,,general_hospital,云南省,Yunnan,楚雄彝族自治州,Chuxiong Yi Autonomous Prefecture,2015,https://s.dayi.org.cn/mip/s/hospital/1151864.html
LE000096,楚雄彝族自治州第二人民医院,,specialized_hospital,云南省,Yunnan,楚雄彝族自治州,Chuxiong Yi Autonomous Prefecture,2017,https://m.youlai.cn/yyk/hospindex/9723/hospintro.html
LE000097,玉溪市中医医院,,traditional_chinese_medicine_hospital,云南省,Yunnan,玉溪市,Yuxi,2014,https://www.nhc.gov.cn/yzygj/s10347/200912/3f4c850e718f4114ad6bd940877b31a9.shtml
LE000098,玉溪市人民医院,,general_hospital,云南省,Yunnan,玉溪市,Yuxi,2014,https://www.yxhospital.com/c/2024/03/22/21299.shtml
LE000100,云南省滇南中心医院（红河州第一人民医院）,云南省滇南中心医院,general_hospital,云南省,Yunnan,红河哈尼族彝族自治州,Honghe Hani and Yi Autonomous Prefecture,2018,https://www.onalliance.org/page147?article_id=122
LE000101,红河州滇南中心医院（个旧市人民医院）,云南省滇南中心医院;红河州滇南中心医院,general_hospital,云南省,Yunnan,红河哈尼族彝族自治州,Honghe Hani and Yi Autonomous Prefecture,2015,https://www.ylzhaopin.com/news/56404.html
LE000102,红河州第三人民医院,,specialized_hospital,云南省,Yunnan,红河哈尼族彝族自治州,Honghe Hani and Yi Autonomous Prefecture,2019,https://www.youlai.cn/yyk/hospindex/9816/
LE000103,西双版纳州人民医院,,general_hospital,云南省,Yunnan,西双版纳傣族自治州,Xishuangbanna Dai Autonomous Prefecture,2015,https://www.xsbnzyy.cn/index/article/allcontent?aid=2013&level=off&parent_id=26&rollpic_id=53&son_id=29
LE000104,乌兰察布市中心医院,,general_hospital,内蒙古自治区,Inner Mongolia,乌兰察布市,Wulanchabu,2016,https://mchz.com.cn/news/details579
LE000105,乌海市人民医院,,general_hospital,内蒙古自治区,Inner Mongolia,乌海市,Wuhai,2018,https://m.dayi.org.cn/hospital/1151744.html
LE000106,乌海市蒙中医院,,ethnic_medicine_hospital,内蒙古自治区,Inner Mongolia,乌海市,Wuhai,2020,https://www.nmgyyxh.org.cn/nmgyyxh/zcfg/686cdcc3f266ba2c90c83f35.shtml
LE000107,兴安盟人民医院,,general_hospital,内蒙古自治区,Inner Mongolia,兴安盟,Hinggan League,2016,https://www.nmgyyxh.org.cn/nmgyyxh/qqgsylfwbgcj/686e2c7ef266ba2c90c8672f.shtml
LE000108,内蒙古包钢医院,,general_hospital,内蒙古自治区,Inner Mongolia,包头市,Baotou,2014,https://www.nhc.gov.cn/yzygj/s10347/200910/642874af16f848e2bd1c8d8dbf9287d2.shtml
LE000109,内蒙古科技大学包头医学院第一附属医院,,general_hospital,内蒙古自治区,Inner Mongolia,包头市,Baotou,2014,https://www.nhc.gov.cn/yzygj/s10347/200910/642874af16f848e2bd1c8d8dbf9287d2.shtml
LE000110,包头市中心医院,,general_hospital,内蒙古自治区,Inner Mongolia,包头市,Baotou,2014,https://www.nhc.gov.cn/yzygj/s10347/200910/642874af16f848e2bd1c8d8dbf9287d2.shtml
LE000111,包头市肿瘤医院,,specialized_hospital,内蒙古自治区,Inner Mongolia,包头市,Baotou,2017,https://www.youlai.cn/yyk/hospindex/1993/
LE000112,包头市蒙医中医医院,,general_hospital,内蒙古自治区,Inner Mongolia,包头市,Baotou,2014,https://www.nhc.gov.cn/yzygj/s10347/200910/642874af16f848e2bd1c8d8dbf9287d2.shtml
LE000113,包钢集团第三职工医院,,specialized_hospital,内蒙古自治区,Inner Mongolia,包头市,Baotou,2017,https://csp.ncmi.cn/WebManage/StrokeRecognition/CzdtUUDetailWeb?uid=03610
LE000115,呼伦贝尔市中蒙医院,,traditional_chinese_medicine_hospital,内蒙古自治区,Inner Mongolia,呼伦贝尔市,Hulunbeier,2018,https://www.nmgyyxh.org.cn/nmgyyxh/hyzc_hlbe/686e1ef0f266ba2c90c8667f.shtml
LE000116,呼伦贝尔市人民医院,,general_hospital,内蒙古自治区,Inner Mongolia,呼伦贝尔市,Hulunbeier,2016,https://inews.nmgnews.com.cn/system/2016/05/11/011980676.shtml
LE000117,呼伦贝尔市传染病医院,,specialized_hospital,内蒙古自治区,Inner Mongolia,呼伦贝尔市,Hulunbeier,2017,http://hlbejh.com/a/gaikuang/jianjie/
LE000118,呼伦贝尔市第三人民医院,,specialized_hospital,内蒙古自治区,Inner Mongolia,呼伦贝尔市,Hulunbeier,2017,https://wjw.hlbe.gov.cn/News/show/1111656.html
LE000119,内蒙古医科大学第二附属医院,内蒙古医科大学第二附属医院(新院区),specialized_hospital,内蒙古自治区,Inner Mongolia,呼和浩特市,Huhehaote,2014,https://www.nhc.gov.cn/yzygj/s10347/200910/642874af16f848e2bd1c8d8dbf9287d2.shtml
LE000120,北京大学肿瘤医院内蒙古医院,内蒙古医科大学附属人民医院,specialized_hospital,内蒙古自治区,Inner Mongolia,呼和浩特市,Huhehaote,2016,https://www.nmgzlyy.cn/Upload/EditorGF/6369515355023928802743860.pdf
LE000121,内蒙古医科大学附属医院,,general_hospital,内蒙古自治区,Inner Mongolia,呼和浩特市,Huhehaote,2014,https://www.nhc.gov.cn/yzygj/s10347/200910/642874af16f848e2bd1c8d8dbf9287d2.shtml
LE000122,内蒙古自治区国际蒙医医院,内蒙古国际蒙医医院,ethnic_medicine_hospital,内蒙古自治区,Inner Mongolia,呼和浩特市,Huhehaote,2014,https://www.chinaacc.com/new/184_900_201203/30da320970144.shtml
LE000123,内蒙古自治区中医医院,,traditional_chinese_medicine_hospital,内蒙古自治区,Inner Mongolia,呼和浩特市,Huhehaote,2014,https://www.dayi.org.cn/hospital/1133171.html
LE000124,内蒙古自治区人民医院,,general_hospital,内蒙古自治区,Inner Mongolia,呼和浩特市,Huhehaote,2014,https://www.nhc.gov.cn/yzygj/s10347/200910/642874af16f848e2bd1c8d8dbf9287d2.shtml
LE000126,内蒙古自治区精神卫生中心,内蒙古自治区第三医院(察布路院区);内蒙古自治区第三医院(鸿盛院区),specialized_hospital,内蒙古自治区,Inner Mongolia,呼和浩特市,Huhehaote,2023,https://wjw.nmg.gov.cn/zfxxgk/fdzzgknr/jgjs/202307/t20230731_2354777.html
LE000127,呼和浩特市口腔医院,,specialized_hospital,内蒙古自治区,Inner Mongolia,呼和浩特市,Huhehaote,2018,https://www.kq88.com/news/37063.html
LE000129,巴彦淖尔市中医医院,,traditional_chinese_medicine_hospital,内蒙古自治区,Inner Mongolia,巴彦淖尔市,Bayannaoer,2017,https://news.zhuyitai.com/17/0208/931d7c74019a43648e40deec391337c5.html
LE000130,巴彦淖尔市医院,,general_hospital,内蒙古自治区,Inner Mongolia,巴彦淖尔市,Bayannaoer,2016,https://www.bynesyy.com/cms/info/preview.jsp?ColumnID=21&KeyID=20230804150347052255306&SiteID=myy
LE000131,宁城县中医蒙医医院,宁城县蒙医中医医院,general_hospital,内蒙古自治区,Inner Mongolia,赤峰市,Chifeng,2023,https://www.ningchengxian.gov.cn/zwgk/xxgk/zfxxgkml/ghjh/ncx_sswgh/202501/t20250107_2521112.html
LE000132,赤峰学院附属医院,,general_hospital,内蒙古自治区,Inner Mongolia,赤峰市,Chifeng,2015,https://m.dayi.org.cn/hospital/1128605
LE000133,赤峰市医院,,general_hospital,内蒙古自治区,Inner Mongolia,赤峰市,Chifeng,2014,https://www.nhc.gov.cn/yzygj/s10347/200910/642874af16f848e2bd1c8d8dbf9287d2.shtml
LE000134,巴林左旗中医蒙医医院,赤峰市巴林左旗蒙医中医医院,traditional_chinese_medicine_hospital,内蒙古自治区,Inner Mongolia,赤峰市,Chifeng,2020,http://www.dayi.org.cn/hospital/1151804?from=sg
LE000135,内蒙古民族大学附属医院,,ethnic_medicine_hospital,内蒙古自治区,Inner Mongolia,通辽市,Tongliao,2014,https://www.nhc.gov.cn/yzygj/s10347/200910/642874af16f848e2bd1c8d8dbf9287d2.shtml
LE000137,通辽市医院,,general_hospital,内蒙古自治区,Inner Mongolia,通辽市,Tongliao,2016,https://www.nmgtlsyy.cn/channels/588.html
LE000138,通辽市精神卫生中心,,specialized_hospital,内蒙古自治区,Inner Mongolia,通辽市,Tongliao,2017,https://www.tongliao.gov.cn/zwgk/zfxxgk/fdzdgknr/jgjj/zfzcbm/202012/t20201216_590052.html
LE000139,通辽市蒙医整骨医院,,ethnic_medicine_hospital,内蒙古自治区,Inner Mongolia,通辽市,Tongliao,2014,https://grassland.china.com.cn/2018-05/15/content_40336626.html
LE000140,鄂尔多斯市中心医院,​​鄂尔多斯市中心医院,general_hospital,内蒙古自治区,Inner Mongolia,鄂尔多斯市,Eerduosi,2014,https://www.ruijie.com.cn/fa/xw-yl/7913/
LE000141,鄂尔多斯市蒙医医院,,ethnic_medicine_hospital,内蒙古自治区,Inner Mongolia,鄂尔多斯市,Eerduosi,2020,https://www.nmgyyxh.org.cn/nmgyyxh/zcfg/686cdcc3f266ba2c90c83f35.shtml
LE000142,锡林郭勒盟蒙医医院,,ethnic_medicine_hospital,内蒙古自治区,Inner Mongolia,锡林郭勒盟,Xilingol League,2014,https://gaj.xlgl.gov.cn/eportal/ui?articleKey=b35f699a69b34c6a82b6e464b856add3&columnId=f9a46e8b2a384c10aed4d9304baf2e06&pageId=4eb643a759e84c40bf26041dca68c457
LE000143,阿拉善盟蒙医医院,,ethnic_medicine_hospital,内蒙古自治区,Inner Mongolia,阿拉善盟,Alxa League,2018,https://alsm.jiancoo.com/
LE000144,中国中医科学院广安门医院,中国中医科学院广安门医院南区,traditional_chinese_medicine_hospital,北京市,Beijing,北京市,Beijing,2014,https://zyj.beijing.gov.cn/sy/tzgg/201912/t20191219_1315510.html
LE000145,中国中医科学院望京医院,,traditional_chinese_medicine_hospital,北京市,Beijing,北京市,Beijing,2014,https://zyj.beijing.gov.cn/sy/tzgg/201912/t20191219_1315510.html
LE000146,中国中医科学院眼科医院,,specialized_hospital,北京市,Beijing,北京市,Beijing,2014,https://zyj.beijing.gov.cn/sy/tzgg/201912/t20191219_1315510.html
LE000147,中国中医科学院西苑医院,,general_hospital,北京市,Beijing,北京市,Beijing,2014,https://zyj.beijing.gov.cn/sy/tzgg/201912/t20191219_1315510.html
LE000158,中国医学科学院整形外科医院,,specialized_hospital,北京市,Beijing,北京市,Beijing,2014,https://www.dayi.org.cn/hospital/1125758
LE000159,中国医学科学院肿瘤医院,,specialized_hospital,北京市,Beijing,北京市,Beijing,2014,https://www.dayi.org.cn/hospital/1125740?from=sg
LE000160,中国医学科学院阜外医院,,specialized_hospital,北京市,Beijing,北京市,Beijing,2014,https://www.fuwaihospital.org/News/Articles/Index/102038
LE000161,中国康复研究中心北京博爱医院,,general_hospital,北京市,Beijing,北京市,Beijing,2014,https://archiver.yingjiesheng.com/job-000-714-258.html
LE000162,中日友好医院,,general_hospital,北京市,Beijing,北京市,Beijing,2014,https://www.zryhyy.com.cn/zryh/c100055/201109/d6fc8e9e0b3a48fb98b4b5bc6e1ca11f.shtml
LE000163,北京中医药大学东方医院,,general_hospital,北京市,Beijing,北京市,Beijing,2014,https://zyj.beijing.gov.cn/sy/tzgg/201912/t20191219_1315510.html
LE000164,北京中医药大学东直门医院,北京中医药大学东直门医院（通州院区）,general_hospital,北京市,Beijing,北京市,Beijing,2014,https://zyj.beijing.gov.cn/sy/tzgg/201912/t20191219_1315510.html
LE000165,北京中医药大学第三附属医院,,general_hospital,北京市,Beijing,北京市,Beijing,2014,https://zyj.beijing.gov.cn/sy/tzgg/201912/t20191219_1315510.html
LE000166,北京中医药大学附属护国寺中医院,,traditional_chinese_medicine_hospital,北京市,Beijing,北京市,Beijing,2014,https://zyj.beijing.gov.cn/sy/tzgg/201912/t20191219_1315510.html
LE000167,北京京东誉美中西医肾病医院,,specialized_hospital,北京市,Beijing,北京市,Beijing,2014,https://jdymsbyy.com/aboutus
LE000168,北京医院,,general_hospital,北京市,Beijing,北京市,Beijing,2014,https://zh.wikipedia.org/wiki/%E5%8C%97%E4%BA%AC%E5%8C%BB%E9%99%A2
LE000169,北京协和医院,北京协和医院（西单院区）,general_hospital,北京市,Beijing,北京市,Beijing,2014,https://m.dayi.org.cn/hospital/3706
LE000170,北京回龙观医院,,specialized_hospital,北京市,Beijing,北京市,Beijing,2014,https://jiaoyuchu.bjmu.edu.cn/jyzd/zxdt/176095.htm
LE000171,北京大学人民医院,,general_hospital,北京市,Beijing,北京市,Beijing,2014,https://pkuph.com.cn/History.html
LE000172,北京大学口腔医院,,specialized_hospital,北京市,Beijing,北京市,Beijing,2014,https://ss.bjmu.edu.cn/Html/News/Articles/103695.html
LE000173,北京大学第一医院,,general_hospital,北京市,Beijing,北京市,Beijing,2014,https://www.dayi.org.cn/hospital/1928
LE000174,北京大学第三医院,北京大学第三医院(首都国际机场院区),general_hospital,北京市,Beijing,北京市,Beijing,2014,https://bynews.bjmu.edu.cn/yyzs/2006yy/109938.htm
LE000175,北京大学第六医院,,specialized_hospital,北京市,Beijing,北京市,Beijing,2014,https://pkuh6.cn/Html/Hospitals/Main/Description.html
LE000176,北京市中西医结合医院,,traditional_chinese_and_western_medicine_hospital,北京市,Beijing,北京市,Beijing,2017,https://zyj.beijing.gov.cn/sy/tzgg/201912/t20191219_1317531.html
LE000177,北京市丰台中西医结合医院,,traditional_chinese_and_western_medicine_hospital,北京市,Beijing,北京市,Beijing,2014,https://zyj.beijing.gov.cn/sy/jcdt/202302/t20230207_2913005.html
LE000178,北京市肛肠医院,北京市二龙路医院,traditional_chinese_and_western_medicine_hospital,北京市,Beijing,北京市,Beijing,2014,https://zyj.beijing.gov.cn/sy/tzgg/201912/t20191219_1317237.html
LE000179,北京市和平里医院,,general_hospital,北京市,Beijing,北京市,Beijing,2015,https://zyj.beijing.gov.cn/sy/tzgg/201912/t20191219_1317328.html
LE000180,北京市回民医院,,general_hospital,北京市,Beijing,北京市,Beijing,2015,https://zyj.beijing.gov.cn/sy/tzgg/201912/t20191219_1317353.html
LE000181,北京市大兴区中西医结合医院,,traditional_chinese_and_western_medicine_hospital,北京市,Beijing,北京市,Beijing,2020,https://zyj.beijing.gov.cn/sy/tzgg/202011/t20201102_2127027.html
LE000182,北京市平谷区中医院,北京中医医院平谷医院,traditional_chinese_medicine_hospital,北京市,Beijing,北京市,Beijing,2015,https://zyj.beijing.gov.cn/sy/tzgg/201912/t20191219_1317357.html
LE000184,北京市房山区中医医院,,traditional_chinese_medicine_hospital,北京市,Beijing,北京市,Beijing,2014,https://zyj.beijing.gov.cn/sy/tzgg/201912/t20191219_1315510.html
LE000185,北京市昌平区中医院,,traditional_chinese_medicine_hospital,北京市,Beijing,北京市,Beijing,2014,https://zyj.beijing.gov.cn/sy/tzgg/201912/t20191219_1315510.html
LE000186,北京市昌平区中西医结合医院,,traditional_chinese_and_western_medicine_hospital,北京市,Beijing,北京市,Beijing,2014,https://rank.cn-healthcare.com/fudan/national-general/year/2012
LE000187,北京市第一中西医结合医院,,general_hospital,北京市,Beijing,北京市,Beijing,2015,https://zyj.beijing.gov.cn/sy/tzgg/201912/t20191219_1317328.html
LE000188,首都医科大学附属北京胸科医院,北京市结核病胸部肿瘤研究所,specialized_hospital,北京市,Beijing,北京市,Beijing,2014,https://www.beijing.gov.cn/gongkai/rsxx/sydwzp/202402/t20240204_3555711.html
LE000189,北京王府中西医结合医院,,traditional_chinese_and_western_medicine_hospital,北京市,Beijing,北京市,Beijing,2014,https://www.rimh.cn/yygk
LE000190,北京积水潭医院,北京积水潭医院(回龙观院区);北京积水潭医院(新龙泽院区),general_hospital,北京市,Beijing,北京市,Beijing,2014,https://wjw.beijing.gov.cn/wjwh/szzl/201912/t20191217_1254567.html
LE000191,北京肿瘤医院,,specialized_hospital,北京市,Beijing,北京市,Beijing,2014,https://www.bjcancer.org/Html/Mobile/Articles/100001.html
LE000192,北京马应龙长青肛肠医院,,specialized_hospital,北京市,Beijing,北京市,Beijing,2014,https://www.mylmedical.com/mylmedical/mylmedical/yejiedongtai/xingyexinwen/5710296786057338880.html
LE000197,首都儿科研究所附属儿童医院,,specialized_hospital,北京市,Beijing,北京市,Beijing,2014,https://health.sina.com.cn/cj/2011-08-29/170423070129.shtml?from=wap
LE000198,首都医科大学宣武医院,,general_hospital,北京市,Beijing,北京市,Beijing,2014,https://s.dayi.org.cn/mip/s/hospital/2522.html
LE000199,首都医科大学附属北京世纪坛医院,,general_hospital,北京市,Beijing,北京市,Beijing,2014,https://www.dayi.org.cn/hospital/2007.html
LE000200,首都医科大学附属北京中医院,,traditional_chinese_medicine_hospital,北京市,Beijing,北京市,Beijing,2014,https://zyj.beijing.gov.cn/sy/tzgg/201912/t20191219_1315510.html
LE000201,首都医科大学附属北京佑安医院,,general_hospital,北京市,Beijing,北京市,Beijing,2014,https://www.bjyah.com/Html/News/Articles/27513.html
LE000202,首都医科大学附属北京儿童医院,,specialized_hospital,北京市,Beijing,北京市,Beijing,2014,https://rank.cn-healthcare.com/fudan/national-general/year/2010
LE000203,首都医科大学附属北京友谊医院,首都医科大学附属北京友谊医院(通州院区),general_hospital,北京市,Beijing,北京市,Beijing,2014,https://s.dayi.org.cn/mip/s/hospital/2033.html
LE000204,首都医科大学附属北京口腔医院,,specialized_hospital,北京市,Beijing,北京市,Beijing,2014,https://www.dayi.org.cn/hospital/1997.html
LE000205,首都医科大学附属北京同仁医院,首都医科大学附属北京同仁医院(南区),general_hospital,北京市,Beijing,北京市,Beijing,2014,https://wjw.beijing.gov.cn/wjwh/szzl/201912/t20191217_1254567.html
LE000206,首都医科大学附属北京地坛医院,首都医科大学附属北京地坛医院(顺义院区);首都医科大学附属医院北京地坛医院,general_hospital,北京市,Beijing,北京市,Beijing,2014,https://s.dayi.org.cn/mip/s/hospital/1906.html
LE000207,首都医科大学附属北京天坛医院,,general_hospital,北京市,Beijing,北京市,Beijing,2014,https://www.bjtth.cn/Html/News/Articles/214832.html
LE000208,首都医科大学附属北京妇产医院,北京妇幼保健院,specialized_hospital,北京市,Beijing,北京市,Beijing,2014,https://www.beijing.gov.cn/gongkai/rsxx/sydwzp/202407/t20240709_3741756.html
LE000209,首都医科大学附属北京安定医院,,specialized_hospital,北京市,Beijing,北京市,Beijing,2014,https://www.mea.med.cuhk.edu.hk/MEA2/news/issue06/sc06_summer02.htm
LE000210,首都医科大学附属北京安贞医院,,general_hospital,北京市,Beijing,北京市,Beijing,2014,https://s.dayi.org.cn/mip/s/hospital/1858.html
LE000211,首都医科大学附属北京朝阳医院,首都医科大学附属北京朝阳医院(常营院区);首都医科大学附属北京朝阳医院西院(石景山),general_hospital,北京市,Beijing,北京市,Beijing,2014,https://wjw.beijing.gov.cn/wjwh/szzl/201912/t20191217_1254567.html
LE000215,吉化集团公司总医院,北华大学第二附属医院,general_hospital,吉林省,Jilin,吉林市,Jilin,2014,https://www.nhc.gov.cn/yzygj/s10347/200910/1930686d9db94376b3eb6b388cc99dcd.shtml
LE000216,北华大学附属医院,,general_hospital,吉林省,Jilin,吉林市,Jilin,2014,https://www.bhdxfsyy.com/cover-y3lcfchw/yiyuanjianjie
LE000217,吉林医药学院附属医院,,general_hospital,吉林省,Jilin,吉林市,Jilin,2014,https://www.nhc.gov.cn/yzygj/s10347/200910/1930686d9db94376b3eb6b388cc99dcd.shtml
LE000218,吉林市中心医院,,general_hospital,吉林省,Jilin,吉林市,Jilin,2014,https://www.nhc.gov.cn/yzygj/s10347/200910/1930686d9db94376b3eb6b388cc99dcd.shtml
LE000219,吉林市中西医结合肛肠医院,,specialized_hospital,吉林省,Jilin,吉林市,Jilin,2014,https://sj.hydgy.com/show.php?classid=17&id=1171
LE000220,吉林市人民医院,,general_hospital,吉林省,Jilin,吉林市,Jilin,2014,https://www.jlsrmyy.com.cn/cover-kjkz90tl/yiyuanjianjie
LE000221,吉林省吉林中西医结合医院,,traditional_chinese_and_western_medicine_hospital,吉林省,Jilin,吉林市,Jilin,2014,https://xxgk.jlcity.gov.cn/szf/xbgkml/202009/t20200903_825425.html
LE000222,吉林省第三人民医院,,specialized_hospital,吉林省,Jilin,四平市,Siping,2014,https://www.dayi.org.cn/hospital/2407
LE000223,四平市中心人民医院,,general_hospital,吉林省,Jilin,四平市,Siping,2014,https://wsjkw.jl.gov.cn/xwzx/gzdt/jcgz/202404/t20240408_8891389.html
LE000224,延边大学附属医院,,general_hospital,吉林省,Jilin,延边朝鲜族自治州,Yanbian Korean Autonomous Prefecture,2014,https://ydyxy.ybu.edu.cn/xkjs/bsyjxkd/lcyx/shfw.htm
LE000225,吉林油田总医院,,general_hospital,吉林省,Jilin,松原市,Songyuan,2014,https://www.gfhealthcare.com/art/2019/5/8/art_19_10816.html
LE000226,松原市中西医结合医院,,traditional_chinese_and_western_medicine_hospital,吉林省,Jilin,松原市,Songyuan,2014,https://www.syzxyjhyy.cn/about/3726882.html
LE000227,辽源市中医院,,traditional_chinese_medicine_hospital,吉林省,Jilin,辽源市,Liaoyuan,2014,https://www.cnkang.com/yyk/hospintro/3558/
LE000228,梅河口市中心医院,,general_hospital,吉林省,Jilin,通化市,Tonghua,2014,https://hrss.jl.gov.cn/rsrc/zyjsrc/zczdgghppgz/201608/t20160819_2397961.html
LE000230,通化市中心医院,,general_hospital,吉林省,Jilin,通化市,Tonghua,2017,https://m.dayi.org.cn/hospital/1131183?from=sg
LE000232,吉林大学中日联谊医院,吉林大学中日联谊医院(北湖院区);吉林大学中日联谊医院(南湖院区),general_hospital,吉林省,Jilin,长春市,Changchun,2014,https://www.nhc.gov.cn/yzygj/s10347/200910/1930686d9db94376b3eb6b388cc99dcd.shtml
LE000233,吉林大学口腔医院,,specialized_hospital,吉林省,Jilin,长春市,Changchun,2014,https://www.jlu.edu.cn/info/1111/34962.htm
LE000235,吉林大学第二医院,吉林大学白求恩第二医院,general_hospital,吉林省,Jilin,长春市,Changchun,2014,https://s.dayi.org.cn/mip/s/hospital/2367.html
LE000236,吉林省一汽总医院,吉林大学白求恩第四医院,general_hospital,吉林省,Jilin,长春市,Changchun,2014,https://wsjkw.jl.gov.cn/zfxxgk/fdzdgknr/ysjs/zsdwysjs/202103/P020210312383116137243.pdf
LE000237,吉林大学第一医院,吉林大学白求恩第一医院;吉林大学第一医院(乐群院区),general_hospital,吉林省,Jilin,长春市,Changchun,2014,https://www.jlu.edu.cn/info/1111/36081.htm
LE000238,吉林省中医药科学院第一临床医院,,general_hospital,吉林省,Jilin,长春市,Changchun,2014,https://wsjkw.jl.gov.cn/xwzx/tpxw/201402/t20140221_7877256.html
LE000239,吉林省中医院,,traditional_chinese_medicine_hospital,吉林省,Jilin,长春市,Changchun,2014,https://www.nhc.gov.cn/yzygj/s10347/200910/1930686d9db94376b3eb6b388cc99dcd.shtml
LE000240,吉林省人民医院,,general_hospital,吉林省,Jilin,长春市,Changchun,2014,https://www.nhc.gov.cn/yzygj/s10347/200910/1930686d9db94376b3eb6b388cc99dcd.shtml
LE000241,吉林省肝胆病医院,,specialized_hospital,吉林省,Jilin,长春市,Changchun,2014,https://m.youlai.cn/sg/yyk/hospindex/1470/hospintro.html
LE000242,吉林省肿瘤医院,,specialized_hospital,吉林省,Jilin,长春市,Changchun,2014,https://www.nhc.gov.cn/yzygj/s10347/200910/1930686d9db94376b3eb6b388cc99dcd.shtml
LE000243,长春市中医院（长春中医药大学第二附属医院）,长春中医药大学第二附属医院,traditional_chinese_medicine_hospital,吉林省,Jilin,长春市,Changchun,2014,https://jltcm.jl.gov.cn/zwgk/gsgg/202306/t20230620_2384643.html
LE000244,长春市中心医院,,general_hospital,吉林省,Jilin,长春市,Changchun,2014,https://s.dayi.org.cn/mip/s/hospital/1156164.html
LE000245,长春市儿童医院,,specialized_hospital,吉林省,Jilin,长春市,Changchun,2014,https://www.nhc.gov.cn/yzygj/s10347/200910/1930686d9db94376b3eb6b388cc99dcd.shtml
LE000247,乐山市中医医院,乐山市中医院,traditional_chinese_medicine_hospital,四川省,Sichuan,乐山市,Leshan,2014,https://www.dayi.org.cn/hospital/1133301.html
LE000248,乐山市人民医院,,general_hospital,四川省,Sichuan,乐山市,Leshan,2014,https://www.dayi.org.cn/hospital/931
LE000251,内江市中医医院,内江市中医院;内江市中医院新院区,traditional_chinese_medicine_hospital,四川省,Sichuan,内江市,Neijiang,2014,https://m.dayi.org.cn/hospital/1130726
LE000252,内江市第二人民医院,,general_hospital,四川省,Sichuan,内江市,Neijiang,2014,https://www.njs2yy.com/intos1_yyjj/
LE000253,内江市第一人民医院,重庆医科大学内江附属医院,general_hospital,四川省,Sichuan,内江市,Neijiang,2014,https://www.dayi.org.cn/hospital/1127866.html
LE000254,凉山彝族自治州中西医结合医院,凉山彝族自治州中西医结合医院(新院区),traditional_chinese_medicine_hospital,四川省,Sichuan,凉山彝族自治州,Liangshan Yi Autonomous Prefecture,2019,https://www.pishu.com.cn/skwx_ps/multimedia/ImageDetail?ContentType=MultimediaImageContentType&ID=12219738&SiteID=14&isHost=null&type=ImageTable
LE000255,凉山彝族自治州第一人民医院,,general_hospital,四川省,Sichuan,凉山彝族自治州,Liangshan Yi Autonomous Prefecture,2014,https://sthjt.sc.gov.cn/sthjt/c103939/2022/5/17/0bb4bccc6ace4144b63eb7b32a188fd9/files/23066a1aae4647ec8dd16f1e5e076ee4.pdf
LE000256,凉山彝族自治州第二人民医院,,general_hospital,四川省,Sichuan,凉山彝族自治州,Liangshan Yi Autonomous Prefecture,2014,https://s.dayi.org.cn/mip/s/hospital/1511.html
LE000257,西昌市人民医院,,general_hospital,四川省,Sichuan,凉山彝族自治州,Liangshan Yi Autonomous Prefecture,2020,http://sc.people.com.cn/n2/2020/0225/c345509-33824948.html
LE000258,南充市中医医院,南充市中医院,traditional_chinese_medicine_hospital,四川省,Sichuan,南充市,Nanchong,2019,https://m.dayi.org.cn/hospital/1156961?from=jrtt
LE000259,南充市中心医院,南充市中心医院(江东院区),general_hospital,四川省,Sichuan,南充市,Nanchong,2014,https://www.nhc.gov.cn/yzygj/s10347/200910/9de3ec03ae2d4a2d8b7f24117112ef11.shtml
LE000260,南部县人民医院,,general_hospital,四川省,Sichuan,南充市,Nanchong,2021,http://sc.people.com.cn/n2/2021/0408/c345509-34664755.html
LE000261,四川省南充精神卫生中心,,specialized_hospital,四川省,Sichuan,南充市,Nanchong,2014,https://www.gys072.cn/article.html?id=123
LE000262,川北医学院附属医院,川北医学院附属医院(文化路院区),general_hospital,四川省,Sichuan,南充市,Nanchong,2014,https://www.nhc.gov.cn/yzygj/s10347/200910/9de3ec03ae2d4a2d8b7f24117112ef11.shtml
LE000263,阆中市人民医院,阆中市人民医院(七里院区);阆中市人民医院(古城院区),traditional_chinese_medicine_hospital,四川省,Sichuan,南充市,Nanchong,2020,https://nanchong.scol.com.cn/sdxw/202002/57493410.html
LE000264,宜宾市第一人民医院,宜宾市第一人民医院（新总院）,general_hospital,四川省,Sichuan,宜宾市,Yibin,2014,https://www.ylrj.cn/hospital/400270.html
LE000265,宜宾市第二人民医院,宜宾市第二人民医院(临港院区),specialized_hospital,四川省,Sichuan,宜宾市,Yibin,2014,https://www.nhc.gov.cn/yzygj/s10347/200910/9de3ec03ae2d4a2d8b7f24117112ef11.shtml
LE000266,巴中市中医院,,traditional_chinese_medicine_hospital,四川省,Sichuan,巴中市,Bazhong,2019,https://m.dayi.org.cn/hospital/2771
LE000267,巴中市中心医院(巴中市人民医院),巴中市中心医院,general_hospital,四川省,Sichuan,巴中市,Bazhong,2014,https://hsgp.scyxkj.org.cn/WebSite/List/HospitalDetail.aspx?strUrlEncrypt=6fe9a063cfd03e012f0ab54b7192172d%7C54102101579748545199102100485110148495010248979853529855495750495550100
LE000268,平昌县人民医院,,general_hospital,四川省,Sichuan,巴中市,Bazhong,2021,http://sc.people.com.cn/n2/2021/0408/c345509-34664755.html
LE000269,剑阁县中医医院,剑阁县中医院,traditional_chinese_medicine_hospital,四川省,Sichuan,广元市,Guangyuan,2018,https://www.dayi.org.cn/hospital/1134344
LE000270,广元市中医医院,广元市中医院,traditional_chinese_medicine_hospital,四川省,Sichuan,广元市,Guangyuan,2014,https://jsj.cngy.gov.cn/mshow/f23e2f911d7d476ea2458828dfd7582e.html
LE000271,广元市中心医院,,general_hospital,四川省,Sichuan,广元市,Guangyuan,2014,https://www.gyszxyy.cn/list.html?cls1=1&cls2=15
LE000272,广元市第一人民医院,,general_hospital,四川省,Sichuan,广元市,Guangyuan,2014,https://www.gys072.cn/article.html?id=123
LE000273,广元市精神卫生中心,广元市第三人民医院;广元市第四人民医院,specialized_hospital,四川省,Sichuan,广元市,Guangyuan,2014,https://www.gys072.cn/article.html?id=123
LE000275,苍溪县中医医院,苍溪县中医院,traditional_chinese_medicine_hospital,四川省,Sichuan,广元市,Guangyuan,2019,https://www.cncx.gov.cn/collect/info/20230807110254362.html
LE000276,岳池县人民医院,,general_hospital,四川省,Sichuan,广安市,Guangan,2021,http://sc.people.com.cn/n2/2021/0408/c345509-34664755.html
LE000277,广安市人民医院,,general_hospital,四川省,Sichuan,广安市,Guangan,2014,https://gasrmyy.com/yiyuangonggao/renshixinxi/2025010210121.html
LE000278,中江县人民医院,,general_hospital,四川省,Sichuan,德阳市,Deyang,2021,http://sc.people.com.cn/n2/2021/0408/c345509-34664755.html
LE000279,德阳市人民医院,,general_hospital,四川省,Sichuan,德阳市,Deyang,2014,https://www.nhc.gov.cn/yzygj/s10347/200910/9de3ec03ae2d4a2d8b7f24117112ef11.shtml
LE000281,四川友谊医院,,general_hospital,四川省,Sichuan,成都市,Chengdu,2021,http://sc.people.com.cn/n2/2021/0408/c345509-34664755.html
LE000282,四川大学华西医院,四川大学华西医院(温江院区),general_hospital,四川省,Sichuan,成都市,Chengdu,2014,https://www.nhc.gov.cn/yzygj/s10347/200910/9de3ec03ae2d4a2d8b7f24117112ef11.shtml
LE000283,四川大学华西口腔医院,,specialized_hospital,四川省,Sichuan,成都市,Chengdu,2014,https://www.nhc.gov.cn/yzygj/s10347/200910/9de3ec03ae2d4a2d8b7f24117112ef11.shtml
LE000284,四川大学华西第二医院,四川大学华西第二医院(锦江院区),specialized_hospital,四川省,Sichuan,成都市,Chengdu,2014,https://www.nhc.gov.cn/yzygj/s10347/200910/9de3ec03ae2d4a2d8b7f24117112ef11.shtml
LE000285,四川大学华西第四医院,,specialized_hospital,四川省,Sichuan,成都市,Chengdu,2014,https://wcsn.scu.edu.cn/info/1078/1103.htm
LE000286,四川现代医院,四川现代医院(高新院区);四川现代医院武候院区,general_hospital,四川省,Sichuan,成都市,Chengdu,2021,http://sc.people.com.cn/n2/2021/0408/c345509-34664755.html
LE000287,四川省中西医结合医院,,traditional_chinese_medicine_hospital,四川省,Sichuan,成都市,Chengdu,2014,https://scszxy.com/News/View.asp?ID=86
LE000288,四川省医学科学院·四川省人民医院,,general_hospital,四川省,Sichuan,成都市,Chengdu,2014,https://www.samsph.cn/intro/
LE000290,四川省第二中医医院,,traditional_chinese_medicine_hospital,四川省,Sichuan,成都市,Chengdu,2014,https://www.sohu.com/a/440316226_798829
LE000291,四川省第四人民医院,,general_hospital,四川省,Sichuan,成都市,Chengdu,2018,https://www.pharnexcloud.com/data/zcfg_183dc63779b01b884e4c5195d819ad9d.html
LE000292,四川省肿瘤医院,,specialized_hospital,四川省,Sichuan,成都市,Chengdu,2014,https://www.nhc.gov.cn/yzygj/s10347/200910/9de3ec03ae2d4a2d8b7f24117112ef11.shtml
LE000293,四川省骨科医院,,specialized_hospital,四川省,Sichuan,成都市,Chengdu,2014,https://www.sczyyjkfw.cn/nd.jsp?id=104
LE000295,四川锦欣西囡妇女儿童医院,四川锦欣妇女儿童医院,specialized_hospital,四川省,Sichuan,成都市,Chengdu,2021,http://sc.people.com.cn/n2/2021/0408/c345509-34664755.html
LE000296,崇州市人民医院,,general_hospital,四川省,Sichuan,成都市,Chengdu,2020,https://www.xn--gmqr3i68juyaffp44fww1e.cn/yygk
LE000297,彭州市中医医院,彭州市中医院,traditional_chinese_medicine_hospital,四川省,Sichuan,成都市,Chengdu,2019,https://www.dayi.org.cn/hospital/1155796.html
LE000298,彭州市人民医院,,general_hospital,四川省,Sichuan,成都市,Chengdu,2021,https://iot.china.com.cn/content/2021-04/07/content_41522651.html
LE000300,成都中医药大学附属医院,,traditional_chinese_medicine_hospital,四川省,Sichuan,成都市,Chengdu,2014,https://www.nhc.gov.cn/yzygj/s10347/200910/9de3ec03ae2d4a2d8b7f24117112ef11.shtml
LE000301,成都体育学院附属体育医院,,traditional_chinese_medicine_hospital,四川省,Sichuan,成都市,Chengdu,2018,https://m.dayi.org.cn/hospital/1152652
LE000302,成都八一骨科医院,成都军区八一骨科医院,specialized_hospital,四川省,Sichuan,成都市,Chengdu,2015,https://weixin.91160.com/unit/profile.html?unit_id=200060801
LE000303,成都医学院第一附属医院,,general_hospital,四川省,Sichuan,成都市,Chengdu,2018,https://www.pharnexcloud.com/data/zcfg_183dc63779b01b884e4c5195d819ad9d.html
LE000304,成都大学附属医院,,general_hospital,四川省,Sichuan,成都市,Chengdu,2014,https://cdfy120.cdu.edu.cn/xygk/yyls.htm
LE000305,成都市中西医结合医院,,traditional_chinese_medicine_hospital,四川省,Sichuan,成都市,Chengdu,2014,https://www.nhc.gov.cn/yzygj/s10347/200910/9de3ec03ae2d4a2d8b7f24117112ef11.shtml
LE000306,成都市公共卫生临床医疗中心,,specialized_hospital,四川省,Sichuan,成都市,Chengdu,2014,https://www.dayi.org.cn/hospital/1156556.html
LE000307,成都市双流区第一人民医院,,general_hospital,四川省,Sichuan,成都市,Chengdu,2021,http://sc.people.com.cn/n2/2021/0408/c345509-34664755.html
LE000309,成都市新都区中医医院,成都市新都区中医院,traditional_chinese_medicine_hospital,四川省,Sichuan,成都市,Chengdu,2019,https://www.ylrj.cn/hospital/4002334.html
LE000310,成都市新都区人民医院,,general_hospital,四川省,Sichuan,成都市,Chengdu,2021,http://sc.people.com.cn/n2/2021/0408/c345509-34664755.html
LE000311,成都市温江区人民医院,,general_hospital,四川省,Sichuan,成都市,Chengdu,2021,http://sc.people.com.cn/n2/2021/0408/c345509-34664755.html
LE000312,成都市第七人民医院,,general_hospital,四川省,Sichuan,成都市,Chengdu,2021,http://sc.people.com.cn/n2/2021/0408/c345509-34664755.html
LE000313,成都市第三人民医院,,general_hospital,四川省,Sichuan,成都市,Chengdu,2014,https://www.nhc.gov.cn/yzygj/s10347/200910/9de3ec03ae2d4a2d8b7f24117112ef11.shtml
LE000314,成都市第二人民医院,,specialized_hospital,四川省,Sichuan,成都市,Chengdu,2014,https://www.dayi.org.cn/hospital/1134885
LE000315,成都市第五人民医院,,general_hospital,四川省,Sichuan,成都市,Chengdu,2014,https://www.gys072.cn/article.html?id=123
LE000316,成都市第六人民医院,成都市第六人民医院(东虹院区);成都市第六人民医院(金牛院区),general_hospital,四川省,Sichuan,成都市,Chengdu,2014,https://www.scylws.org/News_show.asp?ID=3016
LE000317,成都市第四人民医院,,specialized_hospital,四川省,Sichuan,成都市,Chengdu,2014,https://www.gys072.cn/article.html?id=123
LE000318,成都市郫都区中医医院,成都市郫都区中医院,traditional_chinese_medicine_hospital,四川省,Sichuan,成都市,Chengdu,2018,https://www.dayi.org.cn/hospital/1152482
LE000319,成都市郫都区人民医院,,general_hospital,四川省,Sichuan,成都市,Chengdu,2020,http://sc.people.com.cn/n2/2020/0225/c345509-33824948.html
LE000320,成都市青白江区人民医院,,general_hospital,四川省,Sichuan,成都市,Chengdu,2021,http://sc.people.com.cn/n2/2021/0408/c345509-34664755.html
LE000322,成都爱迪眼科医院,,specialized_hospital,四川省,Sichuan,成都市,Chengdu,2021,https://www.028aidi.com/news/2741.html
LE000323,成都肛肠专科医院,成都痔瘘专科医院,specialized_hospital,四川省,Sichuan,成都市,Chengdu,2019,https://wap.cdsgczkyy.cn//a/xinwen
LE000324,成都西区医院,,general_hospital,四川省,Sichuan,成都市,Chengdu,2021,http://sc.people.com.cn/n2/2021/0408/c345509-34664755.html
LE000325,成飞医院,,general_hospital,四川省,Sichuan,成都市,Chengdu,2017,https://sc.cnr.cn/sc/2014fz/20180129/t20180129_524116552.shtml
LE000326,核工业四一六医院,,general_hospital,四川省,Sichuan,成都市,Chengdu,2018,https://sc.cnr.cn/sc/2014fz/20180129/t20180129_524116552.shtml
LE000328,简阳市中医医院,简阳市中医院,traditional_chinese_medicine_hospital,四川省,Sichuan,成都市,Chengdu,2019,https://www.sohu.com/a/363804931_355475
LE000329,简阳市人民医院,,general_hospital,四川省,Sichuan,成都市,Chengdu,2014,https://www.dayi.org.cn/hospital/1128039
LE000330,西藏自治区人民政府驻成都办事处医院,四川大学华西医院西藏成办分院,general_hospital,四川省,Sichuan,成都市,Chengdu,2018,https://cdbsc.xizang.gov.cn/xwzx/gzdt/201907/t20190725_88270.html
LE000331,三六三医院,通用医疗三六三医院;通用医疗三六三医院(犀浦院区),general_hospital,四川省,Sichuan,成都市,Chengdu,2018,https://gtmed.com.cn/xwzx/gsxw/index_28.html
LE000332,都江堰市中医医院,都江堰市中医院,traditional_chinese_medicine_hospital,四川省,Sichuan,成都市,Chengdu,2019,https://www.sohu.com/a/363804931_355475
LE000333,都江堰市人民医院,,general_hospital,四川省,Sichuan,成都市,Chengdu,2020,http://sc.people.com.cn/n2/2020/0225/c345509-33824948.html
LE000334,攀枝花市中西医结合医院,攀枝花学院附属医院,traditional_chinese_and_western_medicine_hospital,四川省,Sichuan,攀枝花市,Panzhihua,2014,https://www.nhc.gov.cn/yzygj/s10347/200910/9de3ec03ae2d4a2d8b7f24117112ef11.shtml
LE000335,攀枝花市中心医院,,general_hospital,四川省,Sichuan,攀枝花市,Panzhihua,2014,https://www.cpch1965.cn/h-col-602.html
LE000337,攀枝花市第三人民医院,,specialized_hospital,四川省,Sichuan,攀枝花市,Panzhihua,2014,https://www.pzhsyy.org/into_history/
LE000338,攀钢集团总医院,攀枝花钢铁集团公司职工总医院,general_hospital,四川省,Sichuan,攀枝花市,Panzhihua,2024,https://pgjtzyy.umcare.cn/mdyq/yygk/yyjj/
LE000339,泸州市中医医院,泸州市中医院,traditional_chinese_medicine_hospital,四川省,Sichuan,泸州市,Luzhou,2014,https://www.scylws.org/News_show.asp?id=1185
LE000340,泸州市人民医院,泸州市人民医院(沙茜院区),general_hospital,四川省,Sichuan,泸州市,Luzhou,2018,https://sc.cnr.cn/sc/2014fz/20180129/t20180129_524116552.shtml
LE000341,西南医科大学附属口腔医院,西南医科大学口腔医学院附属口腔医院,specialized_hospital,四川省,Sichuan,泸州市,Luzhou,2014,https://www.swmu.edu.cn/info/1077/2581.htm
LE000342,西南医科大学附属中医医院,,general_hospital,四川省,Sichuan,泸州市,Luzhou,2014,https://www.swmutcm.net.cn/ygb/info/1073/13091.htm
LE000343,西南医科大学附属医院,西南医科大学附属医院(康健中心院区);西南医科大学附属医院(忠山院区),general_hospital,四川省,Sichuan,泸州市,Luzhou,2014,https://www.swmu.edu.cn/xqzl/dsj.htm
LE000344,甘孜藏族自治州人民医院,,general_hospital,四川省,Sichuan,甘孜藏族自治州,Garze Tibetan Autonomous Prefecture,2019,https://wsjkw.sc.gov.cn/scwsjkw/gggs/2016/3/1/1f65ffbf10d44bf0880896e8008265e2.shtml
LE000345,仁寿县人民医院,,general_hospital,四川省,Sichuan,眉山市,Meishan,2020,http://sc.people.com.cn/n2/2020/0225/c345509-33824948.html
LE000346,眉山市中医医院,眉山市中医医院(岷东院区);眉山市中医医院旧址,traditional_chinese_medicine_hospital,四川省,Sichuan,眉山市,Meishan,2014,https://www.dayi.org.cn/hospital/1131832
LE000348,眉山市人民医院,,general_hospital,四川省,Sichuan,眉山市,Meishan,2017,https://m.dayi.org.cn/hospital/1135044
LE000349,三台县中医院,,traditional_chinese_medicine_hospital,四川省,Sichuan,绵阳市,Mianyang,2018,https://doc.39.net/y_k104v5c
LE000350,三台县人民医院,,general_hospital,四川省,Sichuan,绵阳市,Mianyang,2021,http://sc.people.com.cn/n2/2021/0408/c345509-34664755.html
LE000351,四川省科学城医院,,general_hospital,四川省,Sichuan,绵阳市,Mianyang,2020,http://sc.people.com.cn/n2/2020/0225/c345509-33824948.html
LE000352,绵阳市第三人民医院,四川省精神卫生中心,specialized_hospital,四川省,Sichuan,绵阳市,Mianyang,2014,https://www.nhc.gov.cn/yzygj/s10347/200910/9de3ec03ae2d4a2d8b7f24117112ef11.shtml
LE000353,江油市中医医院,江油市中医院,traditional_chinese_medicine_hospital,四川省,Sichuan,绵阳市,Mianyang,2020,https://www.jyszyyy.cn/news/View.asp?ID=828
LE000354,江油市人民医院,,general_hospital,四川省,Sichuan,绵阳市,Mianyang,2021,http://sc.people.com.cn/n2/2021/0408/c345509-34664755.html
LE000355,绵阳万江眼科医院有限责任公司,绵阳万江眼科医院,specialized_hospital,四川省,Sichuan,绵阳市,Mianyang,2021,http://sc.people.com.cn/n2/2021/0408/c345509-34664755.html
LE000356,绵阳市中医医院,,traditional_chinese_medicine_hospital,四川省,Sichuan,绵阳市,Mianyang,2014,https://www.nhc.gov.cn/yzygj/s10347/200910/9de3ec03ae2d4a2d8b7f24117112ef11.shtml
LE000357,绵阳市中心医院,,general_hospital,四川省,Sichuan,绵阳市,Mianyang,2014,https://www.nhc.gov.cn/yzygj/s10347/200910/9de3ec03ae2d4a2d8b7f24117112ef11.shtml
LE000359,绵阳市安州区人民医院,,general_hospital,四川省,Sichuan,绵阳市,Mianyang,2021,http://sc.people.com.cn/n2/2021/0408/c345509-34664755.html
LE000360,四川绵阳四0四医院,绵阳市第一人民医院,specialized_hospital,四川省,Sichuan,绵阳市,Mianyang,2014,https://news.cmc.edu.cn/info/1004/1668.htm
LE000362,自贡市第一人民医院,,general_hospital,四川省,Sichuan,自贡市,Zigong,2014,https://www.zgm.cn/content/5eba5ab424875
LE000363,自贡市第三人民医院,,general_hospital,四川省,Sichuan,自贡市,Zigong,2020,http://sc.people.com.cn/n2/2020/0225/c345509-33824948.html
LE000364,自贡市中医医院,自贡市第二人民医院,traditional_chinese_medicine_hospital,四川省,Sichuan,自贡市,Zigong,2014,https://www.zgszyyy.cn/ls.html
LE000365,自贡市精神卫生中心,自贡市第五人民医院,specialized_hospital,四川省,Sichuan,自贡市,Zigong,2014,https://www.zgmhc.cn/gk/dsj.html
LE000366,自贡市第四人民医院,,general_hospital,四川省,Sichuan,自贡市,Zigong,2014,https://www.nhc.gov.cn/yzygj/s10347/200910/9de3ec03ae2d4a2d8b7f24117112ef11.shtml
LE000367,安岳县中医医院,安岳县中医院,traditional_chinese_medicine_hospital,四川省,Sichuan,资阳市,Ziyang,2019,https://s.dayi.org.cn/mip/s/hospital/2708.html
LE000368,资阳市中医医院,资阳市中医院,traditional_chinese_medicine_hospital,四川省,Sichuan,资阳市,Ziyang,2019,https://s.dayi.org.cn/mip/s/hospital/1155656.html
LE000369,资阳市中心医院,资阳市第一人民医院,general_hospital,四川省,Sichuan,资阳市,Ziyang,2017,https://s.dayi.org.cn/mip/s/hospital/1156966.html
LE000370,资阳市精神病医院,资阳市第四人民医院;资阳市第四人民医院(新区),general_hospital,四川省,Sichuan,资阳市,Ziyang,2017,https://s.dayi.org.cn/mip/s/hospital/1156967.html
LE000371,大竹县人民医院,,general_hospital,四川省,Sichuan,达州市,Dazhou,2021,http://sc.people.com.cn/n2/2021/0408/c345509-34664755.html
LE000372,宣汉县人民医院,,general_hospital,四川省,Sichuan,达州市,Dazhou,2021,http://sc.people.com.cn/n2/2021/0408/c345509-34664755.html
LE000373,达州市中心医院,,general_hospital,四川省,Sichuan,达州市,Dazhou,2014,https://www.nhc.gov.cn/yzygj/s10347/200910/9de3ec03ae2d4a2d8b7f24117112ef11.shtml
LE000374,达州市中西医结合医院,,traditional_chinese_and_western_medicine_hospital,四川省,Sichuan,达州市,Dazhou,2014,https://www.nhc.gov.cn/yzygj/s10347/200910/9de3ec03ae2d4a2d8b7f24117112ef11.shtml
LE000375,遂宁市中医院,,traditional_chinese_medicine_hospital,四川省,Sichuan,遂宁市,Suining,2014,https://s.dayi.org.cn/mip/s/hospital/1131925.html
LE000376,遂宁市中心医院,,general_hospital,四川省,Sichuan,遂宁市,Suining,2014,https://www.nhc.gov.cn/yzygj/s10347/200910/9de3ec03ae2d4a2d8b7f24117112ef11.shtml
LE000377,阿坝藏族羌族自治州人民医院,阿坝州人民医院,general_hospital,四川省,Sichuan,阿坝藏族羌族自治州,Ngawa Tibetan and Qiang Autonomous Prefecture,2016,https://www.youlai.cn/yyk/hospindex/5541/
LE000378,雅安市中医医院(雅安市中医医院互联网医院）,雅安市中医医院,traditional_chinese_medicine_hospital,四川省,Sichuan,雅安市,Yaan,2017,https://www.yaan.gov.cn/gongkai/show/20170707120957-755237-00-000.html
LE000379,雅安市人民医院,雅安市人民医院(大兴院区),general_hospital,四川省,Sichuan,雅安市,Yaan,2014,https://www.dayi.org.cn/hospital/1189?from=sg
LE000380,雅安市第四人民医院,,specialized_hospital,四川省,Sichuan,雅安市,Yaan,2018,https://sc.cnr.cn/sc/2014fz/20180129/t20180129_524116552.shtml
LE000383,中国医学科学院血液病医院,,specialized_hospital,天津市,Tianjin,天津市,Tianjin,2014,https://www.nhc.gov.cn/yzygj/s10347/200910/7d235e74991847f791c88c2c48a7208a.shtml
LE000384,天津市第五中心医院,北京大学滨海医院,general_hospital,天津市,Tianjin,天津市,Tianjin,2014,https://wsjk.tj.gov.cn/ZWGK3158/ggqsydwxx/yynew/qsyy/202409/t20240923_6736767.html
LE000385,天津市口腔医院,南开大学口腔医院；南开大学附属口腔医院；天津市整形外科医院,specialized_hospital,天津市,Tianjin,天津市,Tianjin,2014,https://www.nhc.gov.cn/yzygj/s10347/200910/7d235e74991847f791c88c2c48a7208a.shtml
LE000386,天津中医药大学第一附属医院,,traditional_chinese_medicine_hospital,天津市,Tianjin,天津市,Tianjin,2014,https://wsjk.tj.gov.cn/XWZX6600/YQFKDT1752/202008/t20200829_3602605.html
LE000387,天津中医药大学第二附属医院,,traditional_chinese_medicine_hospital,天津市,Tianjin,天津市,Tianjin,2014,https://www.tjzyefy.com/yygk/dsj/index2.shtml
LE000389,天津医科大学口腔医院,,specialized_hospital,天津市,Tianjin,天津市,Tianjin,2014,https://www.nhc.gov.cn/yzygj/s10347/200910/7d235e74991847f791c88c2c48a7208a.shtml
LE000390,天津医科大学总医院,,general_hospital,天津市,Tianjin,天津市,Tianjin,2014,https://www.heartabc.com/a/20130603/20130603155700011810592135.html
LE000391,天津医科大学朱宪彝纪念医院,天津医科大学代谢病医院,specialized_hospital,天津市,Tianjin,天津市,Tianjin,2014,https://www.91boshi.net/news/heci/2015/19096.html
LE000392,天津医科大学眼科医院,,specialized_hospital,天津市,Tianjin,天津市,Tianjin,2017,https://s.dayi.org.cn/mip/s/hospital/1156974.html
LE000393,天津医科大学第二附属医院,,general_hospital,天津市,Tianjin,天津市,Tianjin,2014,https://www.dayi.org.cn/hospital/1133526.html
LE000394,天津医科大学附属肿瘤医院,,specialized_hospital,天津市,Tianjin,天津市,Tianjin,2014,https://www.tjmuch.com/system/2011/08/25/010085444.shtml
LE000395,天津市天津医院,天津大学天津医院,general_hospital,天津市,Tianjin,天津市,Tianjin,2014,https://www.nhc.gov.cn/yzygj/s10347/200910/7d235e74991847f791c88c2c48a7208a.shtml
LE000396,天津市中医药研究院附属医院,,traditional_chinese_medicine_hospital,天津市,Tianjin,天津市,Tianjin,2014,https://wsjk.tj.gov.cn/XWZX6600/YQFKDT1752/202008/t20200829_3602605.html
LE000398,天津市中心妇产科医院,,specialized_hospital,天津市,Tianjin,天津市,Tianjin,2014,https://www.nhc.gov.cn/yzygj/s10347/200910/7d235e74991847f791c88c2c48a7208a.shtml
LE000399,天津市中西医结合医院,天津市南开医院,traditional_chinese_and_western_medicine_hospital,天津市,Tianjin,天津市,Tianjin,2014,https://www.tadi.net.cn/zuopin/e-C96431.html
LE000400,天津市人民医院,天津市人民医院滨江分院,general_hospital,天津市,Tianjin,天津市,Tianjin,2014,https://www.nhc.gov.cn/yzygj/s10347/200910/7d235e74991847f791c88c2c48a7208a.shtml
LE000401,天津市儿童医院,天津市儿童医院(马场院区),specialized_hospital,天津市,Tianjin,天津市,Tianjin,2014,https://www.nhc.gov.cn/yzygj/s10347/200910/7d235e74991847f791c88c2c48a7208a.shtml
LE000403,天津市北辰区中医医院,,traditional_chinese_medicine_hospital,天津市,Tianjin,天津市,Tianjin,2014,https://wsjk.tj.gov.cn/XWZX6600/YQFKDT1752/202008/t20200829_3602605.html
LE000404,天津市北辰医院,,general_hospital,天津市,Tianjin,天津市,Tianjin,2018,https://medical.nankai.edu.cn/2023/1027/c6501a526123/page.htm
LE000405,天津市安定医院,,specialized_hospital,天津市,Tianjin,天津市,Tianjin,2014,https://www.a-hospital.com/w/%E5%A4%A9%E6%B4%A5%E5%B8%82%E4%B8%89%E7%BA%A7%E7%94%B2%E7%AD%89%E5%8C%BB%E9%99%A2%E5%88%97%E8%A1%A8
LE000406,天津市宝坻区人民医院,,general_hospital,天津市,Tianjin,天津市,Tianjin,2014,https://jyb.bddhospital.com/yyfz
LE000408,天津市武清区中医医院,天津市武清区中医院,traditional_chinese_medicine_hospital,天津市,Tianjin,天津市,Tianjin,2014,https://wsjk.tj.gov.cn/XWZX6600/YQFKDT1752/202008/t20200829_3602605.html
LE000409,天津市海河医院,天津市肺科医院,specialized_hospital,天津市,Tianjin,天津市,Tianjin,2014,https://wsjk.tj.gov.cn/ZWGK3158/GSGG247/202008/t20200803_3354713.html
LE000410,天津市环湖医院,,specialized_hospital,天津市,Tianjin,天津市,Tianjin,2014,https://www.nhc.gov.cn/yzygj/s6496/200708/301607dc805647dc827de0dc043bcc66.shtml
LE000411,天津市眼科医院,,specialized_hospital,天津市,Tianjin,天津市,Tianjin,2014,https://www.tj.gov.cn/zwgk/ggqsydwxxgk/ylws/yy/202409/t20240905_6719258.html
LE000412,天津市第一中心医院,,general_hospital,天津市,Tianjin,天津市,Tianjin,2014,https://www.nhc.gov.cn/yzygj/s10347/200910/7d235e74991847f791c88c2c48a7208a.shtml
LE000413,天津市第三中心医院,,general_hospital,天津市,Tianjin,天津市,Tianjin,2014,https://www.nhc.gov.cn/yzygj/s10347/200910/7d235e74991847f791c88c2c48a7208a.shtml
LE000414,天津市第二人民医院,,specialized_hospital,天津市,Tianjin,天津市,Tianjin,2014,https://www.nhc.gov.cn/yzygj/s10347/200910/7d235e74991847f791c88c2c48a7208a.shtml
LE000415,天津市第四中心医院,,general_hospital,天津市,Tianjin,天津市,Tianjin,2014,https://wsjk.tj.gov.cn/ZWGK3158/GSGG247/202008/t20200803_3354713.html
LE000417,天津市胸科医院,,specialized_hospital,天津市,Tianjin,天津市,Tianjin,2014,https://www.chesthospital.com/yygk/index.shtml
LE000418,天津市蓟州区人民医院,,general_hospital,天津市,Tianjin,天津市,Tianjin,2014,https://wsjk.tj.gov.cn/ZWGK3158/GSGG247/202008/t20200803_3354713.html
LE000419,天津市静海区医院,,general_hospital,天津市,Tianjin,天津市,Tianjin,2014,https://wsjk.tj.gov.cn/ZWGK3158/GSGG247/202008/t20200803_3354713.html
LE000421,泰达国际心血管病医院,,specialized_hospital,天津市,Tianjin,天津市,Tianjin,2014,https://www.nhc.gov.cn/yzygj/s10347/200910/7d235e74991847f791c88c2c48a7208a.shtml
LE000422,宁夏医科大学附属中医医院,宁夏医科大学附属回医中医院,traditional_chinese_medicine_hospital,宁夏回族自治区,Ningxia,吴忠市,Wuzhong,2014,https://www.nxmu.edu.cn/nxykdxhuiyizhongyi/info/1054/2887.htm
LE000424,宁夏医科大学总医院,,general_hospital,宁夏回族自治区,Ningxia,银川市,Yinchuan,2014,https://www.nyfy.com.cn/hospitalization_guide1_g7yU_78.html
LE000425,银川市第一人民医院,宁夏医科大学第二附属医院,general_hospital,宁夏回族自治区,Ningxia,银川市,Yinchuan,2014,https://www.chinanews.com/sh/2014/02-14/5839225.shtml
LE000426,宁夏回族自治区中医医院,宁夏医科大学附属自治区中医院,traditional_chinese_medicine_hospital,宁夏回族自治区,Ningxia,银川市,Yinchuan,2014,https://www.srmyy.com/index.php?a=show&id=1172&m=news
LE000427,银川市中医医院,宁夏医科大学附属银川市中医院,traditional_chinese_medicine_hospital,宁夏回族自治区,Ningxia,银川市,Yinchuan,2014,https://s.dayi.org.cn/mip/s/hospital/1134009.html
LE000429,宁夏回族自治区人民医院,宁夏回族自治区人民医院西夏分院,general_hospital,宁夏回族自治区,Ningxia,银川市,Yinchuan,2014,https://archiverm.yingjiesheng.com/job-001-268-268.html
LE000431,亳州市人民医院,,general_hospital,安徽省,Anhui,亳州市,Bozhou,2014,https://www.ylrj.cn/hospital/4002941.html
LE000432,六安市中医院,,traditional_chinese_medicine_hospital,安徽省,Anhui,六安市,Liuan,2014,https://www.nhc.gov.cn/yzygj/s10347/200910/ba46997a03be4b7ab0cfc76bee6fb9dc.shtml
LE000433,六安市人民医院,,general_hospital,安徽省,Anhui,六安市,Liuan,2014,https://www.nhc.gov.cn/yzygj/s10347/200910/ba46997a03be4b7ab0cfc76bee6fb9dc.shtml
LE000434,中国科学技术大学附属第一医院（安徽省立医院）,中国科学技术大学附属第一医院;安徽省立医院南区;安徽省立医院西区;安徽省肿瘤医院;中国科学技术大学附属第一医院西区,general_hospital,安徽省,Anhui,合肥市,Hefei,2014,https://www.ahslyy.com.cn/xiqu
LE000435,合肥市滨湖医院,,general_hospital,安徽省,Anhui,合肥市,Hefei,2018,https://www.ylrj.cn/hospital/400439.html
LE000436,合肥市第一人民医院,合肥市第一人民医院(滨湖院区),general_hospital,安徽省,Anhui,合肥市,Hefei,2014,https://www.hfyy.cn/col137/index
LE000437,合肥市第二人民医院,合肥市第二人民医院(广德路院区),general_hospital,安徽省,Anhui,合肥市,Hefei,2014,https://www.nhc.gov.cn/yzygj/s10347/200910/ba46997a03be4b7ab0cfc76bee6fb9dc.shtml
LE000438,合肥市第四人民医院,,general_hospital,安徽省,Anhui,合肥市,Hefei,2019,https://m.dayi.org.cn/hospital/1128745.html
LE000439,安徽中医药大学第一附属医院,,traditional_chinese_medicine_hospital,安徽省,Anhui,合肥市,Hefei,2014,https://www.nhc.gov.cn/yzygj/s10347/200910/ba46997a03be4b7ab0cfc76bee6fb9dc.shtml
LE000440,安徽中医药大学第二附属医院,,specialized_hospital,安徽省,Anhui,合肥市,Hefei,2014,https://s.dayi.org.cn/mip/s/hospital/1129816.html
LE000441,安徽医科大学第一附属医院,安徽医科大学第一附属医院(南区);安徽医科大学第一附属医院(高新院区),general_hospital,安徽省,Anhui,合肥市,Hefei,2014,https://www.nhc.gov.cn/yzygj/s10347/200910/ba46997a03be4b7ab0cfc76bee6fb9dc.shtml
LE000442,安徽医科大学第二附属医院,,general_hospital,安徽省,Anhui,合肥市,Hefei,2014,https://www.jobmd.cn/specials/ay2fy2015/article/280514
LE000443,安徽医科大学附属巢湖医院,,general_hospital,安徽省,Anhui,合肥市,Hefei,2014,https://www.nhc.gov.cn/yzygj/s10347/200910/ba46997a03be4b7ab0cfc76bee6fb9dc.shtml
LE000444,安徽省儿童医院,,specialized_hospital,安徽省,Anhui,合肥市,Hefei,2014,https://www.gaoloumi.cc/forum.php?mod=viewthread&page=2&tid=180270
LE000448,安徽省第二人民医院,,general_hospital,安徽省,Anhui,合肥市,Hefei,2014,https://www.ynpxrz.com/n500470c1400.aspx
LE000450,安庆市立医院,安庆市立医院（东院区）;安庆市立医院（北院区）;安庆市立医院（南院区）,general_hospital,安徽省,Anhui,安庆市,Anqing,2014,https://www.nhc.gov.cn/yzygj/s10347/200910/ba46997a03be4b7ab0cfc76bee6fb9dc.shtml
LE000451,安庆市第一人民医院,安庆市第一人民医院(龙山院区),general_hospital,安徽省,Anhui,安庆市,Anqing,2014,https://district.ce.cn/newarea/roll/201412/13/t20141213_4114501.shtml
LE000452,宣城市人民医院,,general_hospital,安徽省,Anhui,宣城市,Xuancheng,2017,https://amr.xuancheng.gov.cn/OpennessContent/show/2196227.html
LE000453,宿州市立医院,,general_hospital,安徽省,Anhui,宿州市,Suzhou,2014,https://sj.shuihuzhuti.com/show.php?classid=7&id=2820
LE000455,池州市人民医院,,general_hospital,安徽省,Anhui,池州市,Chizhou,2014,https://www.nhc.gov.cn/yzygj/s10347/200910/ba46997a03be4b7ab0cfc76bee6fb9dc.shtml
LE000456,淮北市中医院,,traditional_chinese_medicine_hospital,安徽省,Anhui,淮北市,Huaibei,2014,https://wjw.huaibei.gov.cn/ygdt/57702913.html
LE000457,淮北市人民医院,,general_hospital,安徽省,Anhui,淮北市,Huaibei,2014,https://www.nhc.gov.cn/yzygj/s10347/200910/ba46997a03be4b7ab0cfc76bee6fb9dc.shtml
LE000458,淮北矿工总医院,淮北矿业集团总医院,general_hospital,安徽省,Anhui,淮北市,Huaibei,2014,https://www.cnkang.com/yyk/hospintro/2736/
LE000459,安徽理工大学第一附属医院（淮南市第一人民医院）,淮南市第一人民医院,general_hospital,安徽省,Anhui,淮南市,Huainan,2014,https://www.fyrmyy.com/survey/yi-yuan-dong-tai/916.html
LE000460,淮南新华医疗集团新华医院,,general_hospital,安徽省,Anhui,淮南市,Huainan,2020,https://hnrb.huainannet.com/content/202103/02/content_62988.html
LE000461,滁州市中西医结合医院,,traditional_chinese_and_western_medicine_hospital,安徽省,Anhui,滁州市,Chuzhou,2014,https://www.dayi.org.cn/hospital/1131701
LE000462,滁州市第一人民医院,,general_hospital,安徽省,Anhui,滁州市,Chuzhou,2014,https://www.nhc.gov.cn/yzygj/s10347/200910/ba46997a03be4b7ab0cfc76bee6fb9dc.shtml
LE000463,安徽中医药高等专科学校附属医院,,traditional_chinese_medicine_hospital,安徽省,Anhui,芜湖市,Wuhu,2014,https://yxyx.wnmc.edu.cn/info/1035/16431.htm
LE000464,皖南医学院弋矶山医院,,general_hospital,安徽省,Anhui,芜湖市,Wuhu,2014,https://www.nhc.gov.cn/yzygj/s10347/200910/ba46997a03be4b7ab0cfc76bee6fb9dc.shtml
LE000465,皖南医学院第二附属医院,,general_hospital,安徽省,Anhui,芜湖市,Wuhu,2018,https://www.wy2fy.com/562/6910.html
LE000466,芜湖市第一人民医院,,general_hospital,安徽省,Anhui,芜湖市,Wuhu,2018,https://www.whfph.com/716/11282.html
LE000467,芜湖市第二人民医院,,general_hospital,安徽省,Anhui,芜湖市,Wuhu,2014,https://www.nhc.gov.cn/yzygj/s10347/200910/ba46997a03be4b7ab0cfc76bee6fb9dc.shtml
LE000468,芜湖市第四人民医院,,specialized_hospital,安徽省,Anhui,芜湖市,Wuhu,2019,https://www.chunyuyisheng.com/pc/hospital/c3bda8f1dc006ca1/
LE000469,蚌埠医学院第一附属医院,,general_hospital,安徽省,Anhui,蚌埠市,Bengbu,2014,https://www.nhc.gov.cn/yzygj/s10347/200910/ba46997a03be4b7ab0cfc76bee6fb9dc.shtml
LE000470,蚌埠医学院第二附属医院,蚌埠医学院第二附属医院(总院),general_hospital,安徽省,Anhui,蚌埠市,Bengbu,2014,https://s.dayi.org.cn/mip/s/hospital/1128706.html
LE000471,蚌埠市中医院,,traditional_chinese_medicine_hospital,安徽省,Anhui,蚌埠市,Bengbu,2019,https://www.thepaper.cn/newsDetail_forward_3025980
LE000472,蚌埠市第三人民医院,,general_hospital,安徽省,Anhui,蚌埠市,Bengbu,2014,https://y.dxy.cn/hospital/1251
LE000473,铜陵市中医院,,traditional_chinese_medicine_hospital,安徽省,Anhui,铜陵市,Tongling,2014,https://fzggw.tl.gov.cn/tlsfzhggwyh/c00113/pc/content/content_1683360701043679232.html
LE000474,铜陵市人民医院,,general_hospital,安徽省,Anhui,铜陵市,Tongling,2014,https://www.nhc.gov.cn/yzygj/s10347/200910/ba46997a03be4b7ab0cfc76bee6fb9dc.shtml
LE000475,铜陵市立医院,,general_hospital,安徽省,Anhui,铜陵市,Tongling,2017,https://myyk.fh21.com.cn/hospital/disease/0_27_14_230_1_0.html
LE000477,太和县人民医院,,general_hospital,安徽省,Anhui,阜阳市,Fuyang,2018,https://caifuhao.eastmoney.com/news/20190529204833119644350
LE000478,安徽中医药大学附属太和中医院,太和县中医院;阜阳市第二中医医院,traditional_chinese_medicine_hospital,安徽省,Anhui,阜阳市,Fuyang,2014,https://www.thzyy.com/info.php?class_id=101
LE000479,阜阳市人民医院,阜阳市人民医院(南区),general_hospital,安徽省,Anhui,阜阳市,Fuyang,2014,https://www.nhc.gov.cn/yzygj/s10347/200910/ba46997a03be4b7ab0cfc76bee6fb9dc.shtml
LE000480,阜阳市第二人民医院,,general_hospital,安徽省,Anhui,阜阳市,Fuyang,2014,https://xuebao.bbmu.edu.cn/cn/article/pdf/preview/10.13898/j.cnki.issn.1000-2200.2016.01.029.pdf
LE000482,马鞍山十七冶医院,,general_hospital,安徽省,Anhui,马鞍山市,Maanshan,2019,https://www.yypdca.com/psdt/2019/0401/258.html
LE000483,马鞍山市中医院,,traditional_chinese_medicine_hospital,安徽省,Anhui,马鞍山市,Maanshan,2014,https://s.dayi.org.cn/mip/s/hospital/1133954.html
LE000484,马鞍山市中心医院,,general_hospital,安徽省,Anhui,马鞍山市,Maanshan,2014,https://www.nhc.gov.cn/yzygj/s10347/200910/ba46997a03be4b7ab0cfc76bee6fb9dc.shtml
LE000485,马鞍山市人民医院,马鞍山市人民医院(秀山院区),general_hospital,安徽省,Anhui,马鞍山市,Maanshan,2014,https://www.nhc.gov.cn/yzygj/s10347/200910/ba46997a03be4b7ab0cfc76bee6fb9dc.shtml
LE000487,黄山市人民医院,,general_hospital,安徽省,Anhui,黄山市,Huangshan,2014,https://www.nhc.gov.cn/yzygj/s10347/200910/ba46997a03be4b7ab0cfc76bee6fb9dc.shtml
LE000488,东营市人民医院,,general_hospital,山东省,Shandong,东营市,Dongying,2016,https://www.chard.org.cn/detail/member_1/2303
LE000489,胜利油田中心医院,,general_hospital,山东省,Shandong,东营市,Dongying,2014,https://www.hzmc.edu.cn/jyc/info/1141/2410.htm
LE000490,临沂市中医医院,,traditional_chinese_medicine_hospital,山东省,Shandong,临沂市,Linyi,2014,https://www.nhc.gov.cn/yzygj/s10347/200910/93d0aef97acf4463a195fd4394468829.shtml
LE000491,临沂市中心医院,临沂市沂水中心医院,general_hospital,山东省,Shandong,临沂市,Linyi,2014,https://www.lyszxyy.com.cn/Html/News/Columns/1/Index.html
LE000492,山东省鲁南眼科医院,,specialized_hospital,山东省,Shandong,临沂市,Linyi,2016,https://www.sd93.gov.cn/detail.php?id=10110
LE000493,平邑县中医医院,平邑县中医医院(东院区),traditional_chinese_medicine_hospital,山东省,Shandong,临沂市,Linyi,2014,https://www.pyxzyyy.cn/about/12.html
LE000494,威海市中医院,,traditional_chinese_medicine_hospital,山东省,Shandong,威海市,Weihai,2014,https://weihai.dzwww.com/health/whws/202112/t20211201_9503626.htm
LE000495,威海市中心医院,,general_hospital,山东省,Shandong,威海市,Weihai,2014,https://s.dayi.org.cn/mip/s/hospital/1155851.html
LE000496,威海市立第三医院,威海市精神卫生中心,specialized_hospital,山东省,Shandong,威海市,Weihai,2015,https://yq.whslsy.cn/
LE000498,山东省文登整骨医院,,specialized_hospital,山东省,Shandong,威海市,Weihai,2014,https://www.sdswdzgyy.com/overview/3.html
LE000499,荣成市中医院,,traditional_chinese_medicine_hospital,山东省,Shandong,威海市,Weihai,2014,https://weihai.dzwww.com/yzmdm/qlr/
LE000501,德州市中医院,,traditional_chinese_medicine_hospital,山东省,Shandong,德州市,Dezhou,2018,https://s.dayi.org.cn/mip/s/hospital/1155847.html
LE000503,日照市中医院,,traditional_chinese_medicine_hospital,山东省,Shandong,日照市,Rizhao,2014,https://s.dayi.org.cn/mip/s/hospital/1134828.html
LE000504,日照市人民医院,,general_hospital,山东省,Shandong,日照市,Rizhao,2014,https://www.dayi.org.cn/hospital/1137188.html
LE000505,莒县中医院,,traditional_chinese_medicine_hospital,山东省,Shandong,日照市,Rizhao,2023,https://news.qingdaonews.com/qingdao/2023-12/21/content_23522829.htm
LE000506,北京中医药大学枣庄医院,,traditional_chinese_medicine_hospital,山东省,Shandong,枣庄市,Zaozhuang,2014,https://www.bucm.edu.cn/bzyyw/4a9c3ad4e03d44d0995f50592c7cf582.htm
LE000508,枣庄市立医院,枣庄市立医院(新城分院),general_hospital,山东省,Shandong,枣庄市,Zaozhuang,2014,https://www.nhc.gov.cn/yzygj/s10347/200910/93d0aef97acf4463a195fd4394468829.shtml
LE000510,枣庄市精神卫生中心（枣庄市立第二医院）,枣庄市立二院(新城分院);枣庄市立第二医院,specialized_hospital,山东省,Shandong,枣庄市,Zaozhuang,2015,https://www.zzsley.com/honor.htm
LE000511,山东国欣颐养集团枣庄中心医院,枣庄矿业集团中心医院,general_hospital,山东省,Shandong,枣庄市,Zaozhuang,2014,https://www.jcyxybks.sdu.edu.cn/info/1029/11853.htm
LE000512,滕州市中医院,,traditional_chinese_medicine_hospital,山东省,Shandong,枣庄市,Zaozhuang,2018,http://wsjkw.shandong.gov.cn/zwgk/fdzdgknr/gsgg/201811/t20181120_3445515.html
LE000513,滕州市中心人民医院,,general_hospital,山东省,Shandong,枣庄市,Zaozhuang,2014,https://epaper.qlwb.com.cn/qlwb/PDF/20140404/Z11.pdf
LE000515,山东第一医科大学第二附属医院,,general_hospital,山东省,Shandong,泰安市,Taian,2014,https://s.dayi.org.cn/mip/s/hospital/1132241.html
LE000516,新泰市中医院,,traditional_chinese_medicine_hospital,山东省,Shandong,泰安市,Taian,2014,https://wjw.taian.gov.cn/art/2018/3/19/art_48231_5279344.html
LE000517,泰安市中医院,,traditional_chinese_medicine_hospital,山东省,Shandong,泰安市,Taian,2014,https://s.dayi.org.cn/mip/s/hospital/1133506.html
LE000518,泰安市中心医院,泰安市中心医院(高新院区),general_hospital,山东省,Shandong,泰安市,Taian,2014,https://www.nhc.gov.cn/yzygj/s10347/200910/93d0aef97acf4463a195fd4394468829.shtml
LE000520,肥城市中医院,,traditional_chinese_medicine_hospital,山东省,Shandong,泰安市,Taian,2014,https://s.dayi.org.cn/mip/s/hospital/1133808.html
LE000522,山东中医药大学第二附属医院,,traditional_chinese_and_western_medicine_hospital,山东省,Shandong,济南市,Jinan,2014,https://jinan.iqilu.com/news/2023/0209/5350506.shtml
LE000523,山东中医药大学附属医院,,traditional_chinese_medicine_hospital,山东省,Shandong,济南市,Jinan,2014,https://shandong-chorography.org/database/d00/section/8/article/127/
LE000524,山东中医药大学附属眼科医院,,specialized_hospital,山东省,Shandong,济南市,Jinan,2014,https://aimg8.dlssyht.cn/u/1539514/ueditor/file/770/1539514/1568688221188256.pdf
LE000525,山东大学第二医院,,general_hospital,山东省,Shandong,济南市,Jinan,2014,https://www.nhc.gov.cn/yzygj/s10347/200910/93d0aef97acf4463a195fd4394468829.shtml
LE000527,山东大学附属生殖医院,,specialized_hospital,山东省,Shandong,济南市,Jinan,2019,http://www.sduivf.com/a/shouye/xinwenzhongxin/xinwendongtai/2020/0715/847.html
LE000528,山东大学齐鲁儿童医院,,specialized_hospital,山东省,Shandong,济南市,Jinan,2014,https://www.view.sdu.edu.cn/info/1003/3956.htm
LE000529,山东大学齐鲁医院,,general_hospital,山东省,Shandong,济南市,Jinan,2014,https://www.nhc.gov.cn/yzygj/s10347/200910/93d0aef97acf4463a195fd4394468829.shtml
LE000530,山东省口腔医院,,specialized_hospital,山东省,Shandong,济南市,Jinan,2015,https://www.dayi.org.cn/hospital/1156078.html
LE000531,山东第一医科大学附属眼科医院（山东省眼科医院）,山东省眼科医院,specialized_hospital,山东省,Shandong,济南市,Jinan,2015,https://www.sd-eh.com/portal/article/index/id/798.html
LE000532,山东第一医科大学附属省立医院（山东省立医院）,山东省立医院;山东第一医科大学附属省立医院(奥体院区),general_hospital,山东省,Shandong,济南市,Jinan,2014,https://baby.sina.com.cn/hos/2002-01-16/135/9.html
LE000533,山东省立第三医院,,general_hospital,山东省,Shandong,济南市,Jinan,2017,https://news.zhuyitai.com/17/0208/931d7c74019a43648e40deec391337c5.html
LE000534,山东省精神卫生中心,,specialized_hospital,山东省,Shandong,济南市,Jinan,2015,https://m.haodf.com/hospital/1355.html
LE000535,山东省第二人民医院（山东省耳鼻喉医院）,山东省耳鼻喉医院,specialized_hospital,山东省,Shandong,济南市,Jinan,2020,https://sd.ifeng.com/c/7v6AM07BB6y
LE000537,山东第一医科大学附属肿瘤医院（山东省肿瘤医院）,山东省肿瘤医院,specialized_hospital,山东省,Shandong,济南市,Jinan,2014,https://www.nhc.gov.cn/yzygj/s10347/200910/93d0aef97acf4463a195fd4394468829.shtml
LE000539,山东第一医科大学第一附属医院,山东省千佛山医院,general_hospital,山东省,Shandong,济南市,Jinan,2014,https://www.nhc.gov.cn/yzygj/s10347/200910/93d0aef97acf4463a195fd4394468829.shtml
LE000544,济南市中医院,,traditional_chinese_medicine_hospital,山东省,Shandong,济南市,Jinan,2014,https://shandong-chorography.org/database/d00/section/8/article/127/
LE000545,济南市中心医院,济南市中心医院(东院区),general_hospital,山东省,Shandong,济南市,Jinan,2014,https://www.nhc.gov.cn/yzygj/s10347/200910/93d0aef97acf4463a195fd4394468829.shtml
LE000546,济南市人民医院,,general_hospital,山东省,Shandong,济南市,Jinan,2018,https://news.iqilu.com/shandong/yuanchuang/2018/0503/3904308.shtml
LE000547,济南市口腔医院,,specialized_hospital,山东省,Shandong,济南市,Jinan,2016,https://sdwsnews.com.cn/a/tupian/2016/0323/982.html
LE000549,济南市章丘区中医医院,,traditional_chinese_medicine_hospital,山东省,Shandong,济南市,Jinan,2014,https://www.dayi.org.cn/hospital/1156133
LE000550,济南明水眼科医院,济南市章丘区第二人民医院,specialized_hospital,山东省,Shandong,济南市,Jinan,2015,https://news.iqilu.com/shandong/kejiaoshehui/20180123/3818300.shtml
LE000551,济南市第四人民医院,,general_hospital,山东省,Shandong,济南市,Jinan,2014,https://www.nhc.gov.cn/yzygj/s10347/200910/93d0aef97acf4463a195fd4394468829.shtml
LE000552,济南市中西医结合医院,莱芜市中医院,traditional_chinese_medicine_hospital,山东省,Shandong,济南市,Jinan,2014,https://qsy.jinan.gov.cn/colqsy11525/art/2025/art_qsy11525_qsy69807.html
LE000555,兖矿新里程总医院,兖矿集团总医院,general_hospital,山东省,Shandong,济宁市,Jining,2014,https://epaper.qlwb.com.cn/qlwb/PDF/20141120/H02.pdf
LE000556,山东省戴庄医院,,specialized_hospital,山东省,Shandong,济宁市,Jining,2014,https://www.sdsdzyy.cn/html/yiyuanjieshao/yiyuanlicheng/
LE000557,济宁医学院附属医院,,general_hospital,山东省,Shandong,济宁市,Jining,2014,https://www.nhc.gov.cn/tigs/s10006/201302/aaf7911c91c6405ea38ace1806a40dbc.shtml
LE000560,济宁市第一人民医院,济宁市第一人民医院(东院区);济宁市第一人民医院(西院区),general_hospital,山东省,Shandong,济宁市,Jining,2014,https://www.jnrmyy.com/xinwen/2018/1109/3128.html
LE000562,北大医疗鲁中医院,,general_hospital,山东省,Shandong,淄博市,Zibo,2016,http://health.people.com.cn/n1/2017/0109/c399510-29008617.html
LE000563,淄博市中医医院（山东中医药大学第四附属医院）,山东中医药大学第四附属医院;淄博市中医医院,traditional_chinese_medicine_hospital,山东省,Shandong,淄博市,Zibo,2014,https://wanbang.wy.guahaoe.com/hospital/summary/986c1121-c720-11e1-913c-5cf9dd2e7135000
LE000564,淄博市中心医院,淄博市中心医院(西院区),general_hospital,山东省,Shandong,淄博市,Zibo,2014,https://www.nhc.gov.cn/yzygj/s10347/200910/93d0aef97acf4463a195fd4394468829.shtml
LE000566,淄博市第一医院,,general_hospital,山东省,Shandong,淄博市,Zibo,2014,https://ws.zibo.gov.cn/art/2021/8/25/art_815_2152750.html
LE000567,淄博市第五人民医院,,specialized_hospital,山东省,Shandong,淄博市,Zibo,2016,http://www.zibomhc.com/intro/index-24.html
LE000568,淄博市中西医结合医院,淄博市第八人民医院,general_hospital,山东省,Shandong,淄博市,Zibo,2014,https://www.dayi.org.cn/hospital/1132324
LE000569,滨州医学院附属医院,,general_hospital,山东省,Shandong,滨州市,Binzhou,2014,https://www.byfy.cn/Resource/File/Upload/File/20250610/1749554482737557.pdf
LE000570,滨州市中医院,,traditional_chinese_medicine_hospital,山东省,Shandong,滨州市,Binzhou,2018,https://m.dayi.org.cn/hospital/4671
LE000571,滨州市中心医院,,general_hospital,山东省,Shandong,滨州市,Binzhou,2014,https://www.bzszxyy.com/phone/article/findById.do?id=b38fe53ed9c1474e8c4abe29cd5ec8bd
LE000572,滨州市人民医院,,general_hospital,山东省,Shandong,滨州市,Binzhou,2015,https://bzrmyy.com.cn/html/yyzz/20150619/2426.html
LE000573,邹平市中医院,,traditional_chinese_medicine_hospital,山东省,Shandong,滨州市,Binzhou,2014,https://yyk.fh21.com.cn/hospital_1106.html
LE000575,山东第二医科大学附属医院,潍坊医学院附属医院,general_hospital,山东省,Shandong,潍坊市,Weifang,2014,https://xchb.sdsmu.edu.cn/2014/0327/c5106a7821/page.htm
LE000576,潍坊市中医院,,traditional_chinese_medicine_hospital,山东省,Shandong,潍坊市,Weifang,2014,https://www.nhc.gov.cn/yzygj/s10347/200910/93d0aef97acf4463a195fd4394468829.shtml
LE000577,潍坊市人民医院,潍坊市人民医院北辰院区,general_hospital,山东省,Shandong,潍坊市,Weifang,2014,https://www.wfph.cn/faq/7.html
LE000579,潍坊市益都中心医院,,general_hospital,山东省,Shandong,潍坊市,Weifang,2014,https://y.dxy.cn/hospital/708
LE000580,潍坊市精神卫生中心,,specialized_hospital,山东省,Shandong,潍坊市,Weifang,2015,https://www.healai.com/H5.html
LE000581,诸城市中医院,,traditional_chinese_medicine_hospital,山东省,Shandong,潍坊市,Weifang,2014,https://www.sdwsnews.com.cn/a/weifang/zixun/2016/1008/5750.html
LE000583,烟台市中医医院,山东中医药大学附属烟台中医院,traditional_chinese_medicine_hospital,山东省,Shandong,烟台市,Yantai,2014,https://www.ytzyy.cn/Profile/2671.html
LE000584,滨州医学院烟台附属医院,,general_hospital,山东省,Shandong,烟台市,Yantai,2018,https://www.byytfy.com/system/2018/10/23/010559890.shtml
LE000585,烟台市口腔医院,,specialized_hospital,山东省,Shandong,烟台市,Yantai,2016,https://www.ytkq.com/intro/47.html
LE000586,烟台市烟台山医院,,general_hospital,山东省,Shandong,烟台市,Yantai,2014,https://www.ytsytsyy.cn/article/view/4526
LE000587,烟台市莱阳中心医院,,general_hospital,山东省,Shandong,烟台市,Yantai,2020,https://dy.163.com/article/FQ3LR61305346936.html
LE000588,烟台毓璜顶医院,烟台毓璜顶医院(莱山院区),general_hospital,山东省,Shandong,烟台市,Yantai,2014,https://www.nhc.gov.cn/yzygj/s10347/200910/93d0aef97acf4463a195fd4394468829.shtml
LE000590,烟台市蓬莱中医医院,蓬莱市中医医院,traditional_chinese_medicine_hospital,山东省,Shandong,烟台市,Yantai,2016,https://www.ytsplzyyy.cn/Hospital_Profile/2.html
LE000591,聊城市中医医院,,traditional_chinese_medicine_hospital,山东省,Shandong,聊城市,Liaocheng,2014,https://www.nhc.gov.cn/yzygj/s10347/200910/93d0aef97acf4463a195fd4394468829.shtml
LE000592,聊城市人民医院,,general_hospital,山东省,Shandong,聊城市,Liaocheng,2014,https://s.dayi.org.cn/mip/s/hospital/1546.html
LE000593,聊城市第二人民医院,,general_hospital,山东省,Shandong,聊城市,Liaocheng,2017,https://s.dayi.org.cn/mip/s/hospital/1138557.html
LE000594,聊城市第四人民医院,,specialized_hospital,山东省,Shandong,聊城市,Liaocheng,2016,https://epaper.qlwb.com.cn/qlwb/content/20160511/Articell03004FM.htm
LE000595,单县中心医院,,general_hospital,山东省,Shandong,菏泽市,Heze,2014,https://www.sdsxzxyy.cn/yyjj
LE000596,菏泽市中医院,,traditional_chinese_medicine_hospital,山东省,Shandong,菏泽市,Heze,2014,https://www.ngd.org.cn/xwzx/ywdt/18814.htm
LE000597,菏泽市立医院,,general_hospital,山东省,Shandong,菏泽市,Heze,2014,https://hezexc.cn/hzwm_bd/1489.html
LE000598,菏泽市第三人民医院,,specialized_hospital,山东省,Shandong,菏泽市,Heze,2016,https://csp.ncmi.cn/WebManage/StrokeRecognition/CzdtUUDetailWeb?type=&uid=03088
LE000601,山东第一医科大学附属青岛眼科医院,,specialized_hospital,山东省,Shandong,青岛市,Qingdao,2015,https://m.sdeyei-h.edu/brief/
LE000602,青岛大学附属医院,青岛大学附属医院(崂山院区);青岛大学附属医院(市南院区);青岛大学附属医院(平度院区);青岛大学附属医院(西海岸院区),general_hospital,山东省,Shandong,青岛市,Qingdao,2014,https://www.nhc.gov.cn/yzygj/s10347/200910/93d0aef97acf4463a195fd4394468829.shtml
LE000603,青岛大学附属海慈医院,,general_hospital,山东省,Shandong,青岛市,Qingdao,2014,https://www.cib.com.cn/cn/customer/images/bjk-health-check.pdf
LE000605,青岛市中心（肿瘤）医院,青岛市中心医院;青岛市肿瘤医院,general_hospital,山东省,Shandong,青岛市,Qingdao,2014,https://www.qingdao.gov.cn/ywdt/zwzl/ggqsydwgk/wsjk_208049/yy/qdszxyy/jcxx/jbgk/
LE000606,青岛市即墨区中医院,,traditional_chinese_medicine_hospital,山东省,Shandong,青岛市,Qingdao,2018,https://epaper.qingdaonews.com/qdzb/resfile/2024-01-19/T32/qdzb-20240119-T32.pdf
LE000607,青岛市口腔医院,,specialized_hospital,山东省,Shandong,青岛市,Qingdao,2016,https://www.qddent.com/newsshow.aspx?cjCode=11&code=1546
LE000608,青岛市市立医院,青岛市市立医院东院,general_hospital,山东省,Shandong,青岛市,Qingdao,2014,https://www.qdslyy.cn/lishizuji.aspx
LE000610,青岛市精神卫生中心,青岛市第七人民医院,specialized_hospital,山东省,Shandong,青岛市,Qingdao,2015,https://zh.wikipedia.org/wiki/%E9%9D%92%E5%B2%9B%E5%B8%82%E7%B2%BE%E7%A5%9E%E5%8D%AB%E7%94%9F%E4%B8%AD%E5%BF%83；https://www.qingdao.gov.cn/ywdt/zwzl/ggqsydwgk/wsjk_208049/yy/qdsjswszx/jcxx/jbgk/
LE000611,山东青岛中西医结合医院（青岛市第五人民医院）,青岛市第五人民医院,traditional_chinese_and_western_medicine_hospital,山东省,Shandong,青岛市,Qingdao,2014,https://shandong-chorography.org/database/g0/section/71/article/127/
LE000613,青岛西海岸新区中医医院,青岛市黄岛区中医医院,traditional_chinese_medicine_hospital,山东省,Shandong,青岛市,Qingdao,2014,https://yyk.39.net/qd/1d142/
LE000615,临汾市中心医院,临汾市第四人民医院,general_hospital,山西省,Shanxi,临汾市,Linfen,2014,https://www.dayi.org.cn/hospital/1918.html
LE000616,临汾市人民医院,,general_hospital,山西省,Shanxi,临汾市,Linfen,2014,https://www.nhc.gov.cn/wjw/dfxw/201406/25976279d9804c80a899e00c712922dc.shtml
LE000619,吕梁市人民医院,吕梁市人民医院新院,general_hospital,山西省,Shanxi,吕梁市,Lüliang,2014,https://yyk.39.net/lld/1c503/detail.html
LE000620,山西省汾阳医院,,general_hospital,山西省,Shanxi,吕梁市,Lüliang,2014,https://www.nhc.gov.cn/yzygj/s10347/200911/29bc6576645b446c853edbaf53141f44.shtml
LE000621,国药同煤总医院,国药同煤总医院（恒安院区）,general_hospital,山西省,Shanxi,大同市,Datong,2014,https://m.110.com/fagui/374864.html
LE000622,大同市第一人民医院,大同市妇幼保健院,specialized_hospital,山西省,Shanxi,大同市,Datong,2014,https://www.dayi.org.cn/hospital/1137176.html
LE000623,大同市第三人民医院,,general_hospital,山西省,Shanxi,大同市,Datong,2014,https://www.nhc.gov.cn/yzygj/s10347/200911/29bc6576645b446c853edbaf53141f44.shtml
LE000624,大同市第五人民医院,,general_hospital,山西省,Shanxi,大同市,Datong,2014,https://www.nhc.gov.cn/yzygj/s10347/200911/29bc6576645b446c853edbaf53141f44.shtml
LE000626,太原市中心医院,,general_hospital,山西省,Shanxi,太原市,Taiyuan,2014,https://wjw.shanxi.gov.cn/zfxxgk/fdzdgknr/gggs/202203/t20220310_5279789.shtml
LE000628,太原市第三人民医院,,specialized_hospital,山西省,Shanxi,太原市,Taiyuan,2014,https://hospital.tyut.edu.cn/info/1013/1144.htm
LE000629,山西省针灸医院,山西中医学院第三中医院;山西中医药大学附属针灸推拿医院,traditional_chinese_medicine_hospital,山西省,Shanxi,太原市,Taiyuan,2014,https://wjw.shanxi.gov.cn/zfxxgk/fdzdgknr/cwxx/ysdwgk/202203/P020220310086610116063.pdf
LE000630,山西中医药大学附属医院,,traditional_chinese_medicine_hospital,山西省,Shanxi,太原市,Taiyuan,2014,https://hospital.tyut.edu.cn/info/1013/1144.htm
LE000631,山西医科大学第一医院,,general_hospital,山西省,Shanxi,太原市,Taiyuan,2014,https://www.nhc.gov.cn/yzygj/s10347/200911/29bc6576645b446c853edbaf53141f44.shtml
LE000632,山西医科大学第二医院,山西医科大学第二医院(西院区),general_hospital,山西省,Shanxi,太原市,Taiyuan,2014,https://wjw.shanxi.gov.cn/zfxxgk/fdzdgknr/gggs/202203/t20220310_5279789.shtml
LE000633,太原钢铁（集团）有限公司总医院,山西医科大学附属太钢总医院,general_hospital,山西省,Shanxi,太原市,Taiyuan,2014,https://hospital.tyut.edu.cn/info/1013/1144.htm
LE000634,山西白求恩医院,山西白求恩医院(山西医学科学院),general_hospital,山西省,Shanxi,太原市,Taiyuan,2014,https://www.pharnexcloud.com/data/zcfg_137b3410ef24008f3e0318048bfca338.html
LE000635,山西省中医院,,traditional_chinese_medicine_hospital,山西省,Shanxi,太原市,Taiyuan,2014,https://www.chictr.org.cn/showproj.html?proj=7685
LE000636,山西省中西医结合医院,,traditional_chinese_and_western_medicine_hospital,山西省,Shanxi,太原市,Taiyuan,2014,https://www.nhc.gov.cn/yzygj/s10347/200911/29bc6576645b446c853edbaf53141f44.shtml
LE000637,山西省人民医院,山西省人民医院(和平院区),general_hospital,山西省,Shanxi,太原市,Taiyuan,2014,https://www.nhc.gov.cn/yzygj/s10347/200911/29bc6576645b446c853edbaf53141f44.shtml
LE000638,山西省儿童医院,,specialized_hospital,山西省,Shanxi,太原市,Taiyuan,2014,https://www.nhc.gov.cn/yzygj/s10347/200911/29bc6576645b446c853edbaf53141f44.shtml
LE000639,太原市精神病医院,山西省太原精神病医院;山西省精神卫生中心,specialized_hospital,山西省,Shanxi,太原市,Taiyuan,2014,https://wjw.shanxi.gov.cn/zfxxgk/fdzdgknr/gggs/202203/t20220310_5279789.shtml
LE000640,山西省心血管病医院,,specialized_hospital,山西省,Shanxi,太原市,Taiyuan,2014,https://www.nhc.gov.cn/yzygj/s10347/200911/29bc6576645b446c853edbaf53141f44.shtml
LE000641,山西省眼科医院,,specialized_hospital,山西省,Shanxi,太原市,Taiyuan,2014,https://www.nhc.gov.cn/yzygj/s10347/200911/29bc6576645b446c853edbaf53141f44.shtml
LE000642,山西省第二人民医院,,specialized_hospital,山西省,Shanxi,太原市,Taiyuan,2014,https://www.nhc.gov.cn/yzygj/s10347/200911/29bc6576645b446c853edbaf53141f44.shtml
LE000643,山西省肿瘤医院,,specialized_hospital,山西省,Shanxi,太原市,Taiyuan,2014,https://www.nhc.gov.cn/yzygj/s10347/200911/29bc6576645b446c853edbaf53141f44.shtml
LE000645,忻州市人民医院,,general_hospital,山西省,Shanxi,忻州市,Xinzhou,2014,https://m.110.com/fagui/374864.html
LE000646,山西省社会福利精神康宁医院,山西省荣军精神康宁医院,specialized_hospital,山西省,Shanxi,晋中市,Jinzhong,2014,https://y.dxy.cn/hospital/1866
LE000647,晋中市第一人民医院,,general_hospital,山西省,Shanxi,晋中市,Jinzhong,2015,https://m.110.com/fagui/374864.html
LE000648,晋城大医院,,general_hospital,山西省,Shanxi,晋城市,Jincheng,2014,https://www.nhc.gov.cn/yzygj/s10347/200911/29bc6576645b446c853edbaf53141f44.shtml
LE000649,晋城市人民医院,,general_hospital,山西省,Shanxi,晋城市,Jincheng,2014,https://weixin.zgui.com/jincheng/jcsrm-yyjj/
LE000651,运城市中医医院,运城市中医院,traditional_chinese_medicine_hospital,山西省,Shanxi,运城市,Yuncheng,2023,https://wjw.shanxi.gov.cn/xwzx/sxdt/202602/t20260203_10055161.shtml
LE000652,运城市中心医院,运城市中心医院(东院);运城市中心医院(老院),general_hospital,山西省,Shanxi,运城市,Yuncheng,2014,https://www.nhc.gov.cn/yzygj/s10347/200911/29bc6576645b446c853edbaf53141f44.shtml
LE000655,北大医疗潞安医院,潞安矿业(集团)总医院;潞安集团总医院,general_hospital,山西省,Shanxi,长治市,Changzhi,2014,https://sj.hongdagj.com/show.php?classid=11&id=1155
LE000656,长治医学院附属和平医院,,general_hospital,山西省,Shanxi,长治市,Changzhi,2014,https://wjw.shanxi.gov.cn/xwzx/sxdt/202501/t20250108_9746077.shtml
LE000657,长治医学院附属和济医院,,general_hospital,山西省,Shanxi,长治市,Changzhi,2014,https://www.nhc.gov.cn/yzygj/s10347/200911/29bc6576645b446c853edbaf53141f44.shtml
LE000658,长治市中医研究所附属医院,,general_hospital,山西省,Shanxi,长治市,Changzhi,2018,https://www.dayi.org.cn/hospital/1127350.html
LE000659,长治市中医院,,traditional_chinese_medicine_hospital,山西省,Shanxi,长治市,Changzhi,2018,https://s.dayi.org.cn/mip/s/hospital/1155873.html
LE000660,长治市人民医院,,general_hospital,山西省,Shanxi,长治市,Changzhi,2014,https://www.nhc.gov.cn/yzygj/s10347/200911/29bc6576645b446c853edbaf53141f44.shtml
LE000662,长治市第二人民医院,,general_hospital,山西省,Shanxi,长治市,Changzhi,2018,https://www.dayi.org.cn/hospital/1155874
LE000663,阳泉市第一人民医院,,general_hospital,山西省,Shanxi,阳泉市,Yangquan,2014,https://www.nhc.gov.cn/yzygj/s10347/200911/29bc6576645b446c853edbaf53141f44.shtml
LE000664,阳泉煤业（集团）有限责任公司总医院,阳泉煤业集团总医院,general_hospital,山西省,Shanxi,阳泉市,Yangquan,2014,https://www.nhc.gov.cn/yzygj/s10347/200911/29bc6576645b446c853edbaf53141f44.shtml
LE000665,东莞东华医院,,general_hospital,广东省,Guangdong,东莞市,Dongguan,2014,https://news.sina.cn/gn/2017-05-25/detail-ifyfqvmh8791602.d.html?vt=4
LE000666,东莞市人民医院,东莞市人民医院(普济院区);东莞市人民医院(红楼院区),general_hospital,广东省,Guangdong,东莞市,Dongguan,2014,https://www.nhc.gov.cn/yzygj/s10347/200910/252310d242544052ab31918e869702f8.shtml
LE000667,东莞市厚街医院,,general_hospital,广东省,Guangdong,东莞市,Dongguan,2014,https://dghb.dg.gov.cn/zfxxgkml/qt/gzdt/content/post_4446798.html
LE000669,东莞市松山湖中心医院,东莞市第三人民医院,general_hospital,广东省,Guangdong,东莞市,Dongguan,2014,https://s.dayi.org.cn/mip/s/hospital/2492.html
LE000670,东莞市滨海湾中心医院,东莞市第五人民医院;东莞市太平人民医院,general_hospital,广东省,Guangdong,东莞市,Dongguan,2014,https://www.dg.gov.cn/zwgk/ggqsydwxxgk/wsjk/content/post_3979431.html
LE000671,东莞康华医院,,general_hospital,广东省,Guangdong,东莞市,Dongguan,2014,https://news.sina.cn/sa/2011-02-17/detail-ikftpnny4575475.d.html
LE000672,东莞市中医院,广州中医药大学附属东莞中医院;广州中医药大学附属东莞中医院莞城分院,traditional_chinese_medicine_hospital,广东省,Guangdong,东莞市,Dongguan,2014,https://www.dg.gov.cn/zwgk/ggqsydwxxgk/wsjk/content/post_3979443.html
LE000673,中山市中医院,,traditional_chinese_medicine_hospital,广东省,Guangdong,中山市,Zhongshan,2014,https://www.zsszyy.com/file.php?accessoryId=843265
LE000675,中山市小榄人民医院,,general_hospital,广东省,Guangdong,中山市,Zhongshan,2014,https://hsa.zs.gov.cn/jlhd/yjzj/content/post_1944339.html
LE000677,云浮市中医院,,traditional_chinese_medicine_hospital,广东省,Guangdong,云浮市,Yunfu,2014,https://yfszyy.com/html/web/yiyuangaikuo/yiyuanfazhanlicheng/index.html
LE000678,云浮市人民医院,,general_hospital,广东省,Guangdong,云浮市,Yunfu,2014,https://www.dayi.org.cn/hospital/2026?from=sg
LE000679,罗定市人民医院,,general_hospital,广东省,Guangdong,云浮市,Yunfu,2014,https://mp.weixin.qq.com/s/6SgThqgA_m_bK8uHzJftaw
LE000680,佛山复星禅诚医院,佛山市禅城区中心医院,general_hospital,广东省,Guangdong,佛山市,Foshan,2014,https://www.fsccyy.com/info/9571/11551.htm
LE000681,佛山市三水区人民医院,,general_hospital,广东省,Guangdong,佛山市,Foshan,2014,https://s.dayi.org.cn/mip/s/hospital/1128612.html
LE000682,佛山市中医院,,traditional_chinese_medicine_hospital,广东省,Guangdong,佛山市,Foshan,2014,https://www.dayi.org.cn/hospital/1127901?from=sg
LE000686,佛山市第一人民医院,,general_hospital,广东省,Guangdong,佛山市,Foshan,2014,https://s.dayi.org.cn/mip/s/hospital/1129004.html
LE000687,佛山市第二人民医院,,general_hospital,广东省,Guangdong,佛山市,Foshan,2014,https://www.dayi.org.cn/hospital/3833?from=sg
LE000688,南方医科大学附属南海人民医院,,general_hospital,广东省,Guangdong,佛山市,Foshan,2014,https://portal.smu.edu.cn/zyyxy/info/1119/1987.htm
LE000689,南方医科大学顺德医院,,general_hospital,广东省,Guangdong,佛山市,Foshan,2014,https://www.sdrmyy.com/v-7-10992.aspx
LE000691,广东省中西医结合医院,,traditional_chinese_medicine_hospital,广东省,Guangdong,佛山市,Foshan,2014,https://csp.ncmi.cn/WebManage/StrokeRecognition/CzdtUUDetailWeb?uid=25648
LE000692,广州中医药大学顺德医院,,traditional_chinese_medicine_hospital,广东省,Guangdong,佛山市,Foshan,2014,https://www.gdsdyy.com/UploadFiles/xxgk/2021/12/%E5%B9%BF%E5%B7%9E%E4%B8%AD%E5%8C%BB%E8%8D%AF%E5%A4%A7%E5%AD%A6%E9%A1%BA%E5%BE%B7%E5%8C%BB%E9%99%A2%E5%BB%BA%E8%AE%BE%E9%A1%B9%E7%9B%AE%EF%BC%88%E6%98%93%E5%9C%B0%E6%96%B0%E5%BB%BA%EF%BC%89%E6%8A%A5%E5%91%8A%E4%B9%A6%20%EF%BC%88%E5%BE%81%E6%B1%82%E6%84%8F%E8%A7%81%E7%A8%BF%EF%BC%891.pdf
LE000694,中山大学附属口腔医院,,specialized_hospital,广东省,Guangdong,广州市,Guangzhou,2018,https://www.sysu.edu.cn/news/info/2171/530171.htm
LE000695,中山大学附属眼科医院,,specialized_hospital,广东省,Guangdong,广州市,Guangzhou,2014,https://www.nhc.gov.cn/yzygj/s10347/200910/252310d242544052ab31918e869702f8.shtml
LE000696,中山大学附属第一医院,中山大学附属第一医院东院,general_hospital,广东省,Guangdong,广州市,Guangzhou,2014,https://zdgh.sysu.edu.cn/article/3445
LE000698,中山大学附属第三医院,,general_hospital,广东省,Guangdong,广州市,Guangzhou,2014,https://www.nhc.gov.cn/yzygj/s10347/200910/252310d242544052ab31918e869702f8.shtml
LE000699,中山大学孙逸仙纪念医院,中山大学附属第二医院;中山大学附属第二医院南院,general_hospital,广东省,Guangdong,广州市,Guangzhou,2014,https://www.nhc.gov.cn/yzygj/s10347/200910/252310d242544052ab31918e869702f8.shtml
LE000701,中山大学附属第六医院,,general_hospital,广东省,Guangdong,广州市,Guangzhou,2016,https://www.sysu6h.cn/information/news/2196
LE000702,中山大学附属肿瘤医院,中山大学附属肿瘤医院(黄埔院区),specialized_hospital,广东省,Guangdong,广州市,Guangzhou,2014,https://www.sysu.edu.cn/news/info/2171/586831.htm
LE000703,南方医科大学中西医结合医院,,traditional_chinese_and_western_medicine_hospital,广东省,Guangdong,广州市,Guangzhou,2014,https://www.smu.edu.cn/info/1139/2088.htm
LE000704,南方医科大学南方医院,南方医科大学南方医院(增城院区),general_hospital,广东省,Guangdong,广州市,Guangzhou,2014,https://www.nhc.gov.cn/yzygj/s10347/200910/252310d242544052ab31918e869702f8.shtml
LE000705,南方医科大学口腔医院,,specialized_hospital,广东省,Guangdong,广州市,Guangzhou,2020,https://www.smu.edu.cn/info/1139/16749.htm
LE000706,南方医科大学珠江医院,,general_hospital,广东省,Guangdong,广州市,Guangzhou,2014,https://www.nhc.gov.cn/yzygj/s10347/200910/252310d242544052ab31918e869702f8.shtml
LE000707,南方医科大学皮肤病医院,,specialized_hospital,广东省,Guangdong,广州市,Guangzhou,2022,https://www.smu.edu.cn/info/1142/41229.htm
LE000708,南方医科大学第三附属医院,,specialized_hospital,广东省,Guangdong,广州市,Guangzhou,2014,https://www.smu.edu.cn/info/1142/16523.htm
LE000709,南方医科大学第五附属医院,,general_hospital,广东省,Guangdong,广州市,Guangzhou,2017,https://www.ylzhaopin.com/news/61857.html
LE000710,南方医科大学附属花都医院,,general_hospital,广东省,Guangdong,广州市,Guangzhou,2017,https://www.hdhosp.com/info/1164/1829.htm
LE000712,广东三九脑科医院,,specialized_hospital,广东省,Guangdong,广州市,Guangzhou,2014,https://m.familydoctor.cn/201008/8041188163228.html
LE000713,广东省中医院,广东省中医院二沙岛分院;广东省中医院大德路总院;广东省中医院芳村分院,traditional_chinese_medicine_hospital,广东省,Guangdong,广州市,Guangzhou,2014,https://portal.smu.edu.cn/zyyxy/info/1119/2003.htm
LE000714,广东省人民医院,广东省心血管病研究所,general_hospital,广东省,Guangdong,广州市,Guangzhou,2014,https://www.gdghospital.org.cn/provincialmedicalpast/info_itemid_41738.html
LE000717,广东省第二中医院,,traditional_chinese_medicine_hospital,广东省,Guangdong,广州市,Guangzhou,2014,https://szyyj.gd.gov.cn/attachment/0/528/528933/4236857.pdf
LE000718,广东省第二人民医院,,general_hospital,广东省,Guangdong,广州市,Guangzhou,2014,https://m.familydoctor.cn/201008/8041188163228.html
LE000719,广东药科大学附属第一医院,,general_hospital,广东省,Guangdong,广州市,Guangzhou,2014,https://www.nhc.gov.cn/yzygj/s10347/200910/252310d242544052ab31918e869702f8.shtml
LE000720,广州中医药大学第一附属医院,,traditional_chinese_medicine_hospital,广东省,Guangdong,广州市,Guangzhou,2014,https://www.dayi.org.cn/hospital/1129235.html
LE000721,广州中医药大学第三附属医院,广州中医药大学附属骨伤科医院,specialized_hospital,广东省,Guangdong,广州市,Guangzhou,2015,https://jwc.gzucm.edu.cn/__local/0/53/C3/75D4DDFE9E24CAC476304742FDC_AF0382CA_97561.pdf
LE000723,广州医科大学附属中医医院,,traditional_chinese_medicine_hospital,广东省,Guangdong,广州市,Guangzhou,2014,https://wjw.gz.gov.cn/xxgk/rsxx/content/post_8672176.html
LE000724,广州医科大学附属第一医院,广州医科大学附属第一医院(大坦沙院区),general_hospital,广东省,Guangdong,广州市,Guangzhou,2014,https://www.nhc.gov.cn/yzygj/s10347/200910/252310d242544052ab31918e869702f8.shtml
LE000725,广州医科大学附属第三医院,,general_hospital,广东省,Guangdong,广州市,Guangzhou,2014,https://www.nhc.gov.cn/yzygj/s10347/200910/252310d242544052ab31918e869702f8.shtml
LE000726,广州医科大学附属第二医院,,general_hospital,广东省,Guangdong,广州市,Guangzhou,2014,https://www.nhc.gov.cn/yzygj/s10347/200910/252310d242544052ab31918e869702f8.shtml
LE000727,广州医科大学附属肿瘤医院,,specialized_hospital,广东省,Guangdong,广州市,Guangzhou,2015,https://m.youlai.cn/yyk/hospindex/2215/hospintro.html
LE000728,广州医科大学附属脑科医院,,specialized_hospital,广东省,Guangdong,广州市,Guangzhou,2014,https://www.nhc.gov.cn/yzygj/s10347/200910/252310d242544052ab31918e869702f8.shtml
LE000730,广州市中西医结合医院,,traditional_chinese_medicine_hospital,广东省,Guangdong,广州市,Guangzhou,2014,https://www.huadu.gov.cn/xxgk/ghjh/zjgb/qzfgzbg/content/post_4772932.html
LE000731,广州市妇女儿童医疗中心,广州市妇女儿童医疗中心(增城院区),specialized_hospital,广东省,Guangdong,广州市,Guangzhou,2014,https://hlxy.gzhmu.edu.cn/info/1026/2602.htm
LE000732,广州市番禺区中医院,,traditional_chinese_medicine_hospital,广东省,Guangdong,广州市,Guangzhou,2014,https://www.gzpyzy.cn/index.php?ac=article&at=list&tid=9
LE000733,广州市番禺区中心医院,,general_hospital,广东省,Guangdong,广州市,Guangzhou,2014,https://sthjj.gz.gov.cn/attachment/7/7759/7759120/9628287.pdf
LE000735,广州市第一人民医院,,general_hospital,广东省,Guangdong,广州市,Guangzhou,2014,https://www.nhc.gov.cn/yzygj/s10347/200910/252310d242544052ab31918e869702f8.shtml
LE000736,广州市红十字会医院,,general_hospital,广东省,Guangdong,广州市,Guangzhou,2014,https://www.nhc.gov.cn/yzygj/s10347/200910/252310d242544052ab31918e869702f8.shtml
LE000737,暨南大学医学院第一附属医院,,general_hospital,广东省,Guangdong,广州市,Guangzhou,2014,https://www.nhc.gov.cn/yzygj/s10347/200910/252310d242544052ab31918e869702f8.shtml
LE000739,广东祈福医院,祈福医院,traditional_chinese_and_western_medicine_hospital,广东省,Guangdong,广州市,Guangzhou,2014,https://www.clifford-hospital.org/news/media_66.html
LE000740,惠州市中医院,广州中医药大学惠州医院;广州中医药大学惠州医院菱湖院区,traditional_chinese_medicine_hospital,广东省,Guangdong,惠州市,Huizhou,2014,https://gdxk.southcn.com/hz/dsj/index_27.html
LE000741,惠州市中心人民医院,,general_hospital,广东省,Guangdong,惠州市,Huizhou,2014,https://www.nhc.gov.cn/yzygj/s10347/200910/252310d242544052ab31918e869702f8.shtml
LE000743,惠州市第三人民医院,惠州市第三人民医院(东院区),general_hospital,广东省,Guangdong,惠州市,Huizhou,2017,https://static.nfapp.southcn.com/content/202108/17/c5643845.html
LE000745,揭阳市人民医院,,general_hospital,广东省,Guangdong,揭阳市,Jieyang,2014,https://www.jysrmyy.cn/014/599.jhtml
LE000746,普宁华侨医院,,general_hospital,广东省,Guangdong,揭阳市,Jieyang,2014,https://www.dayi.org.cn/hospital/1128677
LE000747,普宁市中医医院,普宁市中医院,traditional_chinese_medicine_hospital,广东省,Guangdong,揭阳市,Jieyang,2018,https://www.sohu.com/a/399155572_100080918
LE000748,普宁市人民医院,,general_hospital,广东省,Guangdong,揭阳市,Jieyang,2014,https://www.pnsrmyy.com/article/view/1054
LE000749,梅州市人民医院,,general_hospital,广东省,Guangdong,梅州市,Meizhou,2014,https://www.nhc.gov.cn/yzygj/s10347/200910/252310d242544052ab31918e869702f8.shtml
LE000750,梅州市第二中医医院,梅州市第二中医院,traditional_chinese_medicine_hospital,广东省,Guangdong,梅州市,Meizhou,2017,https://cdqmsk.com/HomeNewContentnewid85351.html
LE000751,汕头大学医学院第一附属医院,,general_hospital,广东省,Guangdong,汕头市,Shantou,2014,https://www.nhc.gov.cn/yzygj/s10347/200910/252310d242544052ab31918e869702f8.shtml
LE000752,汕头大学医学院第二附属医院,,general_hospital,广东省,Guangdong,汕头市,Shantou,2017,https://www.med.stu.edu.cn/663/17552.html
LE000753,汕头市中医医院,,traditional_chinese_medicine_hospital,广东省,Guangdong,汕头市,Shantou,2014,https://www.yuedong.cc/News/73373.html
LE000754,汕头市中心医院,,general_hospital,广东省,Guangdong,汕头市,Shantou,2014,https://www.nhc.gov.cn/yzygj/s10347/200910/252310d242544052ab31918e869702f8.shtml
LE000755,汕尾市第二人民医院,汕尾市中医医院;深汕中医医院;广州中医药大学第一附属医院深汕医院,general_hospital,广东省,Guangdong,汕尾市,Shanwei,2016,https://www.shanwei.gov.cn/swwjj/yaowen/content/post_295187.html
LE000757,开平市中心医院,,general_hospital,广东省,Guangdong,江门市,Jiangmen,2014,https://www.kaiping.gov.cn/kpszfw/xwdt/kpxx/content/post_2827412.html
LE000758,江门市五邑中医院,,traditional_chinese_medicine_hospital,广东省,Guangdong,江门市,Jiangmen,2014,https://www.nhc.gov.cn/yzygj/s10347/200910/252310d242544052ab31918e869702f8.shtml
LE000759,江门市人民医院,,general_hospital,广东省,Guangdong,江门市,Jiangmen,2014,https://mp.weixin.qq.com/s/aa2gVuNrYLsJlR753MeJ9w
LE000760,河源市人民医院,,general_hospital,广东省,Guangdong,河源市,Heyuan,2016,https://www.hyrmyy.com/list.aspx?id=16
LE000761,中山大学附属第七医院,,general_hospital,广东省,Guangdong,深圳市,Shenzhen,2022,https://view.inews.qq.com/a/20220730A08C2S00
LE000762,中山大学附属第八医院,,general_hospital,广东省,Guangdong,深圳市,Shenzhen,2021,https://www.sysu8h.com.cn/basic/72
LE000763,北京大学深圳医院,,general_hospital,广东省,Guangdong,深圳市,Shenzhen,2014,https://wjw.sz.gov.cn/gkmlpt/content/5/5546/mpost_5546792.html
LE000764,南方医科大学深圳医院,,general_hospital,广东省,Guangdong,深圳市,Shenzhen,2022,https://www.sz.gov.cn/hospital/ssyy/nfykdx/content/post_9383869.html
LE000765,广州中医药大学深圳医院（福田）,广州中医药大学深圳医院,traditional_chinese_medicine_hospital,广东省,Guangdong,深圳市,Shenzhen,2016,https://www.gzucm.edu.cn/info/1291/30171.htm
LE000766,暨南大学医学院深圳眼科中心,,specialized_hospital,广东省,Guangdong,深圳市,Shenzhen,2021,https://wjw.sz.gov.cn/attachment/1/1541/1541734/10206357.pdf
LE000768,深圳市中医院,,traditional_chinese_medicine_hospital,广东省,Guangdong,深圳市,Shenzhen,2014,https://www.szszyy.cn/HospitalHistory/index.aspx
LE000769,深圳市人民医院,深圳市人民医院龙华分院,general_hospital,广东省,Guangdong,深圳市,Shenzhen,2014,https://wjw.sz.gov.cn/xxgk/jgzn/zsjg/content/post_3119656.html
LE000770,深圳市儿童医院,深圳市儿童医院(龙华院区),specialized_hospital,广东省,Guangdong,深圳市,Shenzhen,2017,https://news.cnr.cn/native/gd/20170407/t20170407_523696555.shtml
LE000772,深圳市孙逸仙心血管医院,,specialized_hospital,广东省,Guangdong,深圳市,Shenzhen,2022,https://www.sz.gov.cn/hospital/ssyy/szsyx/content/post_9384233.html
LE000773,深圳市宝安区中医院,,traditional_chinese_medicine_hospital,广东省,Guangdong,深圳市,Shenzhen,2014,https://www.bawjxt.net/baqzyy/tzgg/tzwj/content/post_1151478.html
LE000775,深圳市康宁医院,深圳市康宁医院(坪山院区);深圳市康宁医院(罗湖院区),specialized_hospital,广东省,Guangdong,深圳市,Shenzhen,2018,https://s.dayi.org.cn/mip/s/hospital/1128639.html
LE000776,深圳市第三人民医院,,specialized_hospital,广东省,Guangdong,深圳市,Shenzhen,2017,https://www.szsdsrmyy.com/yygk/yydsj/2017/content/post_699993.html
LE000777,深圳市第二人民医院,,general_hospital,广东省,Guangdong,深圳市,Shenzhen,2014,https://www.sz.gov.cn/hospital/ssyy/szdeyy/content/mpost_9370437.html
LE000778,深圳市第五人民医院,,general_hospital,广东省,Guangdong,深圳市,Shenzhen,2017,https://wsjkw.gd.gov.cn/zwgk_gsgg/content/mpost_1945994.html
LE000779,深圳市第八人民医院,,general_hospital,广东省,Guangdong,深圳市,Shenzhen,2014,https://www.bawjxt.net/szsbaqrmyy/jtgk/jgsz/jtyy/
LE000780,深圳市第六人民医院,,general_hospital,广东省,Guangdong,深圳市,Shenzhen,2014,https://med.cuhk.edu.cn/page/713
LE000781,深圳市罗湖区中医院,深圳市罗湖区中医院旧址,traditional_chinese_medicine_hospital,广东省,Guangdong,深圳市,Shenzhen,2022,https://szyyj.gd.gov.cn/zwgk/wgk/glgk/content/post_4077693.html
LE000783,深圳市龙华区中心医院,,general_hospital,广东省,Guangdong,深圳市,Shenzhen,2022,https://www.lhzxyy.cn/xwzx/yydt/content_9144
LE000784,北京中医药大学深圳医院（龙岗）,深圳市龙岗区中医院,traditional_chinese_medicine_hospital,广东省,Guangdong,深圳市,Shenzhen,2017,https://www.sz.gov.cn/hospital/lgyy/bzysz/content/post_12439317.html
LE000785,深圳市龙岗区人民医院,,general_hospital,广东省,Guangdong,深圳市,Shenzhen,2021,http://yyh.dxy.cn/specials/szslgqrmyy/article/716048
LE000786,深圳龙城医院,,general_hospital,广东省,Guangdong,深圳市,Shenzhen,2017,https://www.cnmia.org/ProgressDetail_0C8A707FC0354139939C7E4DFE2E0DE1.html
LE000787,香港大学深圳医院,,general_hospital,广东省,Guangdong,深圳市,Shenzhen,2017,https://www.baike.com/wiki/%E9%A6%99%E6%B8%AF%E5%A4%A7%E5%AD%A6%E6%B7%B1%E5%9C%B3%E5%8C%BB%E9%99%A2/5099213
LE000788,清远市中医院,,traditional_chinese_medicine_hospital,广东省,Guangdong,清远市,Qingyuan,2014,https://www.nhc.gov.cn/yzygj/s10347/200910/252310d242544052ab31918e869702f8.shtml
LE000789,清远市人民医院,,general_hospital,广东省,Guangdong,清远市,Qingyuan,2014,https://www.nhc.gov.cn/yzygj/s10347/200910/252310d242544052ab31918e869702f8.shtml
LE000793,广东医科大学附属医院,,general_hospital,广东省,Guangdong,湛江市,Zhanjiang,2014,https://www.peopleapp.com/column/30039057264-500000634502
LE000794,广东省农垦中心医院,,general_hospital,广东省,Guangdong,湛江市,Zhanjiang,2014,https://www.gdsnkzxyy.cn/show/Article?chID=41&id=1082
LE000795,湛江中心人民医院,湛江中心人民医院旧院,general_hospital,广东省,Guangdong,湛江市,Zhanjiang,2014,https://www.dayi.org.cn/hospital/1128688
LE000797,湛江市第一中医医院,湛江市第一中医医院(新院区),traditional_chinese_medicine_hospital,广东省,Guangdong,湛江市,Zhanjiang,2014,https://www.zjsdyzyyy.cn/HSurvey.aspx?CateID=7DLKce01uTY%3D
LE000798,湛江市第二中医医院,,traditional_chinese_medicine_hospital,广东省,Guangdong,湛江市,Zhanjiang,2014,https://www.zjshtcm.com/list/96.html
LE000799,潮州市中心医院,,general_hospital,广东省,Guangdong,潮州市,Chaozhou,2016,https://www.chinaqw.com/qx/2016/12-20/118251.shtml
LE000800,中山大学附属第五医院,,general_hospital,广东省,Guangdong,珠海市,Zhuhai,2016,https://www.sysu5.cn/news/inhousenews/2504
LE000802,珠海市人民医院,,general_hospital,广东省,Guangdong,珠海市,Zhuhai,2014,https://www.nhc.gov.cn/yzygj/s10347/200910/252310d242544052ab31918e869702f8.shtml
LE000804,珠海市中西医结合医院,珠海市第二人民医院,general_hospital,广东省,Guangdong,珠海市,Zhuhai,2021,http://www.zlb.gov.cn/2021-04/12/c_1211107861.htm
LE000805,肇庆市中医院,,traditional_chinese_medicine_hospital,广东省,Guangdong,肇庆市,Zhaoqing,2023,https://portal.smu.edu.cn/zyyxy/info/1119/1988.htm
LE000806,肇庆市第一人民医院,,general_hospital,广东省,Guangdong,肇庆市,Zhaoqing,2014,https://www.nhc.gov.cn/yzygj/s10347/200910/252310d242544052ab31918e869702f8.shtml
LE000807,茂名市中医院,,traditional_chinese_medicine_hospital,广东省,Guangdong,茂名市,Maoming,2022,https://www.jobmd.cn/article/jobs_hospital/50344
LE000808,茂名市高州市中医院,高州市中医院,traditional_chinese_medicine_hospital,广东省,Guangdong,茂名市,Maoming,2016,https://gdxk.southcn.com/mm/gzsk/xwbd/content/post_617822.html
LE000809,高州市人民医院,,general_hospital,广东省,Guangdong,茂名市,Maoming,2014,https://gdxk.southcn.com/mm/gzsk/zsnj/content/post_365649.html
LE000810,阳江市中医院,,traditional_chinese_medicine_hospital,广东省,Guangdong,阳江市,Yangjiang,2014,https://www.yangjiang.gov.cn/xxgk/zfgb/201804/W020180409399159803112.pdf
LE000811,阳江市人民医院,,general_hospital,广东省,Guangdong,阳江市,Yangjiang,2014,https://www.yanke360.com/b61783f1-e66c-b0f8-ecdb-32ecf59aa2de/6d3dd952-20fb-4693-acee-07895a6d4905.shtml
LE000812,广东医科大学附属韶关医院,,general_hospital,广东省,Guangdong,韶关市,Shaoguan,2014,https://cj.sina.com.cn/articles/view/5787187353/158f17899020022q0o?froms=ggmp
LE000813,汕头大学医学院附属粤北人民医院,,general_hospital,广东省,Guangdong,韶关市,Shaoguan,2014,https://static.nfnews.com/content/202211/11/c7057214.html
LE000814,北海市中医医院,,traditional_chinese_medicine_hospital,广西壮族自治区,Guangxi,北海市,Beihai,2014,https://www.dayi.org.cn/hospital/3872.html
LE000815,北海市人民医院,北海市人民医院(银滩院区),general_hospital,广西壮族自治区,Guangxi,北海市,Beihai,2014,https://www.dayi.org.cn/hospital/3804?from=sg
LE000817,南宁市中医院,,traditional_chinese_medicine_hospital,广西壮族自治区,Guangxi,南宁市,Nanning,2014,https://news.gxnews.com.cn/staticpages/20110916/newgx4e727cea-4139834.shtml
LE000818,南宁市第一人民医院,,general_hospital,广西壮族自治区,Guangxi,南宁市,Nanning,2014,https://edu.sina.com.cn/kaoyan/2011-09-27/1835314117.shtml
LE000819,南宁市第四人民医院,,specialized_hospital,广西壮族自治区,Guangxi,南宁市,Nanning,2019,http://www.yypdca.com/pstd/249.html
LE000820,广西中医药大学第一附属医院,广西中医药大学第一附属医院(仙葫院区),traditional_chinese_medicine_hospital,广西壮族自治区,Guangxi,南宁市,Nanning,2014,https://www.nhc.gov.cn/yzygj/s10347/200910/0a6ec40db66d4a788e2fdd612c34dade.shtml
LE000821,广西中医药大学附属瑞康医院,,traditional_chinese_and_western_medicine_hospital,广西壮族自治区,Guangxi,南宁市,Nanning,2014,https://www.nhc.gov.cn/yzygj/s10347/200910/0a6ec40db66d4a788e2fdd612c34dade.shtml
LE000822,广西医科大学第一附属医院,,general_hospital,广西壮族自治区,Guangxi,南宁市,Nanning,2014,https://www.nhc.gov.cn/yzygj/s10347/200910/0a6ec40db66d4a788e2fdd612c34dade.shtml
LE000823,广西医科大学第三附属医院,南宁市第二人民医院;广西医科大学第三临床医学院,general_hospital,广西壮族自治区,Guangxi,南宁市,Nanning,2014,https://y.dxy.cn/hospital/1499
LE000824,广西医科大学附属口腔医院,,specialized_hospital,广西壮族自治区,Guangxi,南宁市,Nanning,2014,https://wsjkw.gxzf.gov.cn/ztq_49630/sszt/zgdmwshzlt_49758/wangjlt/ltxx/t5704278.shtml
LE000825,广西医科大学附属肿瘤医院,,specialized_hospital,广西壮族自治区,Guangxi,南宁市,Nanning,2014,https://www.nhc.gov.cn/yzygj/s10347/200910/0a6ec40db66d4a788e2fdd612c34dade.shtml
LE000826,广西国际壮医医院,,ethnic_medicine_hospital,广西壮族自治区,Guangxi,南宁市,Nanning,2021,https://www.gxtcmu.edu.cn/xwzx/xyxw/xxyw/content_64371
LE000828,广西壮族自治区人民医院,广西壮族自治区人民医院(北院区),general_hospital,广西壮族自治区,Guangxi,南宁市,Nanning,2014,https://www.nhc.gov.cn/yzygj/s10347/200910/0a6ec40db66d4a788e2fdd612c34dade.shtml
LE000830,广西壮族自治区民族医院,,general_hospital,广西壮族自治区,Guangxi,南宁市,Nanning,2014,https://www.gxmzyy.cn/ywgk/yygg/244903.html
LE000831,广西壮族自治区江滨医院,,specialized_hospital,广西壮族自治区,Guangxi,南宁市,Nanning,2014,https://wsjkw.gxzf.gov.cn/xxgk_49493/fdzdgk/rsxx/klzp/t5702866.shtml
LE000832,广西壮族自治区职业病防治研究所,,specialized_hospital,广西壮族自治区,Guangxi,南宁市,Nanning,2018,https://wsjkw.gxzf.gov.cn/xxgk_49493/fdzdgk/rsxx/klzp/t5703269.shtml
LE000833,广西壮族自治区中医骨伤科研究所（广西骨伤医院）,广西壮族自治区中医骨伤科研究所;广西骨伤医院,specialized_hospital,广西壮族自治区,Guangxi,南宁市,Nanning,2014,https://sydw.huatu.com/2012/1211/461909.html
LE000834,崇左市人民医院,,general_hospital,广西壮族自治区,Guangxi,崇左市,Chongzuo,2019,https://wsjkw.gxzf.gov.cn/ztq_49630/sszt/jxkp/t5631009.shtml
LE000835,来宾市人民医院,,general_hospital,广西壮族自治区,Guangxi,来宾市,Laibin,2020,https://wsjkw.gxzf.gov.cn/ztq_49630/sszt/jxkp/t7317712.shtml
LE000836,广西壮族自治区脑科医院,,specialized_hospital,广西壮族自治区,Guangxi,柳州市,Liuzhou,2014,https://s.dayi.org.cn/mip/s/hospital/1127692.html
LE000837,广西科技大学第一附属医院,,general_hospital,广西壮族自治区,Guangxi,柳州市,Liuzhou,2014,https://www.yanke360.com/db93c077-04ee-9f6b-4548-b565f1518dda/a9d8e40e-6d6a-4453-9314-2136d7de7744.shtml
LE000838,广西龙潭医院,,specialized_hospital,广西壮族自治区,Guangxi,柳州市,Liuzhou,2018,https://s.dayi.org.cn/mip/s/hospital/2665.html
LE000840,柳州市中医医院,柳州市中医医院(东院);柳州市中医院,traditional_chinese_medicine_hospital,广西壮族自治区,Guangxi,柳州市,Liuzhou,2014,https://s.dayi.org.cn/mip/s/hospital/1127301.html
LE000841,柳州市人民医院,,general_hospital,广西壮族自治区,Guangxi,柳州市,Liuzhou,2014,https://www.dayi.org.cn/hospital/2274.html
LE000843,柳州市工人医院,柳州市工人医院(西院),general_hospital,广西壮族自治区,Guangxi,柳州市,Liuzhou,2014,https://rsj.liuzhou.gov.cn/ztzl/ywzt/lzsrcfwhrspxkszx/sydwzp/zpjz/202012/t20201211_2298122.shtml
LE000845,柳州市第三人民医院,柳州市柳铁中心医院;广西医科大学附属柳铁中心医院,general_hospital,广西壮族自治区,Guangxi,柳州市,Liuzhou,2014,https://m.39.net/care/a_e8wa4wx.html
LE000847,广西壮族自治区南溪山医院,,general_hospital,广西壮族自治区,Guangxi,桂林市,Guilin,2014,https://www.nhc.gov.cn/yzygj/s10347/200910/0a6ec40db66d4a788e2fdd612c34dade.shtml
LE000848,桂林医学院第二附属医院,,general_hospital,广西壮族自治区,Guangxi,桂林市,Guilin,2021,https://hospital2.glmc.edu.cn/info/2181/29328.htm
LE000849,桂林医学院附属医院,,general_hospital,广西壮族自治区,Guangxi,桂林市,Guilin,2014,https://www.nhc.gov.cn/yzygj/s10347/200910/0a6ec40db66d4a788e2fdd612c34dade.shtml
LE000850,桂林市中医医院,,traditional_chinese_medicine_hospital,广西壮族自治区,Guangxi,桂林市,Guilin,2014,https://www.glzyy.org.cn/yygk/yygkyyjs/6776.html
LE000851,桂林市人民医院,,general_hospital,广西壮族自治区,Guangxi,桂林市,Guilin,2014,https://www.nhc.gov.cn/yzygj/s10347/200910/0a6ec40db66d4a788e2fdd612c34dade.shtml
LE000853,桂林市第二人民医院,中南大学湘雅二医院桂林医院,general_hospital,广西壮族自治区,Guangxi,桂林市,Guilin,2014,https://www.nhc.gov.cn/yzygj/s10347/200910/0a6ec40db66d4a788e2fdd612c34dade.shtml
LE000854,梧州市中医院,,traditional_chinese_medicine_hospital,广西壮族自治区,Guangxi,梧州市,Wuzhou,2014,https://www.nhc.gov.cn/yzygj/s10347/200910/0a6ec40db66d4a788e2fdd612c34dade.shtml
LE000855,梧州市人民医院,,general_hospital,广西壮族自治区,Guangxi,梧州市,Wuzhou,2014,https://www.nhc.gov.cn/yzygj/s10347/200910/0a6ec40db66d4a788e2fdd612c34dade.shtml
LE000857,梧州市工人医院,梧州市工人医院(北山院区),general_hospital,广西壮族自治区,Guangxi,梧州市,Wuzhou,2014,https://www.nhc.gov.cn/yzygj/s10347/200910/0a6ec40db66d4a788e2fdd612c34dade.shtml
LE000858,梧州市红十字会医院,,general_hospital,广西壮族自治区,Guangxi,梧州市,Wuzhou,2014,https://www.nhc.gov.cn/yzygj/s10347/200910/0a6ec40db66d4a788e2fdd612c34dade.shtml
LE000859,河池市中医院,,traditional_chinese_medicine_hospital,广西壮族自治区,Guangxi,河池市,Hechi,2019,https://www.szszyy.cn/HospitalDynamics/info.aspx?itemid=4161115
LE000860,河池市人民医院,,general_hospital,广西壮族自治区,Guangxi,河池市,Hechi,2014,https://www.hchos.cn/info/1141/47081.htm
LE000861,玉林市中医院,,traditional_chinese_medicine_hospital,广西壮族自治区,Guangxi,玉林市,Yulin,2014,https://www.nhc.gov.cn/yzygj/s10347/200910/0a6ec40db66d4a788e2fdd612c34dade.shtml
LE000862,玉林市中西医结合骨科医院,,specialized_hospital,广西壮族自治区,Guangxi,玉林市,Yulin,2014,https://www.ylgk.cn/web/about_us/index.aspx
LE000864,玉林市第一人民医院,,general_hospital,广西壮族自治区,Guangxi,玉林市,Yulin,2014,https://www.nhc.gov.cn/yzygj/s10347/200910/0a6ec40db66d4a788e2fdd612c34dade.shtml
LE000865,右江民族医学院附属医院,,general_hospital,广西壮族自治区,Guangxi,百色市,Baise,2014,https://www.nhc.gov.cn/yzygj/s10347/200910/0a6ec40db66d4a788e2fdd612c34dade.shtml
LE000866,百色市人民医院,,general_hospital,广西壮族自治区,Guangxi,百色市,Baise,2014,https://www.nhc.gov.cn/yzygj/s10347/200910/0a6ec40db66d4a788e2fdd612c34dade.shtml
LE000868,贵港市中西医结合骨科医院,,specialized_hospital,广西壮族自治区,Guangxi,贵港市,Guigang,2014,https://www.a-hospital.com/w/%E5%B9%BF%E8%A5%BF%E5%A3%AE%E6%97%8F%E8%87%AA%E6%B2%BB%E5%8C%BA%E4%B8%89%E7%BA%A7%E7%94%B2%E7%AD%89%E5%8C%BB%E9%99%A2%E5%88%97%E8%A1%A8
LE000869,贵港市人民医院,,general_hospital,广西壮族自治区,Guangxi,贵港市,Guigang,2014,https://www.nhc.gov.cn/yzygj/s10347/200910/0a6ec40db66d4a788e2fdd612c34dade.shtml
LE000870,贺州市中医医院,,traditional_chinese_medicine_hospital,广西壮族自治区,Guangxi,贺州市,Hezhou,2014,https://www.nhc.gov.cn/yzygj/s10347/200910/0a6ec40db66d4a788e2fdd612c34dade.shtml
LE000871,贺州市人民医院,,general_hospital,广西壮族自治区,Guangxi,贺州市,Hezhou,2019,https://wsjkw.gxzf.gov.cn/ztq_49630/sszt/jxkp/t5631009.shtml
LE000872,钦州市中医院,钦州市中医院二马路院区,traditional_chinese_medicine_hospital,广西壮族自治区,Guangxi,钦州市,Qinzhou,2014,https://y.dxy.cn/hospital/1461
LE000874,钦州市第一人民医院,,general_hospital,广西壮族自治区,Guangxi,钦州市,Qinzhou,2014,https://www.nhc.gov.cn/yzygj/s10347/200910/0a6ec40db66d4a788e2fdd612c34dade.shtml
LE000875,钦州市第二人民医院,,general_hospital,广西壮族自治区,Guangxi,钦州市,Qinzhou,2014,https://www.nhc.gov.cn/yzygj/s10347/200910/0a6ec40db66d4a788e2fdd612c34dade.shtml
LE000876,防城港市中医院,,traditional_chinese_medicine_hospital,广西壮族自治区,Guangxi,防城港市,Fangchenggang,2014,https://www.fcgs.gov.cn/zyy/djjj/t18492133.shtml
LE000877,防城港市第一人民医院,,general_hospital,广西壮族自治区,Guangxi,防城港市,Fangchenggang,2020,https://www.fcgs.gov.cn/dyrmyy/tzgg/t16223787.shtml
LE000878,新疆四七四医院,中国人民解放军第四七四医院;空军乌鲁木齐医院;新疆474医院,general_hospital,新疆维吾尔自治区,Xinjiang,乌鲁木齐市,Urumqi,2014,https://baike.sogou.com/v278421.htm
LE000879,乌鲁木齐市中医医院,乌鲁木齐市中医院,traditional_chinese_medicine_hospital,新疆维吾尔自治区,Xinjiang,乌鲁木齐市,Urumqi,2024,https://wjw.xinjiang.gov.cn/hfpc/zhgl8/202402/cedea718e0d04a9490c907cc0e891dcd.shtml
LE000880,乌鲁木齐市友谊医院,,general_hospital,新疆维吾尔自治区,Xinjiang,乌鲁木齐市,Urumqi,2014,https://www.nhc.gov.cn/yzygj/s10347/200910/a253cb8ab42f4691ab8d2ee8af2fdc0c.shtml
LE000883,中国人民解放军新疆军区总医院,兰州军区乌鲁木齐总医院,general_hospital,新疆维吾尔自治区,Xinjiang,乌鲁木齐市,Urumqi,2014,https://blog.a-hospital.com/p/16
LE000884,新疆佳音医院,,specialized_hospital,新疆维吾尔自治区,Xinjiang,乌鲁木齐市,Urumqi,2018,https://qxb-pdf-osscache.qixin.com/AnBaseinfo/cf09127e462808c39b863d30676885f8.pdf
LE000885,新疆医科大学第一附属医院,,general_hospital,新疆维吾尔自治区,Xinjiang,乌鲁木齐市,Urumqi,2014,https://www.nhc.gov.cn/yzygj/s10347/200910/a253cb8ab42f4691ab8d2ee8af2fdc0c.shtml
LE000886,新疆医科大学附属肿瘤医院,新疆医科大学第三附属医院,specialized_hospital,新疆维吾尔自治区,Xinjiang,乌鲁木齐市,Urumqi,2014,https://www.nhc.gov.cn/yzygj/s10347/200910/a253cb8ab42f4691ab8d2ee8af2fdc0c.shtml
LE000887,新疆医科大学第二附属医院,,general_hospital,新疆维吾尔自治区,Xinjiang,乌鲁木齐市,Urumqi,2014,https://www.nhc.gov.cn/yzygj/s10347/200910/a253cb8ab42f4691ab8d2ee8af2fdc0c.shtml
LE000888,新疆医科大学第五附属医院,,general_hospital,新疆维吾尔自治区,Xinjiang,乌鲁木齐市,Urumqi,2014,https://www.nhc.gov.cn/yzygj/s10347/200910/a253cb8ab42f4691ab8d2ee8af2fdc0c.shtml
LE000889,新疆生产建设兵团医院,新疆生产建设兵团总医院,general_hospital,新疆维吾尔自治区,Xinjiang,乌鲁木齐市,Urumqi,2014,https://rjvpn2.rjh.com.cn/2018RJPortal/uploadfiles/201904/18/2019041818162450434759.pdf
LE000891,新疆医科大学第四附属医院（新疆维吾尔自治区中医医院）,新疆维吾尔自治区中医院,traditional_chinese_medicine_hospital,新疆维吾尔自治区,Xinjiang,乌鲁木齐市,Urumqi,2014,https://www.nhc.gov.cn/yzygj/s10347/200910/a253cb8ab42f4691ab8d2ee8af2fdc0c.shtml
LE000892,新疆维吾尔自治区人民医院,,general_hospital,新疆维吾尔自治区,Xinjiang,乌鲁木齐市,Urumqi,2014,https://www.nhc.gov.cn/yzygj/s10347/200910/a253cb8ab42f4691ab8d2ee8af2fdc0c.shtml
LE000893,新疆维吾尔自治区维吾尔医医院,,general_hospital,新疆维吾尔自治区,Xinjiang,乌鲁木齐市,Urumqi,2014,https://www.nhc.gov.cn/yzygj/s10347/200910/a253cb8ab42f4691ab8d2ee8af2fdc0c.shtml
LE000896,伊犁哈萨克自治州友谊医院,伊犁州友谊医院;伊犁州友谊医院新区,general_hospital,新疆维吾尔自治区,Xinjiang,伊犁哈萨克自治州,Ili Kazak Autonomous Prefecture,2014,https://www.nhc.gov.cn/yzygj/s10347/200910/a253cb8ab42f4691ab8d2ee8af2fdc0c.shtml
LE000897,伊犁哈萨克自治州奎屯医院,伊犁州奎屯医院,general_hospital,新疆维吾尔自治区,Xinjiang,伊犁哈萨克自治州,Ili Kazak Autonomous Prefecture,2014,https://www.guahao.com/hospital/introduction/c2be0043-5d97-4562-9b02-afefdcc323f6000
LE000898,新疆生产建设兵团第四师医院,,general_hospital,新疆维吾尔自治区,Xinjiang,伊犁哈萨克自治州,Ili Kazak Autonomous Prefecture,2016,https://m.dayi.org.cn/hospital/1135719.html
LE000899,克孜勒苏柯尔克孜自治州人民医院,,general_hospital,新疆维吾尔自治区,Xinjiang,克孜勒苏柯尔克孜自治州,Kizilsu Kirghiz Autonomous Prefecture,2015,https://jsnews.jschina.com.cn/hxms/201909/t20190912_2386916.shtml
LE000900,克拉玛依市中心医院,,general_hospital,新疆维吾尔自治区,Xinjiang,克拉玛依市,Kelamayi,2014,https://www.nhc.gov.cn/yzygj/s10347/200910/a253cb8ab42f4691ab8d2ee8af2fdc0c.shtml
LE000901,博尔塔拉蒙古自治州人民医院,,general_hospital,新疆维吾尔自治区,Xinjiang,博尔塔拉蒙古自治州,Bortala Mongol Autonomous Prefecture,2015,https://wjw.xinjiang.gov.cn/hfpc/yljggl/201603/44127daeb615438faaac3f1138eb4db8.shtml
LE000902,喀什地区第一人民医院,喀什地区第一人民医院(疏附广州新城院区),general_hospital,新疆维吾尔自治区,Xinjiang,喀什地区,Kashgar Prefecture,2014,https://csp.ncmi.cn/UsersInfo/UserUnit/UserUnitDetailWeb?uid=00459
LE000903,昌吉回族自治州中医医院,昌吉州中医院,traditional_chinese_medicine_hospital,新疆维吾尔自治区,Xinjiang,昌吉回族自治州,Changji Hui Autonomous Prefecture,2014,https://www.nhc.gov.cn/ewebeditor/uploadfile/2014/06/20140603154543391.pdf
LE000904,昌吉回族自治州人民医院,昌吉州人民医院,general_hospital,新疆维吾尔自治区,Xinjiang,昌吉回族自治州,Changji Hui Autonomous Prefecture,2015,https://wjw.xinjiang.gov.cn/hfpc/yljggl/201603/fc3e764c582b4de6b69872e387471091.shtml
LE000905,石河子大学第一附属医院,石河子大学医学院第一附属医院,general_hospital,新疆维吾尔自治区,Xinjiang,石河子市,Shihezi,2014,https://yyk.fh21.com.cn/hospital_2325/tsyl/30406.html
LE000906,新疆生产建设兵团第一师医院,新疆兵团农一师医院,general_hospital,新疆维吾尔自治区,Xinjiang,阿克苏地区,Aksu Prefecture,2016,https://s.dayi.org.cn/mip/s/hospital/1156854.html
LE000907,新疆维吾尔自治区阿克苏地区第一人民医院,阿克苏地区第一人民医院,general_hospital,新疆维吾尔自治区,Xinjiang,阿克苏地区,Aksu Prefecture,2015,https://www.kq36.com/25/283f7c9b72474bd7be77d25c0f845b16
LE000908,东南大学附属中大医院,东南大学附属中大医院(江北院区),general_hospital,江苏省,Jiangsu,南京市,Nanjing,2014,https://news.seu.edu.cn/2012/1217/c5485a51092/page.htm
LE000913,中国医学科学院皮肤病医院,,specialized_hospital,江苏省,Jiangsu,南京市,Nanjing,2022,https://www.thepaper.cn/newsDetail_forward_20307898
LE000914,南京中医药大学附属第二医院,,traditional_chinese_medicine_hospital,江苏省,Jiangsu,南京市,Nanjing,2014,https://www.nufe.edu.cn/info/1120/2732.htm
LE000915,南京医科大学第二附属医院,,general_hospital,江苏省,Jiangsu,南京市,Nanjing,2014,https://www.nufe.edu.cn/info/1120/2732.htm
LE000916,南京医科大学附属儿童医院,,specialized_hospital,江苏省,Jiangsu,南京市,Nanjing,2014,https://policy.mofcom.gov.cn/claw/clawContent.shtml?id=17402
LE000917,南京市第一医院,南京医科大学附属南京第一医院,general_hospital,江苏省,Jiangsu,南京市,Nanjing,2014,https://www.nhc.gov.cn/yzygj/s10347/200910/529a07f29316470ea8a1c09e216d1bd2.shtml
LE000918,南京医科大学附属口腔医院,,specialized_hospital,江苏省,Jiangsu,南京市,Nanjing,2014,https://www.nufe.edu.cn/info/1120/2732.htm
LE000919,南京医科大学眼科医院,南京医科大学附属眼科医院,specialized_hospital,江苏省,Jiangsu,南京市,Nanjing,2016,https://s.dayi.org.cn/mip/s/hospital/1155878.html
LE000920,南京医科大学附属脑科医院,南京市胸科医院,specialized_hospital,江苏省,Jiangsu,南京市,Nanjing,2014,https://www.nufe.edu.cn/info/1120/2732.htm
LE000922,南京大学医学院附属鼓楼医院,,general_hospital,江苏省,Jiangsu,南京市,Nanjing,2014,https://www.nhc.gov.cn/yzygj/s10347/200910/529a07f29316470ea8a1c09e216d1bd2.shtml
LE000923,南京市中医院,,traditional_chinese_medicine_hospital,江苏省,Jiangsu,南京市,Nanjing,2014,https://www.must.edu.mo/cn/uic/42-academic/faculty-cm/72-clinical-base
LE000924,南京市中西医结合医院,,traditional_chinese_and_western_medicine_hospital,江苏省,Jiangsu,南京市,Nanjing,2014,https://s.dayi.org.cn/mip/s/hospital/1127384.html
LE000925,南京市口腔医院,,specialized_hospital,江苏省,Jiangsu,南京市,Nanjing,2014,https://www.zg.org.cn/zgfc/201203/t20120313_16676.htm
LE000927,南京市江宁医院,南京市江宁医院(湖山路院区),general_hospital,江苏省,Jiangsu,南京市,Nanjing,2017,https://njjnyy.cn/about/lsyg.aspx
LE000928,南京市第二医院,南京市第二医院(汤山分院),specialized_hospital,江苏省,Jiangsu,南京市,Nanjing,2014,https://www.njsech.com/yygk/yygk1.aspx
LE000930,江苏省中医药研究院,,traditional_chinese_and_western_medicine_hospital,江苏省,Jiangsu,南京市,Nanjing,2014,https://www.dayi.org.cn/hospital/1124796
LE000931,江苏省中医院,江苏省中医院(紫东院区),traditional_chinese_medicine_hospital,江苏省,Jiangsu,南京市,Nanjing,2014,https://www.must.edu.mo/cn/uic/42-academic/faculty-cm/72-clinical-base
LE000932,江苏省人民医院,,general_hospital,江苏省,Jiangsu,南京市,Nanjing,2014,https://www.nhc.gov.cn/yzygj/s10347/200910/529a07f29316470ea8a1c09e216d1bd2.shtml
LE000934,江苏省肿瘤医院,,specialized_hospital,江苏省,Jiangsu,南京市,Nanjing,2014,https://www.nj12320.org/nj12320/12320info/detail.do%3Bjsessionid%3D674532617757DE3E69F6EA38D5E15896?columnCode=lm-2-04&infoId=525_old
LE000936,南通大学第二附属医院,,general_hospital,江苏省,Jiangsu,南通市,Nantong,2014,https://www.nhc.gov.cn/yzygj/s10347/200910/529a07f29316470ea8a1c09e216d1bd2.shtml
LE000937,南通大学附属医院,,general_hospital,江苏省,Jiangsu,南通市,Nantong,2014,https://www.nhc.gov.cn/yzygj/s10347/200910/529a07f29316470ea8a1c09e216d1bd2.shtml
LE000939,南通市中医院,,traditional_chinese_medicine_hospital,江苏省,Jiangsu,南通市,Nantong,2014,https://www.jshazyy.com/news/p-1590-15.html
LE000940,南通市第三人民医院,,specialized_hospital,江苏省,Jiangsu,南通市,Nantong,2014,https://www.ntdsyy.com/api/stl/actions/trigger?channelId=267&contentId=1969&fileTemplateId=0&isRedirect=True&publishmentSystemId=1
LE000941,南通市第五人民医院,,specialized_hospital,江苏省,Jiangsu,南通市,Nantong,2014,https://www.ntzlyy.cn/about_2/1.html
LE000942,南通市第四人民医院,,specialized_hospital,江苏省,Jiangsu,南通市,Nantong,2019,https://jsnews.jschina.com.cn/nt/a/202008/t20200812_2609799.shtml
LE000943,宿迁市中医院,,traditional_chinese_medicine_hospital,江苏省,Jiangsu,宿迁市,Suqian,2014,https://www.sqszyy.com/sqszyyygb/info/1018/3664.htm
LE000944,南京鼓楼医院集团宿迁医院,宿迁市人民医院,general_hospital,江苏省,Jiangsu,宿迁市,Suqian,2019,http://www.njnii.com/content.aspx?id=3014
LE000945,宿迁市第一人民医院,,general_hospital,江苏省,Jiangsu,宿迁市,Suqian,2020,https://yangtze.silkroadinfo.org.cn/2022/0101/c681a4110918/page.htm
LE000946,南京中医药大学附属常州市中医院,,traditional_chinese_medicine_hospital,江苏省,Jiangsu,常州市,Changzhou,2014,https://www.must.edu.mo/cn/uic/42-academic/faculty-cm/72-clinical-base
LE000947,常州和平医院,,general_hospital,江苏省,Jiangsu,常州市,Changzhou,2014,https://zh.wikipedia.org/wiki/%E4%B8%AD%E5%9B%BD%E4%BA%BA%E6%B0%91%E8%A7%A3%E6%94%BE%E5%86%9B%E8%81%94%E5%8B%A4%E4%BF%9D%E9%9A%9C%E9%83%A8%E9%98%9F%E7%AC%AC%E4%B9%9D%E3%80%87%E5%9B%9B%E5%8C%BB%E9%99%A2
LE000949,常州市第二人民医院,常州市第二人民医院(阳湖院区),general_hospital,江苏省,Jiangsu,常州市,Changzhou,2014,https://www.dayi.org.cn/hospital/1127795.html
LE000950,常州市第一人民医院,苏州大学附属第三医院,general_hospital,江苏省,Jiangsu,常州市,Changzhou,2014,https://www.nhc.gov.cn/yzygj/s10347/200910/529a07f29316470ea8a1c09e216d1bd2.shtml
LE000952,徐州医科大学附属医院,,general_hospital,江苏省,Jiangsu,徐州市,Xuzhou,2014,https://www.nhc.gov.cn/yzygj/s10347/200910/529a07f29316470ea8a1c09e216d1bd2.shtml
LE000953,徐州医科大学附属徐州市立医院(东院),,general_hospital,江苏省,Jiangsu,徐州市,Xuzhou,2014,
LE000954,徐州市东方人民医院,,specialized_hospital,江苏省,Jiangsu,徐州市,Xuzhou,2018,https://jsnews.jschina.com.cn/xz/a/201908/t20190806_2363418.shtml
LE000955,徐州市中医院,,traditional_chinese_medicine_hospital,江苏省,Jiangsu,徐州市,Xuzhou,2014,https://xztcm.com/newsinfo.aspx?nid=6459
LE000956,徐州市儿童医院,,specialized_hospital,江苏省,Jiangsu,徐州市,Xuzhou,2016,https://www.xz12320.com/article/52.html
LE000958,徐州市第三人民医院,,specialized_hospital,江苏省,Jiangsu,徐州市,Xuzhou,2018,http://www.86hh.com/health/tsyy/2018-05-03/422869.html
LE000959,徐州市第四人民医院,,general_hospital,江苏省,Jiangsu,徐州市,Xuzhou,2014,https://www.xzch.cn/html/2011/20110104801.html
LE000960,徐州矿务集团总医院,,general_hospital,江苏省,Jiangsu,徐州市,Xuzhou,2018,https://m.dayi.org.cn/hospital/1133035.html
LE000961,邳州市人民医院,,general_hospital,江苏省,Jiangsu,徐州市,Xuzhou,2020,https://wjw.jiangsu.gov.cn/art/2021/7/20/art_59524_9893007.html
LE000962,扬州市中医院,,traditional_chinese_medicine_hospital,江苏省,Jiangsu,扬州市,Yangzhou,2014,https://s.dayi.org.cn/mip/s/hospital/1124756.html
LE000964,扬州大学附属医院,扬州市第一人民医院,general_hospital,江苏省,Jiangsu,扬州市,Yangzhou,2014,https://www.nhc.gov.cn/yzygj/s10347/200910/529a07f29316470ea8a1c09e216d1bd2.shtml
LE000966,苏北人民医院,江苏省苏北人民医院,general_hospital,江苏省,Jiangsu,扬州市,Yangzhou,2014,https://www.nhc.gov.cn/yzygj/s10347/200910/529a07f29316470ea8a1c09e216d1bd2.shtml
LE000968,南京医科大学无锡精神卫生中心,,specialized_hospital,江苏省,Jiangsu,无锡市,Wuxi,2014,https://psych.cas.cn/news/zhxw/201303/t20130312_6375284.html
LE000969,宜兴市人民医院,,general_hospital,江苏省,Jiangsu,无锡市,Wuxi,2016,https://www.yixing.gov.cn/doc/2017/07/31/657600.shtml
LE000970,无锡市中医院,,traditional_chinese_medicine_hospital,江苏省,Jiangsu,无锡市,Wuxi,2014,https://www.jstcm.com/article_info.asp?id=3606
LE000971,无锡市人民医院,,general_hospital,江苏省,Jiangsu,无锡市,Wuxi,2014,https://www.nhc.gov.cn/yzygj/s10347/200910/529a07f29316470ea8a1c09e216d1bd2.shtml
LE000973,无锡市第二人民医院,,general_hospital,江苏省,Jiangsu,无锡市,Wuxi,2014,https://www.nhc.gov.cn/yzygj/s10347/200910/529a07f29316470ea8a1c09e216d1bd2.shtml
LE000974,江南大学附属医院,江南大学附属医院(北院区);江南大学附属医院南院,general_hospital,江苏省,Jiangsu,无锡市,Wuxi,2014,https://policy.mofcom.gov.cn/claw/clawContent.shtml?id=17402
LE000976,江阴市人民医院,,general_hospital,江苏省,Jiangsu,无锡市,Wuxi,2017,https://www.dayi.org.cn/hospital/1134443
LE000977,泰州市中医院,泰州市中医院(济川路院区),traditional_chinese_medicine_hospital,江苏省,Jiangsu,泰州市,Taizhou,2014,https://www.bjhjjd.com/www/art/2013/3/6/art_15222_1/
LE000978,泰州市人民医院,泰州市人民医院(新院区),general_hospital,江苏省,Jiangsu,泰州市,Taizhou,2014,https://csp.ncmi.cn/WebManage/StrokeRecognition/CzdtUUDetailWeb?type=&uid=00515
LE000979,淮安市中医院,,traditional_chinese_medicine_hospital,江苏省,Jiangsu,淮安市,Huaian,2014,https://www.jshaszyy.cn/yygk/ysjs/
LE000981,淮安市第一人民医院,,general_hospital,江苏省,Jiangsu,淮安市,Huaian,2014,https://www.nhc.gov.cn/yzygj/s10347/200910/529a07f29316470ea8a1c09e216d1bd2.shtml
LE000982,淮安市第二人民医院,,general_hospital,江苏省,Jiangsu,淮安市,Huaian,2014,https://www.sohu.com/a/143755338_331432
LE000983,东南大学医学院附属盐城医院,,general_hospital,江苏省,Jiangsu,盐城市,Yancheng,2017,https://www.jsycsy.com/yygk/lsyg.htm
LE000984,盐城市中医院,,traditional_chinese_medicine_hospital,江苏省,Jiangsu,盐城市,Yancheng,2017,https://m.dayi.org.cn/hospital/1124802
LE000985,盐城市第一人民医院,盐城市第一人民医院(北院区),general_hospital,江苏省,Jiangsu,盐城市,Yancheng,2014,https://www.nhc.gov.cn/yzygj/s10347/200910/529a07f29316470ea8a1c09e216d1bd2.shtml
LE000986,盐城市精神病医院,盐城市第四人民医院,specialized_hospital,江苏省,Jiangsu,盐城市,Yancheng,2016,http://dxy.com/hospital/13377
LE000987,张家港市中医院,,traditional_chinese_medicine_hospital,江苏省,Jiangsu,苏州市,Suzhou,2020,http://dxy.com/hospital/17511
LE000988,昆山市中医医院,昆山市中医医院(新院区);昆山市中医院,traditional_chinese_medicine_hospital,江苏省,Jiangsu,苏州市,Suzhou,2020,https://www.kstcm.org.cn/info/1010/24221.htm
LE000990,苏州九龙医院,,general_hospital,江苏省,Jiangsu,苏州市,Suzhou,2017,http://health.people.com.cn/n1/2017/0204/c399510-29057463.html
LE000991,苏州大学附属儿童医院,苏州大学附属儿童医院(景德路院区),specialized_hospital,江苏省,Jiangsu,苏州市,Suzhou,2014,https://jkchina.org/newshtml/news_21549.html
LE000992,苏州大学附属第一医院,苏州大学附属第一医院(十梓街院区),general_hospital,江苏省,Jiangsu,苏州市,Suzhou,2014,https://www.nhc.gov.cn/yzygj/s10347/200910/529a07f29316470ea8a1c09e216d1bd2.shtml
LE000993,苏州大学附属第二医院,,general_hospital,江苏省,Jiangsu,苏州市,Suzhou,2014,https://www.suda.edu.cn/suda_news/sdyw/201112/FFAEAC57-D696-4350-9FAB-72A5F9B7F989.html
LE000994,苏州市中医院,,traditional_chinese_medicine_hospital,江苏省,Jiangsu,苏州市,Suzhou,2014,https://www.jstcm.com/article_info.asp?id=471237
LE000995,苏州市广济医院,,specialized_hospital,江苏省,Jiangsu,苏州市,Suzhou,2019,http://www.dayi.org.cn/hospital/1156249
LE000996,苏州市立医院,苏州市立医院(东区);苏州市立医院(北区),general_hospital,江苏省,Jiangsu,苏州市,Suzhou,2014,https://www.dayi.org.cn/hospital/1133172?regionCode=CA
LE000997,苏州市第五人民医院,,specialized_hospital,江苏省,Jiangsu,苏州市,Suzhou,2020,https://www.jsskaxh.org.cn/x7.php?id=104
LE000998,连云港市中医院,,traditional_chinese_medicine_hospital,江苏省,Jiangsu,连云港市,Lianyungang,2014,https://www.lygzyy.com.cn/Home/news_detail?newsId=1790
LE000999,连云港市第一人民医院,连云港市第一人民医院(开发区院区);连云港市第一人民医院(高新院区),general_hospital,江苏省,Jiangsu,连云港市,Lianyungang,2014,https://www.nhc.gov.cn/yzygj/s10347/200910/529a07f29316470ea8a1c09e216d1bd2.shtml
LE001001,连云港市第二人民医院,,general_hospital,江苏省,Jiangsu,连云港市,Lianyungang,2017,https://www.lyg.gov.cn/zglygzfmhwz/szfwj1/content/zwgk_891c270aa6104632ae2c65e602e2fbd3.html
LE001002,江苏大学附属医院,,general_hospital,江苏省,Jiangsu,镇江市,Zhenjiang,2014,https://www.nhc.gov.cn/yzygj/s10347/200910/529a07f29316470ea8a1c09e216d1bd2.shtml
LE001003,镇江市中医院,,traditional_chinese_medicine_hospital,江苏省,Jiangsu,镇江市,Zhenjiang,2014,https://www.jstcm.com/article_info.asp?id=4077
LE001004,镇江市第一人民医院,,general_hospital,江苏省,Jiangsu,镇江市,Zhenjiang,2014,https://www.nhc.gov.cn/yzygj/s10347/200910/529a07f29316470ea8a1c09e216d1bd2.shtml
LE001005,镇江市第五人民医院,,specialized_hospital,江苏省,Jiangsu,镇江市,Zhenjiang,2019,https://www.jswsrc.com.cn/company/index.php?c=show&id=18976
LE001007,上饶市人民医院,上饶市人民医院(城北分院),general_hospital,江西省,Jiangxi,上饶市,Shangrao,2014,https://csp.ncmi.cn/UsersInfo/UserUnit/UserUnitDetailWeb?uid=02884
LE001009,上饶市立医院,,general_hospital,江西省,Jiangxi,上饶市,Shangrao,2019,https://csp.ncmi.cn/WebManage/StrokeRecognition/CzdtUUDetailWeb?type=&uid=25910
LE001010,玉山县中医院,,traditional_chinese_medicine_hospital,江西省,Jiangxi,上饶市,Shangrao,2020,https://yangtze.silkroadinfo.org.cn/2022/0101/c772a4015199/page.htm
LE001012,九江学院附属医院,,general_hospital,江西省,Jiangxi,九江市,Jiujiang,2014,https://s.dayi.org.cn/mip/s/hospital/4439.html
LE001014,九江市第一人民医院,九江市第一人民医院(八里湖院区),general_hospital,江西省,Jiangxi,九江市,Jiujiang,2014,https://www.dayi.org.cn/hospital/1128797
LE001015,九江市第三人民医院,,general_hospital,江西省,Jiangxi,九江市,Jiujiang,2014,https://hlxy.jxutcm.edu.cn/info/1102/1181.htm
LE001016,九江市第五人民医院,,specialized_hospital,江西省,Jiangxi,九江市,Jiujiang,2014,https://y.dxy.cn/hospital/781
LE001018,南昌大学第一附属医院,南昌大学第一附属医院(象湖院区),general_hospital,江西省,Jiangxi,南昌市,Nanchang,2014,https://www.nhc.gov.cn/yzygj/s10347/200910/0b0652780c674b289c0b7fb556932d0a.shtml
LE001019,南昌市第一医院,南昌大学第三附属医院,general_hospital,江西省,Jiangxi,南昌市,Nanchang,2014,https://www.nhc.gov.cn/yzygj/s10347/200910/0b0652780c674b289c0b7fb556932d0a.shtml
LE001020,南昌大学第二附属医院,南昌大学第二附属医院(东湖院区);南昌大学第二附属医院(红角洲院区),general_hospital,江西省,Jiangxi,南昌市,Nanchang,2014,https://www.nhc.gov.cn/yzygj/s10347/200910/0b0652780c674b289c0b7fb556932d0a.shtml
LE001021,南昌大学附属口腔医院,,specialized_hospital,江西省,Jiangxi,南昌市,Nanchang,2014,https://www.nhc.gov.cn/yzygj/s10347/200910/0b0652780c674b289c0b7fb556932d0a.shtml
LE001022,南昌大学附属眼科医院,,specialized_hospital,江西省,Jiangxi,南昌市,Nanchang,2017,https://www.ncu.edu.cn/info/1010/29821.htm
LE001023,南昌大学附属第四医院,,general_hospital,江西省,Jiangxi,南昌市,Nanchang,2014,https://www.nhc.gov.cn/yzygj/s10347/200910/0b0652780c674b289c0b7fb556932d0a.shtml
LE001025,南昌市人民医院,南昌市人民医院(朝阳院区);南昌市第三医院,general_hospital,江西省,Jiangxi,南昌市,Nanchang,2014,https://www.nhc.gov.cn/yzygj/s10347/200910/0b0652780c674b289c0b7fb556932d0a.shtml
LE001026,南昌市洪都中医院,南昌市洪都中医院(红谷滩院区),traditional_chinese_medicine_hospital,江西省,Jiangxi,南昌市,Nanchang,2014,https://www.ncshdzyy.com/system/2009/10/19/011226657.shtml
LE001028,南昌市第九医院,,specialized_hospital,江西省,Jiangxi,南昌市,Nanchang,2017,https://www.ncdjyy.com/info/1017/1931.htm
LE001029,江西中医药大学第二附属医院,,traditional_chinese_medicine_hospital,江西省,Jiangxi,南昌市,Nanchang,2018,https://dbyb.jxutcm.edu.cn/info/1038/3768.htm
LE001030,江西中医药大学附属医院,,specialized_hospital,江西省,Jiangxi,南昌市,Nanchang,2014,https://www.jxszyy.com/channel/607.html
LE001031,江西省中西医结合医院,南昌市中西医结合医院,traditional_chinese_and_western_medicine_hospital,江西省,Jiangxi,南昌市,Nanchang,2014,https://www.nhc.gov.cn/yzygj/s10347/200910/0b0652780c674b289c0b7fb556932d0a.shtml
LE001032,江西省人民医院,江西省人民医院(红谷滩院区),general_hospital,江西省,Jiangxi,南昌市,Nanchang,2014,https://www.nhc.gov.cn/yzygj/s10347/200910/0b0652780c674b289c0b7fb556932d0a.shtml
LE001033,江西省儿童医院,,specialized_hospital,江西省,Jiangxi,南昌市,Nanchang,2014,https://www.nhc.gov.cn/yzygj/s10347/200910/0b0652780c674b289c0b7fb556932d0a.shtml
LE001036,江西省皮肤病专科医院,,specialized_hospital,江西省,Jiangxi,南昌市,Nanchang,2014,https://hc.nc.gov.cn/ncwjw/mtbd/201211/f1dd7f7854eb4ebf83ace02619ba9fc0.shtml；https://hc.nc.gov.cn/ncwjw/mtbd/201901/ff68a6bce2cf474aa05bbcc3a8c7e042.shtml
LE001037,江西省精神病院,,specialized_hospital,江西省,Jiangxi,南昌市,Nanchang,2014,https://www.dayi.org.cn/hospital/1136162
LE001038,江西省肿瘤医院,,specialized_hospital,江西省,Jiangxi,南昌市,Nanchang,2014,https://www.nhc.gov.cn/yzygj/s10347/200910/0b0652780c674b289c0b7fb556932d0a.shtml
LE001039,江西省胸科医院,,specialized_hospital,江西省,Jiangxi,南昌市,Nanchang,2014,https://www.nhc.gov.cn/yzygj/s10347/200910/0b0652780c674b289c0b7fb556932d0a.shtml
LE001040,井冈山大学附属医院,井冈山大学附属医院南院区(新院区);井冈山大学附属医院旧址,general_hospital,江西省,Jiangxi,吉安市,Jian,2014,https://hospital.jgsu.edu.cn/info/1014/2125.htm
LE001042,吉安市中心人民医院,,general_hospital,江西省,Jiangxi,吉安市,Jian,2014,https://3g.kq36.com/job/3154216
LE001044,吉安市第三人民医院,,specialized_hospital,江西省,Jiangxi,吉安市,Jian,2014,https://www.dayi.org.cn/hospital/2295.html
LE001045,宜春市人民医院,,general_hospital,江西省,Jiangxi,宜春市,Yichun,2014,https://www.nhc.gov.cn/yzygj/s10347/200910/0b0652780c674b289c0b7fb556932d0a.shtml
LE001046,抚州市第一人民医院,,general_hospital,江西省,Jiangxi,抚州市,Fuzhou,2014,https://m.dayi.org.cn/hospital/1136156
LE001047,新余市人民医院,,general_hospital,江西省,Jiangxi,新余市,Xinyu,2014,https://www.nhc.gov.cn/yzygj/s10347/200910/0b0652780c674b289c0b7fb556932d0a.shtml
LE001049,景德镇市中医院,,traditional_chinese_medicine_hospital,江西省,Jiangxi,景德镇市,Jingdezhen,2014,https://passport.wenxuecity.com/book/?act=view&bookID=60556081&chapterID=52396026
LE001051,景德镇市第一人民医院,,general_hospital,江西省,Jiangxi,景德镇市,Jingdezhen,2014,https://www.nhc.gov.cn/yzygj/s10347/200910/0b0652780c674b289c0b7fb556932d0a.shtml
LE001052,景德镇市第三人民医院,,general_hospital,江西省,Jiangxi,景德镇市,Jingdezhen,2014,https://y.dxy.cn/hospital/526
LE001053,景德镇市第二人民医院,,general_hospital,江西省,Jiangxi,景德镇市,Jingdezhen,2014,https://jdz.gov.cn/zwgk/fdzdgknr/zdlyxxgk/ggjg/aqsc/t285604.shtml
LE001054,萍乡市中医院,,traditional_chinese_medicine_hospital,江西省,Jiangxi,萍乡市,Pingxiang,2014,https://myyk.jianke.com/1084824
LE001055,萍乡市人民医院,,general_hospital,江西省,Jiangxi,萍乡市,Pingxiang,2014,https://www.nhc.gov.cn/yzygj/s10347/200910/0b0652780c674b289c0b7fb556932d0a.shtml
LE001057,萍乡市第二人民医院,,general_hospital,江西省,Jiangxi,萍乡市,Pingxiang,2017,https://www.dayi.org.cn/hospital/1151896
LE001059,赣南医科大学第一附属医院,赣南医学院第一附属医院;赣南医科大学第一附属医院(黄金院区),general_hospital,江西省,Jiangxi,赣州市,Ganzhou,2014,https://www.nhc.gov.cn/yzygj/s10347/200910/0b0652780c674b289c0b7fb556932d0a.shtml
LE001060,赣州市中医院,,traditional_chinese_medicine_hospital,江西省,Jiangxi,赣州市,Ganzhou,2014,https://www.dayi.org.cn/hospital/1127110?from=sg
LE001061,赣州市人民医院,,general_hospital,江西省,Jiangxi,赣州市,Ganzhou,2014,https://www.nhc.gov.cn/yzygj/s10347/200910/0b0652780c674b289c0b7fb556932d0a.shtml
LE001063,赣州市立医院,,general_hospital,江西省,Jiangxi,赣州市,Ganzhou,2014,https://y.dxy.cn/hospital/1423
LE001064,赣州市第三人民医院,,specialized_hospital,江西省,Jiangxi,赣州市,Ganzhou,2014,https://www.dayi.org.cn/hospital/1136167
LE001065,赣州市第五人民医院,,general_hospital,江西省,Jiangxi,赣州市,Ganzhou,2017,https://s.dayi.org.cn/mip/s/hospital/1136158.html
LE001066,赣州市肿瘤医院,,specialized_hospital,江西省,Jiangxi,赣州市,Ganzhou,2017,https://s.dayi.org.cn/mip/s/hospital/1133095.html
LE001067,鹰潭市人民医院,鹰潭市人民医院(北院区),general_hospital,江西省,Jiangxi,鹰潭市,Yingtan,2014,https://yangtze.silkroadinfo.org.cn/2020/1104/c731a4198751/page.htm
LE001070,保定市第一中医院,,traditional_chinese_medicine_hospital,河北省,Hebei,保定市,Baoding,2014,https://www.dayi.org.cn/hospital/3749.html
LE001071,保定市第一中心医院,,general_hospital,河北省,Hebei,保定市,Baoding,2014,https://news.zhuyitai.com/16/0601/7122.html
LE001072,保定市第二中心医院,,general_hospital,河北省,Hebei,保定市,Baoding,2016,https://xxgk.cdmc.edu.cn/art/2016/8/29/art_82_23582.html
LE001073,保定市第二医院,,general_hospital,河北省,Hebei,保定市,Baoding,2014,https://m.cdmc.edu.cn/art/2016/4/12/art_482_18586.html
LE001074,河北大学附属医院,,general_hospital,河北省,Hebei,保定市,Baoding,2014,https://s.dayi.org.cn/mip/s/hospital/1120074.html
LE001075,河北省第六人民医院,,specialized_hospital,河北省,Hebei,保定市,Baoding,2017,https://www.dayi.org.cn/hospital/1120051.html
LE001076,涿州市医院,,general_hospital,河北省,Hebei,保定市,Baoding,2014,https://www.dayi.org.cn/hospital/1138962.html
LE001078,华北理工大学附属医院,,general_hospital,河北省,Hebei,唐山市,Tangshan,2015,https://www.haodf.com/hospital/854/jieshao.html
LE001079,唐山市中医院,,traditional_chinese_medicine_hospital,河北省,Hebei,唐山市,Tangshan,2019,https://hebei.cri.cn/20190313/74055a2a-3109-607a-531d-2b05ee2024dc.html
LE001080,唐山市人民医院,,general_hospital,河北省,Hebei,唐山市,Tangshan,2014,https://www.dayi.org.cn/hospital/3269
LE001082,唐山市工人医院,,general_hospital,河北省,Hebei,唐山市,Tangshan,2014,https://www.dayi.org.cn/hospital/1131036.html
LE001084,开滦总医院,,general_hospital,河北省,Hebei,唐山市,Tangshan,2014,https://www.klyy.com/col.jsp?id=117
LE001085,廊坊市中医院,,traditional_chinese_medicine_hospital,河北省,Hebei,廊坊市,Langfang,2014,https://www.bucmdf.edu.cn/XW_xwzl_zw.php?newsid=6210015
LE001086,廊坊市人民医院,,general_hospital,河北省,Hebei,廊坊市,Langfang,2014,https://www.cpwf.org.cn/content/5014
LE001087,河北中石油中心医院,,general_hospital,河北省,Hebei,廊坊市,Langfang,2014,https://yy.gfhealthcare.com/col/col7255/index.html
LE001088,河北燕达医院,,general_hospital,河北省,Hebei,廊坊市,Langfang,2018,https://www.ydyy120.com/dongtai/40079.html
LE001090,张家口市第一医院,,general_hospital,河北省,Hebei,张家口市,Zhangjiakou,2018,http://dxy.com/hospital/14952
LE001091,河北北方学院附属第一医院,,general_hospital,河北省,Hebei,张家口市,Zhangjiakou,2014,https://www.hbbfyfy.com/index.php?s=%2FShow%2Findex%2Fcid%2F26%2Fid%2F2361.html
LE001093,承德医学院附属医院,,general_hospital,河北省,Hebei,承德市,Chengde,2014,https://news.cdmc.edu.cn/art/2013/6/1/art_467_15794.html
LE001094,承德市中医院,,traditional_chinese_medicine_hospital,河北省,Hebei,承德市,Chengde,2017,https://wjw.chengde.gov.cn/art/2017/4/13/art_852_39656.html
LE001095,承德市中心医院,,general_hospital,河北省,Hebei,承德市,Chengde,2014,https://www.cdszxyy.cn/content-id-18676.html
LE001096,华北石油管理局总医院,,general_hospital,河北省,Hebei,沧州市,Cangzhou,2014,https://csp.ncmi.cn/WebManage/StrokeRecognition/CzdtUUDetailWeb?type=&uid=24838
LE001097,沧州市中心医院,,general_hospital,河北省,Hebei,沧州市,Cangzhou,2014,https://www.czszxyy.com/m/yiyuanxinwen/943.html
LE001098,沧州市人民医院,,general_hospital,河北省,Hebei,沧州市,Cangzhou,2014,https://www.dayi.org.cn/hospital/1131019?from=sg
LE001099,河北省沧州中西医结合医院,河北省沧州中西医结合医院(青县院区),traditional_chinese_and_western_medicine_hospital,河北省,Hebei,沧州市,Cangzhou,2014,https://www.dayi.org.cn/hospital/1131200.html
LE001101,河北以岭医院,,traditional_chinese_medicine_hospital,河北省,Hebei,石家庄市,Shijiazhuang,2014,https://www.ylyy.org/index/news/detail.html?id=425
LE001102,河北省中医院,河北医科大学中医院,traditional_chinese_medicine_hospital,河北省,Hebei,石家庄市,Shijiazhuang,2014,https://www.eol.cn/gongwuyuan/sydw/201104/t20110429_608497.shtml
LE001103,河北医科大学第一医院,,general_hospital,河北省,Hebei,石家庄市,Shijiazhuang,2014,https://web.cmc.hebtv.com/cms/rmt0336/0/0rmhlm/qy/hbggpd/xw6hx/10897395.shtml
LE001104,河北医科大学第三医院,,general_hospital,河北省,Hebei,石家庄市,Shijiazhuang,2014,https://www.dayi.org.cn/hospital/1028913
LE001105,河北医科大学第二医院,,general_hospital,河北省,Hebei,石家庄市,Shijiazhuang,2014,https://www.dayi.org.cn/hospital/1028716
LE001106,河北医科大学第四医院,,general_hospital,河北省,Hebei,石家庄市,Shijiazhuang,2014,https://s.dayi.org.cn/mip/s/hospital/1113349.html
LE001107,河北省人民医院,河北省人民医院(龙泉院区),general_hospital,河北省,Hebei,石家庄市,Shijiazhuang,2014,https://www.chinanews.com.cn/jk/kong/news/2008/05-21/1257964.shtml
LE001108,河北省儿童医院,,specialized_hospital,河北省,Hebei,石家庄市,Shijiazhuang,2014,https://m.dayi.org.cn/hospital/1120032?from=sg
LE001109,石家庄市中医院,石家庄市中医院(东院区),traditional_chinese_medicine_hospital,河北省,Hebei,石家庄市,Shijiazhuang,2014,https://www.yiliaojiufen.org/nd.jsp?_ngc=-1&id=119
LE001110,石家庄市人民医院,石家庄市人民医院(建华院区);石家庄市人民医院(方北路院区);石家庄市第一眼科医院,general_hospital,河北省,Hebei,石家庄市,Shijiazhuang,2014,https://news.cdmc.edu.cn/art/2011/12/16/art_467_15814.html
LE001114,石家庄市妇产医院（石家庄市第四医院）,石家庄市妇产医院(东院区);石家庄市第四医院;石家庄市第四医院(谈固院区),specialized_hospital,河北省,Hebei,石家庄市,Shijiazhuang,2018,https://www.dayi.org.cn/hospital/1151897.html
LE001115,秦皇岛市中医院,,traditional_chinese_medicine_hospital,河北省,Hebei,秦皇岛市,Qinhuangdao,2014,https://www.yiliaojiufen.org/nd.jsp?_ngc=-1&id=119
LE001117,秦皇岛市第一医院,,general_hospital,河北省,Hebei,秦皇岛市,Qinhuangdao,2014,https://jkchina.org/newshtml/news_17189.html
LE001119,衡水市中医院,,traditional_chinese_medicine_hospital,河北省,Hebei,衡水市,Hengshui,2018,https://www.mof.gov.cn/zhengwuxinxi/xinwenlianbo/hebeicaizhengxinxilianbo/201903/t20190318_3195217.htm
LE001120,衡水市人民医院（哈励逊国际和平医院）,哈励逊国际和平医院(南院区);衡水市哈励逊国际和平医院,general_hospital,河北省,Hebei,衡水市,Hengshui,2014,https://www.dayi.org.cn/hospital/1113336
LE001121,河北省眼科医院,,specialized_hospital,河北省,Hebei,邢台市,Xingtai,2018,http://k.sina.com.cn/article_5300095537_13be90a3104000d7bz.html
LE001122,邢台市人民医院,邢台市人民医院(新院区),general_hospital,河北省,Hebei,邢台市,Xingtai,2014,https://www.xtrmyy.cn/index/about/index/id/143
LE001123,冀中能源峰峰集团总医院,冀中能源峰峰集团总医院(北院区),general_hospital,河北省,Hebei,邯郸市,Handan,2014,https://www.sohu.com/a/237753764_115495
LE001124,河北工程大学附属医院,,general_hospital,河北省,Hebei,邯郸市,Handan,2014,https://www.ylrj.cn/hospital/400618.html
LE001125,邯郸市中医院,,traditional_chinese_medicine_hospital,河北省,Hebei,邯郸市,Handan,2014,https://www.yiliaojiufen.org/nd.jsp?_ngc=-1&id=119
LE001126,邯郸市中心医院,邯郸市中心医院(东区);邯郸市中心医院(西区),general_hospital,河北省,Hebei,邯郸市,Handan,2014,https://s.dayi.org.cn/mip/s/hospital/1031556.html
LE001128,邯郸市第一医院,,general_hospital,河北省,Hebei,邯郸市,Handan,2014,https://hdsdyyy.com/yysh
LE001130,三门峡市中医院,,traditional_chinese_medicine_hospital,河南省,Henan,三门峡市,Sanmenxia,2014,https://www.yywsb.com/article/38824.html
LE001131,三门峡市中心医院,,general_hospital,河南省,Henan,三门峡市,Sanmenxia,2015,https://www.zzsqmc.edu.cn/hdbyjzx/info/1826/2971.htm
LE001132,信阳市中心医院,,general_hospital,河南省,Henan,信阳市,Xinyang,2017,https://wsjkw.xinyang.gov.cn/2025/11-27/730219.html
LE001133,南阳医学高等专科学校第一附属医院,,general_hospital,河南省,Henan,南阳市,Nanyang,2017,https://www.nyyfy.cn/yyxw/321.html
LE001134,南阳市中心医院,,general_hospital,河南省,Henan,南阳市,Nanyang,2014,https://www.nych.cn/html/web/yiliaogaikuang/yiyuanjianjie/index.html
LE001136,南阳市南石医院,,general_hospital,河南省,Henan,南阳市,Nanyang,2014,https://nyws.nanyang.gov.cn/2020/12-15/83299.html
LE001137,南阳市张仲景医院,,traditional_chinese_medicine_hospital,河南省,Henan,南阳市,Nanyang,2021,https://www.nyszzjyy.com/news/232.html
LE001138,南阳市第一人民医院,,general_hospital,河南省,Henan,南阳市,Nanyang,2017,https://www.dayi.org.cn/hospital/1127963.html
LE001139,南阳市第二人民医院,,general_hospital,河南省,Henan,南阳市,Nanyang,2014,https://hxrmyy.hnhx.gov.cn/hxrmyy/yydt/webinfo/2014/06/1621763175995221.htm
LE001140,周口市中医院,,traditional_chinese_medicine_hospital,河南省,Henan,周口市,Zhoukou,2014,https://www.zkszyy.com/index/article/id/187.htm
LE001141,周口市中心医院,,general_hospital,河南省,Henan,周口市,Zhoukou,2017,https://guahao.169000.net/indexext.gl?id=A5DA0B8810DB4EB6ADBB86CC878F0687&op=3
LE001142,商丘市中医院,,traditional_chinese_medicine_hospital,河南省,Henan,商丘市,Shangqiu,2021,https://m.thepaper.cn/newsDetail_forward_12474501
LE001143,商丘市第一人民医院,,general_hospital,河南省,Henan,商丘市,Shangqiu,2015,https://csp.ncmi.cn/UsersInfo/UserUnit/UserUnitDetailWeb?type=&uid=00203
LE001144,安阳地区医院,,general_hospital,河南省,Henan,安阳市,Anyang,2014,https://www.dayi.org.cn/hospital/601.html
LE001145,安阳市中医院,,traditional_chinese_medicine_hospital,河南省,Henan,安阳市,Anyang,2014,https://henan.china.com/m/anyang/info/2018/1128/25302526.html
LE001146,安阳市人民医院,,general_hospital,河南省,Henan,安阳市,Anyang,2014,https://www.dayi.org.cn/hospital/1125228.html
LE001148,安阳市肿瘤医院,,specialized_hospital,河南省,Henan,安阳市,Anyang,2014,https://henan.china.com/m/anyang/info/2018/1128/25302526.html
LE001150,平煤神马医疗集团总医院,,general_hospital,河南省,Henan,平顶山市,Pingdingshan,2014,https://www.dayi.org.cn/hospital/1156892
LE001151,平顶山市第一人民医院,,general_hospital,河南省,Henan,平顶山市,Pingdingshan,2014,https://www.chinanews.com.cn/fz/2014/01-08/5712350.shtml
LE001153,开封市中医院,,traditional_chinese_medicine_hospital,河南省,Henan,开封市,Kaifeng,2014,https://www.zysj.com.cn/mingyi/pangguoming/index.html
LE001154,开封市中心医院,,general_hospital,河南省,Henan,开封市,Kaifeng,2014,https://www.sohu.com/a/278836123_686765
LE001155,河南大学淮河医院,,general_hospital,河南省,Henan,开封市,Kaifeng,2014,https://www.huaihe.com.cn/HospitalInfo.html
LE001156,河南大学第一附属医院,,general_hospital,河南省,Henan,开封市,Kaifeng,2020,https://www.hdyfy.cn/news/detail/id/5609.html
LE001158,新乡医学院第一附属医院,,general_hospital,河南省,Henan,新乡市,Xinxiang,2014,https://yyk.99.com.cn/weihui/80949/baocuo.html
LE001159,新乡医学院第二附属医院,,specialized_hospital,河南省,Henan,新乡市,Xinxiang,2014,https://www.guancha.cn/society/2012_08_23_92764.shtml
LE001160,新乡市中心医院,,general_hospital,河南省,Henan,新乡市,Xinxiang,2014,https://www.yywsb.com/html/2010-02/06/content_8930.htm
LE001161,新乡市第一人民医院,,general_hospital,河南省,Henan,新乡市,Xinxiang,2017,https://www.dayi.org.cn/hospital/4227.html
LE001163,河南省洛阳正骨医院,,specialized_hospital,河南省,Henan,洛阳市,Luoyang,2014,https://www.lyzhenggu.cn/doc/60/1010/525.html
LE001164,河南科技大学第一附属医院,,general_hospital,河南省,Henan,洛阳市,Luoyang,2014,https://www.haust.edu.cn/info/1071/329131.htm
LE001168,郑州大学附属洛阳中心医院,,general_hospital,河南省,Henan,洛阳市,Luoyang,2014,https://job.zzu.edu.cn/faculty/view/id/108017
LE001169,漯河医学高等专科学校第一附属医院,,general_hospital,河南省,Henan,漯河市,Luohe,2014,https://www.lhzxyy.com.cn/contents/350/9805.html
LE001170,濮阳市中医院,,traditional_chinese_medicine_hospital,河南省,Henan,濮阳市,Puyang,2014,https://health.baidu.com/m/detail/ar_6368059986246456166
LE001171,濮阳市人民医院,,general_hospital,河南省,Henan,濮阳市,Puyang,2014,https://guahao.169000.net/indexext.gl?id=28F371DFEC0B4FE187ED03B5D7DABD06&op=3
LE001172,濮阳市油田总医院,,general_hospital,河南省,Henan,濮阳市,Puyang,2014,https://m.jd.com/hospital/15010074678
LE001174,焦作市中医院,,traditional_chinese_medicine_hospital,河南省,Henan,焦作市,Jiaozuo,2015,https://csp.ncmi.cn/WebManage/StrokeRecognition/CzdtUUDetailWeb?type=&uid=15805
LE001175,焦作市人民医院,,general_hospital,河南省,Henan,焦作市,Jiaozuo,2014,https://www.jzsyy.com/NewsFocus/info.aspx?itemid=1069
LE001176,焦作市第二人民医院,,general_hospital,河南省,Henan,焦作市,Jiaozuo,2014,https://yyk.familydoctor.com.cn/hospital_196_0_10771_0_0_0_1.html
LE001177,许昌市中医院,,traditional_chinese_medicine_hospital,河南省,Henan,许昌市,Xuchang,2014,https://www.dayi.org.cn/hospital/1140672.html
LE001178,许昌市中心医院,,general_hospital,河南省,Henan,许昌市,Xuchang,2014,https://www.dayi.org.cn/hospital/1125148.html
LE001180,郑州四六〇医院,,general_hospital,河南省,Henan,郑州市,Zhengzhou,2014,https://job.henu.edu.cn/module/companydetail/id-3395315/nid-10087
LE001182,河南中医药大学第一附属医院,,traditional_chinese_medicine_hospital,河南省,Henan,郑州市,Zhengzhou,2014,https://www.dayi.org.cn/hospital/1124613?from=sg
LE001183,河南中医药大学第三附属医院,,traditional_chinese_medicine_hospital,河南省,Henan,郑州市,Zhengzhou,2014,https://www.dayi.org.cn/hospital/1130258?from=sg
LE001184,河南中医药大学附属肛肠病医院,,specialized_hospital,河南省,Henan,郑州市,Zhengzhou,2014,https://www.zzgcyy.com/overview.html
LE001185,河南省中医药研究院附属医院,,traditional_chinese_medicine_hospital,河南省,Henan,郑州市,Zhengzhou,2014,https://www.dayi.org.cn/hospital/1130130
LE001186,河南省中医院,,traditional_chinese_medicine_hospital,河南省,Henan,郑州市,Zhengzhou,2014,https://ptzs.hactcm.edu.cn/info/2096/12866.htm
LE001187,河南省人民医院,,general_hospital,河南省,Henan,郑州市,Zhengzhou,2014,https://www.dayi.org.cn/hospital/1124626
LE001188,河南省传染病医院,,specialized_hospital,河南省,Henan,郑州市,Zhengzhou,2021,https://job.zzu.edu.cn/faculty/view/id/108020
LE001189,河南省儿童医院（郑州儿童医院）,,specialized_hospital,河南省,Henan,郑州市,Zhengzhou,2014,https://www.zzsetyy.cn/viewnews.aspx?id=8343
LE001190,河南省胸科医院,,specialized_hospital,河南省,Henan,郑州市,Zhengzhou,2020,https://www.yywsb.com/html/2021-01/05/content_38614.html
LE001191,郑州人民医院,,general_hospital,河南省,Henan,郑州市,Zhengzhou,2014,https://www.dayi.org.cn/hospital/3563
LE001192,郑州大学第一附属医院,,general_hospital,河南省,Henan,郑州市,Zhengzhou,2014,https://news.sina.com.cn/o/2010-12-27/030421710035.shtml
LE001194,郑州大学第二附属医院,,general_hospital,河南省,Henan,郑州市,Zhengzhou,2015,https://news.zzu.edu.cn/info/1002/30714.htm
LE001195,郑州大学第五附属医院,,general_hospital,河南省,Henan,郑州市,Zhengzhou,2014,https://www.ztzy.com/Article-8.html
LE001196,郑州大学附属肿瘤医院,,specialized_hospital,河南省,Henan,郑州市,Zhengzhou,2014,https://health.sina.com.cn/news/2013-08-21/1431100298.shtml
LE001197,郑州大学附属郑州中心医院,,general_hospital,河南省,Henan,郑州市,Zhengzhou,2014,https://public.zhengzhou.gov.cn/D1604Y/4617445.jhtml
LE001198,郑州市中医院,,traditional_chinese_medicine_hospital,河南省,Henan,郑州市,Zhengzhou,2014,https://www.dayi.org.cn/hospital/1132319.html
LE001201,郑州市第一人民医院,,general_hospital,河南省,Henan,郑州市,Zhengzhou,2015,https://www.zzsdyrmyy.com/detail/489/2.html
LE001202,郑州市第七人民医院,,specialized_hospital,河南省,Henan,郑州市,Zhengzhou,2014,https://public.zhengzhou.gov.cn/D1604Y/4617445.jhtml
LE001203,郑州市骨科医院,,specialized_hospital,河南省,Henan,郑州市,Zhengzhou,2014,https://dzb.henandaily.cn/html5/2012-11/14/content_29_443367.htm
LE001204,阜外华中心血管病医院,,specialized_hospital,河南省,Henan,郑州市,Zhengzhou,2018,https://zh.wikipedia.org/wiki/%E5%8D%8E%E4%B8%AD%E9%98%9C%E5%A4%96%E5%8C%BB%E9%99%A2
LE001206,驻马店市中医院,,traditional_chinese_medicine_hospital,河南省,Henan,驻马店市,Zhumadian,2014,https://www.dayi.org.cn/hospital/1132323
LE001207,驻马店市中心医院,,general_hospital,河南省,Henan,驻马店市,Zhumadian,2018,https://s.dayi.org.cn/mip/s/hospital/1139744.html
LE001208,驻马店市第二人民医院,,specialized_hospital,河南省,Henan,驻马店市,Zhumadian,2017,https://www.zmdsdrrmyy.cn/page-44830.html
LE001209,鹤壁市人民医院,,general_hospital,河南省,Henan,鹤壁市,Hebi,2018,https://m.dayi.org.cn/hospital/1155984
LE001210,丽水市中医院,,traditional_chinese_medicine_hospital,浙江省,Zhejiang,丽水市,Lishui,2014,https://www.lsszyy.com.cn/mobile/yydt/2654.html
LE001211,丽水市中心医院,,general_hospital,浙江省,Zhejiang,丽水市,Lishui,2014,https://www.nhc.gov.cn/yzygj/s10347/200912/0ac79b8edfa84d10a407a89fbd27bedf.shtml
LE001212,丽水市人民医院,,general_hospital,浙江省,Zhejiang,丽水市,Lishui,2014,https://www.career.zju.edu.cn/jyxt/sczp/zphgl/ckZphdwXq.zf?dwxxid=761C0E155C9F24AFE055000000000001&zphbh=973325A93C10522DE055134CA39C9BD7&zphsqbh=8a1ee7ff5f6c1ea3ce6863bdeba7d253
LE001213,丽水市第二人民医院,,specialized_hospital,浙江省,Zhejiang,丽水市,Lishui,2014,https://www.dayi.org.cn/hospital/1156223.html
LE001214,台州市中心医院,台州学院医学院附属中心医院,general_hospital,浙江省,Zhejiang,台州市,Taizhou,2014,https://www.career.zju.edu.cn/jyxt/sczp/zpztgl/ckZpgwXq.zf?dwxxid=761C0E15539D24AFE055000000000001&zpxxbh=ED2072E3093A0E8FE055B700FF596AE3
LE001215,台州市第一人民医院,,general_hospital,浙江省,Zhejiang,台州市,Taizhou,2022,https://www.cn-healthcare.com/article/20220117/content-565176.html
LE001216,浙江省台州医院,,general_hospital,浙江省,Zhejiang,台州市,Taizhou,2014,https://www.nhc.gov.cn/yzygj/s10347/200912/0ac79b8edfa84d10a407a89fbd27bedf.shtml
LE001217,温岭市中医院,,traditional_chinese_medicine_hospital,浙江省,Zhejiang,台州市,Taizhou,2014,https://zjnews.zjol.com.cn/system/2013/03/26/019236054.shtml
LE001218,温岭市第一人民医院,,general_hospital,浙江省,Zhejiang,台州市,Taizhou,2022,https://paper.wlxww.com/html/2022-01/17/content_3021545.htm?div=1
LE001220,嘉兴市第一医院,,general_hospital,浙江省,Zhejiang,嘉兴市,Jiaxing,2014,https://med.eword.cn/portal/PlatformIndex?centerid=11
LE001221,嘉兴市第二医院,,general_hospital,浙江省,Zhejiang,嘉兴市,Jiaxing,2014,https://www.dayi.org.cn/hospital/1127412.html
LE001222,嘉兴市中医医院,浙江中医药大学附属嘉兴中医院,traditional_chinese_medicine_hospital,浙江省,Zhejiang,嘉兴市,Jiaxing,2014,https://www.dayi.org.cn/hospital/1129590.html
LE001224,宁波市第二医院,中国科学院大学宁波华美医院,general_hospital,浙江省,Zhejiang,宁波市,Ningbo,2014,https://docs.cn-healthcare.com/sharedoc/pdf_files/20210531/5f556440899c40e1afd49e1dc06607ea.pdf
LE001226,宁波大学附属第一医院,宁波大学医学院附属医院;宁波大学附属第一医院(方桥院区);宁波市第一医院,general_hospital,浙江省,Zhejiang,宁波市,Ningbo,2014,https://www.nhc.gov.cn/yzygj/s10347/200912/0ac79b8edfa84d10a407a89fbd27bedf.shtml
LE001227,宁波市医疗中心李惠利医院,宁波市医疗中心李惠利医院(东部院区),general_hospital,浙江省,Zhejiang,宁波市,Ningbo,2014,https://www.nhc.gov.cn/yzygj/s10347/200912/0ac79b8edfa84d10a407a89fbd27bedf.shtml
LE001229,宁波大学附属康宁医院,宁波市康宁医院,specialized_hospital,浙江省,Zhejiang,宁波市,Ningbo,2014,https://www.nbknyy.com/col/col9425/index.html
LE001230,宁波市眼科医院,,specialized_hospital,浙江省,Zhejiang,宁波市,Ningbo,2023,https://www.nbsykyy.cn/art/2023/3/17/art_9931_634467.html
LE001232,宁波大学附属人民医院,宁波市鄞州人民医院,general_hospital,浙江省,Zhejiang,宁波市,Ningbo,2021,https://wsjkw.zj.gov.cn/module/download/downfile.jsp?classid=0&filename=1343a7e1b1e4463ca44c5dd6c40718b9.pdf
LE001233,宁波市中医院,浙江中医药大学附属宁波中医院,traditional_chinese_medicine_hospital,浙江省,Zhejiang,宁波市,Ningbo,2014,https://www.nbszyy.com.cn/art/2022/1/24/art_795_633041.html
LE001234,安康市中医医院,陕西省安康市中医医院,traditional_chinese_medicine_hospital,陕西省,Shaanxi,安康市,Ankang,2014,https://www.nhc.gov.cn/ewebeditor/uploadfile/2014/06/20140603154543391.pdf
LE001237,杭州市妇产科医院,杭州市妇幼保健院;杭州市妇产科医院(城西院区),specialized_hospital,浙江省,Zhejiang,杭州市,Hangzhou,2020,https://www.hzsma.cn/article/view?referimgid=0e5f3ff1-0aed-8565-f1a3-3a0035a8d46e
LE001238,杭州市富阳中医骨伤医院,杭州市富阳中医骨伤医院(新院),specialized_hospital,浙江省,Zhejiang,杭州市,Hangzhou,2014,https://www.dayi.org.cn/hospital/1127919
LE001239,杭州市第一人民医院,杭州市第一人民医院(城北院区);杭州市第一人民医院(湖滨院区),general_hospital,浙江省,Zhejiang,杭州市,Hangzhou,2014,https://www.hz-hospital.com/member/content/details/id/202159?cid=297
LE001240,杭州市第七人民医院,,specialized_hospital,浙江省,Zhejiang,杭州市,Hangzhou,2014,https://www.nhc.gov.cn/yzygj/s10347/200912/0ac79b8edfa84d10a407a89fbd27bedf.shtml
LE001241,杭州市红十字会医院,,traditional_chinese_and_western_medicine_hospital,浙江省,Zhejiang,杭州市,Hangzhou,2014,https://www.nhc.gov.cn/yzygj/s10347/200912/0ac79b8edfa84d10a407a89fbd27bedf.shtml
LE001242,杭州市萧山区中医院,,traditional_chinese_medicine_hospital,浙江省,Zhejiang,杭州市,Hangzhou,2021,https://www.career.zju.edu.cn/jyxt/sczp/zphgl/ckZphdwXq.zf?dwxxid=761C0E1564C224AFE055000000000001&zphbh=787AA1580EFF306EE055000000000001&zphsqbh=675406f0a57b119521132c1d3e424e9e
LE001243,杭州市西溪医院,,specialized_hospital,浙江省,Zhejiang,杭州市,Hangzhou,2014,https://www.dayi.org.cn/hospital/1155818.html
LE001244,杭州师范大学附属医院,,general_hospital,浙江省,Zhejiang,杭州市,Hangzhou,2014,https://www.hznu.edu.cn/c/2019-12-26/2294979.shtml
LE001245,杭州市中医院,浙江中医药大学附属广兴医院,traditional_chinese_medicine_hospital,浙江省,Zhejiang,杭州市,Hangzhou,2014,https://www.nhc.gov.cn/yzygj/s10347/200912/0ac79b8edfa84d10a407a89fbd27bedf.shtml
LE001246,浙江中医药大学附属第三医院,,traditional_chinese_medicine_hospital,浙江省,Zhejiang,杭州市,Hangzhou,2014,https://www.dayi.org.cn/hospital/1120012.html
LE001247,浙江省肿瘤医院,浙江中医药附属大学肿瘤医院,specialized_hospital,浙江省,Zhejiang,杭州市,Hangzhou,2014,https://www.nhc.gov.cn/yzygj/s10347/200912/0ac79b8edfa84d10a407a89fbd27bedf.shtml
LE001248,浙江医院,浙江医院三墩院区,general_hospital,浙江省,Zhejiang,杭州市,Hangzhou,2014,https://www.zjhospital.com.cn/index.php/Index/web/offset/2950/cCode/103
LE001249,浙江大学医学院附属儿童医院,浙江大学医学院附属儿童医院(湖滨院区);浙江大学医学院附属儿童医院(滨江院区),specialized_hospital,浙江省,Zhejiang,杭州市,Hangzhou,2014,https://www.nhc.gov.cn/yzygj/s10347/200912/0ac79b8edfa84d10a407a89fbd27bedf.shtml
LE001250,浙江大学医学院附属口腔医院,,specialized_hospital,浙江省,Zhejiang,杭州市,Hangzhou,2014,https://www.nhc.gov.cn/yzygj/s10347/200912/0ac79b8edfa84d10a407a89fbd27bedf.shtml
LE001251,浙江大学医学院附属妇产科医院,浙江大学医学院附属妇产科医院(钱江院区),specialized_hospital,浙江省,Zhejiang,杭州市,Hangzhou,2014,https://www.nhc.gov.cn/yzygj/s10347/200912/0ac79b8edfa84d10a407a89fbd27bedf.shtml
LE001252,浙江大学医学院附属第一医院,浙江大学医学院附属第一医院(之江院区);浙江大学医学院附属第一医院(庆春院区),general_hospital,浙江省,Zhejiang,杭州市,Hangzhou,2014,https://www.nhc.gov.cn/yzygj/s10347/200912/0ac79b8edfa84d10a407a89fbd27bedf.shtml
LE001253,浙江大学医学院附属第二医院,浙江大学医学院附属第二医院(滨江院区),general_hospital,浙江省,Zhejiang,杭州市,Hangzhou,2014,https://www.nhc.gov.cn/yzygj/s10347/200912/0ac79b8edfa84d10a407a89fbd27bedf.shtml
LE001254,浙江大学医学院附属邵逸夫医院,浙江大学医学院附属邵逸夫医院(钱塘院区),general_hospital,浙江省,Zhejiang,杭州市,Hangzhou,2014,https://www.nhc.gov.cn/yzygj/s10347/200912/0ac79b8edfa84d10a407a89fbd27bedf.shtml
LE001255,浙江省中医院,浙江省中医院(钱塘院区),traditional_chinese_medicine_hospital,浙江省,Zhejiang,杭州市,Hangzhou,2014,https://www.nhc.gov.cn/yzygj/s10347/200912/0ac79b8edfa84d10a407a89fbd27bedf.shtml
LE001256,浙江省人民医院,浙江省人民医院(朝晖院区);浙江省人民医院(越城院区);浙江省人民医院望江山院区,general_hospital,浙江省,Zhejiang,杭州市,Hangzhou,2014,https://www.nhc.gov.cn/yzygj/s10347/200912/0ac79b8edfa84d10a407a89fbd27bedf.shtml
LE001257,浙江中医药大学附属第二医院,浙江省新华医院,traditional_chinese_and_western_medicine_hospital,浙江省,Zhejiang,杭州市,Hangzhou,2014,https://www.dayi.org.cn/hospital/1135385.html
LE001258,浙江省立同德医院,,traditional_chinese_and_western_medicine_hospital,浙江省,Zhejiang,杭州市,Hangzhou,2014,https://www.nhc.gov.cn/yzygj/s10347/200912/0ac79b8edfa84d10a407a89fbd27bedf.shtml
LE001259,温州医科大学附属眼视光医院,温州医学院附属眼视光医院,specialized_hospital,浙江省,Zhejiang,温州市,Wenzhou,2014,https://news.wmu.edu.cn/show/188/7518.html
LE001260,温州康宁医院,温州医科大学附属康宁医院,specialized_hospital,浙江省,Zhejiang,温州市,Wenzhou,2014,https://www.kn120.com/about.aspx
LE001261,温州医科大学附属第一医院,温州医科大学附属第一医院龙港院区;龙港市人民医院,general_hospital,浙江省,Zhejiang,温州市,Wenzhou,2014,https://s.dayi.org.cn/mip/s/hospital/1119651.html
LE001262,温州医科大学附属第二医院,温州医科大学附属第二医院(龙湾院区);温州医科大学附属第二医院南浦院区;育英儿童医院,general_hospital,浙江省,Zhejiang,温州市,Wenzhou,2014,https://old.wzhealth.com/about/996.html
LE001263,温州市中医院,,traditional_chinese_medicine_hospital,浙江省,Zhejiang,温州市,Wenzhou,2014,https://www.wzszyy.cn/news/1374-290.html
LE001264,温州市中心医院,,general_hospital,浙江省,Zhejiang,温州市,Wenzhou,2014,https://www.wzhosp.com/news/1230-1.html
LE001265,温州市中西医结合医院,,traditional_chinese_and_western_medicine_hospital,浙江省,Zhejiang,温州市,Wenzhou,2014,https://www.wzszxy.com/profile/1256.html
LE001266,温州市人民医院,温州市人民医院(娄桥院区),general_hospital,浙江省,Zhejiang,温州市,Wenzhou,2014,https://csp.ncmi.cn/WebManage/StrokeRecognition/CzdtUUDetailWeb?uid=26899
LE001267,瑞安市人民医院,,general_hospital,浙江省,Zhejiang,温州市,Wenzhou,2021,https://hznews.hangzhou.com.cn/chengshi/content/2021-06/21/content_7989853.htm
LE001269,湖州市中心医院,浙江大学湖州医院,general_hospital,浙江省,Zhejiang,湖州市,Huzhou,2014,https://www.nhc.gov.cn/yzygj/s10347/200912/0ac79b8edfa84d10a407a89fbd27bedf.shtml
LE001270,湖州市中医院,,traditional_chinese_medicine_hospital,浙江省,Zhejiang,湖州市,Huzhou,2014,https://www.dayi.org.cn/hospital/1134225
LE001272,湖州市第一人民医院,,general_hospital,浙江省,Zhejiang,湖州市,Huzhou,2021,https://hznews.hangzhou.com.cn/chengshi/content/2021-06/21/content_7989853.htm
LE001273,湖州市第三人民医院,,specialized_hospital,浙江省,Zhejiang,湖州市,Huzhou,2014,https://www.nhc.gov.cn/yzygj/s10347/200912/0ac79b8edfa84d10a407a89fbd27bedf.shtml
LE001274,新昌县中医院,,traditional_chinese_medicine_hospital,浙江省,Zhejiang,绍兴市,Shaoxing,2014,https://tidenews.com.cn/news.html?id=2619249
LE001275,绍兴市上虞区中医医院,绍兴市上虞区中医院,traditional_chinese_medicine_hospital,浙江省,Zhejiang,绍兴市,Shaoxing,2014,https://www.syzyy.com/newsinfo.aspx?rid=991
LE001276,绍兴市中医院,,traditional_chinese_medicine_hospital,浙江省,Zhejiang,绍兴市,Shaoxing,2014,https://www.pharnexcloud.com/data/zcfg_c45e02090fe4904ba624447cc046a9c7.html
LE001277,绍兴市人民医院,,general_hospital,浙江省,Zhejiang,绍兴市,Shaoxing,2014,https://www.nhc.gov.cn/yzygj/s10347/200912/0ac79b8edfa84d10a407a89fbd27bedf.shtml
LE001279,绍兴市第七人民医院,,specialized_hospital,浙江省,Zhejiang,绍兴市,Shaoxing,2014,https://sxdqyy.com/home/yyjj/list
LE001280,诸暨市中医医院,诸暨市中医医院(浣东新院),traditional_chinese_medicine_hospital,浙江省,Zhejiang,绍兴市,Shaoxing,2021,https://www.zjzyyy.cn/home/details/1711?ClassID=115&Contents=3
LE001281,诸暨市人民医院,,general_hospital,浙江省,Zhejiang,绍兴市,Shaoxing,2022,https://www.haodf.com/hospital/3075.html
LE001282,舟山医院,,general_hospital,浙江省,Zhejiang,舟山市,Zhoushan,2015,https://www.dayi.org.cn/hospital/1127082
LE001283,舟山市中医院,舟山市中医骨伤联合医院,traditional_chinese_medicine_hospital,浙江省,Zhejiang,舟山市,Zhoushan,2014,https://s.dayi.org.cn/mip/s/hospital/1125775.html
LE001285,衢州市中医医院,衢州市中医院,traditional_chinese_medicine_hospital,浙江省,Zhejiang,衢州市,Quzhou,2014,https://www.qzszyy.com/home/list/001/43
LE001286,衢州市人民医院,,general_hospital,浙江省,Zhejiang,衢州市,Quzhou,2014,https://www.servechina.com.cn/newsin/780.html
LE001287,东阳市人民医院,,general_hospital,浙江省,Zhejiang,金华市,Jinhua,2020,https://www.dongyang.gov.cn/art/2025/6/20/art_1229882188_59710784.html
LE001288,义乌市中医医院,义乌市中医院,traditional_chinese_medicine_hospital,浙江省,Zhejiang,金华市,Jinhua,2014,https://www.ywzyy.com/History/index.aspx
LE001290,金华市中医医院,金华市中医院,traditional_chinese_medicine_hospital,浙江省,Zhejiang,金华市,Jinhua,2014,https://www.nhc.gov.cn/yzygj/s10347/200912/0ac79b8edfa84d10a407a89fbd27bedf.shtml
LE001291,金华市中心医院,,general_hospital,浙江省,Zhejiang,金华市,Jinhua,2014,https://www.nhc.gov.cn/yzygj/s10347/200912/0ac79b8edfa84d10a407a89fbd27bedf.shtml
LE001292,金华市第二医院,,specialized_hospital,浙江省,Zhejiang,金华市,Jinhua,2014,https://www.dayi.org.cn/hospital/1128030
LE001293,三亚市中医院,,traditional_chinese_medicine_hospital,海南省,Hainan,三亚市,Sanya,2014,https://www.syszhy.cn/col.jsp?id=363
LE001294,三亚市人民医院,四川大学华西三亚医院;海南省南部区域医疗中心,general_hospital,海南省,Hainan,三亚市,Sanya,2016,https://csp.ncmi.cn/UsersInfo/UserUnit/UserUnitDetailWeb?uid=02867
LE001296,三亚中心医院,海南省第三人民医院,general_hospital,海南省,Hainan,三亚市,Sanya,2014,https://ws.sanya.gov.cn/wjwsite/xsdw/202111/343a54d12a8f4f158991eed329ffbc14.shtml
LE001298,儋州市人民医院,海南医科大学附属儋州市人民医院,general_hospital,海南省,Hainan,儋州市,Danzhou,2018,https://m.hnsdzsrmyy.com/introduce
LE001299,海南西部中心医院,,general_hospital,海南省,Hainan,儋州市,Danzhou,2020,https://www.hi.chinanews.com.cn/hnnew/2021-01-25/4_131573.html
LE001300,文昌市人民医院,,general_hospital,海南省,Hainan,文昌市,Wenchang,2020,https://docs.cn-healthcare.com/sharedoc/src_files/20220304/84fbddbfeb684666a1c9ece98f931fd4.pdf
LE001302,海南医学院第一附属医院,海南医科大学第一附属医院,general_hospital,海南省,Hainan,海口市,Haikou,2014,https://www.hyyfyuan.cn/ygb/jzlm/xwdt/yyjj.htm
LE001303,海南医学院第二附属医院,海南医科大学第二附属医院;海南医学院附属农垦总医院;海南省农垦总局医院,general_hospital,海南省,Hainan,海口市,Haikou,2014,https://www.dayi.org.cn/hospital/1138747.html
LE001304,海南现代妇女儿童医院,海南现代妇女儿童医院(秀英院区);海南现代妇婴医院,specialized_hospital,海南省,Hainan,海口市,Haikou,2020,https://www.hnxd.org/list-yyjj.html
LE001306,海南省中医院,海南省中医院(江东新院区);广州中医药大学附属海南中医院;广东省中医院海南医院,traditional_chinese_medicine_hospital,海南省,Hainan,海口市,Haikou,2014,https://www.gdszyyhnyy.cn/col.jsp?id=331
LE001307,海南省人民医院,,general_hospital,海南省,Hainan,海口市,Haikou,2014,https://csp.ncmi.cn/UsersInfo/UserUnit/UserUnitDetailWeb?uid=00285
LE001309,海口市中医医院,,traditional_chinese_medicine_hospital,海南省,Hainan,海口市,Haikou,2014,https://s.dayi.org.cn/mip/s/hospital/1134520.html
LE001310,海口市人民医院,,general_hospital,海南省,Hainan,海口市,Haikou,2014,https://hnrczpw.pzhl.net/index.php/exam/notice/?EXAMID=4065&doc_id=5634
LE001312,琼海市中医院,,traditional_chinese_medicine_hospital,海南省,Hainan,琼海市,Qionghai,2014,https://jobcareer.sdu.edu.cn/eweb/jygl/index.so?id=DzLRLBRzu8vEFgke6ySkwN&modcode=jygl_zpxxck&subsyscode=zpfw&type=ssoViewZpxx
LE001313,琼海市人民医院,海南省东部中心医院;海南医科大学附属琼海市人民医院,general_hospital,海南省,Hainan,琼海市,Qionghai,2018,https://www.qhrmyy.cn/sys-nd/209.html
LE001314,仙桃市中医院,,traditional_chinese_medicine_hospital,湖北省,Hubei,仙桃市,Xiantao,2014,https://yyk.jianke.com/990239/detail
LE001315,仙桃市第一人民医院,,general_hospital,湖北省,Hubei,仙桃市,Xiantao,2022,https://wjw.hubei.gov.cn/zfxxgk/zc/gkwj/ywh/202203/t20220316_4043819.shtml
LE001316,十堰市中医医院,,general_hospital,湖北省,Hubei,十堰市,Shiyan,2014,https://s.dayi.org.cn/mip/s/hospital/1132874.html
LE001317,十堰市中西医结合医院,,general_hospital,湖北省,Hubei,十堰市,Shiyan,2014,https://www.shiyanzxy.com/a/01/yiyuanlishi/
LE001318,十堰市人民医院,,general_hospital,湖北省,Hubei,十堰市,Shiyan,2014,https://s.dayi.org.cn/mip/s/hospital/1132873.html
LE001319,十堰市太和医院,,general_hospital,湖北省,Hubei,十堰市,Shiyan,2014,https://mp.weixin.qq.com/s/2-CUYkggANKHiCLr9QSIvg
LE001321,国药东风总医院,,general_hospital,湖北省,Hubei,十堰市,Shiyan,2014,https://www.dayi.org.cn/hospital/1156899?from=sg
LE001322,咸宁学院附属第一医院,,general_hospital,湖北省,Hubei,咸宁市,Xianning,2014,https://www.56iq.com/newsshow.aspx?id=1121
LE001323,天门市中医院,,traditional_chinese_medicine_hospital,湖北省,Hubei,天门市,Tianmen,2014,https://tmrb.tmwcn.com/tmrb/20200115/html/content_20200115003002.htm
LE001324,天门市第一人民医院,,general_hospital,湖北省,Hubei,天门市,Tianmen,2014,https://news.cjn.cn/csqlb/201109/t1522207.htm
LE001325,华中科技大学同济医院附属孝感医院,,general_hospital,湖北省,Hubei,孝感市,Xiaogan,2014,https://www.xgszxyy.cn/view_318.html
LE001326,武汉大学人民医院汉川医院,,general_hospital,湖北省,Hubei,孝感市,Xiaogan,2021,https://wjw.hubei.gov.cn/bmdt/mtjj/mtgz/202109/t20210918_3770144.shtml
LE001327,三峡大学仁和医院,,general_hospital,湖北省,Hubei,宜昌市,Yichang,2018,https://m.baike.com/wikiid/4660173165184575638?anchor=3&view_id=24kljgmzn92800
LE001328,国药葛洲坝中心医院,三峡大学葛洲坝中心医院,general_hospital,湖北省,Hubei,宜昌市,Yichang,2014,https://s.dayi.org.cn/mip/s/hospital/1132872.html
LE001329,宜昌市中医医院,,traditional_chinese_medicine_hospital,湖北省,Hubei,宜昌市,Yichang,2014,https://www.gaoxiaojob.com/announcement/detail/193198.html
LE001330,宜昌市中心人民医院,宜昌市第一人民医院,general_hospital,湖北省,Hubei,宜昌市,Yichang,2014,https://www.cnhubei.com/xwzt/2018/ycyy/
LE001332,宜昌市第二人民医院,,general_hospital,湖北省,Hubei,宜昌市,Yichang,2017,https://www.cn-healthcare.com/article/20171225/content-498572.html
LE001333,利川市民族中医院,,traditional_chinese_medicine_hospital,湖北省,Hubei,恩施土家族苗族自治州,Enshi Tujia and Miao Autonomous Prefecture,2014,https://sxyy.cqu.edu.cn/ksdh/yljt/swyljtdw/hbslcsmzzyy1.htm
LE001334,建始县中医院,,traditional_chinese_medicine_hospital,湖北省,Hubei,恩施土家族苗族自治州,Enshi Tujia and Miao Autonomous Prefecture,2014,https://lzb1980.com/html/art2017328art_15210_1242082.html
LE001335,恩施土家族苗族自治州中心医院,恩施土家族苗族自治州中心医院(中医部院区);恩施土家族苗族自治州中心医院(西医部院区);恩施土家族苗族自治州中心医院妇儿医院(金龙院区),general_hospital,湖北省,Hubei,恩施土家族苗族自治州,Enshi Tujia and Miao Autonomous Prefecture,2014,https://www.es9e.cn/info/1027/9878.htm
LE001338,湖北民族学院附属民大医院,,general_hospital,湖北省,Hubei,恩施土家族苗族自治州,Enshi Tujia and Miao Autonomous Prefecture,2015,https://wjw.hubei.gov.cn/zfxxgk/fdzdgknr/czzj/czyjs/202103/t20210315_3401330.shtml
LE001342,华中科技大学同济医学院附属协和医院,华中科技大学同济医学院附属协和医院(车谷院区);华中科技大学同济医学院附属协和医院(金银湖院区​),general_hospital,湖北省,Hubei,武汉市,Wuhan,2014,https://news.hust.edu.cn/info/1012/44630.htm
LE001343,华中科技大学同济医学院附属梨园医院,,general_hospital,湖北省,Hubei,武汉市,Wuhan,2020,https://www.liyuanhospital.com/view/3102.html
LE001344,武汉市精神卫生中心,华中科技大学同济医学院附属精神病医院,specialized_hospital,湖北省,Hubei,武汉市,Wuhan,2014,https://www.chinapsy.com/list_1.html
LE001345,华润武钢总医院,,general_hospital,湖北省,Hubei,武汉市,Wuhan,2014,https://www.dayi.org.cn/hospital/1132864
LE001346,武汉亚洲心脏病医院,,specialized_hospital,湖北省,Hubei,武汉市,Wuhan,2018,https://hkam-group.com/zh-CN/hospitals?id=26
LE001347,武汉大学中南医院,,general_hospital,湖北省,Hubei,武汉市,Wuhan,2014,https://www.dayi.org.cn/hospital/1132854
LE001348,武汉大学人民医院,武汉大学人民医院(东院);武汉大学人民医院(洪山院区),general_hospital,湖北省,Hubei,武汉市,Wuhan,2014,https://cn.govopendata.com/renminribao/2000/10/27/8/
LE001350,武汉大学口腔医院,,specialized_hospital,湖北省,Hubei,武汉市,Wuhan,2014,https://www.dayi.org.cn/hospital/1132855.html
LE001352,武汉市中医医院,,traditional_chinese_medicine_hospital,湖北省,Hubei,武汉市,Wuhan,2014,https://www.hanyang.gov.cn/zwgk_38/xxgkml/gysyjs/ylws/jkkpzs/202112/t20211229_1884013.shtml
LE001353,武汉市中心医院,武汉市中心医院(后湖院区),general_hospital,湖北省,Hubei,武汉市,Wuhan,2014,https://www.whcbs.com/Upload/BookReadFile/202002/75e6b24bcfed406eba0fc6c90d41a0d2.pdf
LE001355,武汉儿童医院,武汉市妇女儿童医疗保健中心,specialized_hospital,湖北省,Hubei,武汉市,Wuhan,2014,https://www.zgwhfe.com/zwz/yygk1/ysjj1
LE001356,武汉市普仁医院,,general_hospital,湖北省,Hubei,武汉市,Wuhan,2017,https://y.dxy.cn/v2/hospital/280
LE001357,武汉市第一医院,武汉市第一医院(盘龙城院区),traditional_chinese_and_western_medicine_hospital,湖北省,Hubei,武汉市,Wuhan,2014,https://www.whyyy.com/yygk/lsyg
LE001358,武汉市第三医院,武汉市第三医院光谷院区,general_hospital,湖北省,Hubei,武汉市,Wuhan,2014,https://www.whsyy.net/list_1.html
LE001359,武汉市第五医院,,general_hospital,湖北省,Hubei,武汉市,Wuhan,2014,https://www.nhc.gov.cn/tigs/s10006/201212/a41ee332e4094084b71c5e0380c5b7f9.shtml
LE001360,武汉市第四医院,武汉市第四医院(古田院区);武汉市第四医院(常青院区);武汉第四医院,general_hospital,湖北省,Hubei,武汉市,Wuhan,2014,https://www.puaihospital.cn/list/3.html
LE001362,武汉市黄陂区中医院,,traditional_chinese_medicine_hospital,湖北省,Hubei,武汉市,Wuhan,2014,https://wjw.hubei.gov.cn/bmdt/ywdt/zyzy/201910/t20191030_154103.shtml
LE001363,武汉科技大学附属天佑医院,,general_hospital,湖北省,Hubei,武汉市,Wuhan,2014,https://wjw.hubei.gov.cn/zfxxgk/fdzdgknr/czzj/czyjs/202103/t20210315_3401161.shtml
LE001366,湖北六七二中西医结合骨科医院,,specialized_hospital,湖北省,Hubei,武汉市,Wuhan,2021,https://zs.whsu.edu.cn/info/1070/6277.htm
LE001367,湖北省中医院,湖北省中医院光谷院区,traditional_chinese_medicine_hospital,湖北省,Hubei,武汉市,Wuhan,2014,https://cn.linkedin.com/company/%E6%B9%96%E5%8C%97%E7%9C%81%E4%B8%AD%E5%8C%BB%E9%99%A2
LE001368,湖北省中西医结合医院,,traditional_chinese_and_western_medicine_hospital,湖北省,Hubei,武汉市,Wuhan,2015,https://www.dayi.org.cn/hospital/1128014
LE001370,湖北省第三人民医院,,general_hospital,湖北省,Hubei,武汉市,Wuhan,2014,https://hb3rm.com/list/5.html
LE001371,湖北省肿瘤医院,,specialized_hospital,湖北省,Hubei,武汉市,Wuhan,2014,https://www.hbch.com.cn/archive/2-41-3007.html
LE001372,中国石化集团江汉石油管理局中心医院(广华),,general_hospital,湖北省,Hubei,潜江市,Qianjiang,2014,https://www.qjsjhytzyy.cn/1633.html
LE001373,潜江市中心医院,,general_hospital,湖北省,Hubei,潜江市,Qianjiang,2021,https://wjw.hubei.gov.cn/bmdt/ywdt/yzyg/202102/t20210226_3365046.shtml
LE001374,公安县中医院,,traditional_chinese_medicine_hospital,湖北省,Hubei,荆州市,Jingzhou,2014,https://wjw.hubei.gov.cn/bmdt/ywdt/zyzy/201910/t20191030_154103.shtml
LE001375,华中科技大学同济医学院附属荆州医院,华中科技大学同济医学院附属荆州医院(荆北院区),traditional_chinese_medicine_hospital,湖北省,Hubei,荆州市,Jingzhou,2014,https://www.dayi.org.cn/hospital/1132870
LE001376,洪湖市中医院,,traditional_chinese_medicine_hospital,湖北省,Hubei,荆州市,Jingzhou,2014,https://wjw.hubei.gov.cn/bmdt/ywdt/zyzy/201910/t20191030_154103.shtml
LE001377,监利县人民医院,,general_hospital,湖北省,Hubei,荆州市,Jingzhou,2022,https://wjw.hubei.gov.cn/zfxxgk/zc/gkwj/ywh/202203/t20220316_4043819.shtml
LE001378,荆州市中医院,,traditional_chinese_medicine_hospital,湖北省,Hubei,荆州市,Jingzhou,2014,https://www.mebo.com/Detail/index/sign/48ff49f8f48b13b1909eda7473f31577
LE001379,荆州市第一人民医院,荆州市第一人民医院(西院);荆州市第一人民医院新城院区(北院),general_hospital,湖北省,Hubei,荆州市,Jingzhou,2014,https://news.hubeidaily.net/mobile/c_5491792.html
LE001382,荆门市中医医院,荆门市石化医院,traditional_chinese_medicine_hospital,湖北省,Hubei,荆门市,Jingmen,2014,https://www.dayi.org.cn/hospital/1132844.html
LE001383,荆门市中心医院,荆门市中心医院(南院区);荆门市第一人民医院,general_hospital,湖北省,Hubei,荆门市,Jingmen,2014,https://s.dayi.org.cn/mip/s/hospital/1137321.html
LE001384,荆门市人民医院,荆门市第二人民医院,general_hospital,湖北省,Hubei,荆门市,Jingmen,2014,https://m.hb.huatu.com/sydw/414043.html
LE001385,钟祥市中医院,,traditional_chinese_medicine_hospital,湖北省,Hubei,荆门市,Jingmen,2014,https://wjw.hubei.gov.cn/bmdt/ywdt/zyzy/201910/t20191030_154103.shtml
LE001386,钟祥市人民医院,,general_hospital,湖北省,Hubei,荆门市,Jingmen,2022,https://wjw.hubei.gov.cn/zfxxgk/zc/gkwj/ywh/202203/t20220316_4043819.shtml
LE001387,枣阳市第一人民医院,,general_hospital,湖北省,Hubei,襄阳市,Xiangyang,2021,https://wjw.hubei.gov.cn/bmdt/ywdt/yzyg/202102/t20210226_3365046.shtml
LE001388,襄阳市中医院,,traditional_chinese_medicine_hospital,湖北省,Hubei,襄阳市,Xiangyang,2014,https://www.mebo.com/Detail/index/sign/448adb46a89bae337a779daf99bb1d2f
LE001389,襄阳市中心医院,,general_hospital,湖北省,Hubei,襄阳市,Xiangyang,2014,https://www.cntv.cn/program/sh/20051115/100640.shtml
LE001390,襄阳市第一人民医院,,general_hospital,湖北省,Hubei,襄阳市,Xiangyang,2014,https://xy.cnhubei.com/dhpl/201805/t4117086.shtml
LE001391,鄂州市中医院,,traditional_chinese_medicine_hospital,湖北省,Hubei,鄂州市,Ezhou,2014,https://www.cnhubei.com/xwzt/2013/jkws/myjg/ssyy/201301/t2432263.shtml
LE001392,鄂州市中心医院,鄂州市中心医院(临空院区),general_hospital,湖北省,Hubei,鄂州市,Ezhou,2014,https://www.ezszxyy.com/index.php/suohuorongyu/
LE001393,随州市中医医院,随州市中医医院(涢水院区);随州市中医院,traditional_chinese_medicine_hospital,湖北省,Hubei,随州市,Suizhou,2014,https://www.cnhubei.com/szzx/p/13097297.html
LE001395,随州市中心医院,随州市中心医院(文帝院区),general_hospital,湖北省,Hubei,随州市,Suizhou,2017,https://www.szch.cn/about/1.html
LE001396,黄冈市中医院,,traditional_chinese_medicine_hospital,湖北省,Hubei,黄冈市,Huanggang,2014,https://www.ynxzy.com/view/mainwaphlx/30/777/view/10632.html
LE001397,黄冈市中心医院,黄冈市中心医院(新院区),specialized_hospital,湖北省,Hubei,黄冈市,Huanggang,2014,https://s.dayi.org.cn/mip/s/hospital/1131823.html
LE001399,黄石市中医院,,traditional_chinese_medicine_hospital,湖北省,Hubei,黄石市,Huangshi,2014,https://www.hszyyy.com/index_id_400_p_s.html
LE001400,黄石市中心医院,黄石市中心医院(黄金山院区),general_hospital,湖北省,Hubei,黄石市,Huangshi,2014,https://www.tjh.com.cn/Content/95860420.html
LE001402,黄石爱康医院,,general_hospital,湖北省,Hubei,黄石市,Huangshi,2017,https://aikanggroup.com/news/dynamics/2078.html
LE001403,娄底市中医院,,traditional_chinese_medicine_hospital,湖南省,Hunan,娄底市,Loudi,2019,https://s.dayi.org.cn/mip/s/hospital/1140438.html
LE001404,娄底市中心医院,,general_hospital,湖南省,Hunan,娄底市,Loudi,2024,https://wjw.hunan.gov.cn/wjw/xxgk/tzgg/202405/t20240514_33301342.html
LE001405,岳阳市中医院,,traditional_chinese_medicine_hospital,湖南省,Hunan,岳阳市,Yueyang,2014,https://www.yueyang.gov.cn/zwdt/content_1459744.html
LE001406,岳阳市中心医院,,general_hospital,湖南省,Hunan,岳阳市,Yueyang,2014,https://wsj.yueyang.gov.cn/11102/11104/content_1914136.html
LE001408,岳阳市人民医院,岳阳市第二人民医院,general_hospital,湖南省,Hunan,岳阳市,Yueyang,2017,https://wjw.hunan.gov.cn/xxgk/tzgg/201701/t20170123_4020844.html
LE001409,常德市第一中医院,常德市第一中医院新院区,traditional_chinese_medicine_hospital,湖南省,Hunan,常德市,Changde,2014,https://www.cd120.com.cn/xwdt_mtjj/3393.html
LE001410,常德市第一人民医院,,general_hospital,湖南省,Hunan,常德市,Changde,2014,https://www.sohu.com/a/277240407_645214
LE001411,张家界中医院,,traditional_chinese_medicine_hospital,湖南省,Hunan,张家界市,Zhangjiajie,2014,https://www.zjjszyyy.com/infoshow.asp?nid=2369
LE001412,张家界市人民医院,张家界市人民医院(沙堤院区),general_hospital,湖南省,Hunan,张家界市,Zhangjiajie,2018,https://www.dayi.org.cn/hospital/1133062.html
LE001413,怀化市中医院,,traditional_chinese_medicine_hospital,湖南省,Hunan,怀化市,Huaihua,2014,https://www.huaihua.gov.cn/huaihua/c100227/202005/5aa8bd536fb84bbcafc0a7c0fd3bb394.shtml
LE001414,湖南医药学院总医院,怀化市第一人民医院,general_hospital,湖南省,Hunan,怀化市,Huaihua,2014,https://rst.hunan.gov.cn/rst/xxgk/zpzl/sydwzp/202308/t20230829_29471582.html
LE001415,湖南医药学院第一附属医院,,general_hospital,湖南省,Hunan,怀化市,Huaihua,2017,https://wjw.hunan.gov.cn/wjw/xxgk/tzgg/201710/t20171016_4596427.html
LE001416,株洲市中医伤科医院,,specialized_hospital,湖南省,Hunan,株洲市,Zhuzhou,2014,https://wap.xinmin.cn/content/19733428.html
LE001417,株洲市中心医院,株洲市中心医院(田心院区),general_hospital,湖南省,Hunan,株洲市,Zhuzhou,2014,https://s.dayi.org.cn/mip/s/hospital/1155965.html
LE001419,湖南省直中医院,,traditional_chinese_medicine_hospital,湖南省,Hunan,株洲市,Zhuzhou,2014,https://s.dayi.org.cn/mip/s/hospital/1127162.html
LE001420,醴陵市中医院,,traditional_chinese_medicine_hospital,湖南省,Hunan,株洲市,Zhuzhou,2016,https://m.youlai.cn/yyk/hospindex/1644/hospintro.html
LE001421,永州市中医院,,traditional_chinese_medicine_hospital,湖南省,Hunan,永州市,Yongzhou,2014,https://hbj.yzcity.gov.cn/hbj/031002/202308/bb5660c9abf744759734429633d9fef1/files/12eba9abe0cf4950b536d35e7c24aefe.pdf
LE001422,永州市中心医院,永州市中心医院(冷水滩院区);永州市中心医院(零陵院区),general_hospital,湖南省,Hunan,永州市,Yongzhou,2014,https://www.hnsyzszxyy.com/bnyy/info_58.aspx?itemid=627
LE001424,湘潭市中心医院,湘潭市中心医院(南院区),general_hospital,湖南省,Hunan,湘潭市,Xiangtan,2014,https://www.a-hospital.com/w/%E6%B9%98%E6%BD%AD%E5%B8%82%E4%B8%89%E7%BA%A7%E7%94%B2%E7%AD%89%E5%8C%BB%E9%99%A2%E5%88%97%E8%A1%A8
LE001425,湘潭市第一人民医院,,general_hospital,湖南省,Hunan,湘潭市,Xiangtan,2018,https://www.hunantoday.cn/news/xhn/201808/14616161.html
LE001426,湘西土家族苗族自治州民族中医院,,traditional_chinese_medicine_hospital,湖南省,Hunan,湘西土家族苗族自治州,Xiangxi Tujia and Miao Autonomous Prefecture,2014,https://yixueyuan.jsu.edu.cn/xydt/c066f86408a24c4eb33d86d175a9b185.htm
LE001427,湘西土家族苗族自治州人民医院,湘西自治州人民医院,general_hospital,湖南省,Hunan,湘西土家族苗族自治州,Xiangxi Tujia and Miao Autonomous Prefecture,2017,https://www.dayi.org.cn/hospital/1133084.html
LE001428,益阳市中心医院,,general_hospital,湖南省,Hunan,益阳市,Yiyang,2014,https://www.dayi.org.cn/hospital/1133094.html
LE001429,益阳市第一中医医院,,traditional_chinese_medicine_hospital,湖南省,Hunan,益阳市,Yiyang,2014,https://startup.aliyun.com/city/xt/industry-news/1590594192902082561.html
LE001431,南华大学附属南华医院,,general_hospital,湖南省,Hunan,衡阳市,Hengyang,2014,https://www.hunan.gov.cn/xxgk/tzgg/szbm/201212/t20121210_4861692.html
LE001432,南华大学附属第一医院,,general_hospital,湖南省,Hunan,衡阳市,Hengyang,2014,https://www.nhfyyy.com/dzb/survey.html
LE001433,南华大学附属第二医院,,general_hospital,湖南省,Hunan,衡阳市,Hengyang,2014,https://yxy.usc.edu.cn/xygk/fzlc1.htm
LE001434,衡阳市中医院,,traditional_chinese_medicine_hospital,湖南省,Hunan,衡阳市,Hengyang,2014,https://www.dayi.org.cn/hospital/1127159.html
LE001435,衡阳市中心医院,衡阳市中心医院华新院区,general_hospital,湖南省,Hunan,衡阳市,Hengyang,2014,https://www.hyszxyy.com/m/about?id=1&typeid=2
LE001437,邵阳学院附属第一医院,,general_hospital,湖南省,Hunan,邵阳市,Shaoyang,2018,https://m.thepaper.cn/newsDetail_forward_10250272
LE001438,邵阳市中医院,,traditional_chinese_medicine_hospital,湖南省,Hunan,邵阳市,Shaoyang,2014,https://tjj.hunan.gov.cn/tjfx/sxfx/sys/201507/t20150717_3804300.html
LE001439,邵阳市中心医院,,general_hospital,湖南省,Hunan,邵阳市,Shaoyang,2014,https://csp.ncmi.cn/UsersInfo/UserUnit/UserUnitDetailWeb?uid=00365
LE001440,邵阳市中西医结合医院,,traditional_chinese_medicine_hospital,湖南省,Hunan,邵阳市,Shaoyang,2014,https://www.shaoyang.gov.cn/shaoyang/bumyjshsgjf/202309/5b38074de8884862a8ffb78bfd290b9b.shtml
LE001442,湘南学院附属医院,,general_hospital,湖南省,Hunan,郴州市,Chenzhou,2017,https://s.dayi.org.cn/mip/s/hospital/829.html
LE001443,郴州市中医院,,traditional_chinese_medicine_hospital,湖南省,Hunan,郴州市,Chenzhou,2014,https://tjj.hunan.gov.cn/m/sxfx/201603/t20160314_3808387.html
LE001444,郴州市第一人民医院,郴州市第一人民医院南院,general_hospital,湖南省,Hunan,郴州市,Chenzhou,2014,https://www.czdyhospital.cn/czhospital/yygk
LE001446,中南大学湘雅三医院,,general_hospital,湖南省,Hunan,长沙市,Changsha,2014,https://proxy3.xy3yy.com/news/zhxw/3964.html
LE001447,中南大学湘雅二医院,,general_hospital,湖南省,Hunan,长沙市,Changsha,2014,https://xysm.csu.edu.cn/info/1045/6929.htm
LE001448,湖南省肿瘤医院,中南大学湘雅医学院附属肿瘤医院,specialized_hospital,湖南省,Hunan,长沙市,Changsha,2014,https://s.dayi.org.cn/mip/s/hospital/1155967.html
LE001449,中南大学湘雅医院,,general_hospital,湖南省,Hunan,长沙市,Changsha,2014,https://xysm.csu.edu.cn/info/1045/6929.htm
LE001452,湖南中医药大学第一附属医院,,general_hospital,湖南省,Hunan,长沙市,Changsha,2014,https://www.hnucm.edu.cn/info/1023/1121.htm
LE001453,湖南中医药大学第二附属医院,,traditional_chinese_medicine_hospital,湖南省,Hunan,长沙市,Changsha,2014,https://www.dayi.org.cn/hospital/1127161.html
LE001454,湖南省中西医结合医院,湖南中医药大学附属中西医结合医院,general_hospital,湖南省,Hunan,长沙市,Changsha,2014,https://www.zyyfy.com/zyyy_index/article_17373_1.shtml
LE001455,湖南旺旺医院,,general_hospital,湖南省,Hunan,长沙市,Changsha,2024,https://www.sohu.com/a/830137936_374113
LE001456,湘雅博爱康复医院,湖南湘雅博爱康复医院,general_hospital,湖南省,Hunan,长沙市,Changsha,2019,https://www.xyrehab.com/dsj.html
LE001457,湖南省人民医院,湖南省人民医院(马王堆院区),general_hospital,湖南省,Hunan,长沙市,Changsha,2014,https://www.hnsrmyy.com/index.php?catid=274
LE001458,湖南省儿童医院,,specialized_hospital,湖南省,Hunan,长沙市,Changsha,2014,https://sthjt.hunan.gov.cn/uploadfiles/201509/20150908145421159.PDF
LE001460,湖南省脑科医院,湖南省第二人民医院,general_hospital,湖南省,Hunan,长沙市,Changsha,2024,https://wjw.hunan.gov.cn/wjw/xxgk/tzgg/202401/t20240130_32638885.html
LE001461,湖南省胸科医院,湖南省结核病防治所,specialized_hospital,湖南省,Hunan,长沙市,Changsha,2015,https://m.baike.com/wikiid/8466672217086299066?prd=mobile&view_id=4cgz6avsh8o000
LE001462,长沙市中医医院,长沙市中医院;长沙市八医院(市中医医院),traditional_chinese_medicine_hospital,湖南省,Hunan,长沙市,Changsha,2014,https://s.dayi.org.cn/mip/s/hospital/1132019.html
LE001463,长沙市中心医院,,general_hospital,湖南省,Hunan,长沙市,Changsha,2014,https://news.sina.cn/sa/2014-03-10/detail-ikmyaawa5787994.d.html
LE001466,长沙市第一医院,长沙市第一医院北院,general_hospital,湖南省,Hunan,长沙市,Changsha,2014,https://s.dayi.org.cn/mip/s/hospital/1133080.html
LE001468,长沙市第三医院,,general_hospital,湖南省,Hunan,长沙市,Changsha,2019,https://hunan.voc.com.cn/mobile/article/201908/201908200904533524.html
LE001469,长沙市第四医院,长沙市第四医院(滨水新城院区),traditional_chinese_and_western_medicine_hospital,湖南省,Hunan,长沙市,Changsha,2021,https://www.hunantoday.cn/news/xhn/202406/20156752.html
LE001470,临夏州人民医院,,general_hospital,甘肃省,Gansu,临夏回族自治州,Linxia Hui Autonomous Prefecture,2020,https://www.thepaper.cn/newsDetail_forward_10311679
LE001474,兰州大学口腔医院,,specialized_hospital,甘肃省,Gansu,兰州市,Lanzhou,2017,https://jwc.lzu.edu.cn/jwc/upload/files/N20230524093809.pdf
LE001475,兰州大学第一医院,兰州大学第一附属医院,general_hospital,甘肃省,Gansu,兰州市,Lanzhou,2014,https://www.nhc.gov.cn/yzygj/s10347/200911/a4005a646970451f85c30339aae81197.shtml
LE001476,兰州大学第二医院,兰州大学第二附属医院,general_hospital,甘肃省,Gansu,兰州市,Lanzhou,2014,https://www.lzush.com.cn/Item/7822.aspx
LE001477,兰州市第一人民医院,,general_hospital,甘肃省,Gansu,兰州市,Lanzhou,2014,https://csp.ncmi.cn/WebManage/StrokeRecognition/CzdtUUDetailWeb?uid=03350
LE001478,兰州市第三人民医院,,specialized_hospital,甘肃省,Gansu,兰州市,Lanzhou,2022,https://www.lzmhc.com/print-2c210d79874141d59e7ff5e41f6e900d.htm
LE001479,兰州市第二人民医院,,general_hospital,甘肃省,Gansu,兰州市,Lanzhou,2020,https://www.thepaper.cn/newsDetail_forward_10311679
LE001480,甘肃中医药大学附属医院,,traditional_chinese_medicine_hospital,甘肃省,Gansu,兰州市,Lanzhou,2014,https://zyygl.gansu.gov.cn/zyygl/c119580/202511/174245639.shtml
LE001481,甘肃康复中心医院,,specialized_hospital,甘肃省,Gansu,兰州市,Lanzhou,2014,https://news.sina.com.cn/o/2009-02-20/084215193112s.shtml
LE001482,甘肃省中医院,,traditional_chinese_medicine_hospital,甘肃省,Gansu,兰州市,Lanzhou,2014,https://www.gsdfszw.org.cn/zhy/gssjzxynj/gsszyyyz/201707/P020170930350582496257.pdf
LE001483,甘肃省人民医院,,general_hospital,甘肃省,Gansu,兰州市,Lanzhou,2014,https://www.nhc.gov.cn/yzygj/s10347/200911/a4005a646970451f85c30339aae81197.shtml
LE001484,甘肃省第二人民医院,,general_hospital,甘肃省,Gansu,兰州市,Lanzhou,2014,https://s.dayi.org.cn/mip/s/hospital/1129602.html
LE001485,甘肃省肿瘤医院,,specialized_hospital,甘肃省,Gansu,兰州市,Lanzhou,2014,https://www.dayi.org.cn/hospital/1130554
LE001486,嘉峪关市第一人民医院,,general_hospital,甘肃省,Gansu,嘉峪关市,Jiayuguan,2021,https://gansu.gscn.com.cn/system/2021/06/07/012597592.shtml
LE001487,天水市中医医院,天水市中医院,traditional_chinese_medicine_hospital,甘肃省,Gansu,天水市,Tianshui,2014,https://tszyyy.cn/shows/30/488.html
LE001488,天水市第一人民医院,,general_hospital,甘肃省,Gansu,天水市,Tianshui,2014,https://www.gsdfszw.org.cn/gssz_58/del_70/tss_242/202011/P020201102570340811451.pdf
LE001489,天水市第二人民医院,天水市中西医结合医院,traditional_chinese_and_western_medicine_hospital,甘肃省,Gansu,天水市,Tianshui,2014,https://www.dayi.org.cn/hospital/954.html
LE001490,定西市人民医院,,general_hospital,甘肃省,Gansu,定西市,Dingxi,2014,https://s.dayi.org.cn/mip/s/hospital/1133929.html
LE001491,甘肃医学院附属医院,平凉市人民医院,general_hospital,甘肃省,Gansu,平凉市,Pingliang,2014,https://gsyxyfsyy.cn/about/intro
LE001492,庆阳市中医医院,庆阳市中医院,traditional_chinese_medicine_hospital,甘肃省,Gansu,庆阳市,Qingyang,2014,https://wsjk.zgqingyang.gov.cn/xwzx/gggs/content_231664
LE001493,庆阳市人民医院,,general_hospital,甘肃省,Gansu,庆阳市,Qingyang,2014,https://y.dxy.cn/hospital/1603
LE001494,河西学院附属张掖人民医院,,general_hospital,甘肃省,Gansu,张掖市,Zhangye,2014,https://www.zhangye.gov.cn/szb/dzdt/dshm/201507/t20150730_51961.html
LE001495,武威市人民医院,,general_hospital,甘肃省,Gansu,武威市,Wuwei,2020,https://www.thepaper.cn/newsDetail_forward_10311679
LE001496,甘肃省武威肿瘤医院,,specialized_hospital,甘肃省,Gansu,武威市,Wuwei,2014,https://static.cninfo.com.cn/finalpage/2016-04-06/1202140053.PDF
LE001497,白银市第一人民医院,,general_hospital,甘肃省,Gansu,白银市,Baiyin,2019,https://www.bydyhos.cn/introduce/
LE001498,酒泉市人民医院,,general_hospital,甘肃省,Gansu,酒泉市,Jiuquan,2014,https://29842318.s21i.faiusr.com/61/ABUIABA9GAAgpfqKugYoidH0cA.pdf
LE001499,金昌市中心医院,金川集团公司职工医院,general_hospital,甘肃省,Gansu,金昌市,Jinchang,2021,https://gansu.gscn.com.cn/system/2021/06/07/012597592.shtml
LE001500,陇南市第一人民医院,,general_hospital,甘肃省,Gansu,陇南市,Longnan,2020,https://www.thepaper.cn/newsDetail_forward_10311679
LE001501,三明市第一医院,,general_hospital,福建省,Fujian,三明市,Sanming,2014,https://www.nhc.gov.cn/yzygj/s10347/200910/9eabfb6adbbe49a49027f7cbe9950c93.shtml
LE001503,南平市第一医院,,general_hospital,福建省,Fujian,南平市,Nanping,2014,https://www.nhc.gov.cn/yzygj/s10347/200910/9eabfb6adbbe49a49027f7cbe9950c93.shtml
LE001504,厦门大学附属中山医院,厦门大学附属中山医院东部分院,general_hospital,福建省,Fujian,厦门市,Xiamen,2014,https://www.nhc.gov.cn/yzygj/s10347/200910/9eabfb6adbbe49a49027f7cbe9950c93.shtml
LE001505,厦门大学附属厦门眼科中心,,specialized_hospital,福建省,Fujian,厦门市,Xiamen,2014,https://www.xiameneye.org.cn/special/bigevent/
LE001507,厦门大学附属翔安医院,,general_hospital,福建省,Fujian,厦门市,Xiamen,2024,https://wjw.fujian.gov.cn/xxgk/fgwj/zxwj/202501/t20250106_6605223.htm
LE001508,厦门市中医院,,traditional_chinese_medicine_hospital,福建省,Fujian,厦门市,Xiamen,2014,https://tradeinservices.mofcom.gov.cn/gjzyy/jd_list.shtml
LE001510,厦门大学附属第一医院,厦门市第一医院,general_hospital,福建省,Fujian,厦门市,Xiamen,2014,https://www.nhc.gov.cn/yzygj/s10347/200910/9eabfb6adbbe49a49027f7cbe9950c93.shtml
LE001511,厦门医学院附属第二医院,厦门市第二医院,general_hospital,福建省,Fujian,厦门市,Xiamen,2015,https://sthjt.fujian.gov.cn/zwgk/gsgg/202007/P020200720330851054814.pdf
LE001512,厦门市仙岳医院,厦门市精神卫生中心;厦门医学院附属仙岳医院,specialized_hospital,福建省,Fujian,厦门市,Xiamen,2014,https://news.zhuyitai.com/16/0601/2499.html
LE001513,厦门长庚医院,,general_hospital,福建省,Fujian,厦门市,Xiamen,2019,https://m.thepaper.cn/newsDetail_forward_9616822
LE001515,宁德市中医院,,traditional_chinese_medicine_hospital,福建省,Fujian,宁德市,Ningde,2014,https://www.pharnexcloud.com/data/zcfg_403b7b6be2c703942f456eb5bb426f92.html
LE001516,宁德市闽东医院,,general_hospital,福建省,Fujian,宁德市,Ningde,2014,https://www.bohe.cn/hospital/928/
LE001517,宁德师范学院附属宁德市医院,,general_hospital,福建省,Fujian,宁德市,Ningde,2014,https://fjwsjk.fjsen.com/2020-11/06/content_30532447.htm
LE001519,晋江市中医院,,traditional_chinese_medicine_hospital,福建省,Fujian,泉州市,Quanzhou,2018,https://wjw.fujian.gov.cn/xxgk/gsgg/tzgg/201803/t20180316_2382385.htm
LE001520,泉州市正骨医院,,specialized_hospital,福建省,Fujian,泉州市,Quanzhou,2014,https://www.qzzg.cn/html/qzzglp/2020/0601/3043.html
LE001521,泉州市中医院,福建中医药大学附属泉州中医院,traditional_chinese_medicine_hospital,福建省,Fujian,泉州市,Quanzhou,2014,https://www.pharnexcloud.com/data/zcfg_403b7b6be2c703942f456eb5bb426f92.html
LE001522,泉州市第一医院,福建医科大学附属泉州第一医院,general_hospital,福建省,Fujian,泉州市,Quanzhou,2017,https://www.quanzhou.gov.cn/zfb/hdjl/zxft/fthf/20140215/
LE001523,福建医科大学附属第二医院,福建医科大学附属第二医院(东海院区);福建医科大学附属第二医院(鲤城院区),general_hospital,福建省,Fujian,泉州市,Quanzhou,2014,https://www.nhc.gov.cn/yzygj/s10347/200910/9eabfb6adbbe49a49027f7cbe9950c93.shtml
LE001525,漳州市中医院,福建中医药大学附属漳州中医院,traditional_chinese_medicine_hospital,福建省,Fujian,漳州市,Zhangzhou,2014,https://zzzyy.com/cms/html/zzszyy/yyjj/index.html
LE001526,漳州市医院,福建医科大学附属漳州市医院,general_hospital,福建省,Fujian,漳州市,Zhangzhou,2014,https://www.nhc.gov.cn/yzygj/s10347/200910/9eabfb6adbbe49a49027f7cbe9950c93.shtml
LE001529,福州市第二总医院,厦门大学附属福州第二医院,traditional_chinese_and_western_medicine_hospital,福建省,Fujian,福州市,Fuzhou,2014,https://www.nhc.gov.cn/yzygj/s10347/200910/9eabfb6adbbe49a49027f7cbe9950c93.shtml
LE001531,福州市中医院,,traditional_chinese_medicine_hospital,福建省,Fujian,福州市,Fuzhou,2014,https://www.fuzhou.gov.cn/zgfzzt/swjw/zfxxgkzl/gkml/yzdgkdqtxx/202005/t20200522_3284869.htm
LE001532,福州市第一医院,,general_hospital,福建省,Fujian,福州市,Fuzhou,2014,https://sthjt.fujian.gov.cn/zwgk/gsgg/202312/P020231212331961668980.pdf
LE001533,福州市第二总医院神经精神病防治院,福州市第四医院,specialized_hospital,福建省,Fujian,福州市,Fuzhou,2014,https://www.mzwu.com/article.asp?id=3122
LE001534,福建中医药大学附属第二人民医院,福建中医学院附属第二人民医院,general_hospital,福建省,Fujian,福州市,Fuzhou,2014,https://www.nhc.gov.cn/yzygj/s10347/200910/9eabfb6adbbe49a49027f7cbe9950c93.shtml
LE001535,福建中医药大学附属康复医院,,specialized_hospital,福建省,Fujian,福州市,Fuzhou,2014,https://www.pharnexcloud.com/data/zcfg_403b7b6be2c703942f456eb5bb426f92.html
LE001536,福建医科大学孟超肝胆医院,福建医科大学孟超肝胆医院(金山院区),specialized_hospital,福建省,Fujian,福州市,Fuzhou,2014,https://www.dayi.org.cn/hospital/1136695.html
LE001537,福建医科大学附属协和医院,福建医科大学附属协和医院(于山院区);福建医科大学附属协和医院(旗山院区),general_hospital,福建省,Fujian,福州市,Fuzhou,2014,https://www.nhc.gov.cn/yzygj/s10347/200910/9eabfb6adbbe49a49027f7cbe9950c93.shtml
LE001538,福建医科大学附属口腔医院,,specialized_hospital,福建省,Fujian,福州市,Fuzhou,2018,https://wjw.fujian.gov.cn/xxgk/zfxxgkzl/zfxxgkml/wszh/yzgl/201804/t20180417_2382682.htm
LE001539,福建医科大学附属第一医院,福建医科大学附属第一医院(滨海院区),general_hospital,福建省,Fujian,福州市,Fuzhou,2014,https://www.nhc.gov.cn/yzygj/s10347/200910/9eabfb6adbbe49a49027f7cbe9950c93.shtml
LE001540,福建中医药大学附属人民医院,福建省人民医院,general_hospital,福建省,Fujian,福州市,Fuzhou,2014,https://www.nhc.gov.cn/yzygj/s10347/200910/9eabfb6adbbe49a49027f7cbe9950c93.shtml
LE001542,福建省福州结核病防治院,福建省福州肺科医院,specialized_hospital,福建省,Fujian,福州市,Fuzhou,2014,https://www.fjfk.com/doc/release?resourceId=10074&resourceType=2
LE001543,福州大学附属省立医院,福建省立医院;福建省立医院(南院),general_hospital,福建省,Fujian,福州市,Fuzhou,2014,https://www.nhc.gov.cn/yzygj/s10347/200910/9eabfb6adbbe49a49027f7cbe9950c93.shtml
LE001545,福建省肿瘤医院,,specialized_hospital,福建省,Fujian,福州市,Fuzhou,2014,https://www.nhc.gov.cn/yzygj/s10347/200910/9eabfb6adbbe49a49027f7cbe9950c93.shtml
LE001547,莆田学院附属医院,莆田市第二医院;南方医科大学附属莆田医院,general_hospital,福建省,Fujian,莆田市,Putian,2014,https://pt.fjsen.com/xw/2013-11/17/content_12983802_all.htm
LE001548,莆田市第一医院,,general_hospital,福建省,Fujian,莆田市,Putian,2014,https://pt.fjsen.com/xw/2013-11/17/content_12983802_all.htm
LE001549,龙岩市中医院,,traditional_chinese_medicine_hospital,福建省,Fujian,龙岩市,Longyan,2019,https://wjw.fujian.gov.cn/xxgk/ghjh/jhzj/201910/t20191030_5081238.htm
LE001550,龙岩市第一医院,龙岩市第一医院分院,general_hospital,福建省,Fujian,龙岩市,Longyan,2014,https://www.nhc.gov.cn/yzygj/s10347/200910/9eabfb6adbbe49a49027f7cbe9950c93.shtml
LE001551,山南市人民医院,,general_hospital,西藏自治区,Tibet,山南市,Shannan,2018,https://wlt.xizang.gov.cn/xwzx_69/wlyw/dsdt/201807/t20180712_120253.html
LE001552,山南市藏医医院,山南市藏医院,ethnic_medicine_hospital,西藏自治区,Tibet,山南市,Shannan,2017,https://www.shannan.gov.cn/zjsn/yzgz/yzcj/201904/t20190411_26107.html
LE001554,拉萨市人民医院,,general_hospital,西藏自治区,Tibet,拉萨市,Lhasa,2017,https://wjw.xizang.gov.cn/ztzl/ylyz/201908/t20190808_94302.html
LE001555,西藏自治区人民医院,,general_hospital,西藏自治区,Tibet,拉萨市,Lhasa,2014,https://www.xizang.gov.cn/zwgk/zdxxlygk/czyjsgk/202602/t20260209_523851.html
LE001556,西藏自治区藏医院（西藏自治区藏医药研究院）,西藏自治区藏医院,ethnic_medicine_hospital,西藏自治区,Tibet,拉萨市,Lhasa,2014,https://wjw.xizang.gov.cn/jgzn/zsdw/201908/t20190808_92601.html
LE001557,林芝市人民医院,,general_hospital,西藏自治区,Tibet,林芝市,Linzhi,2017,https://wjw.xizang.gov.cn/ztzl/ylyz/201908/t20190808_94302.html
LE001558,六盘水市人民医院,,general_hospital,贵州省,Guizhou,六盘水市,Liupanshui,2014,https://mishuwenku.cn/index.php?a=article&id=16978
LE001560,安顺市人民医院,贵州医科大学附属安顺中心医院,general_hospital,贵州省,Guizhou,安顺市,Anshun,2014,https://www.dayi.org.cn/hospital/1746
LE001561,贵航集团三0二医院,,general_hospital,贵州省,Guizhou,安顺市,Anshun,2016,https://wjw.guizhou.gov.cn/xwzx/tzgg/201610/t20161019_78912943.html
LE001562,毕节市中医院,,traditional_chinese_medicine_hospital,贵州省,Guizhou,毕节市,Bijie,2014,https://www.dayi.org.cn/hospital/1129620.html
LE001563,毕节市第一人民医院,,general_hospital,贵州省,Guizhou,毕节市,Bijie,2014,https://www.dayi.org.cn/hospital/4612
LE001565,贵州中医药大学第二附属医院,贵州省中西医结合医院,traditional_chinese_and_western_medicine_hospital,贵州省,Guizhou,贵阳市,Guiyang,2014,https://wjw.guizhou.gov.cn/zwgk/zdlyxx/czzj/czyjs/202503/P020250311416422943280.pdf
LE001566,贵州医科大学附属医院,,general_hospital,贵州省,Guizhou,贵阳市,Guiyang,2014,https://yyk.39.net/gy1/20270/detail.html
LE001567,贵州省人民医院,贵州省人民医院(观山湖院区),general_hospital,贵州省,Guizhou,贵阳市,Guiyang,2014,https://www.dayi.org.cn/hospital/1127141.html
LE001568,贵州省第二人民医院,,specialized_hospital,贵州省,Guizhou,贵阳市,Guiyang,2021,https://wjw.guizhou.gov.cn/xwzx/tzgg/202109/t20210901_78914834.html
LE001569,贵州省肿瘤医院,,specialized_hospital,贵州省,Guizhou,贵阳市,Guiyang,2014,https://www.gzszx.gov.cn/gzzxb/web/doc/detail/1500/B2
LE001570,贵州省骨科医院,,specialized_hospital,贵州省,Guizhou,贵阳市,Guiyang,2014,https://rst.guizhou.gov.cn/zwgk/zdlyxx/sydwgkzp/202402/t20240201_83665511.html
LE001571,贵航贵阳医院,,general_hospital,贵州省,Guizhou,贵阳市,Guiyang,2016,https://www.gh300.cn/n237/index.html
LE001572,贵州中医药大学第一附属医院,贵阳中医学院第一附属医院,traditional_chinese_medicine_hospital,贵州省,Guizhou,贵阳市,Guiyang,2014,https://szb.eyesnews.cn/pc/cont/202310/27/content_107832.html
LE001573,贵阳市口腔医院,,specialized_hospital,贵州省,Guizhou,贵阳市,Guiyang,2014,https://m.dxy.com/hospital/4277
LE001574,贵阳市第一人民医院,贵阳市第一人民医院(龙洞堡院区),general_hospital,贵州省,Guizhou,贵阳市,Guiyang,2014,https://s.dayi.org.cn/mip/s/hospital/1138786.html
LE001575,贵阳市第四人民医院,,specialized_hospital,贵州省,Guizhou,贵阳市,Guiyang,2014,https://www.ylrj.cn/hospital/4002834.html
LE001576,贵阳市第二人民医院,贵阳市金阳医院,general_hospital,贵州省,Guizhou,贵阳市,Guiyang,2014,https://mapi.jyhosp.cn/Html/Hospitals/Main/Description.html
LE001577,贵州航天医院,,general_hospital,贵州省,Guizhou,遵义市,Zunyi,2019,https://wjw.guizhou.gov.cn/xwzx/tzgg/201911/t20191129_78913943.html
LE001578,遵义医科大学第二附属医院,,general_hospital,贵州省,Guizhou,遵义市,Zunyi,2024,https://wjw.guizhou.gov.cn/zwgk/zdlyxx/czzj/czyjs/202403/P020240315481352888096.pdf
LE001579,遵义医科大学附属医院,,general_hospital,贵州省,Guizhou,遵义市,Zunyi,2014,https://www.gzstv.com/a/39c48a4a4709439b8e21c8837c643ab0
LE001580,遵义医科大学附属口腔医院,遵义医科大学附属口腔医院(新蒲院区),specialized_hospital,贵州省,Guizhou,遵义市,Zunyi,2014,https://www.gzstv.com/a/39c48a4a4709439b8e21c8837c643ab0
LE001581,遵义市中医院,遵义市中医院(新蒲院区),traditional_chinese_medicine_hospital,贵州省,Guizhou,遵义市,Zunyi,2019,https://wjw.guizhou.gov.cn/xwzx/tzgg/201901/t20190118_78913747.html
LE001582,遵义市第一人民医院,遵义市第一人民医院(桃溪院区),general_hospital,贵州省,Guizhou,遵义市,Zunyi,2014,https://www.dayi.org.cn/hospital/1155889.html
LE001583,铜仁市人民医院,,general_hospital,贵州省,Guizhou,铜仁市,Tongren,2014,https://www.tongren.gov.cn/2022/0112/258606.shtml
LE001585,贵州医科大学第二附属医院,,general_hospital,贵州省,Guizhou,黔东南苗族侗族自治州,Qiandongnan Miao and Dong Autonomous Prefecture,2014,https://www.gydey.cn/index.php?a=lists&c=index&catid=2&m=content
LE001586,黔东南州人民医院,,general_hospital,贵州省,Guizhou,黔东南苗族侗族自治州,Qiandongnan Miao and Dong Autonomous Prefecture,2014,https://www.lawlawing.com/community/428442
LE001587,贵州医科大学第三附属医院,,general_hospital,贵州省,Guizhou,黔南布依族苗族自治州,Qiannan Bouyei and Miao Autonomous Prefecture,2014,https://dzxb.gmc.edu.cn/info/1788/8548.htm
LE001588,兴义市人民医院,,general_hospital,贵州省,Guizhou,黔西南布依族苗族自治州,Qianxinan Bouyei and Miao Autonomous Prefecture,2014,https://wjw.guizhou.gov.cn/xwzx/tzgg/201904/t20190415_78913759.html
LE001589,黔南布依族苗族自治州人民医院,黔南州人民医院,general_hospital,贵州省,Guizhou,黔南布依族苗族自治州,Qiannan Bouyei and Miao Autonomous Prefecture,2014,https://m.dayi.org.cn/hospital/1156884
LE001590,黔西南布依族苗族自治州人民医院,黔西南州人民医院;黔西南州人民医院旧院,general_hospital,贵州省,Guizhou,黔西南布依族苗族自治州,Qianxinan Bouyei and Miao Autonomous Prefecture,2014,https://csp.ncmi.cn/UsersInfo/UserUnit/UserUnitDetailWeb?uid=00290
LE001592,黔西南布依族苗族自治州中医院,,traditional_chinese_medicine_hospital,贵州省,Guizhou,黔西南布依族苗族自治州,Qianxinan Bouyei and Miao Autonomous Prefecture,2014,https://www.lawlawing.com/community/428442
LE001593,东港市中医院,,traditional_chinese_medicine_hospital,辽宁省,Liaoning,丹东市,Dandong,2014,https://www.mingyihui.net/hospital_10878.html
LE001594,丹东市中医院,,traditional_chinese_medicine_hospital,辽宁省,Liaoning,丹东市,Dandong,2014,https://www.a-hospital.com/w/%E4%B8%B9%E4%B8%9C%E5%B8%82%E4%B8%AD%E5%8C%BB%E9%99%A2
LE001595,丹东市中心医院,,general_hospital,辽宁省,Liaoning,丹东市,Dandong,2014,https://www.nhc.gov.cn/yzygj/s10347/200910/cd1a9770104846aa97b47c6eea853a38.shtml
LE001596,丹东市第一医院,,general_hospital,辽宁省,Liaoning,丹东市,Dandong,2014,https://health.baidu.com/m/detail/ar_5926526696645185054
LE001598,大连医科大学附属第一医院,,general_hospital,辽宁省,Liaoning,大连市,Dalian,2014,https://www.nhc.gov.cn/yzygj/s10347/200910/cd1a9770104846aa97b47c6eea853a38.shtml
LE001599,大连医科大学附属第二医院,,general_hospital,辽宁省,Liaoning,大连市,Dalian,2014,https://www.nhc.gov.cn/yzygj/s10347/200910/cd1a9770104846aa97b47c6eea853a38.shtml
LE001600,大连大学附属中山医院,,general_hospital,辽宁省,Liaoning,大连市,Dalian,2014,https://www.nhc.gov.cn/yzygj/s10347/200910/cd1a9770104846aa97b47c6eea853a38.shtml
LE001601,大连大学附属新华医院,大连大学附属新华医院（新院区）,general_hospital,辽宁省,Liaoning,大连市,Dalian,2014,https://archiverm.yingjiesheng.com/job-001-488-438.html
LE001602,大连市中医院,,traditional_chinese_medicine_hospital,辽宁省,Liaoning,大连市,Dalian,2014,https://www.a-hospital.com/w/%E5%A4%A7%E8%BF%9E%E5%B8%82%E4%B8%AD%E5%8C%BB%E9%99%A2
LE001603,大连市中心医院,,general_hospital,辽宁省,Liaoning,大连市,Dalian,2014,https://www.nhc.gov.cn/yzygj/s10347/200910/cd1a9770104846aa97b47c6eea853a38.shtml
LE001605,大连市友谊医院,,general_hospital,辽宁省,Liaoning,大连市,Dalian,2014,https://www.nhc.gov.cn/yzygj/s10347/200910/cd1a9770104846aa97b47c6eea853a38.shtml
LE001608,大连市第三人民医院,,general_hospital,辽宁省,Liaoning,大连市,Dalian,2014,https://www.dayi.org.cn/hospital/1125151
LE001609,大连市第二人民医院,,general_hospital,辽宁省,Liaoning,大连市,Dalian,2014,https://y.dxy.cn/hospital/1602
LE001611,抚顺市中心医院,,general_hospital,辽宁省,Liaoning,抚顺市,Fushun,2014,https://www.nhc.gov.cn/yzygj/s10347/200910/cd1a9770104846aa97b47c6eea853a38.shtml
LE001612,辽宁省健康产业集团抚矿总医院,抚顺矿务局总医院,general_hospital,辽宁省,Liaoning,抚顺市,Fushun,2014,https://www.nhc.gov.cn/yzygj/s10347/200910/cd1a9770104846aa97b47c6eea853a38.shtml
LE001613,朝阳市中心医院,,general_hospital,辽宁省,Liaoning,朝阳市,Chaoyang,2014,https://jwc.jzmu.edu.cn/info/1226/1603.htm
LE001614,朝阳市第二医院,,general_hospital,辽宁省,Liaoning,朝阳市,Chaoyang,2017,https://www.chaoyang.gov.cn/html/CYSZF/201801/0163694742849838.html
LE001615,本溪市中心医院,,general_hospital,辽宁省,Liaoning,本溪市,Benxi,2014,https://www.nhc.gov.cn/yzygj/s10347/200910/cd1a9770104846aa97b47c6eea853a38.shtml
LE001617,辽宁省健康产业集团本钢总医院,本溪钢铁(集团)总医院,general_hospital,辽宁省,Liaoning,本溪市,Benxi,2014,https://www.nhc.gov.cn/yzygj/s10347/200910/cd1a9770104846aa97b47c6eea853a38.shtml
LE001620,中国医科大学附属口腔医院,,specialized_hospital,辽宁省,Liaoning,沈阳市,Shenyang,2017,https://wsjk.ln.gov.cn/wsjk/zfxxgk/fdzdgknr/jyta/srddbjy/2018n/88E791E29C324615BFEBC2F272562646/index.shtml
LE001621,中国医科大学附属第一医院,中国医科大学附属第一医院(浑南院区),general_hospital,辽宁省,Liaoning,沈阳市,Shenyang,2014,https://www.nhc.gov.cn/yzygj/s10347/200910/cd1a9770104846aa97b47c6eea853a38.shtml
LE001622,中国医科大学附属盛京医院,中国医科大学附属第二医院,general_hospital,辽宁省,Liaoning,沈阳市,Shenyang,2014,https://www.nhc.gov.cn/yzygj/s10347/200910/cd1a9770104846aa97b47c6eea853a38.shtml
LE001623,中国医科大学附属第四医院,,general_hospital,辽宁省,Liaoning,沈阳市,Shenyang,2014,https://www.nhc.gov.cn/yzygj/s10347/200910/cd1a9770104846aa97b47c6eea853a38.shtml
LE001627,沈阳医学院附属中心医院,,general_hospital,辽宁省,Liaoning,沈阳市,Shenyang,2014,https://www.symc.edu.cn/ylfw/zsfsyy.htm
LE001628,沈阳医学院附属第二医院（辽宁省退役军人总医院）,沈阳医学院沈洲医院;沈阳医学院附属第二医院(北院区),specialized_hospital,辽宁省,Liaoning,沈阳市,Shenyang,2014,https://y.dxy.cn/hospital/1626
LE001629,沈阳市中医院,,traditional_chinese_medicine_hospital,辽宁省,Liaoning,沈阳市,Shenyang,2014,https://lnsyszyyzf.com/article/505.html
LE001630,沈阳市中西医结合骨伤病医院,沈阳市骨科医院,specialized_hospital,辽宁省,Liaoning,沈阳市,Shenyang,2014,https://news.sina.cn/sa/2012-10-25/detail-ikmyaawa4346152.d.html?vt=4
LE001631,沈阳市第七人民医院,,traditional_chinese_and_western_medicine_hospital,辽宁省,Liaoning,沈阳市,Shenyang,2014,https://news.sina.cn/sa/2012-10-25/detail-ikmyaawa4346152.d.html?vt=4
LE001632,沈阳市第二中医院,辽宁省血栓病中西医结合医疗中心,traditional_chinese_medicine_hospital,辽宁省,Liaoning,沈阳市,Shenyang,2014,https://news.sina.cn/sa/2012-10-25/detail-ikmyaawa4346152.d.html?vt=4
LE001633,沈阳市第五人民医院,,general_hospital,辽宁省,Liaoning,沈阳市,Shenyang,2014,https://www.nhc.gov.cn/yzygj/s10347/200910/cd1a9770104846aa97b47c6eea853a38.shtml
LE001634,沈阳市第四人民医院,,general_hospital,辽宁省,Liaoning,沈阳市,Shenyang,2014,https://s.dayi.org.cn/mip/s/hospital/1124254.html
LE001635,沈阳市肛肠医院,,specialized_hospital,辽宁省,Liaoning,沈阳市,Shenyang,2014,https://wsjk.ln.gov.cn/wsjk/index/syxwxx/wjfc/15D91F33CCD2402FA06C9DBEBA474E81/index.shtml
LE001636,辽宁中医药大学附属第二医院,辽宁中医药大学第二附属医院,general_hospital,辽宁省,Liaoning,沈阳市,Shenyang,2014,https://www.delta-china.com.cn/zh-CN/news/19032
LE001637,辽宁中医药大学附属医院,辽宁中医药大学第一临床学院,traditional_chinese_medicine_hospital,辽宁省,Liaoning,沈阳市,Shenyang,2014,https://www.caam.cn/article/122
LE001638,辽宁中医药大学附属第三医院,,specialized_hospital,辽宁省,Liaoning,沈阳市,Shenyang,2014,https://y.dxy.cn/hospital/1732
LE001639,辽宁中医药大学附属第四医院,,general_hospital,辽宁省,Liaoning,沈阳市,Shenyang,2014,https://www.lnzxy.com/intro/75.html
LE001640,辽宁奉天中医院,,traditional_chinese_medicine_hospital,辽宁省,Liaoning,沈阳市,Shenyang,2018,https://wsjk.ln.gov.cn/wsjk/index/syxwxx/zwgk/A4DE9A04FF8C4AA7881B4E541194CA2D/index.shtml
LE001641,辽宁省人民医院,,general_hospital,辽宁省,Liaoning,沈阳市,Shenyang,2014,https://www.nhc.gov.cn/yzygj/s10347/200910/cd1a9770104846aa97b47c6eea853a38.shtml
LE001643,辽宁省肿瘤医院,,specialized_hospital,辽宁省,Liaoning,沈阳市,Shenyang,2014,https://www.nhc.gov.cn/yzygj/s10347/200910/cd1a9770104846aa97b47c6eea853a38.shtml
LE001644,盘锦市中心医院,,general_hospital,辽宁省,Liaoning,盘锦市,Panjin,2014,https://www.panjin.gov.cn/html/1807/2015-08-10/content-66851.html
LE001645,盘锦辽油宝石花医院,辽河油田中心医院,general_hospital,辽宁省,Liaoning,盘锦市,Panjin,2014,https://www.nhc.gov.cn/yzygj/s10347/200910/cd1a9770104846aa97b47c6eea853a38.shtml
LE001648,营口市中心医院,,general_hospital,辽宁省,Liaoning,营口市,Yingkou,2014,https://www.nhc.gov.cn/yzygj/s10347/200910/cd1a9770104846aa97b47c6eea853a38.shtml
LE001650,葫芦岛市中心医院,,general_hospital,辽宁省,Liaoning,葫芦岛市,Huludao,2014,https://www.hldszxyy.com/index.php?_d=news&_f=detail&id=199&nid=17
LE001651,辽阳市中医院,,traditional_chinese_medicine_hospital,辽宁省,Liaoning,辽阳市,Liaoyang,2014,https://ncrccmc.xyhospital.com/Html/News/Articles/51.html
LE001652,辽阳市中心医院,,general_hospital,辽宁省,Liaoning,辽阳市,Liaoyang,2014,https://www.nhc.gov.cn/yzygj/s10347/200910/cd1a9770104846aa97b47c6eea853a38.shtml
LE001653,铁岭市中医院,,traditional_chinese_medicine_hospital,辽宁省,Liaoning,铁岭市,Tieling,2014,https://www.ngdln.org.cn/newshow/?id=834
LE001654,铁岭市中心医院,,general_hospital,辽宁省,Liaoning,铁岭市,Tieling,2014,https://www.nhc.gov.cn/yzygj/s10347/200910/cd1a9770104846aa97b47c6eea853a38.shtml
LE001655,锦州医科大学附属第一医院,,general_hospital,辽宁省,Liaoning,锦州市,Jinzhou,2014,https://www.nhc.gov.cn/yzygj/s10347/200910/cd1a9770104846aa97b47c6eea853a38.shtml
LE001656,锦州医科大学附属第三医院,,general_hospital,辽宁省,Liaoning,锦州市,Jinzhou,2014,https://www.lnmu3h.com/yygk/lsyg.html
LE001657,锦州市中心医院,,general_hospital,辽宁省,Liaoning,锦州市,Jinzhou,2014,https://www.nhc.gov.cn/yzygj/s10347/200910/cd1a9770104846aa97b47c6eea853a38.shtml
LE001659,阜新市中医院,,traditional_chinese_medicine_hospital,辽宁省,Liaoning,阜新市,Fuxin,2014,https://m.dayi.org.cn/hospital/1129243
LE001660,阜新市中心医院,,general_hospital,辽宁省,Liaoning,阜新市,Fuxin,2014,https://www.nhc.gov.cn/yzygj/s10347/200910/cd1a9770104846aa97b47c6eea853a38.shtml
LE001661,辽宁省健康产业集团阜新矿总医院,阜新矿业集团总医院,general_hospital,辽宁省,Liaoning,阜新市,Fuxin,2014,https://www.nhc.gov.cn/yzygj/s10347/200910/cd1a9770104846aa97b47c6eea853a38.shtml
LE001662,海城市中医院,,traditional_chinese_medicine_hospital,辽宁省,Liaoning,鞍山市,Anshan,2014,https://www.hcszyy.cn/wap.php/about/index.html
LE001663,鞍山市中心医院,,general_hospital,辽宁省,Liaoning,鞍山市,Anshan,2014,https://wsjk.ln.gov.cn/wsjk/index/gsgg/2023071215521310931/2023071215541969729.pdf
LE001665,鞍钢总医院,,general_hospital,辽宁省,Liaoning,鞍山市,Anshan,2014,https://www.nhc.gov.cn/yzygj/s10347/200910/cd1a9770104846aa97b47c6eea853a38.shtml
LE001667,云阳县中医院,,traditional_chinese_medicine_hospital,重庆市,Chongqing,重庆市,Chongqing,2016,https://sxyy.cqu.edu.cn/ksdh/yljt/snyljtdw/yyxzyy.htm
LE001669,重庆医科大学附属儿童医院,重庆医科大学附属儿童医院(两江院区),specialized_hospital,重庆市,Chongqing,重庆市,Chongqing,2017,https://wsjkw.cq.gov.cn/zwgk_242/fdzdgknr/tzgg/gzgs/201707/t20170724_3755826.html
LE001670,重庆医科大学附属口腔医院,,specialized_hospital,重庆市,Chongqing,重庆市,Chongqing,2014,https://bkso.baidu.com/item/%E9%BE%99%E5%B1%B1%E8%A1%97%E9%81%93/9932464?fromModule=lemma_inlink
LE001671,重庆医科大学附属永川医院,,general_hospital,重庆市,Chongqing,重庆市,Chongqing,2014,https://www.chinagut.cn/box/organizations/22410
LE001672,重庆医科大学附属第一医院,重庆医科大学附属第一医院金山院区,general_hospital,重庆市,Chongqing,重庆市,Chongqing,2014,https://index.hospital-cqmu.com/gzb/yygk/yydsj.htm
LE001674,重庆医科大学附属第一医院綦江医院,,general_hospital,重庆市,Chongqing,重庆市,Chongqing,2015,https://www.cqqj.gov.cn/zwgk_159/zfxxgkml/qysy/yljg/202302/t20230202_11562164_wap.html
LE001675,重庆医科大学附属第三医院,,general_hospital,重庆市,Chongqing,重庆市,Chongqing,2020,https://www.cq.gov.cn/zwgk/zfxxgkml/zdlyxxgk/shgysy/jbylws/202012/t20201216_8806777.html
LE001676,重庆医科大学附属第二医院,重庆医科大学附属第二医院(江南院区),general_hospital,重庆市,Chongqing,重庆市,Chongqing,2014,https://epaper.cqrb.cn/cqrb/2022-10/02/004/content_rb_307035.htm
LE001677,重庆大学附属三峡医院,,general_hospital,重庆市,Chongqing,重庆市,Chongqing,2014,https://www.dayi.org.cn/hospital/1133521
LE001678,重庆大学附属肿瘤医院,,specialized_hospital,重庆市,Chongqing,重庆市,Chongqing,2014,https://www.cqch.cn/departments_fkzlzxa0_kpzs/2021/9b6Y8OaE.html
LE001679,重庆市中医院,重庆市中医院(道门口院部),general_hospital,重庆市,Chongqing,重庆市,Chongqing,2014,https://news.sina.cn/sa/2009-10-19/detail-ikmyaawa2223317.d.html
LE001681,重庆市九龙坡区中医院,,traditional_chinese_medicine_hospital,重庆市,Chongqing,重庆市,Chongqing,2014,https://www.dayi.org.cn/hospital/1134216.html
LE001682,重庆市人民医院,重庆市人民医院(三院院区);重庆市人民医院(两江院本部),general_hospital,重庆市,Chongqing,重庆市,Chongqing,2014,https://www.cghhospital.org/into_hos/
LE001683,重庆市公共卫生医疗救治中心,,specialized_hospital,重庆市,Chongqing,重庆市,Chongqing,2022,https://wsjkw.cq.gov.cn/zwgk_242/fdzdgknr/tzgg/gzgs/202203/t20220317_10519295_wap.html
LE001684,重庆市北碚区中医院,,traditional_chinese_medicine_hospital,重庆市,Chongqing,重庆市,Chongqing,2014,https://www.dayi.org.cn/hospital/1152458
LE001685,重庆市南川区人民医院,,general_hospital,重庆市,Chongqing,重庆市,Chongqing,2015,https://www.sohu.com/a/865224019_121106884
LE001686,重庆市合川区人民医院,,general_hospital,重庆市,Chongqing,重庆市,Chongqing,2020,https://m.dayi.org.cn/hospital/1156990?from=jrtt
LE001687,重庆市垫江县中医院,,traditional_chinese_medicine_hospital,重庆市,Chongqing,重庆市,Chongqing,2014,https://health.people.com.cn/n1/2015/1217/c398004-27939670.html
LE001688,重庆市垫江县人民医院,,general_hospital,重庆市,Chongqing,重庆市,Chongqing,2014,https://www.dayi.org.cn/hospital/1135691.html
LE001689,重庆医科大学附属大足医院（重庆市大足区人民医院）,重庆医科大学附属第一医院大足医院;重庆市大足区人民医院,general_hospital,重庆市,Chongqing,重庆市,Chongqing,2016,https://wsjkw.cq.gov.cn/zwgk_242/wsjklymsxx/ylws_266434/yzgl_266435/ymjzd/dzq_213009/202202/t20220218_10411139.html
LE001691,重庆市巴南区人民医院,,general_hospital,重庆市,Chongqing,重庆市,Chongqing,2020,https://bnrmyy.cn/yygk/fzlc/content_4637
LE001692,重庆市开州区人民医院,,general_hospital,重庆市,Chongqing,重庆市,Chongqing,2014,https://www.cqskzqrmyy.cn/Category_12/Index.aspx
LE001693,重庆市急救医疗中心,,general_hospital,重庆市,Chongqing,重庆市,Chongqing,2014,https://www.nhc.gov.cn/jgdw/wmdw/201511/8f62cef699b549e6b34dece6048d02a1.shtml
LE001694,重庆市永川区中医院,,traditional_chinese_medicine_hospital,重庆市,Chongqing,重庆市,Chongqing,2014,https://www.cqyc.gov.cn/sy_204/qxdt/202304/t20230420_11895119.html
LE001696,重庆市江津区中医院,,traditional_chinese_medicine_hospital,重庆市,Chongqing,重庆市,Chongqing,2015,https://cq.news.fang.com/2015-12-30/18849955.htm
LE001697,重庆市江津区中心医院,,general_hospital,重庆市,Chongqing,重庆市,Chongqing,2014,https://epaper.cqrb.cn/cqrb/2022-10/16/027/content_rb_307510.htm
LE001698,重庆大学附属涪陵医院,重庆市涪陵中心医院,general_hospital,重庆市,Chongqing,重庆市,Chongqing,2014,https://health.baidu.com/doctordec/hosintro/1000810
LE001699,重庆市涪陵区中医院,,traditional_chinese_medicine_hospital,重庆市,Chongqing,重庆市,Chongqing,2017,https://wsjkw.cq.gov.cn/zwgk_242/fdzdgknr/tzgg/gzgs/201702/t20170208_3755591.html
LE001700,重庆市璧山区人民医院,,general_hospital,重庆市,Chongqing,重庆市,Chongqing,2018,https://www.bsrmyy.com/yygk/yyjj
LE001701,重庆市第九人民医院,,general_hospital,重庆市,Chongqing,重庆市,Chongqing,2014,https://s.dayi.org.cn/mip/s/hospital/1133519.html
LE001702,重庆市第五人民医院,,general_hospital,重庆市,Chongqing,重庆市,Chongqing,2014,https://s.dayi.org.cn/mip/s/hospital/1130776.html
LE001703,重庆市铜梁区中医院,,traditional_chinese_medicine_hospital,重庆市,Chongqing,重庆市,Chongqing,2014,https://s.dayi.org.cn/mip/s/hospital/1152461.html
LE001704,重庆市长寿区人民医院,重庆市长寿区人民医院(北城院区),general_hospital,重庆市,Chongqing,重庆市,Chongqing,2014,https://www.dayi.org.cn/hospital/1135686
LE001705,重庆市黔江中心医院,重庆市黔江中心医院城西九路院区,general_hospital,重庆市,Chongqing,重庆市,Chongqing,2014,https://www.qjzxyy.cn/about/jianjie.html
LE001709,咸阳市中心医院,,general_hospital,陕西省,Shaanxi,咸阳市,Xianyang,2014,https://www.wangshangshaanxi.com/xianyang/xyzfxx/xyszxyy/index2.html
LE001710,咸阳市第一人民医院,,general_hospital,陕西省,Shaanxi,咸阳市,Xianyang,2018,https://www.dayi.org.cn/hospital/785.html
LE001711,延安大学咸阳医院,,general_hospital,陕西省,Shaanxi,咸阳市,Xianyang,2018,https://sxwjw.shaanxi.gov.cn/ywgz/yzyg/gzdt_887/201811/t20181113_1804674.html
LE001713,陕西中医药大学第二附属医院,陕西中医学院附属医院(西咸院区);陕西中医药大学第二附属医院秦都院区,traditional_chinese_and_western_medicine_hospital,陕西省,Shaanxi,咸阳市,Xianyang,2014,https://www.zyhos.cn/info/1551/77871.htm
LE001714,陕西中医药大学附属医院,陕西中医学院附属医院,traditional_chinese_medicine_hospital,陕西省,Shaanxi,咸阳市,Xianyang,2014,https://www.nhc.gov.cn/yzygj/s10347/200910/f97fe1d82631484c8330388f88734531.shtml
LE001715,陕西省核工业二一五医院,,general_hospital,陕西省,Shaanxi,咸阳市,Xianyang,2018,https://www.xy215.com/info/1021/26731.htm
LE001716,商洛市中心医院,,general_hospital,陕西省,Shaanxi,商洛市,Shangluo,2019,https://eslrb.slrbs.com/slrb/20190325/html/content_20190325003002.htm
LE001717,安康市中心医院,安康市中心医院(江北院区),general_hospital,陕西省,Shaanxi,安康市,Ankang,2014,https://www.nhc.gov.cn/yzygj/s10347/200910/f97fe1d82631484c8330388f88734531.shtml
LE001719,宝鸡市中医医院,宝鸡市中医医院(东院区),traditional_chinese_medicine_hospital,陕西省,Shaanxi,宝鸡市,Baoji,2014,https://www.nhc.gov.cn/yzygj/s10347/200910/f97fe1d82631484c8330388f88734531.shtml
LE001720,宝鸡市中心医院,,general_hospital,陕西省,Shaanxi,宝鸡市,Baoji,2014,https://www.nhc.gov.cn/yzygj/s10347/200910/f97fe1d82631484c8330388f88734531.shtml
LE001721,宝鸡市人民医院,,general_hospital,陕西省,Shaanxi,宝鸡市,Baoji,2017,https://m.bjsrmyy.com/mobile/headlines/6066.html
LE001723,延安大学附属医院,,general_hospital,陕西省,Shaanxi,延安市,Yanan,2014,https://s.dayi.org.cn/mip/s/hospital/1423.html
LE001724,延安市人民医院,,general_hospital,陕西省,Shaanxi,延安市,Yanan,2017,https://www.moe.gov.cn/jyb_xwfb/xw_zt/moe_357/jjyzt_2022/2022_zt04/dianxing/xiangmu/shengshu/shengshu7th/202503/t20250317_1183376.html
LE001725,榆林市中医医院,,traditional_chinese_medicine_hospital,陕西省,Shaanxi,榆林市,Yulin,2014,https://www.dayi.org.cn/hospital/1134374.html
LE001726,榆林市第一医院,榆林市第一医院绥德院区,general_hospital,陕西省,Shaanxi,榆林市,Yulin,2014,https://www.nhc.gov.cn/yzygj/s10347/200910/f97fe1d82631484c8330388f88734531.shtml
LE001727,榆林市第二医院,,general_hospital,陕西省,Shaanxi,榆林市,Yulin,2014,https://www.ylsdeyy.com/InfoDetail.aspx?id=819FB62C-188A-43A0-9073-61A54F71B191&mid=82E6A1BD-6C3E-42D8-92AC-69031F4E6CFC
LE001728,汉中市中心医院,,general_hospital,陕西省,Shaanxi,汉中市,Hanzhong,2014,https://www.nhc.gov.cn/yzygj/s10347/200910/f97fe1d82631484c8330388f88734531.shtml
LE001729,汉中三二〇一医院,通用技术医疗三二〇一医院,general_hospital,陕西省,Shaanxi,汉中市,Hanzhong,2014,https://www.nhc.gov.cn/yzygj/s10347/200910/f97fe1d82631484c8330388f88734531.shtml
LE001730,渭南市中心医院,,general_hospital,陕西省,Shaanxi,渭南市,Weinan,2014,https://www.nhc.gov.cn/yzygj/s10347/200910/f97fe1d82631484c8330388f88734531.shtml
LE001739,西安中医脑病医院,,specialized_hospital,陕西省,Shaanxi,西安市,Xi'an,2014,https://esb.sxdaily.com.cn/pc/content/202605/18/content_2047269.html
LE001740,西安交通大学第一附属医院,西安交通大学医学院第一附属医院,general_hospital,陕西省,Shaanxi,西安市,Xi'an,2014,https://www.nhc.gov.cn/yzygj/s10347/200910/f97fe1d82631484c8330388f88734531.shtml
LE001742,西安交通大学口腔医院,西安交通大学医学院附属口腔医院,specialized_hospital,陕西省,Shaanxi,西安市,Xi'an,2014,https://zl.39.net/mndjk/130225/4129880.html
LE001743,西安市红会医院,西安交通大学医学院附属红会医院,general_hospital,陕西省,Shaanxi,西安市,Xi'an,2014,https://www.nhc.gov.cn/yzygj/s10347/200910/f97fe1d82631484c8330388f88734531.shtml
LE001744,西安市第九医院,西安交通大学医学院附属西安市第九医院,general_hospital,陕西省,Shaanxi,西安市,Xi'an,2014,https://www.xasdjyy.cn/yygk/lsyg.htm
LE001745,西安交通大学第二附属医院,西安交通大学医学院第二附属医院;西安交通大学第二附属医院(大明宫院区),general_hospital,陕西省,Shaanxi,西安市,Xi'an,2014,https://www.nhc.gov.cn/yzygj/s10347/200910/f97fe1d82631484c8330388f88734531.shtml
LE001747,西安医学院第二附属医院,,general_hospital,陕西省,Shaanxi,西安市,Xi'an,2018,https://www.xiyi.edu.cn/info/1074/17603.htm
LE001748,西安医学院第一附属医院,西安医学院附属医院,general_hospital,陕西省,Shaanxi,西安市,Xi'an,2016,https://news.cctv.com/2016/09/09/VIDEmthiijB4uRDVcZtlUFpy160909.shtml
LE001749,西安大兴医院,,general_hospital,陕西省,Shaanxi,西安市,Xi'an,2021,https://health.hsw.cn/system/2021/0302/79309.shtml
LE001750,西安市中心医院,,general_hospital,陕西省,Shaanxi,西安市,Xi'an,2014,https://www.nhc.gov.cn/yzygj/s10347/200910/f97fe1d82631484c8330388f88734531.shtml
LE001751,西安市儿童医院,西安交通大学附属儿童医院;西安市儿童医院(经开院区),specialized_hospital,陕西省,Shaanxi,西安市,Xi'an,2014,https://www.nhc.gov.cn/yzygj/s10347/200910/f97fe1d82631484c8330388f88734531.shtml
LE001752,西安市第一医院,西安市第一医院(高新院区),general_hospital,陕西省,Shaanxi,西安市,Xi'an,2014,https://www.nhc.gov.cn/yzygj/s10347/200910/f97fe1d82631484c8330388f88734531.shtml
LE001753,西安市胸科医院,西安市第七医院,specialized_hospital,陕西省,Shaanxi,西安市,Xi'an,2014,https://m.39.net/zl/a_4129883.html
LE001754,西安市第三医院,,general_hospital,陕西省,Shaanxi,西安市,Xi'an,2021,https://med.nwu.edu.cn/info/1040/1671.htm
LE001755,西安市第五医院,,traditional_chinese_and_western_medicine_hospital,陕西省,Shaanxi,西安市,Xi'an,2014,https://www.xadwyy.com/xxgk/gsgg/371.htm
LE001756,西安市第八医院,,specialized_hospital,陕西省,Shaanxi,西安市,Xi'an,2014,https://sn.ifeng.com/a/20171109/6134196_0.shtml
LE001757,西安市人民医院（西安市第四医院）,西安市第四医院,general_hospital,陕西省,Shaanxi,西安市,Xi'an,2014,https://www.nhc.gov.cn/yzygj/s10347/200910/f97fe1d82631484c8330388f88734531.shtml
LE001758,西安高新医院,,general_hospital,陕西省,Shaanxi,西安市,Xi'an,2014,https://www.gxyy.cn/detail-3286.aspx
LE001759,西电集团医院,,general_hospital,陕西省,Shaanxi,西安市,Xi'an,2018,https://s.dayi.org.cn/mip/s/hospital/3996.html
LE001760,长安医院,,general_hospital,陕西省,Shaanxi,西安市,Xi'an,2019,https://cacah.cn/info/1017/1242.htm
LE001761,西安市中医医院,陕西中医学院西安附属医院,traditional_chinese_medicine_hospital,陕西省,Shaanxi,西安市,Xi'an,2014,https://www.nhc.gov.cn/yzygj/s10347/200910/f97fe1d82631484c8330388f88734531.shtml
LE001762,陕西省中医医院,陕西省中医药研究院,traditional_chinese_medicine_hospital,陕西省,Shaanxi,西安市,Xi'an,2014,https://www.nhc.gov.cn/yzygj/s10347/200910/f97fe1d82631484c8330388f88734531.shtml
LE001763,陕西省人民医院,陕西省人民医院(西咸院区),general_hospital,陕西省,Shaanxi,西安市,Xi'an,2014,https://www.nhc.gov.cn/yzygj/s10347/200910/f97fe1d82631484c8330388f88734531.shtml
LE001765,陕西省康复医院,陕西省康复中心医院,specialized_hospital,陕西省,Shaanxi,西安市,Xi'an,2020,https://czt.shaanxi.gov.cn/xxgk/zdgk/zdly/snyjsgkpt/bmssdwyjs/bmssdwjsml2021/202309/P020250220337919103287.pdf
LE001766,陕西省肿瘤医院,陕西省第三人民医院,specialized_hospital,陕西省,Shaanxi,西安市,Xi'an,2014,https://www.nhc.gov.cn/yzygj/s10347/200910/f97fe1d82631484c8330388f88734531.shtml
LE001768,北京中医药大学孙思邈医院,,traditional_chinese_medicine_hospital,陕西省,Shaanxi,铜川市,Tongchuan,2018,https://www.bucm.edu.cn/xwgl/5dbbd1cc9f79459ba819198be930083b.htm
LE001769,铜川市人民医院,铜川市人民医院(南院),general_hospital,陕西省,Shaanxi,铜川市,Tongchuan,2018,https://fgw.tongchuan.gov.cn/resources/site/1/html/zfxxgk/fdzdgknr/ghjh/202109/8319.html
LE001771,铜川矿务局中心医院,,general_hospital,陕西省,Shaanxi,铜川市,Tongchuan,2018,https://fgw.tongchuan.gov.cn/resources/site/1/html/zfxxgk/fdzdgknr/ghjh/202109/8319.html
LE001773,西宁市第一人民医院,,general_hospital,青海省,Qinghai,西宁市,Xining,2014,https://www.cio360.net/show-589-3110-1.html
LE001774,西宁市第二人民医院,,general_hospital,青海省,Qinghai,西宁市,Xining,2023,https://zh.wikisource.org/wiki/%E9%9D%92%E6%B5%B7%E7%9C%81%E6%B5%B7%E4%B8%9C%E5%B8%82%E5%B9%B3%E5%AE%89%E5%8C%BA%E4%BA%BA%E6%B0%91%E6%B3%95%E9%99%A2%EF%BC%882023%EF%BC%89%E9%9D%920203%E6%B0%91%E5%88%9D1821%E5%8F%B7%E6%B0%91%E4%BA%8B%E5%88%A4%E5%86%B3%E4%B9%A6
LE001775,青海大学附属医院,,general_hospital,青海省,Qinghai,西宁市,Xining,2014,https://s.dayi.org.cn/mip/s/hospital/1126737.html
LE001776,青海省藏医院,青海大学院附属藏医院,ethnic_medicine_hospital,青海省,Qinghai,西宁市,Xining,2014,https://www.nhc.gov.cn/yzygj/s10347/200910/e9835761eb68424d97e447a03d639bb9.shtml
LE001777,青海省中医院,,traditional_chinese_medicine_hospital,青海省,Qinghai,西宁市,Xining,2014,https://www.nhc.gov.cn/yzygj/s10347/200910/e9835761eb68424d97e447a03d639bb9.shtml
LE001778,青海省人民医院,,general_hospital,青海省,Qinghai,西宁市,Xining,2014,https://shizhiku.com/p/detail/wpc2a44dca85/
LE001779,青海省妇女儿童医院,,specialized_hospital,青海省,Qinghai,西宁市,Xining,2014,https://www.nhc.gov.cn/yzygj/s10347/200910/e9835761eb68424d97e447a03d639bb9.shtml
LE001781,青海省心脑血管病专科医院,,specialized_hospital,青海省,Qinghai,西宁市,Xining,2014,https://zyy.yilianmeiti.com/16239/
LE001782,青海省第三人民医院,,specialized_hospital,青海省,Qinghai,西宁市,Xining,2014,https://www.qhssyy.cn/rencaizhaopin/639.html
LE001783,青海省第五人民医院,,general_hospital,青海省,Qinghai,西宁市,Xining,2020,https://www.qhzlyy.com/list/picnews/2006.html
LE001784,青海红十字医院,青海省警官总医院,general_hospital,青海省,Qinghai,西宁市,Xining,2014,https://www.qhrch.cn/gkslstz/3487.html
LE001785,七台河市人民医院,,general_hospital,黑龙江省,Heilongjiang,七台河市,Qitaihe,2014,https://www.mpathology.org/Print.aspx?id=387
LE001786,伊春市林业中心医院,伊春林业中心医院,general_hospital,黑龙江省,Heilongjiang,伊春市,Yichun,2014,https://www.yc.gov.cn/ycsrmzf/c102233/202012/92980.shtml
LE001787,佳木斯市中医医院,佳木斯中医院,traditional_chinese_medicine_hospital,黑龙江省,Heilongjiang,佳木斯市,Jiamusi,2014,https://ljjk.org.cn/hosptail.do?id=390
LE001788,佳木斯大学附属第一医院,佳木斯大学第一附属医院,general_hospital,黑龙江省,Heilongjiang,佳木斯市,Jiamusi,2014,https://www.ljjk.org.cn/hosptail.do?id=382
LE001789,佳木斯大学附属口腔医院,佳木斯大学第二附属医院,specialized_hospital,黑龙江省,Heilongjiang,佳木斯市,Jiamusi,2014,https://kqyxyjx.jmsu.edu.cn/info/1105/1742.htm
LE001790,佳木斯市中心医院,,general_hospital,黑龙江省,Heilongjiang,佳木斯市,Jiamusi,2014,https://www.a-hospital.com/w/%E4%BD%B3%E6%9C%A8%E6%96%AF%E5%B8%82%E4%B8%89%E7%BA%A7%E7%94%B2%E7%AD%89%E5%8C%BB%E9%99%A2%E5%88%97%E8%A1%A8
LE001791,佳木斯市传染病院,,specialized_hospital,黑龙江省,Heilongjiang,佳木斯市,Jiamusi,2016,https://pdf.dfcfw.com/pdf/H2_AN201908261345081424_1.pdf
LE001793,佳木斯市肿瘤医院,佳木斯市结核医院,specialized_hospital,黑龙江省,Heilongjiang,佳木斯市,Jiamusi,2014,https://www.ljjk.org.cn/hosptail.do?id=391
LE001794,北大荒集团建三江医院,黑龙江农垦建三江人民医院,general_hospital,黑龙江省,Heilongjiang,佳木斯市,Jiamusi,2014,https://jiaoyuchu.bjmu.edu.cn/jyzd/sxzp/175865.htm
LE001795,双鸭山市人民医院,,general_hospital,黑龙江省,Heilongjiang,双鸭山市,Shuangyashan,2021,https://www.youlai.cn/yyk/hospindex/4945/hospintro.html
LE001797,北大荒集团红兴隆医院,黑龙江省农垦红兴隆分局中心医院,general_hospital,黑龙江省,Heilongjiang,双鸭山市,Shuangyashan,2014,https://y.dxy.cn/hospital/539
LE001799,哈尔滨医科大学附属第一医院,哈尔滨医科大学附属第一医院(群力院区),general_hospital,黑龙江省,Heilongjiang,哈尔滨市,Harbin,2014,https://www.nhc.gov.cn/yzygj/s10347/200910/524b4b7bfec640c0b949dec36750a40b.shtml
LE001800,哈尔滨医科大学附属第二医院,,general_hospital,黑龙江省,Heilongjiang,哈尔滨市,Harbin,2014,https://www.nhc.gov.cn/yzygj/s10347/200910/524b4b7bfec640c0b949dec36750a40b.shtml
LE001801,哈尔滨医科大学附属第四医院,,general_hospital,黑龙江省,Heilongjiang,哈尔滨市,Harbin,2014,https://www.abchina.com/cn/branch/hl/marketing/201212/t20121225_301797.htm
LE001802,哈尔滨医科大学附属第三医院,哈尔滨医科大学附属肿瘤医院,specialized_hospital,黑龙江省,Heilongjiang,哈尔滨市,Harbin,2014,https://www.nhc.gov.cn/yzygj/s10347/200910/524b4b7bfec640c0b949dec36750a40b.shtml
LE001803,哈尔滨市中医医院,哈尔滨市中医院,traditional_chinese_medicine_hospital,黑龙江省,Heilongjiang,哈尔滨市,Harbin,2014,https://yyk.fh21.com.cn/hospital_1608/hj.html
LE001804,哈尔滨市第六医院,哈尔滨市传染病医院,specialized_hospital,黑龙江省,Heilongjiang,哈尔滨市,Harbin,2014,https://www.dayi.org.cn/hospital/749
LE001806,哈尔滨市第一专科医院,,specialized_hospital,黑龙江省,Heilongjiang,哈尔滨市,Harbin,2014,https://www.chinanews.com/sh/2016/06-27/7918166.shtml
LE001807,哈尔滨市第一医院,,general_hospital,黑龙江省,Heilongjiang,哈尔滨市,Harbin,2014,https://www.dayi.org.cn/hospital/839
LE001808,哈尔滨市第二医院,,general_hospital,黑龙江省,Heilongjiang,哈尔滨市,Harbin,2014,https://www.dayi.org.cn/hospital/765
LE001809,哈尔滨市第五医院,,general_hospital,黑龙江省,Heilongjiang,哈尔滨市,Harbin,2014,https://www.abchina.com/cn/branch/hl/marketing/201212/t20121225_301797.htm
LE001810,哈尔滨市第四医院,,general_hospital,黑龙江省,Heilongjiang,哈尔滨市,Harbin,2014,https://www.abchina.com/cn/branch/hl/marketing/201212/t20121225_301797.htm
LE001811,哈尔滨市红十字中心医院,,specialized_hospital,黑龙江省,Heilongjiang,哈尔滨市,Harbin,2014,https://www.zgylbx.com/index.php?a=show&c=index&catid=6&id=14301&m=content
LE001812,哈尔滨市胸科医院,哈尔滨市结核病医院,specialized_hospital,黑龙江省,Heilongjiang,哈尔滨市,Harbin,2014,https://www.hljnc.edu.cn/info/1065/2021.htm
LE001813,哈尔滨二四二医院,哈尔滨第二四二医院,general_hospital,黑龙江省,Heilongjiang,哈尔滨市,Harbin,2014,https://blog.a-hospital.com/p/315
LE001814,哈尔滨市骨伤科医院,哈尔滨骨伤科医院,specialized_hospital,黑龙江省,Heilongjiang,哈尔滨市,Harbin,2014,https://blog.a-hospital.com/p/315
LE001816,黑龙江中医药大学附属第一医院,,general_hospital,黑龙江省,Heilongjiang,哈尔滨市,Harbin,2014,https://www.dayi.org.cn/hospital/1031202
LE001817,黑龙江中医药大学附属第二医院,黑龙江中医药大学附属第二医院(哈南分院),traditional_chinese_medicine_hospital,黑龙江省,Heilongjiang,哈尔滨市,Harbin,2014,https://www.hljtcm.com/news/1443.html
LE001818,黑龙江省中医医院,黑龙江省中医院,traditional_chinese_medicine_hospital,黑龙江省,Heilongjiang,哈尔滨市,Harbin,2014,https://edu.sina.com.cn/kaoyan/2011-09-27/1723314080.shtml
LE001819,黑龙江省第四医院,黑龙江省传染病防治院,specialized_hospital,黑龙江省,Heilongjiang,哈尔滨市,Harbin,2014,https://hljjh.org.cn/jkjt-n.php?id=1291
LE001821,北大荒集团总医院,黑龙江省农垦总局总医院,specialized_hospital,黑龙江省,Heilongjiang,哈尔滨市,Harbin,2014,https://www.dayi.org.cn/hospital/1132291.html
LE001822,黑龙江省医院,,general_hospital,黑龙江省,Heilongjiang,哈尔滨市,Harbin,2014,https://www.nhc.gov.cn/yzygj/s10347/200910/524b4b7bfec640c0b949dec36750a40b.shtml
LE001823,黑龙江省森工总医院,,general_hospital,黑龙江省,Heilongjiang,哈尔滨市,Harbin,2014,https://www.dayi.org.cn/hospital/1156210.html
LE001824,黑龙江省第二医院,,specialized_hospital,黑龙江省,Heilongjiang,哈尔滨市,Harbin,2014,https://archiver.yingjiesheng.com/job-001-462-364.html
LE001825,黑龙江神志医院,,specialized_hospital,黑龙江省,Heilongjiang,哈尔滨市,Harbin,2014,https://www.zyhzyccgzs.com/a/chanpinzhanshi/1.html
LE001826,大兴安岭地区人民医院,,general_hospital,黑龙江省,Heilongjiang,大兴安岭地区,Daxing'anling Prefecture,2017,https://www.dayi.org.cn/hospital/1140685
LE001827,大庆市中医医院,大庆市中医院,traditional_chinese_medicine_hospital,黑龙江省,Heilongjiang,大庆市,Daqing,2014,https://www.qiuyi.cn/hospital/29350/ygonggao/11677.html
LE001828,大庆市中西医结合医院,,general_hospital,黑龙江省,Heilongjiang,大庆市,Daqing,2018,https://www.dqszxyjhyy.org.cn/article.php?id=1146
LE001829,大庆市人民医院,,general_hospital,黑龙江省,Heilongjiang,大庆市,Daqing,2014,https://www.dayi.org.cn/hospital/1140681.html
LE001830,大庆油田总医院,,general_hospital,黑龙江省,Heilongjiang,大庆市,Daqing,2014,https://www.nhc.gov.cn/ewebeditor/uploadfile/2014/06/20140603154543391.pdf
LE001831,大庆市第三医院,大庆油田总医院集团第三医院,specialized_hospital,黑龙江省,Heilongjiang,大庆市,Daqing,2017,https://www.dayi.org.cn/hospital/1140682
LE001832,大庆市第二医院,大庆油田总医院集团第二医院,specialized_hospital,黑龙江省,Heilongjiang,大庆市,Daqing,2014,https://www.yc.gov.cn/ycsrmzf/c102060/202412/383943/files/%E4%BC%8A%E6%98%A5%E5%B8%82%E7%AC%AC%E4%B8%80%E5%8C%BB%E9%99%A2%E5%85%B3%E4%BA%8E%E4%B8%89%E7%BA%A7%E7%94%B2%E7%AD%89%E5%85%AC%E7%AB%8B%E5%8C%BB%E9%99%A2%E6%A3%80%E6%9F%A5%E6%A3%80%E9%AA%8C%E7%BB%93%E6%9E%9C%E4%BA%92%E8%AE%A4%E9%A1%B9%E7%9B%AE%E5%85%AC%E7%A4%BA.pdf
LE001833,大庆龙南医院,大庆油田总医院集团龙南医院,general_hospital,黑龙江省,Heilongjiang,大庆市,Daqing,2014,https://www.dqlnyy.cn/index/lists/index/id/31.html
LE001834,牡丹江医学院附属红旗医院,牡丹江医学院红旗医院,general_hospital,黑龙江省,Heilongjiang,牡丹江市,Mudanjiang,2014,https://www.mdjyxyfshqyy.org.cn/yygk/11.html
LE001835,牡丹江医学院附属第二医院,,general_hospital,黑龙江省,Heilongjiang,牡丹江市,Mudanjiang,2014,https://s.dayi.org.cn/mip/s/hospital/1135940.html
LE001836,牡丹江市中医医院,牡丹江市中西医结合医院,traditional_chinese_medicine_hospital,黑龙江省,Heilongjiang,牡丹江市,Mudanjiang,2014,https://www.a-hospital.com/w/%E7%89%A1%E4%B8%B9%E6%B1%9F%E5%B8%82%E4%B8%89%E7%BA%A7%E7%94%B2%E7%AD%89%E5%8C%BB%E9%99%A2%E5%88%97%E8%A1%A8
LE001838,牡丹江市第一人民医院,,general_hospital,黑龙江省,Heilongjiang,牡丹江市,Mudanjiang,2014,https://www.dayi.org.cn/hospital/2991
LE001839,牡丹江市第二人民医院,,general_hospital,黑龙江省,Heilongjiang,牡丹江市,Mudanjiang,2014,https://s.dayi.org.cn/mip/s/hospital/2984.html
LE001840,牡丹江市肿瘤医院,,specialized_hospital,黑龙江省,Heilongjiang,牡丹江市,Mudanjiang,2014,https://mdj.gov.cn/mdjsrmzf/c100080/201701/124886.shtml
LE001841,牡丹江市康安医院,牡丹江康安医院,specialized_hospital,黑龙江省,Heilongjiang,牡丹江市,Mudanjiang,2014,https://mdj.gov.cn/mdjsrmzf/c100080/201701/124886.shtml
LE001842,牡丹江心血管医院,牡丹江心血管病医院,specialized_hospital,黑龙江省,Heilongjiang,牡丹江市,Mudanjiang,2014,https://www.a-hospital.com/w/%E7%89%A1%E4%B8%B9%E6%B1%9F%E5%B8%82%E4%B8%89%E7%BA%A7%E7%94%B2%E7%AD%89%E5%8C%BB%E9%99%A2%E5%88%97%E8%A1%A8
LE001843,牡丹江林业中心医院,黑龙江省牡丹江林业中心医院,general_hospital,黑龙江省,Heilongjiang,牡丹江市,Mudanjiang,2014,https://www.dayi.org.cn/hospital/2976.html
LE001845,绥化市第一医院,,general_hospital,黑龙江省,Heilongjiang,绥化市,Suihua,2014,https://www.dayi.org.cn/hospital/1126695.html
LE001846,鸡西市中医医院,鸡西市中医院,traditional_chinese_medicine_hospital,黑龙江省,Heilongjiang,鸡西市,Jixi,2014,https://ljjk.org.cn/articleNews.do?id=584
LE001847,鸡西市人民医院,鸡西市医集团鸡西市人民医院;鸡西市医集团鸡西市人民医院旧院,general_hospital,黑龙江省,Heilongjiang,鸡西市,Jixi,2014,https://www.haikoumh.com.cn/hksrmyy/zjjs/202005/3e227e481b0942cda64e23e6c39a8b78.shtml
LE001849,鸡西鸡矿医院,鸡西矿业集团总医院; 鸡西矿务局总医院,general_hospital,黑龙江省,Heilongjiang,鸡西市,Jixi,2014,https://yyk.jianke.com/1119467/detail
LE001850,北大荒集团宝泉岭医院,黑龙江省农垦宝泉岭医院,general_hospital,黑龙江省,Heilongjiang,鹤岗市,Hegang,2014,https://docs.cn-healthcare.com/sharedoc/src_files/20170510/3368094650206208.pdf
LE001851,鹤岗市中医医院,鹤岗市中医院,traditional_chinese_medicine_hospital,黑龙江省,Heilongjiang,鹤岗市,Hegang,2014,https://caivd-org.cn/m/article.asp?id=6647
LE001852,鹤岗市人民医院,,general_hospital,黑龙江省,Heilongjiang,鹤岗市,Hegang,2014,https://www.nhc.gov.cn/ewebeditor/uploadfile/2014/06/20140603154543391.pdf
LE001855,黑龙江省第三医院,,specialized_hospital,黑龙江省,Heilongjiang,黑河市,Heihe,2014,https://www.hljnc.edu.cn/info/1048/1533.htm
LE001857,齐齐哈尔医学院第一附属医院,,general_hospital,黑龙江省,Heilongjiang,齐齐哈尔市,Qiqihaer,2014,https://m.dxy.com/hospital/2537/more?dxa_adplatform=m.dxy.com
LE001858,齐齐哈尔医学院附属第二医院,齐齐哈尔医学院第二附属医院,general_hospital,黑龙江省,Heilongjiang,齐齐哈尔市,Qiqihaer,2014,https://www.qqhryxyfsdryy.org.cn/3639/listm.htm
LE001859,齐齐哈尔市第一医院,齐齐哈尔医学院第六附属医院,general_hospital,黑龙江省,Heilongjiang,齐齐哈尔市,Qiqihaer,2014,https://www.qqhrdyyy.com.cn/Html/News/Columns/50/Index.html
LE001860,齐齐哈尔医学院附属第三医院,,general_hospital,黑龙江省,Heilongjiang,齐齐哈尔市,Qiqihaer,2014,https://www.qqhryxyfsdsyy.org.cn/4668/list.htm
LE001862,齐齐哈尔市中医医院,齐齐哈尔市中医医院(南区),traditional_chinese_medicine_hospital,黑龙江省,Heilongjiang,齐齐哈尔市,Qiqihaer,2014,https://caivd-org.cn/m/article.asp?id=6647
LE001863,齐齐哈尔建华医院有限责任公司,齐齐哈尔建华医院,general_hospital,黑龙江省,Heilongjiang,齐齐哈尔市,Qiqihaer,2017,https://static.cninfo.com.cn/finalpage/2017-03-31/1203243631.PDF
LE001864,乌兰察布市中医蒙医医院,,traditional_chinese_medicine_hospital,内蒙古自治区,Inner Mongolia,乌兰察布市,Wulanchabu,2020,https://nmgyyxh.org.cn/nmgyyxh/zcfg/686cdcc3f266ba2c90c83f59.shtml
LE001865,乌海市海勃湾区中医医院,,traditional_chinese_medicine_hospital,内蒙古自治区,Inner Mongolia,乌海市,Wuhai,2024,https://www.sohu.com/a/828259951_121123830
LE001866,兴安盟蒙医医院,,ethnic_medicine_hospital,内蒙古自治区,Inner Mongolia,兴安盟,Hinggan League,2014,https://www.xam.gov.cn/xam/2024-09/14/article_2024091411121977118.html
LE001867,内蒙古科技大学包头医学院第二附属医院,,general_hospital,内蒙古自治区,Inner Mongolia,包头市,Baotou,2023,https://wjw.nmg.gov.cn/zfxxgk/fdzzgknr/jgjs/202307/t20230731_2354777.html
LE001868,准格尔旗中医蒙医医院,,traditional_chinese_medicine_hospital,内蒙古自治区,Inner Mongolia,鄂尔多斯市,Eerduosi,2023,https://www.zqzmyy.com/Yygk/yygk.html
LE001869,呼和浩特市中医蒙医医院,,traditional_chinese_medicine_hospital,内蒙古自治区,Inner Mongolia,呼和浩特市,Huhehaote,2017,https://www.cn-healthcare.com/articlewm/20201020/wap-content-1154855.html
LE001870,呼和浩特市第一医院,,general_hospital,内蒙古自治区,Inner Mongolia,呼和浩特市,Huhehaote,2023,https://wjw.nmg.gov.cn/zfxxgk/fdzzgknr/jgjs/202307/t20230731_2354777.html
LE001871,扎兰屯市中蒙医院,,traditional_chinese_medicine_hospital,内蒙古自治区,Inner Mongolia,呼伦贝尔市,Hulunbeier,2019,https://3g.kq36.com/25/147972
LE001872,科尔沁右翼中旗蒙医医院,,ethnic_medicine_hospital,内蒙古自治区,Inner Mongolia,兴安盟,Hinggan League,2023,https://www.xam.gov.cn/xam/2026-03/11/article_2026031118132640172.html；https://kyzq.gov.cn/kyzq/2025-02/27/article_2025022716450415565.html
LE001873,赤峰市中医蒙医医院,,traditional_chinese_medicine_hospital,内蒙古自治区,Inner Mongolia,赤峰市,Chifeng,2024,https://ybj.chifeng.gov.cn/zwgk/gnyw/202502/t20250210_2533686.html
LE001874,赤峰市宁城县中心医院,,general_hospital,内蒙古自治区,Inner Mongolia,赤峰市,Chifeng,2023,https://wjw.nmg.gov.cn/zfxxgk/fdzzgknr/jgjs/202307/t20230731_2354777.html
LE001875,赤峰市安定医院,,specialized_hospital,内蒙古自治区,Inner Mongolia,赤峰市,Chifeng,2023,https://wjw.nmg.gov.cn/zfxxgk/fdzzgknr/jgjs/202307/t20230731_2354777.html
LE001877,赤峰市肿瘤医院,,specialized_hospital,内蒙古自治区,Inner Mongolia,赤峰市,Chifeng,2023,https://wjw.nmg.gov.cn/zfxxgk/fdzzgknr/jgjs/202307/t20230731_2354777.html
LE001878,锡林郭勒盟中心医院,,general_hospital,内蒙古自治区,Inner Mongolia,锡林郭勒盟,Xilingol League,2023,https://wjw.xlgl.gov.cn/wjw/zwgk/zfxxgk/yjsgk/2024110719033184443/2025062611372120537.pdf
LE001879,阿鲁科尔沁旗中医医院,阿鲁科尔沁旗中医院,traditional_chinese_medicine_hospital,内蒙古自治区,Inner Mongolia,赤峰市,Chifeng,2019,https://www.zgcounty.com/news/26802.html
LE001880,白城中心医院,,general_hospital,吉林省,Jilin,白城市,Baicheng,2024,https://wsjkw.jl.gov.cn/gsgg/202404/t20240416_8894844.html
LE001881,九〇三医院,,general_hospital,四川省,Sichuan,绵阳市,Mianyang,2023,https://kcb.caep.cn/doc/2026/04/02/16731.shtml
LE001882,什邡市人民医院,,general_hospital,四川省,Sichuan,德阳市,Deyang,2023,http://sc.people.com.cn/n2/2023/0410/c379471-40369536.html
LE001883,仁寿县中医医院,,traditional_chinese_medicine_hospital,四川省,Sichuan,眉山市,Meishan,2019,https://m.fx361.com/news/2023/0922/22987553.html
LE001884,仪陇县人民医院,,general_hospital,四川省,Sichuan,南充市,Nanchong,2024,https://oss.shzyfy.com/20240221/182834961.pdf
LE001885,南江县人民医院,,general_hospital,四川省,Sichuan,巴中市,Bazhong,2024,https://www.njxyy.cn/information_list/id/1245.html
LE001886,古蔺县人民医院,,general_hospital,四川省,Sichuan,泸州市,Luzhou,2024,https://oss.shzyfy.com/20240221/182834961.pdf
LE001887,大邑望县中医医院,,traditional_chinese_medicine_hospital,四川省,Sichuan,成都市,Chengdu,2020,https://kknews.cc/zh-cn/health/oq6k2o6.html
LE001888,宜宾市中医医院,,traditional_chinese_medicine_hospital,四川省,Sichuan,宜宾市,Yibin,2022,https://www.ybszyy.com.cn/go.htm?k=yi_yuan_jie_shao&url=about%2Fabout
LE001889,宜宾市第三人民医院,,general_hospital,四川省,Sichuan,宜宾市,Yibin,2024,https://oss.shzyfy.com/20240221/182834961.pdf
LE001890,宜宾市第四人民医院,,specialized_hospital,四川省,Sichuan,宜宾市,Yibin,2021,http://sc.people.com.cn/n2/2021/0408/c345509-34664755.html
LE001891,富顺县人民医院,,general_hospital,四川省,Sichuan,自贡市,Zigong,2023,https://sichuan.scol.com.cn/xwtg/202304/58849668.html
LE001892,射洪市中医院,,traditional_chinese_medicine_hospital,四川省,Sichuan,遂宁市,Suining,2019,https://www.suining.gov.cn/xinwen/show/aa59fa9a978c4a7096327a7c14683ff3.html
LE001893,峨眉山市中医医院峨眉山市骨科医院,,traditional_chinese_medicine_hospital,四川省,Sichuan,乐山市,Leshan,2018,https://www.ems120.cn/col.jsp?id=118
LE001894,成都上锦南府医院,,general_hospital,四川省,Sichuan,成都市,Chengdu,2021,http://sc.people.com.cn/n2/2021/0408/c345509-34664755.html
LE001895,成都市双流区中医医院,,traditional_chinese_medicine_hospital,四川省,Sichuan,成都市,Chengdu,2019,https://www.toutiao.com/article/6776338628491608580/
LE001896,成都市龙泉驿区中医医院,,traditional_chinese_medicine_hospital,四川省,Sichuan,成都市,Chengdu,2022,https://m.lqzyy.com/news_major/2025/LDdwEma1.html
LE001897,成都市龙泉驿区第一人民医院,,general_hospital,四川省,Sichuan,成都市,Chengdu,2023,https://cdslqyq.sczwfw.gov.cn/art/2024/2/20/art_21524_248935.html
LE001898,江油市第二人民医院,,general_hospital,四川省,Sichuan,绵阳市,Mianyang,2024,https://oss.shzyfy.com/20240221/182834961.pdf
LE001899,泸县人民医院,,general_hospital,四川省,Sichuan,泸州市,Luzhou,2024,https://oss.shzyfy.com/20240221/182834961.pdf
LE001900,绵竹市人民医院,,general_hospital,四川省,Sichuan,德阳市,Deyang,2024,https://www.mztoday.gov.cn/show/72211.html
LE001901,绵阳市骨科医院,,specialized_hospital,四川省,Sichuan,绵阳市,Mianyang,2014,https://cbgc.scol.com.cn/news/5063008
LE001902,荣县人民医院,,general_hospital,四川省,Sichuan,自贡市,Zigong,2024,https://oss.shzyfy.com/20240221/182834961.pdf
LE001903,资中县人民医院,,general_hospital,四川省,Sichuan,内江市,Neijiang,2024,https://oss.shzyfy.com/20240221/182834961.pdf
LE001904,资阳市人民医院,,general_hospital,四川省,Sichuan,资阳市,Ziyang,2023,http://sc.people.com.cn/n2/2023/0410/c379471-40369536.html
LE001905,达州市达川区人民医院,,general_hospital,四川省,Sichuan,达州市,Dazhou,2023,https://www.xyy120.cn/index.php?a=lists&c=index&catid=13&m=content&page=11
LE001906,邛崃市医疗中心医院,,general_hospital,四川省,Sichuan,成都市,Chengdu,2023,http://sc.people.com.cn/n2/2023/0410/c379471-40369536.html
LE001907,金堂县第一人民医院,,general_hospital,四川省,Sichuan,成都市,Chengdu,2023,http://sc.people.com.cn/n2/2023/0407/c379469-40367560.html
LE001908,中卫市中医医院,,traditional_chinese_medicine_hospital,宁夏回族自治区,Ningxia,中卫市,Zhongwei,2023,https://wsjkw.nx.gov.cn/xwzx_279/tzgg/202311/t20231113_4347487.html
LE001909,吴忠市人民医院,,general_hospital,宁夏回族自治区,Ningxia,吴忠市,Wuzhong,2024,https://www.nxwzrmyy.com/index.php?a=index&aid=594&c=View&m=home
LE001910,固原市人民医院,,general_hospital,宁夏回族自治区,Ningxia,固原市,Guyuan,2023,https://wsjkw.nx.gov.cn/zzb/tzgg_73360/202312/t20231221_4392521.html
LE001911,宁夏回族自治区中西医结合医院,,traditional_chinese_and_western_medicine_hospital,宁夏回族自治区,Ningxia,银川市,Yinchuan,2023,https://wsjkw.nx.gov.cn/zfxxgk_279/fdzdgknr/yjsgk/202402/P020240227509525282279.pdf
LE001912,宁夏回族自治区宁安医院,,specialized_hospital,宁夏回族自治区,Ningxia,银川市,Yinchuan,2023,https://wsjkw.nx.gov.cn/zzb/tzgg_73360/202312/t20231221_4392521.html
LE001913,石嘴山市第一人民医院,,general_hospital,宁夏回族自治区,Ningxia,石嘴山市,Shizuishan,2023,https://wsjkw.nx.gov.cn/zzb/tzgg_73360/202312/t20231221_4392521.html
LE001914,乌鲁木齐市第一人民医院（乌鲁木齐儿童医院）,,specialized_hospital,新疆维吾尔自治区,Xinjiang,乌鲁木齐市,Urumqi,2016,https://wjw.xinjiang.gov.cn/hfpc/tzgg/201603/99e83465be334b86b239e1fd1d3dbb01.shtml
LE001915,乌鲁木齐市第四人民医院,,specialized_hospital,新疆维吾尔自治区,Xinjiang,乌鲁木齐市,Urumqi,2024,https://wjw.xinjiang.gov.cn/hfpc/ylzl/202410/28a4f47ff1f240f4a85ecc7f4c0b4845.shtml
LE001916,伊犁哈萨克自治州中医医院,,traditional_chinese_medicine_hospital,新疆维吾尔自治区,Xinjiang,伊犁州,Ili Kazak Autonomous Prefecture,2014,https://health.baidu.com/doctordec/hosintro/1000952
LE001917,伊犁哈萨克自治州新华医院,,general_hospital,新疆维吾尔自治区,Xinjiang,伊犁州,Ili Kazak Autonomous Prefecture,2016,https://wjw.xinjiang.gov.cn/hfpc/yljggl/201603/99a046bb3f254fd3a67f4e6ac5edbb69.shtml
LE001918,克拉玛依市人民医院,,general_hospital,新疆维吾尔自治区,Xinjiang,克拉玛依市,Kelamayi,2023,https://wjw.xinjiang.gov.cn/hfpc/zhgl4/202309/d0b81897e39a42c79c39203d80d31b56.shtml
LE001919,吐鲁番市人民医院,,general_hospital,新疆维吾尔自治区,Xinjiang,吐鲁番市,Tulufan,2016,https://wjw.xinjiang.gov.cn/hfpc/zhgl9/201612/2eb78545aed74e428d9ddddfa9ad5558.shtml
LE001920,和田地区人民医院,,general_hospital,新疆维吾尔自治区,Xinjiang,和田地区,Hotan Prefecture,2015,https://y.dxy.cn/hospital/407
LE001921,和田地区维吾尔医医院,,ethnic_medicine_hospital,新疆维吾尔自治区,Xinjiang,和田地区,Hotan Prefecture,2014,https://www.xjhtut.com/contents/111/1825.html
LE001922,哈密市中心医院,,general_hospital,新疆维吾尔自治区,Xinjiang,哈密市,Hami,2014,https://hactcm.edu.cn/info/1057/4216.htm
LE001923,喀什地区第二人民医院,,general_hospital,新疆维吾尔自治区,Xinjiang,喀什地区,Kashgar Prefecture,2015,https://www.xinjiang.gov.cn/xinjiang/xjyw/201612/09697fda1e104a3a9b8ab4bfb2af030e.shtml
LE001924,喀什地区维吾尔医医院,,ethnic_medicine_hospital,新疆维吾尔自治区,Xinjiang,喀什地区,Kashgar Prefecture,2014,https://www.kashi.gov.cn/ksdqxzgs/c108116/202203/07f024fed2d04808b4f1032a774265ed.shtml
LE001925,塔城地区人民医院,,general_hospital,新疆维吾尔自治区,Xinjiang,塔城地区,Tacheng Prefecture,2016,https://wjw.xinjiang.gov.cn/hfpc/tzgg/201603/419bef9bc95f4482bc7c55b24c99aea3.shtml
LE001926,巴音郭楞蒙古自治州人民医院,,general_hospital,新疆维吾尔自治区,Xinjiang,巴州,Bayingolin Mongol Autonomous Prefecture,2014,https://www.xjbz.gov.cn/xjbz/c101565/201405/d759d8704ae446f4a80ce2f0fb217c89.shtml
LE001927,新疆医科大学第六附属医院（自治区骨科医院）,,specialized_hospital,新疆维吾尔自治区,Xinjiang,乌鲁木齐市,Urumqi,2018,https://rst.xinjiang.gov.cn/xjrst/c112746/202305/c89461f1d2ac46d4836065874a105449.shtml
LE001928,新疆心脑血管病医院,,specialized_hospital,新疆维吾尔自治区,Xinjiang,乌鲁木齐市,Urumqi,2014,https://y.dxy.cn/hospital/1045
LE001929,新疆生产建设兵团第一师阿拉尔医院,,general_hospital,新疆维吾尔自治区,Xinjiang,第一师阿拉尔市,First Division Aral,2020,https://www.dayi.org.cn/hospital/1156854
LE001930,新疆生产建设兵团第七师医院,,general_hospital,新疆维吾尔自治区,Xinjiang,第七师胡杨河市,Seventh Division Huyanghe,2018,https://www.ourjiangsu.com/a/20201020/1603164958152.shtml
LE001931,新疆生产建设兵团第九师医院,,general_hospital,新疆维吾尔自治区,Xinjiang,第九师白杨市,Ninth Division Baiyang,2018,https://m.youlai.cn/yyk/hospindex/8216/
LE001932,新疆生产建设兵团第二师库尔勒医院,,general_hospital,新疆维吾尔自治区,Xinjiang,第二师铁门关市,Second Division Tiemenguan,2017,https://hz.bendibao.com/live/2017629/69506_2.shtm
LE001933,新疆生产建设兵团第五师医院,,general_hospital,新疆维吾尔自治区,Xinjiang,第五师双河市,Fifth Division Shuanghe,2018,https://hbch.com.cn/archive/1-18-778.html
LE001934,新疆生产建设兵团第六师医院（新疆五家渠市人民医院）,,general_hospital,新疆维吾尔自治区,Xinjiang,第六师五家渠市,Sixth Division Wujiaqu,2019,https://jy.jzmu.edu.cn/detail/online?id=844089&menu_id=
LE001935,新疆生产建设兵团第十三师红星医院,,general_hospital,新疆维吾尔自治区,Xinjiang,第十三师新星市,Thirteenth Division Xinxing,2014,https://y.dxy.cn/hospital/1848
LE001936,新疆生产建设兵团第十师北屯医院,,general_hospital,新疆维吾尔自治区,Xinjiang,第十师北屯市,Tenth Division Beitun,2018,https://xj.news.cn/20240523/64ece16af8c54ca6880c743306ab259e/c.html
LE001937,新疆维吾尔自治区儿童医院,,specialized_hospital,新疆维吾尔自治区,Xinjiang,乌鲁木齐市,Urumqi,2024,https://wjw.xinjiang.gov.cn/hfpc/zhgl4/202404/96c7a65624f14eee8c3025c341098af4.shtml
LE001938,新疆维吾尔自治区第三人民医院（自治区职业病医院）,,general_hospital,新疆维吾尔自治区,Xinjiang,乌鲁木齐市,Urumqi,2021,https://www.xinjiang.gov.cn/xinjiang/bmdt/202111/2db5e21b70894ecb8115e6f8823a4292.shtml
LE001940,石河子市人民医院,,general_hospital,新疆维吾尔自治区,Xinjiang,第八师石河子市,Eighth Division Shihezi,2016,https://news.qq.com/rain/a/20230519A02WVU00
LE001942,阿勒泰地区人民医院,,general_hospital,新疆维吾尔自治区,Xinjiang,阿勒泰地区,Altay Prefecture,2014,https://sj.ruizhipak.com/show.php?classid=29&id=7821
LE001943,日喀则市人民医院,,general_hospital,西藏自治区,Tibet,日喀则市,Rikaze,2017,https://wjw.xizang.gov.cn/ztzl/ylyz/201908/t20190808_94302.html
LE001944,日喀则市藏医院,,ethnic_medicine_hospital,西藏自治区,Tibet,日喀则市,Rikaze,2018,https://rikaze.xzdw.gov.cn/xwzx_455/ttxw/202506/t20250630_583536.html
LE001945,昌都市人民医院,,general_hospital,西藏自治区,Tibet,昌都市,Changdu,2018,https://wlt.xizang.gov.cn/xwzx_69/wlyw/dsdt/201807/t20180712_120253.html
LE001946,昌都市藏医院,,ethnic_medicine_hospital,西藏自治区,Tibet,昌都市,Changdu,2020,https://www.xizang.gov.cn/xwzx_406/dsdt/202001/t20200113_128996.html
LE001947,那曲市人民医院,,general_hospital,西藏自治区,Tibet,那曲市,Naqu,2018,https://wlt.xizang.gov.cn/xwzx_69/wlyw/dsdt/201906/t20190612_121037.html
LE001948,那曲市藏医院,,ethnic_medicine_hospital,西藏自治区,Tibet,那曲市,Naqu,2023,https://www.xizang.gov.cn/xwzx_406/dsdt/202409/t20240927_438426.html
LE001949,商洛市中医医院,,traditional_chinese_medicine_hospital,陕西省,Shaanxi,商洛市,Shangluo,2023,https://eslrb.slrbs.com/slrb/20231228/5-8.pdf
LE001950,宝鸡高新医院,,general_hospital,陕西省,Shaanxi,宝鸡市,Baoji,2021,https://www.bjgxrmyy.com/index.php?a=index&cid=3&g=&id=1202&m=article
LE001951,延安市中医医院,,traditional_chinese_medicine_hospital,陕西省,Shaanxi,延安市,Yanan,2023,https://yaszyyy.com/xwzx/yydt/1736994808586571778.html
LE001952,西安市精神卫生中心,,specialized_hospital,陕西省,Shaanxi,西安市,Xi'an,2014,https://www.weprintcolor.com/info/1176/1312.html
LE001953,青海省交通医院,,general_hospital,青海省,Qinghai,西宁市,Xining,2023,https://wsjkw.qinghai.gov.cn/zwgk/jgzn/nsjg/bgs/gzdt/202301/t20230129_203984.html
LE001954,重庆医科大学附属大学城医院,,general_hospital,重庆市,Chongqing,重庆市,Chongqing,2023,https://wsjkw.cq.gov.cn/zwgk_242/fdzdgknr/tzgg/gzgs/202312/t20231228_12758942.html
LE001955,重庆市云阳县人民医院,,general_hospital,重庆市,Chongqing,重庆市,Chongqing,2023,https://wsjkw.cq.gov.cn/zwgk_242/fdzdgknr/tzgg/gzgs/202312/t20231228_12758942.html
LE001956,重庆市大足区中医院,,traditional_chinese_medicine_hospital,重庆市,Chongqing,重庆市,Chongqing,2024,https://wsjkw.cq.gov.cn/zwgk_242/fdzdgknr/tzgg/gzgs/202412/t20241216_13894185_wap.html
LE001957,重庆市奉节县人民医院,,general_hospital,重庆市,Chongqing,重庆市,Chongqing,2023,https://wsjkw.cq.gov.cn/zwgk_242/fdzdgknr/tzgg/gzgs/202312/t20231228_12758942.html
LE001958,重庆市荣昌区人民医院,,general_hospital,重庆市,Chongqing,重庆市,Chongqing,2023,https://wsjkw.cq.gov.cn/zwgk_242/fdzdgknr/tzgg/gzgs/202312/t20231228_12758942.html
LE001959,重庆市铜梁区人民医院,,general_hospital,重庆市,Chongqing,重庆市,Chongqing,2023,https://wsjkw.cq.gov.cn/zwgk_242/fdzdgknr/tzgg/gzgs/202312/t20231228_12758942.html
LE001960,安徽省公共卫生临床中心（安徽省传染病医院）,,general_hospital,安徽省,Anhui,合肥市,Hefei,2024,https://www.ahsphcc.cn/info/1002/24759.htm
LE001961,淮南东方医院集团总医院,,general_hospital,安徽省,Anhui,淮南市,Huainan,2024,https://www.huainan.gov.cn/zwgk/jrhn/1260247991.html
LE001962,皖西卫生职业学院附属医院（六安市第二人民医院）,,general_hospital,安徽省,Anhui,六安市,Liuan,2024,https://wjw.luan.gov.cn/public/6608371/10448823.html
LE001964,山西盈康一生总医院,,general_hospital,山西省,Shanxi,运城市,Yuncheng,2024,https://wjw.shanxi.gov.cn/tzgg/gsgg/202403/t20240311_9517120.shtml
LE001966,中山大学附属第一医院贵州医院,贵州医科大学附属医院贵安医院;贵州医科大学附属医院贵安院区,general_hospital,贵州省,Guizhou,贵阳市,Guiyang,2021,https://www.gzszx.gov.cn/gzzxb/web/doc/detail/d_1426628320165920
LE001968,首钢水钢医院,首钢水钢总医院,general_hospital,贵州省,Guizhou,六盘水市,Liupanshui,2021,https://wjw.guizhou.gov.cn/xwzx/tzgg/202109/t20210901_78914834.html
LE001969,黔南州中医医院,,traditional_chinese_medicine_hospital,贵州省,Guizhou,黔南布依族苗族自治州,Qiannan Bouyei and Miao Autonomous Prefecture,2014,https://www.haodf.com/hospital/2010.html
LE001971,中山大学附属第一医院广西医院,广西壮族自治区人民医院东院（建设依托）,general_hospital,广西壮族自治区,Guangxi,南宁市,Nanning,2023,https://zsyygxyy.org.cn/notice/noticexxgk/3150.html
LE001972,北流市人民医院,,general_hospital,广西壮族自治区,Guangxi,玉林市,Yulin,2023,https://wsjkw.gxzf.gov.cn/xxgk_49493/fdzdgk/wsjszh/yzyg/index_2.shtml
LE001973,博白县人民医院,,general_hospital,广西壮族自治区,Guangxi,玉林市,Yulin,2023,https://wsjkw.gxzf.gov.cn/xxgk_49493/fdzdgk/wsjszh/yzyg/t17250816.shtml
LE001974,广西医科大学第二附属医院,,general_hospital,广西壮族自治区,Guangxi,南宁市,Nanning,2018,https://gxzyy.wsglw.net/HomePublic/ArticleInfo?article_id=19FC9C72-B845-4727-BE8E-A8FE010ABA96&title=%E9%80%9A%E7%9F%A5%E5%85%AC%E5%91%8A&viewName=ArticleInfoGXZP
LE001975,桂平市人民医院,,general_hospital,广西壮族自治区,Guangxi,贵港市,Guigang,2023,https://wsjkw.gxzf.gov.cn/xxgk_49493/fdzdgk/wsjszh/yzyg/t15813411.shtml
LE001976,灵山县人民医院,,general_hospital,广西壮族自治区,Guangxi,钦州市,Qinzhou,2023,https://wsjkw.gxzf.gov.cn/xxgk_49493/fdzdgk/wsjszh/yzyg/index_3.shtml
LE001977,玉林市第二人民医院,,general_hospital,广西壮族自治区,Guangxi,玉林市,Yulin,2024,https://wsjkw.gxzf.gov.cn/xxgk_49493/fdzdgk/wsjszh/yzyg/index_2.shtml
LE001978,伊春市第一医院,,general_hospital,黑龙江省,Heilongjiang,伊春市,Yichun,2019,https://finance.sina.com.cn/roll/2025-09-24/doc-infrqyfm6515564.shtml
LE001979,哈尔滨医科大学附属第六医院,哈尔滨市儿童医院,specialized_hospital,黑龙江省,Heilongjiang,哈尔滨市,Harbin,2014,https://blog.a-hospital.com/p/315
LE001980,黑河市第一人民医院,,general_hospital,黑龙江省,Heilongjiang,黑河市,Heihe,2024,https://www.hljba.gov.cn/bas/c101169/202412/c11_314088.shtml
LE001981,黑龙江省林业第二医院,,general_hospital,黑龙江省,Heilongjiang,伊春市,Yichun,2014,https://www.yc.gov.cn/ycsrmzf/c102233/202012/92980.shtml
LE001982,黑龙江省眼科医院,,specialized_hospital,黑龙江省,Heilongjiang,哈尔滨市,Harbin,2016,https://www.ylrj.cn/hospital/4002743.html
LE001983,娄底市第一人民医院,,general_hospital,湖南省,Hunan,娄底市,Loudi,2024,https://www.ldsdyrmyy.cn/show/1.html
LE001984,宁乡市人民医院,,general_hospital,湖南省,Hunan,长沙市,Changsha,2024,https://wjw.hunan.gov.cn/xxgk/tzgg/202411/t20241101_33490808.html
LE001985,平江县第一人民医院,,general_hospital,湖南省,Hunan,岳阳市,Yueyang,2024,https://www.pingjiang.gov.cn/35048/35055/35056/content_2253849.html
LE001986,浏阳市人民医院,,general_hospital,湖南省,Hunan,长沙市,Changsha,2024,https://wjw.hunan.gov.cn/xxgk/tzgg/202411/t20241101_33490808.html
LE001987,湖南师范大学附属湘东医院,,general_hospital,湖南省,Hunan,株洲市,Zhuzhou,2024,https://wjw.hunan.gov.cn/xxgk/tzgg/202411/t20241101_33490808.html
LE001988,湖南航天医院,,general_hospital,湖南省,Hunan,长沙市,Changsha,2024,https://www.hnhtyy.com.cn/xq/48.html
LE001989,隆回县人民医院,,general_hospital,湖南省,Hunan,邵阳市,Shaoyang,2024,https://www.lhxrmyy.com/Article/894.html
LE001990,兰州石化总医院（甘肃中医药大学第四附属医院）,甘肃宝石花医院,general_hospital,甘肃省,Gansu,兰州市,Lanzhou,2020,https://www.thepaper.cn/newsDetail_forward_10311679
LE001991,天水四零七医院,,general_hospital,甘肃省,Gansu,天水市,Tianshui,2024,https://www.baiyinqu.gov.cn/fdzdgknr/KSXX/art/2024/art_bb364b0b61eb4ca2b5c2f58f0dacd719.html
LE001992,张掖市第二人民医院,,general_hospital,甘肃省,Gansu,张掖市,Zhangye,2021,https://www.zhangye.gov.cn/zyszfxxgk/fdzdgknr_5657/zdmsxx/wsjk/yljg/202401/t20240109_1168970.html
LE001993,武威市中医医院,,traditional_chinese_medicine_hospital,甘肃省,Gansu,武威市,Wuwei,2019,https://m.thepaper.cn/newsDetail_forward_4701956
LE001994,武威市凉州医院,,general_hospital,甘肃省,Gansu,武威市,Wuwei,2024,https://www.baiyinqu.gov.cn/fdzdgknr/KSXX/art/2024/art_bb364b0b61eb4ca2b5c2f58f0dacd719.html
LE001996,甘肃省第三人民医院,,general_hospital,甘肃省,Gansu,兰州市,Lanzhou,2020,https://www.thepaper.cn/newsDetail_forward_10311679
LE001997,白银市中心医院,,general_hospital,甘肃省,Gansu,白银市,Baiyin,2020,https://www.thepaper.cn/newsDetail_forward_10311679
LE001998,白银市第二人民医院,,general_hospital,甘肃省,Gansu,白银市,Baiyin,2024,https://www.baiyinqu.gov.cn/fdzdgknr/KSXX/art/2024/art_bb364b0b61eb4ca2b5c2f58f0dacd719.html
LE001999,酒钢医院,,general_hospital,甘肃省,Gansu,嘉峪关市,Jiayuguan,2020,https://www.thepaper.cn/newsDetail_forward_10311679
LE002000,东台市人民医院,,general_hospital,江苏省,Jiangsu,盐城市,Yancheng,2024,https://wsj.yancheng.gov.cn/art/2024/10/9/art_2424_4240164.html
LE002001,太仓市第一人民医院,,general_hospital,江苏省,Jiangsu,苏州市,Suzhou,2024,https://www.suzhou.gov.cn/szsrmzf/mszx/202409/a7fb4db493374c5d996cbe7363450ff2.shtml
LE002002,建湖县人民医院,,general_hospital,江苏省,Jiangsu,盐城市,Yancheng,2024,https://wsj.yancheng.gov.cn/art/2024/10/9/art_2424_4240164.html
LE002003,徐州仁慈医院,,specialized_hospital,江苏省,Jiangsu,徐州市,Xuzhou,2024,https://wjw.jiangsu.gov.cn/art/2024/7/23/art_49511_11304299.html
LE002004,苏州理想眼科医院,,specialized_hospital,江苏省,Jiangsu,苏州市,Suzhou,2024,https://www.suzhou.gov.cn/szsrmzf/mszx/202409/a7fb4db493374c5d996cbe7363450ff2.shtml
LE002005,靖江市人民医院,,general_hospital,江苏省,Jiangsu,泰州市,Taizhou,2024,https://wjw.taizhou.gov.cn/xwzx/gzdt/art/2024/art_519f4163d11a4b85b5842da624a13972.html
LE002006,辽宁省金秋医院,,general_hospital,辽宁省,Liaoning,沈阳市,Shenyang,2014,https://dangjian.people.com.cn/n1/2022/0419/c117092-32402572.html
LE002007,东阳市中医院,,traditional_chinese_medicine_hospital,浙江省,Zhejiang,金华市,Jinhua,2023,https://m.thepaper.cn/newsDetail_forward_24991308
LE002009,义乌市中心医院,,general_hospital,浙江省,Zhejiang,金华市,Jinhua,2023,https://zjjcmspublic.oss-cn-hangzhou-zwynet-d01-a.internet.cloud.zj.gov.cn/jcms_files/jcms1/web3586/site/attach/0/643ff11a7e7644af9bd6173ff5ff3a66.pdf
LE002010,台州市中医院,,traditional_chinese_medicine_hospital,浙江省,Zhejiang,台州市,Taizhou,2023,https://zc.qianzhan.com/policy/33/3018c90c0f28488afc54f060a3c9beb6
LE002011,台州市康复医院,,specialized_hospital,浙江省,Zhejiang,台州市,Taizhou,2023,https://zjjcmspublic.oss-cn-hangzhou-zwynet-d01-a.internet.cloud.zj.gov.cn/jcms_files/jcms1/web3586/site/attach/0/643ff11a7e7644af9bd6173ff5ff3a66.pdf
LE002012,台州市第二人民医院,,specialized_hospital,浙江省,Zhejiang,台州市,Taizhou,2023,https://zjjcmspublic.oss-cn-hangzhou-zwynet-d01-a.internet.cloud.zj.gov.cn/jcms_files/jcms1/web3586/site/attach/0/643ff11a7e7644af9bd6173ff5ff3a66.pdf
LE002014,台州骨伤医院,,specialized_hospital,浙江省,Zhejiang,台州市,Taizhou,2022,https://paper.wlxww.com/html/2022-01/20/content_3033962.htm?div=1
LE002015,宁波市奉化区中医医院,,traditional_chinese_medicine_hospital,浙江省,Zhejiang,宁波市,Ningbo,2023,https://fh.investchn.com/news/detail/id/454789.html
LE002016,宁波市杭州湾医院,,general_hospital,浙江省,Zhejiang,宁波市,Ningbo,2014,
LE002017,杭州市丁桥医院,,traditional_chinese_medicine_hospital,浙江省,Zhejiang,杭州市,Hangzhou,2014,https://zjjcmspublic.oss-cn-hangzhou-zwynet-d01-a.internet.cloud.zj.gov.cn/jcms_files/jcms1/web3190/site/attach/0/5ba5f80accfe4023bee91ec4beaa215a.pdf
LE002018,杭州市上城区人民医院,,general_hospital,浙江省,Zhejiang,杭州市,Hangzhou,2014,https://zjjcmspublic.oss-cn-hangzhou-zwynet-d01-a.internet.cloud.zj.gov.cn/jcms_files/jcms1/web3190/site/attach/0/5ba5f80accfe4023bee91ec4beaa215a.pdf
LE002019,杭州市第三人民医院,,specialized_hospital,浙江省,Zhejiang,杭州市,Hangzhou,2023,https://www.hz3yy.com/info/2/4
LE002020,杭州市老年病医院,,specialized_hospital,浙江省,Zhejiang,杭州市,Hangzhou,2014,https://zjjcmspublic.oss-cn-hangzhou-zwynet-d01-a.internet.cloud.zj.gov.cn/jcms_files/jcms1/web3190/site/attach/0/5ba5f80accfe4023bee91ec4beaa215a.pdf
LE002021,杭州市肿瘤医院,,specialized_hospital,浙江省,Zhejiang,杭州市,Hangzhou,2014,https://zjjcmspublic.oss-cn-hangzhou-zwynet-d01-a.internet.cloud.zj.gov.cn/jcms_files/jcms1/web3190/site/attach/0/5ba5f80accfe4023bee91ec4beaa215a.pdf
LE002022,杭州市钱塘医院,,general_hospital,浙江省,Zhejiang,杭州市,Hangzhou,2014,https://hr.zju.edu.cn/cn/2012/1211/c29047a1318108/page.htm
LE002023,树兰(杭州)医院,,general_hospital,浙江省,Zhejiang,杭州市,Hangzhou,2021,https://hznews.hangzhou.com.cn/chengshi/content/2021-06/21/content_7989853.htm
LE002025,浙江大学医学院附属第四医院,,general_hospital,浙江省,Zhejiang,金华市,Jinhua,2021,https://szb1.ywcity.cn/content/202305/02/content_338127.html
LE002026,温州医科大学附属口腔医院,,specialized_hospital,浙江省,Zhejiang,温州市,Wenzhou,2023,https://zjjcmspublic.oss-cn-hangzhou-zwynet-d01-a.internet.cloud.zj.gov.cn/jcms_files/jcms1/web3586/site/attach/0/643ff11a7e7644af9bd6173ff5ff3a66.pdf
LE002028,萧山经济技术开发区博奥医院,,general_hospital,浙江省,Zhejiang,杭州市,Hangzhou,2014,https://zjjcmspublic.oss-cn-hangzhou-zwynet-d01-a.internet.cloud.zj.gov.cn/jcms_files/jcms1/web3190/site/attach/0/5ba5f80accfe4023bee91ec4beaa215a.pdf
LE002031,南阳医学高等专科学校第二附属医院,,traditional_chinese_medicine_hospital,河南省,Henan,南阳市,Nanyang,2021,https://zgyapi.01ny.cn/html/news/2021/09/29/show-292529.html
LE002032,南阳市中医院,,traditional_chinese_medicine_hospital,河南省,Henan,南阳市,Nanyang,2014,https://www.hnsjb.cn/content/dianzibao/henanribao/20240227/1146685.html
LE002033,平顶山市中医医院,,traditional_chinese_medicine_hospital,河南省,Henan,平顶山市,Pingdingshan,2014,https://dzb.henandaily.cn/html5/2024-02/27/content_362_1639007.htm
LE002034,河南科技大学第二附属医院,,general_hospital,河南省,Henan,洛阳市,Luoyang,2021,https://www.yywsb.com/article/39232.html
LE002035,许昌市人民医院,,general_hospital,河南省,Henan,许昌市,Xuchang,2020,https://www.yywsb.com/html/2021-01/05/content_38614.html
LE002036,郑州中医骨伤病医院,,traditional_chinese_medicine_hospital,河南省,Henan,郑州市,Zhengzhou,2021,https://www.sohu.com/a/474912169_120175822
LE002037,黄河三门峡医院,,general_hospital,河南省,Henan,三门峡市,Sanmenxia,2019,https://www.sohu.com/a/292431627_678345
LE002038,宜昌市优抚医院,,general_hospital,湖北省,Hubei,宜昌市,Yichang,2024,https://wjw.hubei.gov.cn/zfxxgk/zc/gkwj/ywh/202403/t20240313_5118667.shtml
LE002039,武汉市武昌医院,,general_hospital,湖北省,Hubei,武汉市,Wuhan,2024,https://wjw.hubei.gov.cn/zfxxgk/zc/gkwj/ywh/202403/t20240313_5118667.shtml
LE002040,东莞市第八人民医院（东莞市儿童医院）,,specialized_hospital,广东省,Guangdong,东莞市,Dongguan,2024,https://wsjkw.gd.gov.cn/gkmlpt/content/4/4477/mpost_4477726.html
LE002041,中山陈星海中西医结合医院,中山市陈星海医院;广东医科大学附属中山医院;广东药科大学中西医结合医院,traditional_chinese_and_western_medicine_hospital,广东省,Guangdong,中山市,Zhongshan,2023,https://www.cxhyy.com/yyjs
LE002042,云浮市罗定市中医院,,traditional_chinese_medicine_hospital,广东省,Guangdong,云浮市,Yunfu,2014,https://mp.weixin.qq.com/s/nerkR_kk6nOeR-5q78lNlA
LE002043,广东医科大学附属第二医院,,general_hospital,广东省,Guangdong,湛江市,Zhanjiang,2024,https://www.zhanjiang.gov.cn/zjwjj/gkmlpt/content/1/1946/post_1946568.html
LE002044,广州市增城区中医医院,,traditional_chinese_medicine_hospital,广东省,Guangdong,广州市,Guangzhou,2024,https://www.zcqzyyy.com/article_show/582.html
LE002045,惠州市第一人民医院,,general_hospital,广东省,Guangdong,惠州市,Huizhou,2017,https://health.people.com.cn/n1/2017/0905/c14739-29515897.html
LE002046,梅州市中医医院,,traditional_chinese_medicine_hospital,广东省,Guangdong,梅州市,Meizhou,2020,https://www.mzhtcm.com/xwzx/yyxw/index_94_3839.html
LE002047,河源市中医院,,traditional_chinese_medicine_hospital,广东省,Guangdong,河源市,Heyuan,2022,https://www.heyuan.gov.cn/attachment/0/83/83147/539991.pdf
LE002048,深圳市中西医结合医院,,traditional_chinese_and_western_medicine_hospital,广东省,Guangdong,深圳市,Shenzhen,2021,https://www.bawjxt.net/szszxyjhyy/yygk/yyjj/
LE002049,深圳平乐骨伤科医院,,specialized_hospital,广东省,Guangdong,深圳市,Shenzhen,2014,https://www.jjckb.cn/2014-11/07/content_526620.htm
LE002051,韶关市中医院,,traditional_chinese_medicine_hospital,广东省,Guangdong,韶关市,Shaoguan,2014,https://szyyj.gd.gov.cn/attachements/2019/01/03/a9900b7c6873b2adb09594c2a8fb10a9.pdf
LE002052,龙川县中医院,,traditional_chinese_medicine_hospital,广东省,Guangdong,河源市,Heyuan,2023,https://www.szszyy.cn/hospitaldynamics/info.aspx?itemid=51762823
LE002053,莱州市中医医院,莱州市中医院,traditional_chinese_medicine_hospital,山东省,Shandong,烟台市,Yantai,2014,https://www.yantai.gov.cn/col/col76982/index.html
P2L000001,黔东南州中医医院,,traditional_chinese_medicine_hospital,贵州省,Guizhou,黔东南苗族侗族自治州,Qiandongnan Miao and Dong Autonomous Prefecture,2014,https://www.lawlawing.com/community/428442
P2L000002,北京市隆福医院,,traditional_chinese_and_western_medicine_hospital,北京市,Beijing,北京市,Beijing,2020,https://zyj.beijing.gov.cn/sy/tzgg/202011/t20201102_2127027.html
P2L000003,北京市顺义区中医医院,北京中医医院顺义医院,traditional_chinese_medicine_hospital,北京市,Beijing,北京市,Beijing,2015,https://zyj.beijing.gov.cn/ylfw/zyyy/201912/t20191219_1314540.html
P2L000004,北京市怀柔区中医医院,北京中医医院怀柔医院,traditional_chinese_medicine_hospital,北京市,Beijing,北京市,Beijing,2019,https://zyj.beijing.gov.cn/sy/tzgg/201912/P020191231830435640144.pdf
P2L000006,清华大学玉泉医院,清华大学中西医结合医院,traditional_chinese_and_western_medicine_hospital,北京市,Beijing,北京市,Beijing,2024,https://zyj.beijing.gov.cn/sy/tzgg/202402/t20240220_3565882.html
P2L000007,河池市第一人民医院,,general_hospital,广西壮族自治区,Guangxi,河池市,Hechi,2022,https://wsjkw.gxzf.gov.cn/xxgk_49493/fdzdgk/wsjszh/yzyg/t13069702.shtml
P2L000008,华中科技大学同济医学院附属同济医院,,general_hospital,湖北省,Hubei,武汉市,Wuhan,2014,https://www.tjh.com.cn/contents/113/9366.html
P2L000009,武汉市黄陂区人民医院,,general_hospital,湖北省,Hubei,武汉市,Wuhan,2022,https://wjw.hubei.gov.cn/zfxxgk/zc/gkwj/ywh/202203/t20220316_4043819.shtml
P2L000010,麻城市人民医院,,general_hospital,湖北省,Hubei,黄冈市,Huanggang,2021,https://wjw.hubei.gov.cn/bmdt/ywdt/yzyg/202102/t20210226_3365046.shtml
P2L000011,咸宁市中医医院,,traditional_chinese_medicine_hospital,湖北省,Hubei,咸宁市,Xianning,2014,https://wjw.hubei.gov.cn/bmdt/szsm/201910/t20191030_164301.shtml
P2L000018,邵阳学院附属第二医院,,general_hospital,湖南省,Hunan,邵阳市,Shaoyang,2018,https://hn.rednet.cn/c/2018/04/12/858555.htm
P2L000019,南京明基医院,,general_hospital,江苏省,Jiangsu,南京市,Nanjing,2022,https://nj.benqmedicalcenter.com/newsdetail_4167.html
P2L000020,南京市高淳人民医院,,general_hospital,江苏省,Jiangsu,南京市,Nanjing,2022,https://app.gcph.com.cn/contents/76/3700.html
P2L000021,张家港市第一人民医院,,general_hospital,江苏省,Jiangsu,苏州市,Suzhou,2014,https://www.nhc.gov.cn/yzygj/s10347/200910/529a07f29316470ea8a1c09e216d1bd2.shtml
P2L000022,常熟市第二人民医院,,general_hospital,江苏省,Jiangsu,苏州市,Suzhou,2022,https://www.changshu.gov.cn/zgcs/c100293/202306/365d58803906445083734f7e05b1b4f6.shtml
P2L000023,常熟市中医院,,traditional_chinese_medicine_hospital,江苏省,Jiangsu,苏州市,Suzhou,2023,https://www.ayzytz.com/www/szsrmzf/ylfw/202301/12f5d53df9504549a5b2631a1f17b127/
P2L000024,昆山市第一人民医院,,general_hospital,江苏省,Jiangsu,苏州市,Suzhou,2020,https://www.ksrmyy.org/fkb/list/225/4541.html
P2L000025,临沂市人民医院,,general_hospital,山东省,Shandong,临沂市,Linyi,2014,https://www.nhc.gov.cn/yzygj/s10347/200910/93d0aef97acf4463a195fd4394468829.shtml
P2L000026,山东大学齐鲁医院德州医院,德州市人民医院,general_hospital,山东省,Shandong,德州市,Dezhou,2014,https://s.dayi.org.cn/mip/s/hospital/2137.html
P2L000027,阳光融和医院,,general_hospital,山东省,Shandong,潍坊市,Weifang,2019,https://www.ygrhhospital.com/content/details23_9051.html
P2L000028,青岛市胶州中心医院,,general_hospital,山东省,Shandong,青岛市,Qingdao,2024,https://epaper.qingdaonews.com/qdwb/h5/html5/2025-01/17/content_144705_1765435.htm
P2L000029,深圳市龙岗中心医院,,general_hospital,广东省,Guangdong,深圳市,Shenzhen,2014,https://www.lg.gov.cn/bmzz/wjj/xxgk/jgsz/zsjg/content/post_9602206.html
P2L000031,深圳市龙华区人民医院,,general_hospital,广东省,Guangdong,深圳市,Shenzhen,2021,https://www.sz.gov.cn/hospital/lhxq/lhrmyy/content/post_9382151.html
P2L000032,中国科学院大学深圳医院（光明）,,general_hospital,广东省,Guangdong,深圳市,Shenzhen,2022,https://www.szgm.gov.cn/wgkzl/jggk/gzjhjzj/content/post_10638335.html
P2L000034,广州医科大学附属口腔医院,,specialized_hospital,广东省,Guangdong,广州市,Guangzhou,2022,https://wsjkw.gd.gov.cn/zd_yljggk/content/post_3815670.html
P2L000035,广州医科大学附属第五医院,,general_hospital,广东省,Guangdong,广州市,Guangzhou,2021,https://www.gzhmu.edu.cn/info/1192/2249.htm
P2L000037,广州医科大学附属第四医院,,general_hospital,广东省,Guangdong,广州市,Guangzhou,2024,https://www.zc.gov.cn/zx/zcyw/content/post_9943841.html
P2L000038,英德市人民医院,,general_hospital,广东省,Guangdong,清远市,Qingyuan,2023,https://www.ydsrmyy.com/yydt/info_33.aspx?itemid=20443
P2L000039,信宜市人民医院,,general_hospital,广东省,Guangdong,茂名市,Maoming,2024,https://www.xinhui.gov.cn/gzjg/qzfgzbm/jmsxhqwsjkj/gzdt/content/post_3331040.html
P2L000040,江门市中心医院,中山大学附属江门医院,general_hospital,广东省,Guangdong,江门市,Jiangmen,2014,https://www.jmszxyy.com.cn/hlyd/hlly/202204/t478273.html
P2L000041,中山市人民医院,,general_hospital,广东省,Guangdong,中山市,Zhongshan,2014,https://oss.zsph.com/20240919/104712359.pdf
P2L000044,温州市第七人民医院,,specialized_hospital,浙江省,Zhejiang,温州市,Wenzhou,2023,https://m.liptoad.com/art/2024/1/15/art_1229560650_2510173.html
P2L000045,宁波市第六医院,,specialized_hospital,浙江省,Zhejiang,宁波市,Ningbo,2023,https://m.liptoad.com/art/2024/1/15/art_1229560650_2510173.html
P2L000046,辽宁省健康产业集团铁煤总医院,辽健集团铁煤总医院;铁法煤业（集团）总医院;铁法矿务局总医院,general_hospital,辽宁省,Liaoning,铁岭市,Tieling,2014,https://jyj.ln.gov.cn/jyj/xwzx/jydt/E533320E584D44929F398321F3365555/index.shtml
P2L000048,锦州市中医医院（锦州市第三医院）,锦州市中医医院;锦州市第三医院;锦州市中医院,traditional_chinese_medicine_hospital,辽宁省,Liaoning,锦州市,Jinzhou,2014,https://wsjk.ln.gov.cn/wsjk/index/syxwxx/wjfc/4805992D2EC04C8ABE458475BDE3E5D2/index.shtml
