campus_id,campus_name,hospital_name,province,province_en,city,city_en,evidence_year,bed_value,status_event,source_urls
C1C000001,莱州市中医医院,莱州市中医医院,山东省,Shandong,烟台市,Yantai,2019,416,,https://wjw.yantai.gov.cn/art/2019/12/2/art_5675_2564094.html
C1C000001,莱州市中医医院,莱州市中医医院,山东省,Shandong,烟台市,Yantai,2024,606,,https://www.yantai.gov.cn/art/2024/7/5/art_83287_3202636.html
C45C0003,昆明同仁医院（广福路院区）,昆明同仁医院,云南省,Yunnan,昆明市,Kunming,2024,500,,https://www.sohu.com/a/823723639_120671058
C45C0004,昆明安琪儿妇产医院（西站院区）,昆明安琪儿妇产医院,云南省,Yunnan,昆明市,Kunming,2023,200,,https://www.hf960.com/n156953c93.aspx
C45C0005,昆明市第二人民医院（北院区）,昆明市第二人民医院,云南省,Yunnan,昆明市,Kunming,2024,1042,,https://m.zhaotong.huatu.com/2024/0507/1809523.html
C45C0006,玉溪市第二人民医院（星云路院区）,玉溪市第二人民医院,云南省,Yunnan,玉溪市,Yuxi,2022,772,,https://www.yuxi.gov.cn/yxszfxxgk/ysjsgk/20220228/1333477.html|https://www.yuxi.gov.cn/yxszfxxgk/ysjsgk/20231026/1483352.html
C45C0006,玉溪市第二人民医院（星云路院区）,玉溪市第二人民医院,云南省,Yunnan,玉溪市,Yuxi,2024,720,,https://m.huatu.com/ylws/yldw_zkxx/20241108/2787978.html
C45C0007,红河州第二人民医院（泽园院区）,红河哈尼族彝族自治州第二人民医院,云南省,Yunnan,红河哈尼族彝族自治州,Honghe Hani and Yi Autonomous Prefecture,2023,1400,,https://www.hh.gov.cn/info/11371/638292.htm
C45C0008,迪庆藏族自治州人民医院（池慈卡街院区）,迪庆藏族自治州人民医院,云南省,Yunnan,迪庆藏族自治州,Diqing Tibetan Autonomous Prefecture,2022,386,,https://www.xianggelila.gov.cn/zfxxgk_xglls_xzdz/fdzdgknr/xzzfxxgk/ygbmfwxx/202207/20220731_181032.html
C45C0008,迪庆藏族自治州人民医院（池慈卡街院区）,迪庆藏族自治州人民医院,云南省,Yunnan,迪庆藏族自治州,Diqing Tibetan Autonomous Prefecture,2024,386,,https://www.xianggelila.gov.cn/zfxxgk_xglls_xzdz/fdzdgknr/xzzfxxgk/ygbmfwxx/202401/20240126_197698.html
C45C0010,内蒙古自治区第四医院（本部）,内蒙古自治区第四医院,内蒙古自治区,Inner Mongolia,呼和浩特市,Huhehaote,2024,500,,https://www.ccgp-neimenggu.gov.cn/gpx-bid-file/150001/gpx-tender/2024/7/3/402881cc9062e79c01907773d1bc4023.pdf?accessCode=ba8724e770c9b92850b9ad5eabf23e0a
C45C0011,呼和浩特市第二医院（五里营院区）,呼和浩特市第二医院,内蒙古自治区,Inner Mongolia,呼和浩特市,Huhehaote,2019,400,,https://www.eoffcn.com/kszx/gonggao/957975.html
C45C0012,通辽市传染病医院（通兴路院区）,通辽市传染病医院,内蒙古自治区,Inner Mongolia,通辽市,Tongliao,2023,378,,https://www.tongliao.gov.cn/zwgk/zfxxgk/fdzdgknr/zdlyxx/ggqsydwxxgk/wsjkly/202302/t20230224_137135.html
C45C0013,鄂尔多斯市中医医院（康巴什部）,鄂尔多斯市中医医院,内蒙古自治区,Inner Mongolia,鄂尔多斯市,Eerduosi,2023,426,,https://www.erdoszyyy.org.cn/yyzx/Info/32/450
C45C0015,北京市健宫医院（儒福里院区）,北京市健宫医院,北京市,Beijing,北京市,Beijing,2024,409,,https://www.tjwsrc.com/system/2024/06/26/030141972.shtml
C45C0017,白山市中医院（长白山大街3052号院区）,白山市中医院,吉林省,Jilin,白山市,Baishan,2024,500,,https://www.rsks.cn/shehui/yiliao/36083.html
C45C0018,长春中医药大学附属第三临床医院（净月大街院区）,长春中医药大学附属第三临床医院,吉林省,Jilin,长春市,Changchun,2023,1115,open,https://jltcm.jl.gov.cn/xwdt/jcgz/202309/t20230927_2648801.html|https://jltcm.jl.gov.cn/zwgk/zfxxgkzl/fdzdgknr/xzxkjg/202312/t20231205_2928955.html
C45C0019,亳州市中医院（总院区）,亳州市中医院,安徽省,Anhui,亳州市,Bozhou,2024,1113,,https://www.ahbzszyy.com/about.aspx?PID=373
C45C0022,安徽省皖南康复医院（赭山东路院区）,安徽省皖南康复医院（芜湖市第五人民医院）,安徽省,Anhui,芜湖市,Wuhu,2023,850,,https://3g.kq36.com/25/184492
C45C0023,蚌埠市第一人民医院（涂山路院区）,蚌埠市第一人民医院,安徽省,Anhui,蚌埠市,Bengbu,2023,1300,,https://www.xyl2002.com/xxzs/27261.html
C45C0024,安徽医科大学附属阜阳医院（黄山路院区）,安徽医科大学附属阜阳医院,安徽省,Anhui,阜阳市,Fuyang,2023,1000,,https://ah.huatu.com/2023/0302/2556380.html
C45C0024,安徽医科大学附属阜阳医院（黄山路院区）,安徽医科大学附属阜阳医院,安徽省,Anhui,阜阳市,Fuyang,2024,1000,,https://ah.huatu.com/2024/0202/2808894.html
C45C0025,阜阳市中医医院（中清路院区）,阜阳市中医医院,安徽省,Anhui,阜阳市,Fuyang,2023,650,,https://csp.ncmi.cn/WebManage/StrokeRecognition/CzdtUUDetailWeb?type=&uid=31593
C45C0026,临沂市精神卫生中心（前十街院区）,临沂市精神卫生中心（临沂市第四人民医院）,山东省,Shandong,临沂市,Linyi,2024,1500,,https://jyzd.jnmc.edu.cn/2024/1220/c988a163977/pagem.htm
C45C0027,临沂市肿瘤医院（河东院区）,临沂市肿瘤医院,山东省,Shandong,临沂市,Linyi,2020,1000,,https://www.linyi.gov.cn/info/9684/338398.htm
C45C0028,威海市立医院（和平路院区）,威海市立医院,山东省,Shandong,威海市,Weihai,2022,1811,,https://www.weihai.gov.cn/art/2022/6/29/art_79840_2880598.html
C45C0028,威海市立医院（和平路院区）,威海市立医院,山东省,Shandong,威海市,Weihai,2024,2400,,https://wsjkw.weihai.gov.cn/art/2024/11/1/art_78865_4998986.html
C45C0029,曲阜市中医院总院区,曲阜市中医院,山东省,Shandong,济宁市,Jining,2023,516,,https://www.jining.gov.cn/art/2023/6/8/art_82313_2841796.html
C45C0029,曲阜市中医院总院区,曲阜市中医院,山东省,Shandong,济宁市,Jining,2024,516,,https://www.jining.gov.cn/art/2024/4/15/art_82313_2878417.html
C45C0030,高密市中医院主院区,高密市中医院,山东省,Shandong,潍坊市,Weifang,2024,805,,https://www.sohu.com/a/788792892_121218495
C45C0032,烟台市心理康复医院莱阳主院区,烟台市心理康复医院,山东省,Shandong,烟台市,Yantai,2020,450,,https://www.yantai.gov.cn/art/2020/12/31/art_43244_2967355.html
C45C0035,太原市第四人民医院主院区,太原市第四人民医院,山西省,Shanxi,太原市,Taiyuan,2021,440,,https://ncrcid.org.cn/Item/7349.aspx|https://www.ncrcid.org.cn/Item/7349.aspx
C45C0036,忻州市中医医院主院区,忻州市中医医院,山西省,Shanxi,忻州市,Xinzhou,2024,400,,https://y.dxy.cn/hospital/1428
C45C0037,晋中市中医院主院区,晋中市中医院,山西省,Shanxi,晋中市,Jinzhong,2020,550,,https://www.5rc.com/zhaokao/246519/
C45C0037,晋中市中医院主院区,晋中市中医院,山西省,Shanxi,晋中市,Jinzhong,2022,550,,https://m.jinbiaochi.com/qgylws/news_363728.html
C45C0037,晋中市中医院主院区,晋中市中医院,山西省,Shanxi,晋中市,Jinzhong,2024,550,,https://health.baidu.com/doctordec/hosintro/1001972|https://qgsydw.com/qgsydw/recruit/comrecruit/20240108/115215.html
C45C0038,广西医科大学附属武鸣医院（永宁路院区）,广西医科大学附属武鸣医院,广西壮族自治区,Guangxi,南宁市,Nanning,2022,1388,,https://www.yaochangyun.com/ypYiGai/Item1e7210da1cb9d39.html
C45C0038,广西医科大学附属武鸣医院（永宁路院区）,广西医科大学附属武鸣医院,广西壮族自治区,Guangxi,南宁市,Nanning,2024,1360,,https://www.gxmu.edu.cn/xwgk/wwtz/t226376.html
C45C0039,来宾市中医医院（北四路院区）,来宾市中医医院,广西壮族自治区,Guangxi,来宾市,Laibin,2015,420,,https://www.yanke360.com/a00c7dba-12d0-70c5-a44f-f906e28a05fb/eb495f6a-4b34-4ae7-b3f8-6aec1ec93c90.shtml
C45C0039,来宾市中医医院（北四路院区）,来宾市中医医院,广西壮族自治区,Guangxi,来宾市,Laibin,2024,420,,https://slt.gxzf.gov.cn/dtxx/tzgggs/P020250103358061295247.pdf
C45C0040,桂林市中西医结合医院主院区,桂林市中西医结合医院,广西壮族自治区,Guangxi,桂林市,Guilin,2021,534,,https://sydw.huatu.com/2021/1208/2441849.html
C45C0040,桂林市中西医结合医院主院区,桂林市中西医结合医院,广西壮族自治区,Guangxi,桂林市,Guilin,2023,586,,https://qgsydw.com/qgsydw/recruit/comrecruit/20231114/112140.html
C45C0041,广西壮族自治区桂东人民医院（梧州本部）,广西壮族自治区桂东人民医院,广西壮族自治区,Guangxi,梧州市,Wuzhou,2018,1100,,https://oss.gxgdyy.com/20201208/165422102.pdf
C45C0041,广西壮族自治区桂东人民医院（梧州本部）,广西壮族自治区桂东人民医院,广西壮族自治区,Guangxi,梧州市,Wuzhou,2019,1100,,https://www.zgoog.com/show/30335.html|https://oss.gxgdyy.com/20201208/165422102.pdf
C45C0041,广西壮族自治区桂东人民医院（梧州本部）,广西壮族自治区桂东人民医院,广西壮族自治区,Guangxi,梧州市,Wuzhou,2020,1100,,https://oss.gxgdyy.com/20201208/165422102.pdf
C45C0041,广西壮族自治区桂东人民医院（梧州本部）,广西壮族自治区桂东人民医院,广西壮族自治区,Guangxi,梧州市,Wuzhou,2021,990,,https://www.gxgdyy.com/introduce/
C45C0042,玉林市红十字会医院主院区,玉林市红十字会医院,广西壮族自治区,Guangxi,玉林市,Yulin,2024,1800,,https://m.huatu.com/ylws/yldw_zkxx/20250530/2817154.html|https://www.yl183.com/mob/arc/Arc_one.aspx?aid=1
C45C0043,贵港市中医医院主院区,贵港市中医医院,广西壮族自治区,Guangxi,贵港市,Guigang,2024,460,,https://www.gaoxiaojob.com/announcement/detail/203805.html
C45C0045,阿勒泰地区中医医院（阿勒泰地区哈萨克医医院）南区院区,阿勒泰地区中医医院（阿勒泰地区哈萨克医医院）,新疆维吾尔自治区,Xinjiang,阿勒泰地区,Altay Prefecture,2023,450,,https://ztxy.ccucm.edu.cn/info/1066/2929.htm
C45C0047,常州市儿童医院,常州市儿童医院,江苏省,Jiangsu,常州市,Changzhou,2023,850,,https://www.sohu.com/a/723167871_121123868
C45C0048,常州市德安医院,常州市德安医院,江苏省,Jiangsu,常州市,Changzhou,2022,1388,,https://y.dxy.cn/hospital/2854
C45C0050,常州市第三人民医院,常州市第三人民医院,江苏省,Jiangsu,常州市,Changzhou,2020,1000,,https://zfcg.changzhou.gov.cn/html/ns/zfjzcg_htgg/865235367756063.html
C45C0051,徐州市第七人民医院甸子院区,徐州市第七人民医院,江苏省,Jiangsu,徐州市,Xuzhou,2024,501,,https://www.xzcr.com/article/06122FR024.html
C45C0052,邳州市中医院北院,邳州市中医院,江苏省,Jiangsu,徐州市,Xuzhou,2021,860,,https://www.jswsrc.com.cn/wap/index.php?a=show&c=company&id=9413
C45C0053,宜兴市中医医院城东院区,宜兴市中医医院,江苏省,Jiangsu,无锡市,Wuxi,2024,649,,https://upload.jsw.com.cn/2024/1125/1732503022618.pdf
C45C0054,无锡市儿童医院,无锡市儿童医院,江苏省,Jiangsu,无锡市,Wuxi,2022,500,,https://www.youlai.cn/yyk/hospindex/5679/hospintro.html
C45C0055,无锡市第九人民医院,无锡市第九人民医院,江苏省,Jiangsu,无锡市,Wuxi,2023,968,,https://www.jobmd.cn/company/jobs/359158.htm
C45C0056,无锡市第五人民医院广瑞路院区,无锡市第五人民医院,江苏省,Jiangsu,无锡市,Wuxi,2017,600,,https://www.wx2h.com/news/ggdetail/index/id/203.html
C45C0056,无锡市第五人民医院广瑞路院区,无锡市第五人民医院,江苏省,Jiangsu,无锡市,Wuxi,2018,600,,https://www.wuxi.gov.cn/doc/2018/12/14/2666218.shtml
C45C0057,江阴市中医院工农路院区,江阴市中医院,江苏省,Jiangsu,无锡市,Wuxi,2024,1326,open,https://www.jiangyin.gov.cn/doc/2024/06/19/1237259.shtml|https://faxing.jkb.com.cn/home/index/download.html?goods=1&item=945128&name=jkb&page=1390552912
C45C0058,泰兴市人民医院,泰兴市人民医院,江苏省,Jiangsu,泰州市,Taizhou,2023,1600,,https://www.taixing.gov.cn/zwgk/bmxxgk/rsj/tzgg/art/2023/art_530019ce779447ca8bc84b9d458d6678.html
C45C0058,泰兴市人民医院,泰兴市人民医院,江苏省,Jiangsu,泰州市,Taizhou,2024,1600,,https://tzhh.taizhou.gov.cn/xxgk/ggtz/art/2024/art_afc11b41f6334450829964f941b9d4b1.html
C45C0059,泰州市姜堰中医院城中院区,泰州市姜堰中医院,江苏省,Jiangsu,泰州市,Taizhou,2024,700,,https://tzhh.taizhou.gov.cn/xxgk/ggtz/art/2024/art_afc11b41f6334450829964f941b9d4b1.html
C45C0060,淮安市第三人民医院本部,淮安市第三人民医院,江苏省,Jiangsu,淮安市,Huaian,2022,840,,https://y.dxy.cn/v2/hospital/2670
C45C0061,丹阳市人民医院本部,丹阳市人民医院,江苏省,Jiangsu,镇江市,Zhenjiang,2024,868,,https://www.dys120.com/html/2024/focus_1128/2491.html
C45C0062,上饶东信第五医院南院（总院）,上饶东信第五医院,江西省,Jiangxi,上饶市,Shangrao,2020,560,,https://mhos.51daifu.com/hos758/gba/1090.shtml
C45C0063,上饶市广信区人民医院本部,上饶市广信区人民医院,江西省,Jiangxi,上饶市,Shangrao,2024,700,,https://www.srsgxqrmyy.cn/Wap/Introduce
C45C0064,九江市中医医院南院,九江市中医医院,江西省,Jiangxi,九江市,Jiujiang,2021,1438,,https://y.dxy.cn/hospital/763/
C45C0066,丰城市中医院本部,丰城市中医院,江西省,Jiangxi,宜春市,Yichun,2024,800,,https://finance.sina.com.cn/stock/stockzmt/2024-07-04/doc-incayivc5798892.shtml
C45C0067,宜春市中医院新院区（本部）,宜春市中医院,江西省,Jiangxi,宜春市,Yichun,2023,800,open,https://tt.jxnews.com.cn/news/2212590
C45C0071,唐山市第四医院（唐山市肺科医院）,唐山市第四医院（唐山市肺科医院）,河北省,Hebei,唐山市,Tangshan,2020,150,,https://www.a-hospital.com/w/%E5%94%90%E5%B1%B1%E5%B8%82%E8%82%BA%E7%A7%91%E5%8C%BB%E9%99%A2
C45C0072,迁安市中医医院佛山路院区（新院区）,迁安市中医医院,河北省,Hebei,唐山市,Tangshan,2022,800,,https://9453job.com/a/226797.html
C45C0074,河北医科大学口腔医院本部院区,河北医科大学口腔医院,河北省,Hebei,石家庄市,Shijiazhuang,2023,60,,https://scc.pku.edu.cn/attached/job-info/2023-12-11/1702303122936_%E7%AC%AC%E5%8D%81%E5%9B%9B%E5%B1%8A%E4%B8%AD%E5%9B%BD%E6%B2%B3%E5%8C%97%E9%AB%98%E5%B1%82%E6%AC%A1%E4%BA%BA%E6%89%8D%E5%BC%95%E8%BF%9B%E4%BA%A4%E6%B5%81%E5%A4%A7%E4%BC%9A%E9%83%A8%E5%88%86%E5%8D%95%E4%BD%8D%E6%8B%9B%E8%81%98%E4%BF%A1%E6%81%AF.pdf
C45C0078,邢台市中心医院主院区,邢台市中心医院,河北省,Hebei,邢台市,Xingtai,2023,1200,,https://www.kq36.com/25/b5bae787d026429aae37500a5f49d547
C45C0079,邯郸明仁医院,邯郸明仁医院,河北省,Hebei,邯郸市,Handan,2023,800,,https://guoqing.china.com.cn/2023-11/22/content_116833194.htm
C45C0079,邯郸明仁医院,邯郸明仁医院,河北省,Hebei,邯郸市,Handan,2024,800,,https://finance.sina.com.cn/jjxw/2024-09-10/doc-incnsuea0875958.shtml
C45C0080,北京中医药大学东直门医院洛阳医院（洛阳市中医院）,北京中医药大学东直门医院洛阳医院（洛阳市中医院）,河南省,Henan,洛阳市,Luoyang,2023,1200,,https://news.zhuyitai.com/23/1008/e9czxs3z7l1xc0.html|https://www.sohu.com/a/693139773_121375869
C45C0082,漯河市中医院,漯河市中医院,河南省,Henan,漯河市,Luohe,2024,450,,https://hlxy.pdsu.edu.cn/info/1122/1423.htm
C45C0083,长兴县中医院,长兴县中医院,浙江省,Zhejiang,湖州市,Huzhou,2024,780,,http://www.zjcxzyy.com/columndetail.aspx?id=8128
C45C0085,海南省肿瘤医院,海南省肿瘤医院,海南省,Hainan,海口市,Haikou,2024,1200,,https://wap.cacakp.com/appnews/detail/id/16700
C45C0087,武汉市肺科医院,武汉市肺科医院,湖北省,Hubei,武汉市,Wuhan,2021,499,,https://wjw.wuhan.gov.cn/zwgk_28/fdzdgknr/czxx/bmjs/202103/P020210326752799028298.pdf
C45C0088,大冶市人民医院,大冶市人民医院,湖北省,Hubei,黄石市,Huangshi,2024,300,,https://hqbz.dyhos.cn/view/1908.html
C45C0089,澧县中医医院,澧县中医医院,湖南省,Hunan,常德市,Changde,2023,1080,,https://hunan.voc.com.cn/news/202308/22692777.html
C45C0090,石门县中医医院,石门县中医医院,湖南省,Hunan,常德市,Changde,2024,1200,,https://health.baidu.com/m/detail/ar_9353395196703418351
C45C0091,怀化市第二人民医院（洪江医院）,怀化市第二人民医院,湖南省,Hunan,怀化市,Huaihua,2021,220,,https://hjq.huaihua.gov.cn/hjq/c132379/202102/a8573d2b13f94fd1808d11c3e7d6730a.shtml
C45C0092,湘潭市中医医院,湘潭市中医医院,湖南省,Hunan,湘潭市,Xiangtan,2022,520,,https://www.xtszyyy.com/xwdt/yyxw/2022-08-20/2542.html
C45C0092,湘潭市中医医院,湘潭市中医医院,湖南省,Hunan,湘潭市,Xiangtan,2024,520,,https://xtszyyy.com/xwdt/zlxx/2024-08-01/3307.html
C45C0093,常宁市中医医院,常宁市中医医院,湖南省,Hunan,衡阳市,Hengyang,2024,900,,https://3g.kq36.com/25/f48ccd09d0024ce790e1eb1c2f7f0895
C45C0094,正大邵阳骨伤科医院,正大邵阳骨伤科医院,湖南省,Hunan,邵阳市,Shaoyang,2023,700,,https://www.sohu.com/a/665899430_165239
C45C0095,宁乡市中医医院,宁乡市中医医院,湖南省,Hunan,长沙市,Changsha,2017,800,,https://www.sohu.com/a/164058045_118779
C45C0096,浏阳市中医医院,浏阳市中医医院,湖南省,Hunan,长沙市,Changsha,2024,1600,,https://www.xiangshengnet.com/info/43262.html?cid=5
C45C0097,长沙市口腔医院（友谊路院区）,长沙市口腔医院,湖南省,Hunan,长沙市,Changsha,2020,50,,https://health.rednet.cn/content/2020/12/15/8704738.html
C45C0097,长沙市口腔医院（友谊路院区）,长沙市口腔医院,湖南省,Hunan,长沙市,Changsha,2021,50,,https://www.hnpa.org.cn/2021/changsha_0429/22.html
C45C0097,长沙市口腔医院（友谊路院区）,长沙市口腔医院,湖南省,Hunan,长沙市,Changsha,2022,50,,https://9453job.com/a/216190.html
C45C0097,长沙市口腔医院（友谊路院区）,长沙市口腔医院,湖南省,Hunan,长沙市,Changsha,2023,50,,https://m.cs.bendibao.com/job/109967.shtm|https://www.csskqyy.cn/11101325380.pdf
C45C0098,天水市第三人民医院,天水市第三人民医院,甘肃省,Gansu,天水市,Tianshui,2024,945,,https://m.keopha.com/gansu/tianshuishi/85743.html
C45C0100,三明市中西医结合医院,三明市中西医结合医院,福建省,Fujian,三明市,Sanming,2015,545,,https://app.hxrc.com/services/rcjlh/twxx_246606.html
C45C0100,三明市中西医结合医院,三明市中西医结合医院,福建省,Fujian,三明市,Sanming,2016,545,,https://www.sm.gov.cn/smsrmzfbgs/smsrmzf/zfxxgkml_2/ghjh/201612/t20161223_560671.htm
C45C0102,厦门大学附属心血管病医院,厦门大学附属心血管病医院,福建省,Fujian,厦门市,Xiamen,2024,550,,https://www.xmheart.com/media-coverage-3842.html
C45C0103,复旦大学附属中山医院厦门医院,复旦大学附属中山医院厦门医院,福建省,Fujian,厦门市,Xiamen,2024,800,,https://chima.org.cn/Html/News/Articles/16950.html
C45C0104,福建中医药大学附属第三人民医院,福建中医药大学附属第三人民医院,福建省,Fujian,福州市,Fuzhou,2024,500,,https://www.fjsdsrmyy.com/about_yyjj.aspx
C45C0105,上海交通大学医学院附属上海儿童医学中心贵州医院,上海交通大学医学院附属上海儿童医学中心贵州医院,贵州省,Guizhou,贵阳市,Guiyang,2023,500,,https://rst.guizhou.gov.cn/zwgk/zdlyxx/sydwgkzp/202402/t20240208_83804493.html
C45C0107,德江县人民医院,德江县人民医院,贵州省,Guizhou,铜仁市,Tongren,2024,900,,https://y.dxy.cn/hospital/2770
C45C0108,思南县人民医院（双塘新院区）,思南县人民医院,贵州省,Guizhou,铜仁市,Tongren,2024,1000,,https://szb.eyesnews.cn/pad/cont/202404/25/content_122983.html
C45C0109,抚顺市中医院,抚顺市中医院,辽宁省,Liaoning,抚顺市,Fushun,2018,960,,https://fswjw.fushun.gov.cn/wsbs/004003/20180910/8def8de4-b731-4322-9920-5862ff760887.html|https://www.dayi.org.cn/hospital/1125922.html
C45C0110,本溪市中医院,本溪市中医院,辽宁省,Liaoning,本溪市,Benxi,2024,282,,https://www.bxzyy.com/about.html
C45C0112,鞍山市中医院,鞍山市中医院,辽宁省,Liaoning,鞍山市,Anshan,2024,200,,https://www.kq36.com/25/895d67a54bae4a8bb2c24f655b2ff795
C45C0113,重庆医药高等专科学校附属第一医院,重庆医药高等专科学校附属第一医院,重庆市,Chongqing,重庆市,Chongqing,2022,800,,https://www.jobmd.cn/jobnotice/22688
C45C0114,青海省第四人民医院,青海省第四人民医院,青海省,Qinghai,西宁市,Xining,2024,800,,https://www.qhggzyjy.gov.cn/ggzy/jyxx/001001/001001001/20241017/cd170b67-2e49-4db4-ad23-4329bcede36f.html
F72P000001,云南省传染病医院（石安公路院区）,云南省传染病医院,云南省,Yunnan,昆明市,Kunming,2022,500,,https://m.bidcenter.com.cn/newsrili-1-168532258.html
F72P000003,延边中医医院（延吉市中医医院）梨花路院区,延边中医医院（延吉市中医医院）,吉林省,Jilin,延边朝鲜族自治州,Yanbian Korean Autonomous Prefecture,2023,400,,https://3g.kq36.com/25/f9a045e2200f4c9a8349b3b3c21e6236
F72P000003,延边中医医院（延吉市中医医院）梨花路院区,延边中医医院（延吉市中医医院）,吉林省,Jilin,延边朝鲜族自治州,Yanbian Korean Autonomous Prefecture,2024,400,,https://www.ggj.gov.cn/jn/tfiles/ENTYPATH/files/enty/EF20240823398337055575.pdf
F72P000004,长春市第四医院（长吉南线院区）,长春市第四医院,吉林省,Jilin,长春市,Changchun,2014,412,,https://y.dxy.cn/hospital/1899
F72P000005,中国中医科学院西苑医院济宁医院（济宁市中医院）新院区,中国中医科学院西苑医院济宁医院（济宁市中医院）,山东省,Shandong,济宁市,Jining,2024,1300,open,https://www.jining.gov.cn/art/2024/3/19/art_182_2866558.html|https://www.jnszyy.com/view.php?id=1
F72P000006,山东大学齐鲁第三医院（合肥路院区）,山东大学齐鲁第三医院,山东省,Shandong,青岛市,Qingdao,2024,2400,,https://jobcareer.sdu.edu.cn/eweb/jygl/index.so?id=XvCAWvRAm2dQyh4EHF4yD9&modcode=jygl_zpxxck&subsyscode=zpfw&type=ssoViewZpxx
F72P000008,广东省职业病防治院（海康街院区）,广东省职业病防治院,广东省,Guangdong,广州市,Guangzhou,2023,103,,https://zh.wikipedia.org/wiki/%E5%B9%BF%E4%B8%9C%E7%9C%81%E8%81%8C%E4%B8%9A%E7%97%85%E9%98%B2%E6%B2%BB%E9%99%A2
F72P000008,广东省职业病防治院（海康街院区）,广东省职业病防治院,广东省,Guangdong,广州市,Guangzhou,2024,103,,https://mp.weixin.qq.com/s/20DeTYbCoMrx0hdwbawjAQ
F72P000009,广州中医药大学第一附属医院白云医院（鹤龙七路院区）,广州中医药大学第一附属医院白云医院,广东省,Guangdong,广州市,Guangzhou,2023,300,,https://sthjj.gz.gov.cn/hjgl/jsxm/hpspqgs/content/post_9290056.html
F72P000010,广州医科大学附属市八医院（嘉禾院区）,广州医科大学附属市八医院,广东省,Guangdong,广州市,Guangzhou,2021,1100,,https://static.nfnews.com/content/202103/14/c4935791.html
F72P000010,广州医科大学附属市八医院（嘉禾院区）,广州医科大学附属市八医院,广东省,Guangdong,广州市,Guangzhou,2024,,open,https://www.cn-healthcare.com/article/20230601/content-579087.html
F72P000011,惠州市第六人民医院（爱民东路院区）,惠州市第六人民医院,广东省,Guangdong,惠州市,Huizhou,2024,1124,,https://www.hzsdlrmyy.com/img/file/20251031181559_bfea464edbd58475d582f4d0a92dc121.pdf
F72P000012,中山大学附属第三医院粤东医院（公园北路院区）,中山大学附属第三医院粤东医院,广东省,Guangdong,梅州市,Meizhou,2023,800,,https://www.gdmx.gov.cn/attachment/0/197/197614/2684247.pdf
F72P000013,汕头国际眼科中心（东厦北路主院）,汕头大学·香港中文大学联合汕头国际眼科中心,广东省,Guangdong,汕头市,Shantou,2024,100,,https://www.stu.edu.cn/files/STU-intro-cn.pdf
F72P000014,汕头大学医学院附属肿瘤医院（大学路院区）,汕头大学医学院附属肿瘤医院,广东省,Guangdong,汕头市,Shantou,2023,800,,https://www.stu.edu.cn/info/1085/10379.htm
F72P000015,中国医学科学院肿瘤医院深圳医院（宝荷院区）,中国医学科学院肿瘤医院深圳医院,广东省,Guangdong,深圳市,Shenzhen,2017,,open,https://www.sz.gov.cn/cn/xxgk/zfxxgj/gqdt/content/post_11144291.html
F72P000015,中国医学科学院肿瘤医院深圳医院（宝荷院区）,中国医学科学院肿瘤医院深圳医院,广东省,Guangdong,深圳市,Shenzhen,2022,869,,https://www.cicams-sz.org.cn/attachment/0/64/64257/952867.pdf
F72P000015,中国医学科学院肿瘤医院深圳医院（宝荷院区）,中国医学科学院肿瘤医院深圳医院,广东省,Guangdong,深圳市,Shenzhen,2023,936,,https://www.cicams-sz.org.cn/wygk/yyxw/mtbd/content/post_1429207.html
F72P000015,中国医学科学院肿瘤医院深圳医院（宝荷院区）,中国医学科学院肿瘤医院深圳医院,广东省,Guangdong,深圳市,Shenzhen,2024,933,,https://www.cicams-sz.org.cn/attachment/0/95/95457/1614278.pdf
F72P000016,英德市中医院（峰光西路院本部）,英德市中医院,广东省,Guangdong,清远市,Qingyuan,2024,460,,https://www.yingde.gov.cn/zwgk/rsxx/zpxx/content/post_1858137.html
F72P000017,潮州市人民医院（城新路院本部）,潮州市人民医院,广东省,Guangdong,潮州市,Chaozhou,2024,1200,,https://www.chaozhou.gov.cn/zwgk/szfgz/srlzy/tzgg/content/mpost_3881336.html
F72P000018,广东省中医院珠海医院（景乐路院区）,广东省中医院珠海医院,广东省,Guangdong,珠海市,Zhuhai,2020,700,,https://y.dxy.cn/hospital/1708
F72P000019,遵义医科大学第五附属（珠海）医院（珠峰大道主院区）,遵义医科大学第五附属（珠海）医院,广东省,Guangdong,珠海市,Zhuhai,2024,860,,https://m.huatu.com/ylws/yldw_zkxx/20231220/2713982.html|https://www.zmufivehospital.com/sohw/12085.html
F72P000020,茂名市人民医院（为民路总部）,茂名市人民医院,广东省,Guangdong,茂名市,Maoming,2020,2000,,https://mhos.51daifu.com/hos231/gba/1189.shtml|https://y.dxy.cn/hospital/1583
F72P000020,茂名市人民医院（为民路总部）,茂名市人民医院,广东省,Guangdong,茂名市,Maoming,2022,2500,,https://www.sohu.com/a/544282808_121123706
F72P000021,阳春市中医院（拥军路院区）,阳春市中医院,广东省,Guangdong,阳江市,Yangjiang,2024,600,,https://www.yangchun.gov.cn/zxzx/ycyw/content/post_837689.html
F72P000022,兴安界首骨伤医院界首总院,兴安界首骨伤医院,广西壮族自治区,Guangxi,桂林市,Guilin,2024,883,,https://yjs.cd120.com/upload/files/2024/3/4af6df8f0ec5c913.pdf
F72P000023,新疆维吾尔自治区传染病医院传染病院区,新疆维吾尔自治区传染病医院（新疆维吾尔自治区第六人民医院）,新疆维吾尔自治区,Xinjiang,乌鲁木齐市,Urumqi,2022,800,,https://www.xjmu.edu.cn/info/1204/8933.htm
F72P000024,京东誉美肾病医院本部,京东誉美肾病医院,河北省,Hebei,廊坊市,Langfang,2023,660,,https://jdymsbyy.com/article/12099
F72P000025,七台河七煤医院有限公司,七台河七煤医院有限公司,黑龙江省,Heilongjiang,七台河市,Qitaihe,2016,860,,https://pitchhub.36kr.com/project/2316679717734915
F72P000026,双矿集团双矿医院有限公司,双矿集团双矿医院有限公司,黑龙江省,Heilongjiang,双鸭山市,Shuangyashan,2021,1300,,https://m.gwy.com/sydw/64389.html
F73C000002,青岛大学附属医院市北院区,青岛大学附属医院,山东省,Shandong,青岛市,Qingdao,2014,240,,https://www.qduh.cn/xinwendongtai/10546-2016-01-25-08-50-03
F73C000002,青岛大学附属医院市北院区,青岛大学附属医院,山东省,Shandong,青岛市,Qingdao,2016,240,,https://www.qduh.cn/xinwendongtai/10546-2016-01-25-08-50-03
F84C000006,广西壮族自治区桂东人民医院（贺州分院）,广西壮族自治区桂东人民医院,广西壮族自治区,Guangxi,梧州市,Wuzhou,2023,100,open,https://m.gxgdyy.com/gdwxfsyy_xwzx/2024/YaOYVQdx.html|https://www.gxgdyy.com/gdwxfsyy_xwzx/2023/Le31Mrb6.html
F84C000006,广西壮族自治区桂东人民医院（贺州分院）,广西壮族自治区桂东人民医院,广西壮族自治区,Guangxi,梧州市,Wuzhou,2024,100,,https://m.gxgdyy.com/gdwxfsyy_xwzx/2024/YaOYVQdx.html
F84C000008,怀化市第二人民医院（鹤城院区）,怀化市第二人民医院,湖南省,Hunan,怀化市,Huaihua,2020,760,,https://www.hheyy.com/news/753.html
F84C000009,怀化市第二人民医院（靖州院区）,怀化市第二人民医院,湖南省,Hunan,怀化市,Huaihua,2019,874,,https://hh.rednet.cn/content/2019/11/08/6192887.html
F84C000009,怀化市第二人民医院（靖州院区）,怀化市第二人民医院,湖南省,Hunan,怀化市,Huaihua,2020,874,,https://www.huaihua.gov.cn/huaihua/c101115/202003/c41d4988fc7f4a598290746797608701.shtml
F84C000014,蒙城县中医院（灵山大道新区）,蒙城县中医院,安徽省,Anhui,亳州市,Bozhou,2024,1000,,https://www.kuaituo6688.com/index.php?a=index&aid=41968&c=View&m=home
F84C000015,普洱市第二人民医院（曼歇坝院区）,普洱市第二人民医院,云南省,Yunnan,普洱市,Puer,2022,985,,https://www.pesdermyy.cn/?a=index&c=Lists&m=home&tid=12
F84C000019,包头市第三医院（康复路传染病院区）,包头市第三医院,内蒙古自治区,Inner Mongolia,包头市,Baotou,2024,530,,https://wjw.baotou.gov.cn/zfxxgk/fdzdgknr/zcwj/202508/t20250811_190901.html
F84C000021,威海市立医院（临港院区）,威海市立医院,山东省,Shandong,威海市,Weihai,2023,1000,open,https://wsjkw.weihai.gov.cn/art/2023/11/23/art_38442_4304905.html|https://m.shiliyiyuan.cn/news/show-7500.html|https://www.weihai.gov.cn/art/2023/5/8/art_58817_3622288.html
F84C000021,威海市立医院（临港院区）,威海市立医院,山东省,Shandong,威海市,Weihai,2024,1000,,https://www.whnews.cn/news/node/2024-07/08/content_-25542.htm
F84C000023,汕头大学医学院附属肿瘤医院（饶平路院区）,汕头大学医学院附属肿瘤医院,广东省,Guangdong,汕头市,Shantou,2023,704,,https://www.med.stu.edu.cn/664/18956.html|https://www.med.stu.edu.cn/8/13663.html|https://www.med.stu.edu.cn/8/14669.html
F84C000024,中山大学附属第三医院粤东医院（广梅开发区院区）,中山大学附属第三医院粤东医院,广东省,Guangdong,梅州市,Meizhou,2020,60,,https://www.zssy.com.cn/article/7901
F84C000024,中山大学附属第三医院粤东医院（广梅开发区院区）,中山大学附属第三医院粤东医院,广东省,Guangdong,梅州市,Meizhou,2023,250,,https://www.zzrvtc.edu.cn/yxjsx/2023/1107/c1186a115657/page.htm
F84C000025,佛山市口腔医院（河滨路院本部）,佛山市口腔医院,广东省,Guangdong,佛山市,Foshan,2024,50,,https://www.foshannews.net/fsxwfb/index/pic/202407/t20240721_6418316.html
F84C000027,茂名市人民医院（水东湾分院）,茂名市人民医院,广东省,Guangdong,茂名市,Maoming,2021,200,,https://m.mmrmyy.com/yywh_xwdt/2021/Ddwj8mb1.html
F84C000033,中国中医科学院西苑医院济宁医院（济宁市中医院）秦庄院区,中国中医科学院西苑医院济宁医院（济宁市中医院）,山东省,Shandong,济宁市,Jining,2017,436,,https://www.jnszyy.com/view.php?id=939
F84C000033,中国中医科学院西苑医院济宁医院（济宁市中医院）秦庄院区,中国中医科学院西苑医院济宁医院（济宁市中医院）,山东省,Shandong,济宁市,Jining,2019,520,,https://wjw.jining.gov.cn/art/2019/1/15/art_17073_1314440.html
F84C000033,中国中医科学院西苑医院济宁医院（济宁市中医院）秦庄院区,中国中医科学院西苑医院济宁医院（济宁市中医院）,山东省,Shandong,济宁市,Jining,2023,520,,https://www.jnszyy.com/view.php?id=3365
F84C000040,中国科学技术大学附属第一医院感染病院区,中国科学技术大学附属第一医院（安徽省立医院）,安徽省,Anhui,合肥市,Hefei,2024,197,,https://www.ahslyy.com.cn/jyb/col1193/13708
F84C000041,中国科学技术大学附属第一医院北区（上海市第六人民医院安徽医院）,中国科学技术大学附属第一医院（安徽省立医院）,安徽省,Anhui,合肥市,Hefei,2023,398,,https://www.ahslyy.com.cn/beiqu/col566/541230|https://www.ahslyy.com.cn/col19/871000|https://www.ahslyy.com.cn/upload/cn/file/2025-08/1755836188631.pdf
F84C000042,中国科学技术大学附属第一医院离子医学中心,中国科学技术大学附属第一医院（安徽省立医院）,安徽省,Anhui,合肥市,Hefei,2024,44,open,https://www.ahslyy.com.cn/col19/875560|https://www.ahslyy.com.cn/jyb/col1193/index?code=1009
F84C000043,郴州市第一人民医院西院（康复医院）,郴州市第一人民医院,湖南省,Hunan,郴州市,Chenzhou,2018,340,open,https://www.czdyhospital.cn/czhospital/yygk|https://docs.cn-healthcare.com/sharedoc/src_files/20210726/f62e815c20af4a89940add93c29ba464.pdf
F84C000047,苏州市立医院康复院区（苏州市康复医院）,苏州市立医院,江苏省,Jiangsu,苏州市,Suzhou,2023,471,open,https://www.suzhou.gov.cn/szsrmzf/mszx/202409/dbfc0b58952049b8bba72888825f8d39.shtml|https://www.suzhou.gov.cn/szsrmzf/szyw/202309/f1504a0fdad54df29199e02e17e2f8fb.shtml
F84C000048,苏州市立医院妇幼院区（苏州市妇幼保健院）,苏州市立医院,江苏省,Jiangsu,苏州市,Suzhou,2024,800,open,https://www.suzhou.gov.cn/szsrmzf/mszx/202408/4a71e1e125ea4fcab4a4d3ab99df8040.shtml
F84C000049,苏州市立医院南区过渡院区,苏州市立医院,江苏省,Jiangsu,苏州市,Suzhou,2020,490,,https://news.2500sz.com/doc/2020/06/22/599842.shtml
F84C000051,烟台市心理康复医院莱山院区,烟台市心理康复医院,山东省,Shandong,烟台市,Yantai,2022,,open,https://www.ytsjsws.cn/news_detail/78.html
F84C000051,烟台市心理康复医院莱山院区,烟台市心理康复医院,山东省,Shandong,烟台市,Yantai,2023,200,,https://www.sdytyhdyy.cn/news/8285.html
F84C000051,烟台市心理康复医院莱山院区,烟台市心理康复医院,山东省,Shandong,烟台市,Yantai,2024,200,,https://www.kq36.com/25/66461ecfa3994a77bd194eac358172fd
F84C000056,常州市武进人民医院南院,常州市武进人民医院,江苏省,Jiangsu,常州市,Changzhou,2023,350,,https://www.wj.gov.cn/html/czwj/2023/DFNJQEOI_0714/73927.html
F84C000057,常州市武进人民医院高新区院区,常州市武进人民医院,江苏省,Jiangsu,常州市,Changzhou,2022,108,,https://www.cn-healthcare.com/articlewm/20220630/wap-content-1392622.html
F84C000059,江阴市中医院新院区,江阴市中医院,江苏省,Jiangsu,无锡市,Wuxi,2023,668,,https://www.jiangyin.gov.cn/uploadfiles/202312/29/2023122917201097435534.pdf
F84C000061,九江市中医医院北院,九江市中医医院,江西省,Jiangxi,九江市,Jiujiang,2024,80,,https://www.kaimiaowang.com/erke/jiangxi/23178.html
F84C000065,新余市中医院南院（原本部）,新余市中医院,江西省,Jiangxi,新余市,Xinyu,2014,400,,https://58.wy.guahaoe.com/hospital/summary/03C75DAD518E10C7E0530F01A8C0CA32000|https://www.haodf.com/hospital/4451475696.html
F84C000065,新余市中医院南院（原本部）,新余市中医院,江西省,Jiangxi,新余市,Xinyu,2016,400,,https://y.dxy.cn/hospital/1339|https://y.dxy.cn/v2/hospital/1339
F84C000076,宜宾市第一人民医院（南岸院区）,宜宾市第一人民医院,四川省,Sichuan,宜宾市,Yibin,2024,300,,https://www.eoffcn.com/kszx/detail/2046058.html
F84C000078,中山大学附属第一医院南沙院区,中山大学附属第一医院,广东省,Guangdong,广州市,Guangzhou,2023,1500,open,https://nansha.fahsysu.org.cn/article/31343|https://nansha.fahsysu.org.cn/basic/28974|https://www.fahsysu.org.cn/article/30645
F84C000078,中山大学附属第一医院南沙院区,中山大学附属第一医院,广东省,Guangdong,广州市,Guangzhou,2024,1500,,https://bus.sysu.edu.cn/article/10746
F84C000080,广东省人民医院平洲院区,广东省人民医院,广东省,Guangdong,广州市,Guangzhou,2006,71,,https://www.gdghospital.org.cn/comprehensivenews/info_itemid_1579.html
F84C000080,广东省人民医院平洲院区,广东省人民医院,广东省,Guangdong,广州市,Guangzhou,2021,71,,https://www.gdghospital.org.cn/uploadfiles/2021/05/20210524163741826.pdf
F84C000081,广东省人民医院惠福院区,广东省人民医院,广东省,Guangdong,广州市,Guangzhou,2021,340,,https://www.gdghospital.org.cn/expert/info_itemid_67.html
F84C000083,西安交通大学第一附属医院陆港院区,西安交通大学第一附属医院,陕西省,Shaanxi,西安市,Xi'an,2024,1000,,https://www.xjtu.edu.cn/info/1058/5539.htm
P2C000005,上海中医药大学附属龙华医院（上南院区）,上海中医药大学附属龙华医院,上海市,Shanghai,上海市,Shanghai,2015,160,,https://m.med66.com/yixuebaike/yixuewanhuatong/lm1504013685.shtml|https://www.cntcm.com.cn/content/201504/03/c112768.html
P2C000005,上海中医药大学附属龙华医院（上南院区）,上海中医药大学附属龙华医院,上海市,Shanghai,上海市,Shanghai,2019,160,,https://www.tmbos.org/index/article/view/id/8134.html
P2C000006,上海中医药大学附属龙华医院（航头院区）,上海中医药大学附属龙华医院,上海市,Shanghai,上海市,Shanghai,2023,,open,https://m.thepaper.cn/detail/25455365|https://www.shanghai.gov.cn/nw4411/20231129/b3b297da5988445a997dede26aa894ae.html?siteId=1
P2C000006,上海中医药大学附属龙华医院（航头院区）,上海中医药大学附属龙华医院,上海市,Shanghai,上海市,Shanghai,2024,500,,https://www.longhua.net/info/2671/69881.htm
P2C000009,上海市儿童医院（北京西路院区）,上海市儿童医院,上海市,Shanghai,上海市,Shanghai,2014,150,,https://www.chinanews.com.cn/sh/2014/05-30/6229107.shtml
P2C000009,上海市儿童医院（北京西路院区）,上海市儿童医院,上海市,Shanghai,上海市,Shanghai,2016,150,,https://www.shanghai.gov.cn/cmsres/bf/bfe7e17011064d65a25558be3f067ac4/406f7e60dc982305e53e1f9215a3dc18.pdf
P2C000009,上海市儿童医院（北京西路院区）,上海市儿童医院,上海市,Shanghai,上海市,Shanghai,2017,150,,https://www.shanghai.gov.cn/cmsres/b3/b32ccfef0eea4f4388a840b2dbaf8c27/9aee88dde60a6f7e43bbd8dacc97d0f0.pdf
P2C000009,上海市儿童医院（北京西路院区）,上海市儿童医院,上海市,Shanghai,上海市,Shanghai,2018,150,,https://sppm.sjtu.edu.cn/contents/4/156.html
P2C000009,上海市儿童医院（北京西路院区）,上海市儿童医院,上海市,Shanghai,上海市,Shanghai,2019,150,,https://www.shsmu.edu.cn/ylfw/fsyy1/fsetyy.htm
P2C000009,上海市儿童医院（北京西路院区）,上海市儿童医院,上海市,Shanghai,上海市,Shanghai,2020,150,,https://www.shchildren.com.cn/upload/files/2020.pdf|https://www.shsmu.edu.cn/qnxzforum/info/1100/1276.htm
P2C000009,上海市儿童医院（北京西路院区）,上海市儿童医院,上海市,Shanghai,上海市,Shanghai,2021,150,,https://finance.sina.cn/2021-10-22/detail-iktzqtyu3005835.d.html
P2C000009,上海市儿童医院（北京西路院区）,上海市儿童医院,上海市,Shanghai,上海市,Shanghai,2023,150,,https://www.shchildren.com.cn/Up_Load_Files/files/2023/9/41404115.pdf
P2C000009,上海市儿童医院（北京西路院区）,上海市儿童医院,上海市,Shanghai,上海市,Shanghai,2024,150,,https://www.shchildren.com.cn/Up_Load_Files/files/2024/9/1014643195.pdf|https://www.shchildren.com.cn/Up_Load_Files/files/2025/8/19131749492.pdf
P2C000010,上海市东方医院（南院）,上海市东方医院,上海市,Shanghai,上海市,Shanghai,2024,800,,https://www.pudong.gov.cn/dcxxgs/20240529/780492/e493aa92939c4c4bbd08602e0c8cd205.pdf
P2C000012,上海市中医医院（嘉定院区）,上海市中医医院,上海市,Shanghai,上海市,Shanghai,2024,350,open,https://www.shanghai.gov.cn/nw4411/20240909/272cccedcf2b4c80b3e3824cd2d3835b.html
P2C000013,上海市光华中西医结合医院（延安西路院区）,上海市光华中西医结合医院,上海市,Shanghai,上海市,Shanghai,2022,100,,https://static.shcn.gov.cn/cncms/2022/0615/606d071f-f42e-4d8b-bc4f-5048c00a6112.pdf
P2C000015,上海市宝山区中西医结合医院（东院区）,上海市宝山区中西医结合医院,上海市,Shanghai,上海市,Shanghai,2016,96,,https://xxgk.shbsq.gov.cn/article.html?infoid=0a2687d4-609e-40c8-af19-d4176cee30b6
P2C000023,上海市肺科医院（政民路院区）,上海市肺科医院,上海市,Shanghai,上海市,Shanghai,2020,1000,,https://www.shyp.gov.cn/shypq/yqyw-wb-rsjzl-zpxx/20200409/353679.html
P2C000028,复旦大学附属华山医院（江苏路分部）,复旦大学附属华山医院,上海市,Shanghai,上海市,Shanghai,2015,10,,https://news.fudan.edu.cn/2015/1204/c40a71493/page.htm
P2C000028,复旦大学附属华山医院（江苏路分部）,复旦大学附属华山医院,上海市,Shanghai,上海市,Shanghai,2019,10,,https://www.huashan.org.cn/news/detail/9721.html
P2C000029,复旦大学附属妇产科医院（杨浦院区）,复旦大学附属妇产科医院,上海市,Shanghai,上海市,Shanghai,2019,450,,https://fao.fudan.edu.cn/40/56/c1666a16470/page.htm|https://www.shyp.gov.cn/shypq/yqyw-wb-hbjzl-wryhjjgxx-spjdgg/20190724/335233/e17edf3ad8b9742e728ccea1fd83d2d4.pdf
P2C000030,复旦大学附属眼耳鼻喉科医院（汾阳院区）,复旦大学附属眼耳鼻喉科医院,上海市,Shanghai,上海市,Shanghai,2017,374,,https://dzb.whb.cn/html/2017-11/27/content_615169.html
P2C000031,复旦大学附属眼耳鼻喉科医院（浦江院区）,复旦大学附属眼耳鼻喉科医院,上海市,Shanghai,上海市,Shanghai,2017,350,open,https://zjw.sh.gov.cn/gzdt/20240103/dab846aebc244451903504f7183866cc.html|https://fudanjypx.fudan.edu.cn/12/6d/c13570a135789/page.htm|https://www.px.fudan.edu.cn/12/6d/c13570a135789/page.htm
P2C000031,复旦大学附属眼耳鼻喉科医院（浦江院区）,复旦大学附属眼耳鼻喉科医院,上海市,Shanghai,上海市,Shanghai,2019,350,,https://wap.91360.com/201909/27/7853.html
P2C000031,复旦大学附属眼耳鼻喉科医院（浦江院区）,复旦大学附属眼耳鼻喉科医院,上海市,Shanghai,上海市,Shanghai,2023,350,,https://www.fudan.edu.cn/2023/1228/c24a138817/page.htm
P2C000031,复旦大学附属眼耳鼻喉科医院（浦江院区）,复旦大学附属眼耳鼻喉科医院,上海市,Shanghai,上海市,Shanghai,2024,350,,https://news.fudan.edu.cn/2024/0111/c2845a139005/page.htm|https://zjw.sh.gov.cn/gzdt/20240103/dab846aebc244451903504f7183866cc.html
P2C000032,复旦大学附属眼耳鼻喉科医院（浦东院区）,复旦大学附属眼耳鼻喉科医院,上海市,Shanghai,上海市,Shanghai,2023,37,,https://news.fudan.edu.cn/2023/0131/c5a133805/page.htm|https://www.cn-healthcare.com/articlewm/20230215/content-1511125.html|https://www.maigoo.com/news/730300.html
P2C000034,山南市人民医院旧院区,山南市人民医院,西藏自治区,Tibet,山南市,Shannan,2019,337,,https://www.shannan.gov.cn/xwzx/tggs/201902/t20190226_18672.html
P2C000036,宁夏医科大学附属中医医院朝阳院区,宁夏医科大学附属中医医院,宁夏回族自治区,Ningxia,吴忠市,Wuzhong,2023,300,,https://fzggw.nx.gov.cn/zwgk/zwgkml/xzspsx/202307/t20230717_4181387.html|https://wsjkw.nx.gov.cn/zfxxgk_279/fdzdgknr/yjsgk/202408/P020240829413427319552.pdf
P2C000036,宁夏医科大学附属中医医院朝阳院区,宁夏医科大学附属中医医院,宁夏回族自治区,Ningxia,吴忠市,Wuzhong,2024,221,,https://wsjkw.nx.gov.cn/zfxxgk_279/fdzdgknr/yjsgk/202402/P020240227511162183159.pdf|https://www.nxmu.edu.cn/dj/info/1022/1065.htm
P2C000037,宁夏医科大学总医院心脑血管病医院,宁夏医科大学总医院,宁夏回族自治区,Ningxia,银川市,Yinchuan,2011,,open,https://www.nxmu.edu.cn/info/1202/5162.htm
P2C000037,宁夏医科大学总医院心脑血管病医院,宁夏医科大学总医院,宁夏回族自治区,Ningxia,银川市,Yinchuan,2014,300,,https://www.nxmu.edu.cn/info/1202/5162.htm|https://www.shizuishan.gov.cn/zwgk/bmxxgk/szssspfwglj_61186/SDssss665_5233/fwxx/202503/P020250313651132174767.pdf
P2C000037,宁夏医科大学总医院心脑血管病医院,宁夏医科大学总医院,宁夏回族自治区,Ningxia,银川市,Yinchuan,2024,300,,https://www.shizuishan.gov.cn/zwgk/bmxxgk/szssspfwglj_61186/SDssss665_5233/fwxx/202503/P020250313651132174767.pdf
P2C000038,银川市第一人民医院康复医院,银川市第一人民医院,宁夏回族自治区,Ningxia,银川市,Yinchuan,2022,158,,https://www.nx.chinanews.com.cn/ds/2022-07-01/doc-ihazuart1564461.shtml
P2C000039,银川市第一人民医院滨河院区,银川市第一人民医院,宁夏回族自治区,Ningxia,银川市,Yinchuan,2018,250,,https://www.yinchuan.gov.cn/xxgk/bmxxgkml/sfgw/xxgkml_1867/zdgz_1878/201803/P020180326383735542115.pdf
P2C000039,银川市第一人民医院滨河院区,银川市第一人民医院,宁夏回族自治区,Ningxia,银川市,Yinchuan,2021,250,,https://www.nxmu.edu.cn/jyxxw/info/1008/2343.htm
P2C000040,银川市第一人民医院耳鼻咽喉头颈外科医院,银川市第一人民医院,宁夏回族自治区,Ningxia,银川市,Yinchuan,2022,120,open,https://www.yinchuan.gov.cn/xxgk/bmxxgkml/swjw/xxgkml_2361/zdgz_2372/202308/t20230828_4238926.html|https://m.thepaper.cn/baijiahao_19247381
P2C000040,银川市第一人民医院耳鼻咽喉头颈外科医院,银川市第一人民医院,宁夏回族自治区,Ningxia,银川市,Yinchuan,2023,120,,https://www.yinchuan.gov.cn/xxgk/bmxxgkml/swjw/xxgkml_2361/zdgz_2372/202308/t20230828_4238926.html
P2C000042,宁夏回族自治区人民医院宁夏医疗急救中心,宁夏回族自治区人民医院,宁夏回族自治区,Ningxia,银川市,Yinchuan,2018,300,,https://docs.cn-healthcare.com/sharedoc/pdf_files/20180921/c7a31c501ac949d096c86f1ca9d2554c.pdf
P2C000043,宁夏回族自治区人民医院宁夏眼科医院,宁夏回族自治区人民医院,宁夏回族自治区,Ningxia,银川市,Yinchuan,2022,200,,https://wsjkw.nx.gov.cn/zfxxgk_279/fdzdgknr/xzxkgs/202212/t20221214_3888122.html
P2C000044,宁夏回族自治区人民医院宁南医院,宁夏回族自治区人民医院,宁夏回族自治区,Ningxia,银川市,Yinchuan,2021,330,,https://csp.bibd.org.cn/WebManage/StrokeRecognition/CzdtUUDetailWeb?type=&uid=30871
P2C000044,宁夏回族自治区人民医院宁南医院,宁夏回族自治区人民医院,宁夏回族自治区,Ningxia,银川市,Yinchuan,2024,330,,https://csp.bibd.org.cn/WebManage/StrokeRecognition/CzdtUUDetailWeb?type=&uid=30871
P2C000045,宁夏回族自治区人民医院宁夏康复医学中心,宁夏回族自治区人民医院,宁夏回族自治区,Ningxia,银川市,Yinchuan,2022,100,,https://wsjkw.nx.gov.cn/zfxxgk_279/fdzdgknr/xzxkgs/202212/t20221214_3888122.html
P2C000050,海南医科大学第二附属医院乌石分院,海南医学院第二附属医院,海南省,Hainan,海口市,Haikou,2022,300,,https://wst.hainan.gov.cn/swjw/ggfw/ylwsjg/202202/t20220210_3140516.html
P2C000050,海南医科大学第二附属医院乌石分院,海南医学院第二附属医院,海南省,Hainan,海口市,Haikou,2023,300,,https://www.055110.com/law/1/48683.html
P2C000050,海南医科大学第二附属医院乌石分院,海南医学院第二附属医院,海南省,Hainan,海口市,Haikou,2024,300,,https://plan.hainan.gov.cn/sfgw/shfz/202407/679278c41d714cfdb0a369903e82bb2a.shtml|https://tjgb.hongheiku.com/xjtjgb/xj2020/52004.html
P2C000051,海南省公共卫生临床中心,海南医学院第二附属医院,海南省,Hainan,海口市,Haikou,2024,600,,https://www.chinanews.com.cn/sh/2024/06-26/10241029.shtml
P2C000053,梅河口市中心医院银河大街旧院区,梅河口市中心医院,吉林省,Jilin,通化市,Tonghua,2017,1000,,https://jiaowu.ybu.edu.cn/__local/8/35/DE/44F96DE46527DE3B706F68C7507_75E3C0BF_49D5C1.pdf
P2C000054,吉林大学第二医院亚泰院区,吉林大学第二医院,吉林省,Jilin,长春市,Changchun,2022,2200,,https://mp.weixin.qq.com/s?__biz=MzU1MTE0MjEyNw==&mid=2247526266&idx=4&sn=48703761a4cad7fe25d651ea726f63d7&chksm=fa13e923432e9c5a9f91649957d49e3b7e98a40e746f125c4573355cdf83bf8d82d9276ad536#rd
P2C000054,吉林大学第二医院亚泰院区,吉林大学第二医院,吉林省,Jilin,长春市,Changchun,2024,2600,,https://xxgk.jl.gov.cn/PDFfile/202401/8865913.pdf
P2C000055,吉林大学第二医院青年院区,吉林大学第二医院,吉林省,Jilin,长春市,Changchun,2024,100,,https://xxgk.jl.gov.cn/PDFfile/202401/8865913.pdf
P2C000066,甘肃省康复中心医院兰州新区院区,甘肃康复中心医院,甘肃省,Gansu,兰州市,Lanzhou,2023,600,,https://gs.people.com.cn/n2/2023/0526/c183283-40431701.html
P2C000066,甘肃省康复中心医院兰州新区院区,甘肃康复中心医院,甘肃省,Gansu,兰州市,Lanzhou,2024,600,,https://finance.gscn.com.cn/system/2024/03/18/013114415.shtml
P2C000067,甘肃省人民医院西院区,甘肃省人民医院,甘肃省,Gansu,兰州市,Lanzhou,2022,455,,https://czt.gansu.gov.cn/czt/c110120/202309/173755077/files/9bc4134c3fd543a081263a053c2c5b34.pdf
P2C000068,甘肃省人民医院兰州新区分院,甘肃省人民医院,甘肃省,Gansu,兰州市,Lanzhou,2022,300,,https://czt.gansu.gov.cn/czt/c110120/202309/173755077/files/9bc4134c3fd543a081263a053c2c5b34.pdf
P2C000069,甘肃中医药大学附属医院西固院区,甘肃中医药大学附属医院,甘肃省,Gansu,兰州市,Lanzhou,2021,120,,https://gansu.gscn.com.cn/system/2021/06/18/012603105.shtml
P2C000069,甘肃中医药大学附属医院西固院区,甘肃中医药大学附属医院,甘肃省,Gansu,兰州市,Lanzhou,2022,105,,https://www.zyxyfy.com/xxgk/xxgk1/content_21465
P2C000072,天津中医药大学第一附属医院南院区,天津中医药大学第一附属医院,天津市,Tianjin,天津市,Tianjin,2014,1802,,https://www.tjxq.gov.cn/zwgk/zfxxgk/zfgbm/zwfwbgs/fdzdgk/zdmsxx/hjbh/202410/P020241014545485396180.pdf
P2C000072,天津中医药大学第一附属医院南院区,天津中医药大学第一附属医院,天津市,Tianjin,天津市,Tianjin,2015,1802,,https://wsjk.tj.gov.cn/XWZX6600/MTBD3030/202008/t20200828_3581101.html|https://www.tjtcm.cn/system/2015/01/13/011195228.shtml
P2C000072,天津中医药大学第一附属医院南院区,天津中医药大学第一附属医院,天津市,Tianjin,天津市,Tianjin,2017,1802,,https://www.tjxq.gov.cn/zwgk/zfxxgk/zfgbm/zwfwbgs/fdzdgk/zdmsxx/hjbh/202410/P020241014545485396180.pdf
P2C000072,天津中医药大学第一附属医院南院区,天津中医药大学第一附属医院,天津市,Tianjin,天津市,Tianjin,2024,1802,,https://www.tjxq.gov.cn/zwgk/zfxxgk/zfgbm/zwfwbgs/fdzdgk/zdmsxx/hjbh/202410/P020241014545485396180.pdf
P2C000073,天津市第一中心医院水西院区,天津市第一中心医院,天津市,Tianjin,天津市,Tianjin,2023,2000,,https://wsjk.tj.gov.cn/ZTZL1/ZTZL750/xxgcxjpxsdzgtsshzysxztjy/202304/t20230423_6213960.html|https://www.tjyun.com/system/2023/04/12/053816029.shtml
P2C000074,中国医学科学院血液病医院团泊院区,中国医学科学院血液病医院,天津市,Tianjin,天津市,Tianjin,2023,1000,,https://wsjk.tj.gov.cn/XWZX6600/MTBD3030/202310/t20231012_6427898.html|https://news.ifeng.com/c/8TTucgE58UT
P2C000076,天津市胸科医院和平院区,天津市胸科医院,天津市,Tianjin,天津市,Tianjin,2024,436,,https://www.tj.gov.cn/zwgk/ggqsydwxxgk/ylws/yy/202409/t20240906_6719626.html
P2C000078,天津市中心妇产科医院和平院区,天津市中心妇产科医院,天津市,Tianjin,天津市,Tianjin,2023,168,,https://www.thepaper.cn/newsDetail_forward_23649024
P2C000078,天津市中心妇产科医院和平院区,天津市中心妇产科医院,天津市,Tianjin,天津市,Tianjin,2024,168,,https://www.tjzxfc.cn/system/2024/07/12/030095576.shtml
P2C000081,天津医科大学附属肿瘤医院滨海医院,天津医科大学附属肿瘤医院,天津市,Tianjin,天津市,Tianjin,2022,100,,https://tj.sina.cn/news/2021-12-29/detail-ikyakumx7030972.d.html
P2C000081,天津医科大学附属肿瘤医院滨海医院,天津医科大学附属肿瘤医院,天津市,Tianjin,天津市,Tianjin,2023,506,,https://www.tjmuch.com/system/2024/01/10/030067836.shtml|https://health.baidu.com/doctordec/hosintro/1034683
P2C000083,贵州中医药大学第一附属医院阳明院区,贵州中医药大学第一附属医院,贵州省,Guizhou,贵阳市,Guiyang,2012,1490,,https://szb.eyesnews.cn/pc/cont/202310/27/content_107832.html
P2C000083,贵州中医药大学第一附属医院阳明院区,贵州中医药大学第一附属医院,贵州省,Guizhou,贵阳市,Guiyang,2017,1490,,https://wjw.guizhou.gov.cn/zwgk/jcxxgk/rsxx/201706/t20170606_78925369.html
P2C000083,贵州中医药大学第一附属医院阳明院区,贵州中医药大学第一附属医院,贵州省,Guizhou,贵阳市,Guiyang,2018,1490,,https://www.rsw163.com/html/2018/08/30926.html
P2C000083,贵州中医药大学第一附属医院阳明院区,贵州中医药大学第一附属医院,贵州省,Guizhou,贵阳市,Guiyang,2023,1690,,https://finance.sina.cn/2023-10-27/detail-imzsnncy5700409.d.html
P2C000083,贵州中医药大学第一附属医院阳明院区,贵州中医药大学第一附属医院,贵州省,Guizhou,贵阳市,Guiyang,2024,1952,,https://guizhoutianfeng.com/?p=2351
P2C000084,贵州中医药大学第二附属医院红岩院区,贵州中医药大学第二附属医院,贵州省,Guizhou,贵阳市,Guiyang,2024,1000,,https://gz.people.com.cn/n2/2024/0420/c400058-40817496.html
P2C000086,贵州省骨科医院白云院区,贵州省骨科医院,贵州省,Guizhou,贵阳市,Guiyang,2022,1000,,https://www.sohu.com/a/533969388_429684
P2C000087,贵州医科大学第二附属医院西院区（翁义院区）,贵州医科大学第二附属医院,贵州省,Guizhou,黔东南苗族侗族自治州,Qiandongnan Miao and Dong Autonomous Prefecture,2022,700,,https://sthj.guizhou.gov.cn/zwgk/zdlyxx/fsjg/fslxmspqgs/202208/P020230426401285313907.pdf
P2C000088,贵州省肿瘤医院综合院区,贵州省肿瘤医院,贵州省,Guizhou,贵阳市,Guiyang,2021,300,,https://qxb-img-osscache.qixin.com/qianlima/%E5%85%B3%E4%BA%8E%E8%B4%B5%E5%B7%9E%E7%9C%81%E8%82%BF%E7%98%A4%E5%8C%BB%E9%99%A2%E7%BB%BC%E5%90%88%E9%99%A2%E5%8C%BADSA%E6%A0%B8%E6%8A%80%E6%9C%AF%E5%88%A9%E7%94%A8%E6%96%B0%E5%BB%BA%E9%A1%B9%E7%9B%AE%E9%A1%B9%E7%9B%AE%E5%8F%97%E7%90%86%E5%85%AC%E7%A4%BA-%E8%B4%B5%E5%B7%9E%E7%9C%81%E8%82%BF%E7%98%A4%E5%8C%BB%E9%99%A2%E7%BB%BC%E5%90%88%E9%99%A2%E5%8C%BAdsa%E6%A0%B8%E6%8A%80%E6%9C%AF%E5%88%A9%E7%94%A8%E6%96%B0%E5%BB%BA%E9%A1%B9%E7%9B%AE%E7%8E%AF%E5%A2%83%E5%BD%B1%E5%93%8D%E6%8A%A5%E5%91%8A%E8%A1%A8%EF%BC%88%E5%85%AC%E7%A4%BA%E7%89%88%EF%BC%89.pdf|https://www.sohu.com/a/474424643_121124294
P2C000090,重庆大学附属涪陵医院高新院区,重庆大学附属涪陵医院,重庆市,Chongqing,重庆市,Chongqing,2023,500,open,https://jjc.cq.gov.cn/web/aritcle/web/content_1455493145565290496.html|https://www.cq.gov.cn/zwgk/zfxxgkzl/fdzdgknr/zdmsxx/yl/yl_ssqk/202306/t20230607_12041128.html
P2C000091,重庆市人民医院中山院区,重庆市人民医院,重庆市,Chongqing,重庆市,Chongqing,2016,400,,https://caivd-org.cn/article.asp?id=3079|https://news.sina.com.cn/o/2016-03-28/doc-ifxqssxu8378739.shtml
P2C000091,重庆市人民医院中山院区,重庆市人民医院,重庆市,Chongqing,重庆市,Chongqing,2022,400,,https://www.sthjj.cq.gov.cn/zwgk_249/zfxxgkzl/fdzdgknr/hjyxpj/pzgcxx/sljsxmhpxxgg/202209/P020220930593470750966.pdf
P2C000095,北京大学人民医院通州院区,北京大学人民医院,北京市,Beijing,北京市,Beijing,2023,720,,https://wjw.beijing.gov.cn/xwzx_20031/mtjj/202305/t20230530_3116957.html
P2C000097,北京大学第一医院大兴院区,北京大学第一医院,北京市,Beijing,北京市,Beijing,2024,1066,,https://wjw.beijing.gov.cn/xwzx_20031/jcdt/202412/t20241219_3969372.html
P2C000098,首都医科大学附属北京安贞医院通州院区,首都医科大学附属北京安贞医院,北京市,Beijing,北京市,Beijing,2024,490,open,https://www.beijing.gov.cn/ywdt/zwzt/jjtz/jkwwptsj/202410/t20241021_3923881.html|https://www.news.cn/local/20241020/13af6d42a4654cc390bf251eef21bcc8/c.html|https://www.xinhuanet.com/local/20241020/13af6d42a4654cc390bf251eef21bcc8/c.html
P2C000099,首都医科大学附属北京口腔医院主院区,首都医科大学附属北京口腔医院,北京市,Beijing,北京市,Beijing,2024,130,open,https://fgw.beijing.gov.cn/gzdt/fgzs/mtbdx/bzwlxw/202412/t20241226_3974452.htm|https://wjw.beijing.gov.cn/xwzx_20031/mtjj/202412/t20241224_3972060.html|https://www.beijing.gov.cn/fuwu/bmfw/sy/jrts/202412/t20241220_3969721.html|https://www.news.cn/local/20241220/66b76a42e7004a51a32524d902694d7f/c.html
P2C000104,首都医科大学附属北京天坛医院天坛院区（旧院区）,首都医科大学附属北京天坛医院,北京市,Beijing,北京市,Beijing,2015,1150,,https://www.bjtth.cn/Hospitals/Jobs/Detail/53
P2C000104,首都医科大学附属北京天坛医院天坛院区（旧院区）,首都医科大学附属北京天坛医院,北京市,Beijing,北京市,Beijing,2017,1150,,https://bj.chinadaily.com.cn/2017-06/23/content_29853103.htm|https://m.news.cctv.com/2017/06/23/ARTISynBSnlZpIsetns6jTQT170623.shtml
P2C000104,首都医科大学附属北京天坛医院天坛院区（旧院区）,首都医科大学附属北京天坛医院,北京市,Beijing,北京市,Beijing,2018,1150,,https://www.sohu.com/a/255149788_632006
P2C000105,北京市隆福医院主院区,北京市隆福医院,北京市,Beijing,北京市,Beijing,2022,480,,https://www.bjdch.gov.cn/ztzl/bmyjsgkzl/bmjsgkzl/2022njs/qzf2022js/202307/P020230719380686641888.pdf
P2C000106,北京中医医院顺义医院新院区,北京市顺义区中医医院,北京市,Beijing,北京市,Beijing,2022,800,open,https://zxjh.hnucm.edu.cn/info/1146/3980.htm|https://wjw.beijing.gov.cn/xwzx_20031/jcdt/202208/t20220801_2783789.html|https://xinwen.bjd.com.cn/channels/5b165687a010550e5ddc0e6a/contentShare/5de8be9be4b0fe93cc167bbc/AP62d56cd2e4b0cd8d0ea6a783.html
P2C000106,北京中医医院顺义医院新院区,北京市顺义区中医医院,北京市,Beijing,北京市,Beijing,2024,800,,https://zxjh.hnucm.edu.cn/info/1146/3980.htm
P2C000107,北京市怀柔区中医医院主院区,北京市怀柔区中医医院,北京市,Beijing,北京市,Beijing,2019,400,open,https://wjw.beijing.gov.cn/xwzx_20031/jcdt/202103/t20210330_2336875.html|https://www.haodf.com/hospital/3354/jieshao.html
P2C000107,北京市怀柔区中医医院主院区,北京市怀柔区中医医院,北京市,Beijing,北京市,Beijing,2021,400,,https://wjw.beijing.gov.cn/xwzx_20031/jcdt/202103/t20210330_2336875.html
P2C000109,清华大学玉泉医院主院区,清华大学玉泉医院,北京市,Beijing,北京市,Beijing,2024,489,,https://www.yuquanhosp.cn/Html/News/Articles/886.html
P2C000110,安徽省公共卫生临床中心屯溪路院区,安徽省公共卫生临床中心（安徽省传染病医院）,安徽省,Anhui,合肥市,Hefei,2024,55,open,https://www.ahsphcc.cn/info/1016/24510.htm|https://www.ahsphcc.cn/info/1400/21152.htm
P2C000112,防城港市第一人民医院文昌院区,防城港市第一人民医院,广西壮族自治区,Guangxi,防城港市,Fangchenggang,2023,800,,https://www.fcgs.gov.cn/ggfw/zxbs/yljk/wyk/zctz/t17362098.shtml
P2C000112,防城港市第一人民医院文昌院区,防城港市第一人民医院,广西壮族自治区,Guangxi,防城港市,Fangchenggang,2024,,open,https://www.fcgs.gov.cn/dyrmyy/tzgg/t18499790.shtml
P2C000114,桂林市中医医院崇信院区,桂林市中医医院,广西壮族自治区,Guangxi,桂林市,Guilin,2022,22,open,https://wsjkw.gxzf.gov.cn/xwdt_49370/gs/t11793366.shtml|https://www.glzyy.org.cn/yygk/yygkyyjs/6776.html
P2C000116,右江民族医学院附属医院百东院区,右江民族医学院附属医院,广西壮族自治区,Guangxi,百色市,Baise,2023,1200,,https://gxyyfy.cn/Item/11501.aspx
P2C000117,广西医科大学附属肿瘤医院五象院区,广西医科大学附属肿瘤医院,广西壮族自治区,Guangxi,南宁市,Nanning,2023,1000,open,https://fzghc.gxmu.edu.cn/fzghc_gzdt/t169818.html|https://www.gxmu.edu.cn/news/xxyw/t184065.html
P2C000118,河池市第一人民医院主院区,河池市第一人民医院,广西壮族自治区,Guangxi,河池市,Hechi,2022,1050,,https://m.youlai.cn/yyk/hospindex/338/hospintro.html
P2C000118,河池市第一人民医院主院区,河池市第一人民医院,广西壮族自治区,Guangxi,河池市,Hechi,2023,1050,,https://3g.kq36.com/25/a3c1c24853ed491e89da7e97e83a0751
P2C000119,浙江大学医学院附属第一医院城站院区,浙江大学医学院附属第一医院,浙江省,Zhejiang,杭州市,Hangzhou,2020,692,,https://www.ylqxzb.com/zbZcfg/Item43a3ce8c382156d5.html
P2C000119,浙江大学医学院附属第一医院城站院区,浙江大学医学院附属第一医院,浙江省,Zhejiang,杭州市,Hangzhou,2021,692,,https://jy.scu.edu.cn/index/index/employdetail.html?data=MDAwMDAwMDAwMJG6n3_Ed6imi4qQtLh5eJaKuLKXxoi3i7igr7-BZHxnkLZ9i8WGpNOaaKLSxKCalom6mNs
P2C000120,浙江大学医学院附属第二医院眼科院区,浙江大学医学院附属第二医院,浙江省,Zhejiang,杭州市,Hangzhou,2021,200,,https://hznews.hangzhou.com.cn/kejiao/content/2021-12/03/content_8109697.htm
P2C000120,浙江大学医学院附属第二医院眼科院区,浙江大学医学院附属第二医院,浙江省,Zhejiang,杭州市,Hangzhou,2022,200,,https://hznews.hangzhou.com.cn/kejiao/content/2022-06/01/content_8269284_0.htm
P2C000120,浙江大学医学院附属第二医院眼科院区,浙江大学医学院附属第二医院,浙江省,Zhejiang,杭州市,Hangzhou,2025,200,,https://www.hryjz.com/news/8705.html|https://en.z2hospital.com/contents/854/55.html
P2C000122,浙江大学医学院附属口腔医院华家池总院,浙江大学医学院附属口腔医院,浙江省,Zhejiang,杭州市,Hangzhou,2020,120,,https://www.zju.edu.cn/2020/1221/c41532a2235708/pagem.htm
P2C000122,浙江大学医学院附属口腔医院华家池总院,浙江大学医学院附属口腔医院,浙江省,Zhejiang,杭州市,Hangzhou,2021,120,,https://www.zju.edu.cn/2020/1221/c41532a2235708/pagem.htm|https://www.zjuss.cn/Content/pdf/20.pdf
P2C000124,浙江大学医学院附属邵逸夫医院大运河院区,浙江大学医学院附属邵逸夫医院,浙江省,Zhejiang,杭州市,Hangzhou,2024,364,,https://www.sohu.com/a/801369723_456060|https://www.srrsh.com/articleInfo/5479
P2C000125,浙江大学医学院附属邵逸夫医院绍兴院区,浙江大学医学院附属邵逸夫医院,浙江省,Zhejiang,杭州市,Hangzhou,2024,400,,https://www.cscec.com.cn/xwzx_new/zqydt_new/202407/3801163.html
P2C000126,浙江大学医学院附属邵逸夫医院双菱院区,浙江大学医学院附属邵逸夫医院,浙江省,Zhejiang,杭州市,Hangzhou,2019,29,,https://www.srrsh.com/articleInfo/5955
P2C000127,河南省儿童医院南院区,河南省儿童医院（郑州儿童医院）,河南省,Henan,郑州市,Zhengzhou,2021,144,,https://www.zzsetyy.cn/viewnews.aspx?id=11371
P2C000129,河南省胸科医院南院区,河南省胸科医院,河南省,Henan,郑州市,Zhengzhou,2022,200,,https://www.hnxkyy.com.cn/Article-18.html|https://www.hnxkyy.com.cn/m/NewsDetail-14042.html
P2C000129,河南省胸科医院南院区,河南省胸科医院,河南省,Henan,郑州市,Zhengzhou,2023,200,,https://www.hnxkyy.com.cn/UploadFiles/file/20230228/20230228093737_8876.pdf
P2C000129,河南省胸科医院南院区,河南省胸科医院,河南省,Henan,郑州市,Zhengzhou,2024,200,,https://www.hnxkyy.com.cn/UploadFiles/file/20240319/20240319090120_0663.pdf
P2C000130,河南省胸科医院西院区,河南省胸科医院,河南省,Henan,郑州市,Zhengzhou,2022,267,,https://www.hnxkyy.com.cn/Article-18.html
P2C000130,河南省胸科医院西院区,河南省胸科医院,河南省,Henan,郑州市,Zhengzhou,2023,267,,https://hnxkyy.com.cn/UploadFiles/file/20230908/20230908162043_5404.pdf
P2C000131,郑州人民医院郑东院区,郑州人民医院,河南省,Henan,郑州市,Zhengzhou,2019,,open,https://max.book118.com/html/2021/0323/8003014054003064.shtm|https://meeting.dxy.cn/article/675276
P2C000131,郑州人民医院郑东院区,郑州人民医院,河南省,Henan,郑州市,Zhengzhou,2020,520,,https://meeting.dxy.cn/article/675276|https://www.sohu.com/a/406346216_160386
P2C000132,郑州人民医院南部院区,郑州人民医院,河南省,Henan,郑州市,Zhengzhou,2018,,open,https://meeting.dxy.cn/article/675276|https://public.zhengzhou.gov.cn/D480405X/317726.jhtml
P2C000132,郑州人民医院南部院区,郑州人民医院,河南省,Henan,郑州市,Zhengzhou,2020,600,,https://meeting.dxy.cn/article/675276|https://public.zhengzhou.gov.cn/D480405X/317726.jhtml
P2C000133,郑州人民医院北院区,郑州人民医院,河南省,Henan,郑州市,Zhengzhou,2021,240,,https://www.zzwb.cn/news/252221.html
P2C000133,郑州人民医院北院区,郑州人民医院,河南省,Henan,郑州市,Zhengzhou,2023,103,,https://js.jiceng.zhengzhou.gov.cn/013001001/7797202.jhtml
P2C000134,郑州市第一人民医院南院区,郑州市第一人民医院,河南省,Henan,郑州市,Zhengzhou,2019,800,open,https://public.zhengzhou.gov.cn/D1604Y/4617445.jhtml|https://www.zzsdyrmyy.com/cate/2.html
P2C000134,郑州市第一人民医院南院区,郑州市第一人民医院,河南省,Henan,郑州市,Zhengzhou,2020,800,,https://www.zzsdyrmyy.com/detail/1357/1.html|https://public.zhengzhou.gov.cn/D1604Y/4617445.jhtml
P2C000134,郑州市第一人民医院南院区,郑州市第一人民医院,河南省,Henan,郑州市,Zhengzhou,2021,800,,https://www.hnjkw.com/articles/sickness/1166.html?tags=%E6%96%B0%E7%94%9F%E5%84%BF
P2C000135,郑州市第一人民医院岐伯山医院,郑州市第一人民医院,河南省,Henan,郑州市,Zhengzhou,2020,287,,https://public.zhengzhou.gov.cn/D1604Y/4617445.jhtml
P2C000137,郑州大学第二附属医院南阳路院区,郑州大学第二附属医院,河南省,Henan,郑州市,Zhengzhou,2016,300,,https://job.zzu.edu.cn/faculty/view/id/108008
P2C000138,中国医科大学附属盛京医院滑翔院区,中国医科大学附属盛京医院,辽宁省,Liaoning,沈阳市,Shenyang,2020,2200,,https://www.chard.org.cn/detail/news/82|https://bkso.baidu.com/item/%E4%B8%AD%E5%9B%BD%E5%8C%BB%E7%A7%91%E5%A4%A7%E5%AD%A6%E9%99%84%E5%B1%9E%E7%9B%9B%E4%BA%AC%E5%8C%BB%E9%99%A2/4517075
P2C000138,中国医科大学附属盛京医院滑翔院区,中国医科大学附属盛京医院,辽宁省,Liaoning,沈阳市,Shenyang,2025,2200,,https://bkso.baidu.com/item/%E4%B8%AD%E5%9B%BD%E5%8C%BB%E7%A7%91%E5%A4%A7%E5%AD%A6%E9%99%84%E5%B1%9E%E7%9B%9B%E4%BA%AC%E5%8C%BB%E9%99%A2/4517075?fromModule=lemma_inlink
P2C000139,中国医科大学附属盛京医院沈北院区,中国医科大学附属盛京医院,辽宁省,Liaoning,沈阳市,Shenyang,2016,800,,https://www.cn-healthcare.com/articlewm/20160329/content-1001687.html
P2C000142,大连医科大学附属第一医院金普院区,大连医科大学附属第一医院,辽宁省,Liaoning,大连市,Dalian,2024,200,,https://www.dmu-1.com/index-article-detail-id-10646
P2C000143,大连医科大学附属第二医院钻石湾院区,大连医科大学附属第二医院,辽宁省,Liaoning,大连市,Dalian,2020,408,,https://yyk.fh21.com.cn/hospital_9982.html
P2C000144,辽宁中医药大学附属医院慢病康复院区,辽宁中医药大学附属医院,辽宁省,Liaoning,沈阳市,Shenyang,2024,800,,https://www.lntcm.cn/yygk/yyjj.htm
P2C000145,辽宁中医药大学附属医院沈本院区,辽宁中医药大学附属医院,辽宁省,Liaoning,沈阳市,Shenyang,2024,200,,https://www.lntcm.cn/yygk/yyjj.htm
P2C000147,鞍山市中心医院立山院区,鞍山市中心医院,辽宁省,Liaoning,鞍山市,Anshan,2024,600,,https://jkhl.aszyjsxy.cn/info/1171/1261.htm
P2C000149,四川省人民医院草堂院区,四川省医学科学院·四川省人民医院,四川省,Sichuan,成都市,Chengdu,2023,390,,https://sichuan.scol.com.cn/ggxw/202306/58924543.html
P2C000150,四川省人民医院龙泉院区,四川省医学科学院·四川省人民医院,四川省,Sichuan,成都市,Chengdu,2017,700,,https://sc.cnr.cn/2011scfw/mssc/201207/t20120727_510366244.shtml|https://yxx.pzhu.edu.cn/info/1538/3528.htm
P2C000151,四川省人民医院皮肤病性病研究所四道街病区,四川省医学科学院·四川省人民医院,四川省,Sichuan,成都市,Chengdu,2021,48,,https://www.samsph.cn/skin_intro/
P2C000152,四川省人民医院温江院区（四川省精神医学中心）,四川省医学科学院·四川省人民医院,四川省,Sichuan,成都市,Chengdu,2020,200,open,https://sichuan.scol.com.cn/ggxw/202010/57920878.html|https://www.samsph.cn/journey|https://www.samsph.cn/location|https://www.scsjsyxzx.cn/news_meitibaodao_kzsyx/3/r/h/
P2C000158,黑龙江省中医医院香安院区,黑龙江省中医医院,黑龙江省,Heilongjiang,哈尔滨市,Harbin,2021,450,,https://www.sohu.com/a/445884501_684564
P2C000164,西安交通大学第一附属医院东院区,西安交通大学第一附属医院,陕西省,Shaanxi,西安市,Xi'an,2023,1000,,https://www.szxyjhxh.cn/contents/2639/955.html
P2C000165,咸阳市中心医院东郊分院,咸阳市中心医院,陕西省,Shaanxi,咸阳市,Xianyang,2015,400,,https://zjjt.xypi.edu.cn/info/3331/42822.htm
P2C000166,延安大学附属医院心脑血管病医院,延安大学附属医院,陕西省,Shaanxi,延安市,Yanan,2020,689,,http://mp.weixin.qq.com/s?__biz=MzIxOTczMTY3Mw==&mid=2247483986&idx=1&sn=cf55c3629b9000ee90995612d767416f
P2C000167,安康市中医医院高新分院,安康市中医医院,陕西省,Shaanxi,安康市,Ankang,2021,210,,https://www.sxakhidz.gov.cn/Content-2892885.html
P2C000167,安康市中医医院高新分院,安康市中医医院,陕西省,Shaanxi,安康市,Ankang,2024,400,,https://www.ankang.gov.cn/Content-2719549.html
P2C000168,西安市第四医院航天院区,西安市人民医院（西安市第四医院）,陕西省,Shaanxi,西安市,Xi'an,2021,1000,,https://health.hsw.cn/system/2021/1113/80430.shtml
P2C000168,西安市第四医院航天院区,西安市人民医院（西安市第四医院）,陕西省,Shaanxi,西安市,Xi'an,2022,1000,,https://sn.cri.cn/2021-05-24/18b0a5bb-70b5-a394-1ff1-27d6fb10ab3d.html|https://sn.ifeng.com/c/8FKxdf5v0tH
P2C000169,西安市红会医院北院区,西安市红会医院,陕西省,Shaanxi,西安市,Xi'an,2023,1600,,https://sn.cri.cn/2023-04-21/b09bd66f-b447-8272-5590-5c01a0d8a31b.html
P2C000170,西安市中医医院凤城八路院区,西安市中医医院,陕西省,Shaanxi,西安市,Xi'an,2015,,open,https://health.hsw.cn/system/2021/0317/79406.shtml|https://ishaanxi.net/html/yiyuan/35.html|https://www.xazyy.com/yygk/ysjs.htm
P2C000170,西安市中医医院凤城八路院区,西安市中医医院,陕西省,Shaanxi,西安市,Xi'an,2017,1001,,https://www.med66.com/zhuyuanyishi/shanxi/zh1702047105.shtml
P2C000170,西安市中医医院凤城八路院区,西安市中医医院,陕西省,Shaanxi,西安市,Xi'an,2018,1001,,https://ishaanxi.net/html/yiyuan/35.html
P2C000170,西安市中医医院凤城八路院区,西安市中医医院,陕西省,Shaanxi,西安市,Xi'an,2021,1001,,https://health.hsw.cn/system/2021/0317/79406.shtml
P2C000170,西安市中医医院凤城八路院区,西安市中医医院,陕西省,Shaanxi,西安市,Xi'an,2023,1001,,https://www.szxyjhxh.cn/contents/2639/916.html
P2C000170,西安市中医医院凤城八路院区,西安市中医医院,陕西省,Shaanxi,西安市,Xi'an,2024,1088,,https://9453job.com/a/262167.html
P2C000171,西安市中医医院曲江院区,西安市中医医院,陕西省,Shaanxi,西安市,Xi'an,2022,320,open,https://qjxq.xa.gov.cn/zjqj/qjnj/63f82e70f8fd1c4c21432ca8.html|https://www.xazyy.com/yygk/ysjs.htm|https://www.cnr.cn/sxpd/c/20220810/t20220810_525958266.shtml|https://news.hsw.cn/system/2024/0717/1765690.shtml
P2C000171,西安市中医医院曲江院区,西安市中医医院,陕西省,Shaanxi,西安市,Xi'an,2024,320,,https://9453job.com/a/262167.html
P2C000174,西安市中心医院经开院区,西安市中心医院,陕西省,Shaanxi,西安市,Xi'an,2024,214,,https://www.sxbb.gov.cn/site-sxdjgl/yearlyReport_view/290285
P2C000175,随州市中心医院季梁院区,随州市中心医院,湖北省,Hubei,随州市,Suizhou,2019,300,open,https://wjw.hubei.gov.cn/bmdt/ywdt/xccd/201910/t20191030_154800.shtml|https://news.cnhubei.com/gundong/p/10425114.html
P2C000176,武汉市中心医院杨春湖院区,武汉市中心医院,湖北省,Hubei,武汉市,Wuhan,2023,1000,,https://3g.wuhan.gov.cn/sy/kwh/202308/t20230808_2244095.shtml|https://www.honeywell.com.cn/news-events/newsroom/news/2023/09/news20230904_1
P2C000177,武汉儿童医院西院,武汉儿童医院,湖北省,Hubei,武汉市,Wuhan,2023,660,open,https://wjw.hubei.gov.cn/bmdt/dtyw/202402/t20240204_5075953.shtml|https://wjw.wuhan.gov.cn/zwgk_28/fdzdgknr/qtzdgknr/jytabl_1/202309/t20230926_2271688.shtml|https://www.whkfq.gov.cn/xwzx/yw/kfqyw/qnxw/202302/t20230226_2159549.html
P2C000177,武汉儿童医院西院,武汉儿童医院,湖北省,Hubei,武汉市,Wuhan,2024,660,,https://wjw.wuhan.gov.cn/zwgk_28/fdzdgknr/czxx/bmjs/202403/P020240904401635272624.pdf|https://www.zgwhfe.com/zwz/ky/jx/byhyxjy/content_3935
P2C000180,武汉市中医医院汉阳院区,武汉市中医医院,湖北省,Hubei,武汉市,Wuhan,2020,400,,https://wjw.hubei.gov.cn/bmdt/ztzl/fkxxgzbdgrfyyq/yxdx/202003/t20200318_2184902.shtml|https://wjw.wuhan.gov.cn/ztzl_28/fk/yqtb/202004/t20200430_1198784.shtml
P2C000181,武汉大学口腔医院光谷院区,武汉大学口腔医院,湖北省,Hubei,武汉市,Wuhan,2023,80,,https://news.hubeidaily.net/pc/c_1855768.html
P2C000181,武汉大学口腔医院光谷院区,武汉大学口腔医院,湖北省,Hubei,武汉市,Wuhan,2024,80,,https://www.sohu.com/a/763997402_121124370|https://www.whuss.com/article/11488|https://www.whuss.com/article/11495
P2C000184,同济医院主院区,华中科技大学同济医学院附属同济医院,湖北省,Hubei,武汉市,Wuhan,2018,4000,,https://docs.cn-healthcare.com/sharedoc/pdf_files/20180920/1084b6887e2d488b9e9b8236c255a476.pdf
P2C000184,同济医院主院区,华中科技大学同济医学院附属同济医院,湖北省,Hubei,武汉市,Wuhan,2020,4000,,https://www.tjh.com.cn/2020/yuanqing/index.html
P2C000185,同济医院光谷院区,华中科技大学同济医学院附属同济医院,湖北省,Hubei,武汉市,Wuhan,2015,1000,,https://www.tjh.com.cn/TjhNews/20151019_15981.html
P2C000185,同济医院光谷院区,华中科技大学同济医学院附属同济医院,湖北省,Hubei,武汉市,Wuhan,2018,1000,,https://docs.cn-healthcare.com/sharedoc/pdf_files/20180920/1084b6887e2d488b9e9b8236c255a476.pdf
P2C000185,同济医院光谷院区,华中科技大学同济医学院附属同济医院,湖北省,Hubei,武汉市,Wuhan,2020,900,,https://wjw.wuhan.gov.cn/ztzl_28/fk/yqtb/202004/t20200430_1196915.shtml
P2C000185,同济医院光谷院区,华中科技大学同济医学院附属同济医院,湖北省,Hubei,武汉市,Wuhan,2023,1500,,https://wjw.hubei.gov.cn/bsfw/spgs/202304/t20230426_4641107.shtml
P2C000186,同济医院中法院区,华中科技大学同济医学院附属同济医院,湖北省,Hubei,武汉市,Wuhan,2016,1000,,https://www.tjh.com.cn/TjhNews/20161009_17834.html
P2C000186,同济医院中法院区,华中科技大学同济医学院附属同济医院,湖北省,Hubei,武汉市,Wuhan,2018,1000,,https://docs.cn-healthcare.com/sharedoc/pdf_files/20180920/1084b6887e2d488b9e9b8236c255a476.pdf
P2C000186,同济医院中法院区,华中科技大学同济医学院附属同济医院,湖北省,Hubei,武汉市,Wuhan,2020,1000,,https://wjw.wuhan.gov.cn/ztzl_28/fk/yqtb/202004/t20200430_1196915.shtml
P2C000186,同济医院中法院区,华中科技大学同济医学院附属同济医院,湖北省,Hubei,武汉市,Wuhan,2023,1000,,https://wjw.hubei.gov.cn/bsfw/spgs/202304/t20230426_4641107.shtml
P2C000187,同济医院军山院区,华中科技大学同济医学院附属同济医院,湖北省,Hubei,武汉市,Wuhan,2023,1000,open,https://www.wuhan.gov.cn/sy/whyw/202312/t20231206_2313808.shtml
P2C000189,南华大学附属第二医院新院区,南华大学附属第二医院,湖南省,Hunan,衡阳市,Hengyang,2015,1450,,https://sthjj.hengyang.gov.cn/DFS/network/gsgg/i3753717/1753325770881vxh1p8.pdf|https://uscnews.usc.edu.cn/info/1030/7513.htm|https://www.hengyang.gov.cn/bcms/DFS/wjw/ztzl/qyylhjkyl/201905/P020190509354038464163.pdf
P2C000190,郴州市第一人民医院北院（儿童医院）,郴州市第一人民医院,湖南省,Hunan,郴州市,Chenzhou,2021,752,,https://docs.cn-healthcare.com/sharedoc/src_files/20210726/f62e815c20af4a89940add93c29ba464.pdf
P2C000191,郴州市第一人民医院东院（肿瘤医院）,郴州市第一人民医院,湖南省,Hunan,郴州市,Chenzhou,2020,600,open,https://hunan.gov.cn/topic/2020hnjksc/jkscwzewm/202012/t20201222_14054565.html|https://tx.czhospital.com|https://www.czhospital.com/read.php?id=2125|https://www.czhospital.com/read.php?id=2223
P2C000192,武汉市黄陂区人民医院主院区,武汉市黄陂区人民医院,湖北省,Hubei,武汉市,Wuhan,2023,200,,https://health.baidu.com/doctordec/hospital/1000708|https://www.huangpi.gov.cn/ywdt/bmzc/202311/t20231130_2310930.html
P2C000192,武汉市黄陂区人民医院主院区,武汉市黄陂区人民医院,湖北省,Hubei,武汉市,Wuhan,2024,200,,https://wjw.wuhan.gov.cn/bsfw_28/bjcx/jhsyfwjg/202407/t20240708_2425918.shtml
P2C000193,麻城市人民医院主院区,麻城市人民医院,湖北省,Hubei,黄冈市,Huanggang,2021,2400,,https://hbch.com.cn/index.php/archive/2-18-1383.html
P2C000193,麻城市人民医院主院区,麻城市人民医院,湖北省,Hubei,黄冈市,Huanggang,2022,2400,,https://m.cnhubei.com/content/2022-09/06/content_15035550.html|https://wjw.hubei.gov.cn/bmdt/mtjj/mtgz/202209/t20220906_4295098.shtml|https://wjw.hubei.gov.cn/bsfw/spgs/202210/t20221026_4366170.shtml|https://m.yunnan.cn/system/2022/09/06/032264802.shtml
P2C000194,咸宁市中医医院主院区,咸宁市中医医院,湖北省,Hubei,咸宁市,Xianning,2021,530,,https://www.xnzyyy.com/gk/yyjj/202111/t20211109_2424887.shtml
P2C000194,咸宁市中医医院主院区,咸宁市中医医院,湖北省,Hubei,咸宁市,Xianning,2024,530,,https://www.xnzyyy.com/gz/ztzl/202402/t20240208_3472895.shtml
P2C000201,邵阳学院附属第二医院主院区,邵阳学院附属第二医院,湖南省,Hunan,邵阳市,Shaoyang,2019,1300,,https://www2.hnsyu.net/fsdeyy/xwzx_1/tzgg/201906/t20190604_86716.html
P2C000201,邵阳学院附属第二医院主院区,邵阳学院附属第二医院,湖南省,Hunan,邵阳市,Shaoyang,2021,1300,,https://www.sohu.com/a/455716467_100161010
P2C000202,南京医科大学附属儿童医院河西院区,南京医科大学附属儿童医院,江苏省,Jiangsu,南京市,Nanjing,2016,1100,open,https://finance.sina.com.cn/stock/t/2015-12-29/doc-ifxmxxst0705629.shtml|https://m.sohu.com/n/451805551/
P2C000202,南京医科大学附属儿童医院河西院区,南京医科大学附属儿童医院,江苏省,Jiangsu,南京市,Nanjing,2017,1100,,https://newtown.nanjing.gov.cn/xcyx/pzxc/ylpt/201703/t20170317_2110468.html
P2C000206,常州市第二人民医院城中院区,常州市第二人民医院,江苏省,Jiangsu,常州市,Changzhou,2023,,open,https://www.changzhou.gov.cn/ns_news/431169683664622
P2C000206,常州市第二人民医院城中院区,常州市第二人民医院,江苏省,Jiangsu,常州市,Changzhou,2024,500,,https://www.cztn.gov.cn/uploadfile/cztn/2024/0221/20240221144632_14640.pdf
P2C000207,无锡市第二人民医院北院区,无锡市第二人民医院,江苏省,Jiangsu,无锡市,Wuxi,2021,400,,https://jggw.wuxi.gov.cn/doc/2021/08/26/3404279.shtml
P2C000207,无锡市第二人民医院北院区,无锡市第二人民医院,江苏省,Jiangsu,无锡市,Wuxi,2022,400,,https://www.wx2h.com/news/dtdetail/index/id/2684.html
P2C000209,扬州大学附属医院西区,扬州大学附属医院,江苏省,Jiangsu,扬州市,Yangzhou,2023,1000,,https://www.yangzhouyiyuan.com/articleInfo/17200
P2C000209,扬州大学附属医院西区,扬州大学附属医院,江苏省,Jiangsu,扬州市,Yangzhou,2025,1000,,https://www.yangzhouyiyuan.com/articleInfo/17200
P2C000210,苏州大学附属第二医院浒关院区,苏州大学附属第二医院,江苏省,Jiangsu,苏州市,Suzhou,2018,618,,https://jsnews.jschina.com.cn/sz/a/201812/t20181229_2142500.shtml
P2C000210,苏州大学附属第二医院浒关院区,苏州大学附属第二医院,江苏省,Jiangsu,苏州市,Suzhou,2021,560,,https://health.jschina.com.cn/gdxw/202110/t20211009_2868247.shtml
P2C000211,苏州市立医院太湖总院,苏州市立医院,江苏省,Jiangsu,苏州市,Suzhou,2024,1000,open,https://www.suzhou.gov.cn/szsrmzf/dstx/202411/18d635446f7a4e3daa63ba8b27ac5af1.shtml|https://wsjkw.suzhou.gov.cn/szswjw/gsgg/202405/4626f5d3f3ee4065b7ff83e6f9dc0e2f.shtml|https://www.sdfey.cn/upload/ueditor/file/20240301/1709278864695726.pdf|https://www.suzhou.gov.cn/szsrmzf/szyw/202411/680a459975ae4033ba4512ed98e355df.shtml
P2C000213,山东中医药大学附属医院千佛山院区,山东中医药大学附属医院,山东省,Shandong,济南市,Jinan,2021,1000,,https://docs.cn-healthcare.com/sharedoc/pdf_files/20210525/35328ff7fb944db78f3f4c8c0a23a476.pdf
P2C000213,山东中医药大学附属医院千佛山院区,山东中医药大学附属医院,山东省,Shandong,济南市,Jinan,2023,1000,,https://www.sdutcm.edu.cn/info/1005/13936.htm
P2C000218,青岛市市立医院徐州路院区,青岛市市立医院,山东省,Shandong,青岛市,Qingdao,2020,105,,https://www.yanke360.com/f7d24201-3e71-a01e-82f1-4f3583fd7d82/d9d93f78-6546-4391-9436-0e100b4c4fbb.shtml
P2C000219,青岛市市立医院西院,青岛市市立医院,山东省,Shandong,青岛市,Qingdao,2017,314,,https://www.qdslyy.cn/xinwendongtai_view.aspx?id=92692
P2C000219,青岛市市立医院西院,青岛市市立医院,山东省,Shandong,青岛市,Qingdao,2022,342,,https://news.iqilu.com/shandong/shandonggedi/20220923/5243135.shtml|https://www.haodf.com/hospital/1321/jieshao.html
P2C000219,青岛市市立医院西院,青岛市市立医院,山东省,Shandong,青岛市,Qingdao,2023,342,,https://www.qingdaonews.com/app/content/2023-01/16/content_23402553.htm
P2C000221,南京明基医院主院区,南京明基医院,江苏省,Jiangsu,南京市,Nanjing,2022,1500,,https://nj.benqmedicalcenter.com/news_76_2.html
P2C000221,南京明基医院主院区,南京明基医院,江苏省,Jiangsu,南京市,Nanjing,2023,1500,,https://nj.benqmedicalcenter.com/newsdetail_4245.html
P2C000221,南京明基医院主院区,南京明基医院,江苏省,Jiangsu,南京市,Nanjing,2024,1500,,https://nj.benqmedicalcenter.com/newsdetail_4344.html
P2C000222,南京市高淳人民医院主院区,南京市高淳人民医院,江苏省,Jiangsu,南京市,Nanjing,2022,1300,,https://xsc.bbmu.edu.cn/jyzdzx/info/1078/5155.htm|https://www.dayi.org.cn/hospital/1140310?from=sg
P2C000223,张家港市第一人民医院主院区,张家港市第一人民医院,江苏省,Jiangsu,苏州市,Suzhou,2016,1682,,https://csp.ncmi.cn/WebManage/StrokeRecognition/CzdtUUDetailWeb?uid=02245
P2C000223,张家港市第一人民医院主院区,张家港市第一人民医院,江苏省,Jiangsu,苏州市,Suzhou,2022,1682,,https://www.jssrcfwypt.org.cn/web/article?aid=132334
P2C000224,常熟市第二人民医院主院区,常熟市第二人民医院,江苏省,Jiangsu,苏州市,Suzhou,2022,1570,,https://www.jobmd.cn/company/5813621/359034.htm
P2C000225,常熟市中医院主院区,常熟市中医院,江苏省,Jiangsu,苏州市,Suzhou,2024,1048,,https://3g.kq36.com/25/ded6f0d8d1cb463983b2abcb3701aa7a
P2C000226,昆山市第一人民医院主院区,昆山市第一人民医院,江苏省,Jiangsu,苏州市,Suzhou,2023,1400,open,https://czju.suzhou.gov.cn/zfcg/html/project/b5e268bf8abb4d5ab53d6ffe1c383a67.shtml|https://www.ksrmyy.org/fkb/list/225/4541.html
P2C000226,昆山市第一人民医院主院区,昆山市第一人民医院,江苏省,Jiangsu,苏州市,Suzhou,2024,1400,,https://czju.suzhou.gov.cn/zfcg/html/project/b5e268bf8abb4d5ab53d6ffe1c383a67.shtml
P2C000227,临沂市人民医院主院区,临沂市人民医院,山东省,Shandong,临沂市,Linyi,2022,1060,,https://www.cnkang.com/yyk/hospintro/864/
P2C000227,临沂市人民医院主院区,临沂市人民医院,山东省,Shandong,临沂市,Linyi,2023,1060,,https://www.sohu.com/a/717983141_119685|https://www.cnkang.com/yyk/hospintro/864/
P2C000228,山东大学齐鲁医院德州医院主院区,山东大学齐鲁医院德州医院,山东省,Shandong,德州市,Dezhou,2022,1725,,https://m.youlai.cn/yyk/hospindex/945/hospintro.html
P2C000228,山东大学齐鲁医院德州医院主院区,山东大学齐鲁医院德州医院,山东省,Shandong,德州市,Dezhou,2023,1725,,https://xdyycyxy.dzu.edu.cn/info/1004/1013.htm
P2C000229,阳光融和医院主院区,阳光融和医院,山东省,Shandong,潍坊市,Weifang,2019,2000,,https://health.people.com.cn/n1/2019/0508/c14739-31074147.html
P2C000229,阳光融和医院主院区,阳光融和医院,山东省,Shandong,潍坊市,Weifang,2020,2000,,https://jobcareer.sdu.edu.cn/eweb/jygl/index.so?id=8A5Fb3EYouVDmu1FEfhNNK&modcode=jygl_zpxxck&subsyscode=zpfw&type=ssoViewZpxx
P2C000229,阳光融和医院主院区,阳光融和医院,山东省,Shandong,潍坊市,Weifang,2021,2000,,https://www.ygrhhospital.com/content/details26_11790.html
P2C000229,阳光融和医院主院区,阳光融和医院,山东省,Shandong,潍坊市,Weifang,2022,2000,,https://www.ygrhhospital.com/content/details23_12839.html
P2C000229,阳光融和医院主院区,阳光融和医院,山东省,Shandong,潍坊市,Weifang,2024,2000,,https://www.ygrhhospital.com/other/1.pdf
P2C000231,深圳市人民医院坂田院区,深圳市人民医院,广东省,Guangdong,深圳市,Shenzhen,2020,21,,https://sz.bendibao.com/news/2020916/846902.htm|https://www.sznews.com/news/content/2020-09/17/content_23563553.htm
P2C000232,广东省中医院大学城医院,广东省中医院,广东省,Guangdong,广州市,Guangzhou,2007,900,,https://news.sina.com.cn/o/2007-11-27/151312978554s.shtml
P2C000232,广东省中医院大学城医院,广东省中医院,广东省,Guangdong,广州市,Guangzhou,2019,900,,https://www.panyu.gov.cn/zwgk/yajytacl/2019/yajy/content/post_6458003.html
P2C000236,深圳市龙岗中心医院主院区,深圳市龙岗中心医院,广东省,Guangdong,深圳市,Shenzhen,2022,910,,https://www.lg.gov.cn/bmzz/wjj/xxgk/jgsz/zsjg/content/post_9602206.html
P2C000236,深圳市龙岗中心医院主院区,深圳市龙岗中心医院,广东省,Guangdong,深圳市,Shenzhen,2023,1075,,https://www.lg.gov.cn/bmzz/wjj/xxgk/qt/tzgg/content/post_10926116.html
P2C000236,深圳市龙岗中心医院主院区,深圳市龙岗中心医院,广东省,Guangdong,深圳市,Shenzhen,2024,1075,,https://www.lg.gov.cn/xxgk/zwgk/tzgg/content/post_11222973.html
P2C000238,深圳市龙华区人民医院主院区,深圳市龙华区人民医院,广东省,Guangdong,深圳市,Shenzhen,2024,1500,,https://wjw.sz.gov.cn/wzx/content/post_11197989.html
P2C000239,中国科学院大学深圳医院（光明）主院区,中国科学院大学深圳医院（光明）,广东省,Guangdong,深圳市,Shenzhen,2024,1350,,https://baike.sogou.com/v183557386.htm|https://fzzk.xmf.io/jig/3093.html
P2C000241,广州医科大学附属口腔医院主院区,广州医科大学附属口腔医院,广东省,Guangdong,广州市,Guangzhou,2018,70,,https://www.gz.gov.cn/gzgov/756/201804/b3d6b42351c44de799f44dbe4b9141e0/files/3462ea23b91246c4a8e581d62a737182.pdf
P2C000241,广州医科大学附属口腔医院主院区,广州医科大学附属口腔医院,广东省,Guangdong,广州市,Guangzhou,2022,70,,https://www.med66.com/kouqiangyishi/kaoshishijian/ta2206171941.shtml
P2C000242,广州医科大学附属第五医院主院区,广州医科大学附属第五医院,广东省,Guangdong,广州市,Guangzhou,2017,1200,,https://www.gzhmu.edu.cn/info/1192/1335.htm
P2C000242,广州医科大学附属第五医院主院区,广州医科大学附属第五医院,广东省,Guangdong,广州市,Guangzhou,2018,1200,,https://www.gzhmu.edu.cn/info/1192/1335.htm
P2C000242,广州医科大学附属第五医院主院区,广州医科大学附属第五医院,广东省,Guangdong,广州市,Guangzhou,2024,1200,,https://www.gyfwyy.com/Upload/file/202307/22be07a06406a8e1d4c09c1b9f3539194531760.pdf|https://www.gzhmu.edu.cn/info/1192/23721.htm
P2C000244,广州医科大学附属第四医院主院区,广州医科大学附属第四医院,广东省,Guangdong,广州市,Guangzhou,2024,1200,,https://www.gzhmu.edu.cn/info/1192/23241.htm
P2C000245,英德市人民医院主院区,英德市人民医院,广东省,Guangdong,清远市,Qingyuan,2023,1150,,https://www.yingde.gov.cn/zwgk/rsxx/zpxx/content/post_1754315.html
P2C000245,英德市人民医院主院区,英德市人民医院,广东省,Guangdong,清远市,Qingyuan,2024,1150,,https://www.yingde.gov.cn/zwgk/rsxx/zpxx/content/post_1824914.html
P2C000246,信宜市人民医院主院区,信宜市人民医院,广东省,Guangdong,茂名市,Maoming,2024,1230,,https://www.xysrmyy.cn/contents/724/4648.html|https://yzp.cn/company/23554.html
P2C000247,江门市中心医院主院区,江门市中心医院,广东省,Guangdong,江门市,Jiangmen,2019,2287,,https://9453job.com/a/174156.html
P2C000247,江门市中心医院主院区,江门市中心医院,广东省,Guangdong,江门市,Jiangmen,2020,2287,,https://mhos.51daifu.com/hos304/gba/1187.shtml|https://docs.cn-healthcare.com/sharedoc/pdf_files/20200803/2db8e04755c043e4aef8ca706237b4a3.pdf
P2C000247,江门市中心医院主院区,江门市中心医院,广东省,Guangdong,江门市,Jiangmen,2023,2278,,https://www.jiangmen.gov.cn/attachment/0/331/331368/3259305.pdf
P2C000248,中山市人民医院主院区,中山市人民医院,广东省,Guangdong,中山市,Zhongshan,2017,2000,,https://www.sohu.com/a/156136877_156406
P2C000248,中山市人民医院主院区,中山市人民医院,广东省,Guangdong,中山市,Zhongshan,2019,2000,,https://img2.yizhipin.com/uploads/file/20201201/1606802969871622.pdf
P2C000248,中山市人民医院主院区,中山市人民医院,广东省,Guangdong,中山市,Zhongshan,2020,2000,,https://wjj.zs.gov.cn/attachment/0/488/488644/2357450.pdf
P2C000248,中山市人民医院主院区,中山市人民医院,广东省,Guangdong,中山市,Zhongshan,2021,2000,,https://www.zs.gov.cn/zwgk/jdxx/zhxx/content/post_2030153.html
P2C000248,中山市人民医院主院区,中山市人民医院,广东省,Guangdong,中山市,Zhongshan,2023,2000,,https://oss.zsph.com/20240919/104712359.pdf
P2C000248,中山市人民医院主院区,中山市人民医院,广东省,Guangdong,中山市,Zhongshan,2024,2000,,https://www.zsph.com/introduce/|https://zsrbapp.zsnews.cn/home/content/newsContent/0/652389
P2C000251,温州市第七人民医院（潘桥院区）,温州市第七人民医院,浙江省,Zhejiang,温州市,Wenzhou,2024,1100,,https://zjjcmspublic.oss-cn-hangzhou-zwynet-d01-a.internet.cloud.zj.gov.cn/jcms_files/jcms1/web1902/site/attach/0/59c3d3bf00594b138c087eb4e77c7cdd.pdf
P2C000254,宁波市第六医院,宁波市第六医院,浙江省,Zhejiang,宁波市,Ningbo,2023,900,,https://www.nbyz.gov.cn/art/2023/11/1/art_1229751976_59210712.html
P2C000255,杭州市第七人民医院（浙西院区）,杭州市第七人民医院,浙江省,Zhejiang,杭州市,Hangzhou,2024,150,,https://mobile.epaper.routeryun.com/index.php/home/article/index/appkey/78/date/2024-02-21/page/1472700/aid/8207246.html|https://www.hz7hospital.com/mindex/aboutinfo.html
P2C000256,丽水市人民医院（东城院区）,丽水市人民医院,浙江省,Zhejiang,丽水市,Lishui,2022,1079,,https://m.youlai.cn/sg/yyk/hospindex/2652/
P2C000256,丽水市人民医院（东城院区）,丽水市人民医院,浙江省,Zhejiang,丽水市,Lishui,2023,1079,,https://zjjcmspublic.oss-cn-hangzhou-zwynet-d01-a.internet.cloud.zj.gov.cn/jcms_files/jcms1/web1756/site/attach/0/92aabf6d862c41429ffe324a5573055f.pdf
P2C000259,兰州大学第二医院康泰分院,兰州大学第二医院,甘肃省,Gansu,兰州市,Lanzhou,2014,256,,https://www.lzush.com.cn/Item/16546.aspx
P2C000260,兰州大学第一医院（东岗院区）,兰州大学第一医院,甘肃省,Gansu,兰州市,Lanzhou,2015,362,,https://mhos.51daifu.com/hos1994/intro.shtml
P2C000261,兰州大学第一医院（西站院区）,兰州大学第一医院,甘肃省,Gansu,兰州市,Lanzhou,2015,78,,https://mhos.51daifu.com/hos1994/intro.shtml|https://www.mfk.com/guahao/hospitalbase/1759_4_0_0
P2C000261,兰州大学第一医院（西站院区）,兰州大学第一医院,甘肃省,Gansu,兰州市,Lanzhou,2019,78,,https://www.114gh.com/yy/gs/4201.html
P2C000261,兰州大学第一医院（西站院区）,兰州大学第一医院,甘肃省,Gansu,兰州市,Lanzhou,2024,80,,https://health.baidu.com/doctordec/hosintro/1000281
P2C000264,定西市人民医院镇龙路旧院区（历史院区）,定西市人民医院,甘肃省,Gansu,定西市,Dingxi,2014,250,,https://js.guahaoe.com/hospital/desc/4d0d6f58-b0e0-4065-9d40-613ff2958288000
P2C000265,嘉峪关市第一人民医院南院区,嘉峪关市第一人民医院,甘肃省,Gansu,嘉峪关市,Jiayuguan,2021,500,,https://gov.gscn.com.cn/system/2021/11/12/012668545.shtml
P2C000267,临夏州人民医院西院区,临夏州人民医院,甘肃省,Gansu,临夏回族自治州,Linxia Hui Autonomous Prefecture,2023,300,,https://www.xbmu.edu.cn/yxb/info/1011/8231.htm
P2C000268,庆阳市人民医院陇东区域医疗中心院区,庆阳市人民医院,甘肃省,Gansu,庆阳市,Qingyang,2024,1000,,https://xgs.newgscloud.com/pages/2024/12/27/444e991bf5f94d8595ad7446411e648e.html
P2C000269,上海市第一人民医院酒泉医院（酒泉市人民医院）总院,酒泉市人民医院,甘肃省,Gansu,酒泉市,Jiuquan,2024,1500,,https://www.jqsyy.cn/sys-nd/1585.html
P2C000273,甘肃省武威肿瘤医院北院区,甘肃省武威肿瘤医院,甘肃省,Gansu,武威市,Wuwei,2019,1000,,https://www.chima.org.cn/Html/News/Articles/5033.html
P2C000273,甘肃省武威肿瘤医院北院区,甘肃省武威肿瘤医院,甘肃省,Gansu,武威市,Wuwei,2020,1000,,https://mhos.51daifu.com/hos4840/gba/1437.shtml
P2C000273,甘肃省武威肿瘤医院北院区,甘肃省武威肿瘤医院,甘肃省,Gansu,武威市,Wuwei,2021,1000,,https://www.nxmu.edu.cn/jyxxw/info/1008/2266.htm
P2C000274,河北医科大学第四医院东院,河北医科大学第四医院,河北省,Hebei,石家庄市,Shijiazhuang,2019,820,,https://www.hbydsy.com/info/1012/1859.htm|https://www.wangzhiku.net.cn/webdir/category/11-64.html
P2C000274,河北医科大学第四医院东院,河北医科大学第四医院,河北省,Hebei,石家庄市,Shijiazhuang,2021,820,,https://www.med66.com/zhuyuanyishi/hebei/li2109075766.shtml
P2C000274,河北医科大学第四医院东院,河北医科大学第四医院,河北省,Hebei,石家庄市,Shijiazhuang,2022,809,,https://www.hbydsy.com/info/1013/5221.htm
P2C000274,河北医科大学第四医院东院,河北医科大学第四医院,河北省,Hebei,石家庄市,Shijiazhuang,2023,824,,https://www.hbydsy.com/info/1618/5997.htm
P2C000275,福建中医药大学附属康复医院滨海院区,福建中医药大学附属康复医院,福建省,Fujian,福州市,Fuzhou,2022,300,open,https://www.cn-healthcare.com/articlewm/20220607/content-1373495.html
P2C000276,海南西部中心医院滨海院区,海南西部中心医院,海南省,Hainan,儋州市,Danzhou,2024,500,,https://www.yzp.cn/zhaopingonggao/108478.html
P2C000277,Harbin TCM Hospital Qunli Main Campus,哈尔滨市中医医院,黑龙江省,Heilongjiang,哈尔滨市,Harbin,2023,1000,,https://finance.sina.cn/2024-05-22/detail-inavzwiw9359210.d.html?cid=76524&node_id=76524&vt=4
P2C000278,辽宁省健康产业集团铁煤总医院,辽宁省健康产业集团铁煤总医院,辽宁省,Liaoning,铁岭市,Tieling,2018,950,,https://csp.ncmi.cn/WebManage/StrokeRecognition/CzdtUUDetailWeb?type=&uid=26027
P2C000280,锦州市中医医院（锦州市第三医院）,锦州市中医医院（锦州市第三医院）,辽宁省,Liaoning,锦州市,Jinzhou,2022,410,,https://www.hospitala.com/yiyuanyisheng/2022-06-02/465.html
P2C000281,温州医科大学附属眼视光医院杭州院区,温州医科大学附属眼视光医院,浙江省,Zhejiang,杭州市,Hangzhou,2015,86,,https://www.hzeye.cn/news-2/show-34437.html
P2C000281,温州医科大学附属眼视光医院杭州院区,温州医科大学附属眼视光医院,浙江省,Zhejiang,杭州市,Hangzhou,2020,80,,https://www.sohu.com/a/938590245_456062
P2C000282,襄阳市第一人民医院(高新院区),襄阳市第一人民医院,湖北省,Hubei,襄阳市,Xiangyang,2023,,open,https://5btm.cscec.com/xwzx/gsxw/202310/3722270.html
P2C000283,福建医科大学附属漳州市医院龙文院区,漳州市医院,福建省,Fujian,漳州市,Zhangzhou,2021,560,,https://sthjt.fujian.gov.cn/zwgk/gsgg/202107/P020210713402952009099.pdf
P2C000284,邵阳市中心医院东院,邵阳市中心医院,湖南省,Hunan,邵阳市,Shaoyang,2018,,open,https://www.shaoyang.gov.cn/shaoyang/zyzw/201902/6df646751ad04280bc513c1f06f60d7a.shtml
P2C000285,青海省妇女儿童医院（南院区）,青海省妇女儿童医院,青海省,Qinghai,西宁市,Xining,2019,500,,https://news.zhuyitai.com/19/0823/7f909a3c269d4b3895c217cd2ee69803.html
P2C000287,淄博市中医医院东院区,淄博市中医医院（山东中医药大学第四附属医院）,山东省,Shandong,淄博市,Zibo,2022,1000,,https://ws.zibo.gov.cn/art/2021/8/3/art_815_2145758.html|https://ws.zibo.gov.cn/art/2022/2/18/art_1335_2258949.html
P2C000288,济南市章丘区中医医院新院区,济南市章丘区中医医院,山东省,Shandong,济南市,Jinan,2023,1800,,https://jiankangsd.e23.cn/index.php?a=show&c=index&catid=21&id=73027&m=content
P2C000289,衢州市人民医院新院区（四省边际中心医院）,衢州市人民医院,浙江省,Zhejiang,衢州市,Quzhou,2021,2000,,https://www.sohu.com/a/496697984_121123876
P2C000290,湖州市中心医院新院区（浙北医学中心）,湖州市中心医院,浙江省,Zhejiang,湖州市,Huzhou,2020,1500,open,https://hzhospital.com/content/default/2/107?category_id=112|https://huzhou.zjol.com.cn/202009/t20200917_12301199.shtml
P2C000291,徐州医科大学附属医院东院,徐州医科大学附属医院,江苏省,Jiangsu,徐州市,Xuzhou,2016,1280,open,https://mt.sohu.com/20160902/n467403303.shtml
P2C000292,济宁医学院附属医院太白湖院区,济宁医学院附属医院,山东省,Shandong,济宁市,Jining,2021,1200,open,https://www.sdwsnews.com.cn/a/shendu/2022/0127/47045.html
P2C000293,泰安市中心医院高新院区,泰安市中心医院,山东省,Shandong,泰安市,Taian,2021,1200,,https://www.taishanyy.com/upload/files/2024/1/5678e7e763d58cff.pdf
P2C000294,巴中市中心医院南坝院区,巴中市中心医院(巴中市人民医院),四川省,Sichuan,巴中市,Bazhong,2018,1044,open,https://health.people.com.cn/n1/2018/1010/c421398-30332712.html|https://www.haodf.com/hospital/3419308421/jieshao.html
P2C000295,驻马店市中心医院妇女儿童医院,驻马店市中心医院,河南省,Henan,驻马店市,Zhumadian,2021,,open,https://zmdszxyy.cn/web/front/news/detail.php?newsid=16599
P2C000295,驻马店市中心医院妇女儿童医院,驻马店市中心医院,河南省,Henan,驻马店市,Zhumadian,2024,682,,https://zmdszxyy.cn/wap/front/news/detail.php?newsid=19296
P2C000296,阜阳市人民医院岳家湖院区,阜阳市人民医院,安徽省,Anhui,阜阳市,Fuyang,2022,,open,https://jk.anhuinews.com/yynews/202209/t20220923_6417032.html
P2C000296,阜阳市人民医院岳家湖院区,阜阳市人民医院,安徽省,Anhui,阜阳市,Fuyang,2024,400,open,https://www.gaoxiaojob.com/announcement/detail/227675.html
P2C000297,烟台市烟台山医院东院区,烟台市烟台山医院,山东省,Shandong,烟台市,Yantai,2020,1500,,https://www.ytsyy.com/frontend/web/article/view/3463
P2C000298,山西省肿瘤医院南院区,山西省肿瘤医院,山西省,Shanxi,太原市,Taiyuan,2020,450,,https://health.china.com.cn/2020-08/07/content_41249044.htm?a=true&f=pad
P2C000299,苏北人民医院开发区分院,苏北人民医院,江苏省,Jiangsu,扬州市,Yangzhou,2024,160,open,https://www.yzcn.net/broadcast/headline/2024-03/27/cms472126article.shtml|https://yzcn.net/broadcast/headline/2024-03/27/cms472126article.shtml
P2C000300,南通大学附属医院东院区,南通大学附属医院,江苏省,Jiangsu,南通市,Nantong,2024,991,open,https://www.ahnmc.com/%2F/shownews.asp?id=18764|https://www.ahnmc.com/dyq4.asp
P2C000301,天门市第一人民医院汇侨院区,天门市第一人民医院,湖北省,Hubei,天门市,Tianmen,2024,1200,open,https://www.tmsyy.com/cms/show-9125.html|https://www.tmsyy.com/cms/show-9617.html
P2C000302,江阴市人民医院敔山湾院区,江阴市人民医院,江苏省,Jiangsu,无锡市,Wuxi,2018,1200,open,https://www.jiangyin.gov.cn/doc/2018/03/23/396257.shtml|https://www.jiangyin.gov.cn/doc/2021/12/07/1000320.shtml
P2C000303,枣庄市立医院新城分院,枣庄市立医院,山东省,Shandong,枣庄市,Zaozhuang,2014,300,,https://zzslyy.com.cn/shownews?newsid=5611
P2C000304,铜陵市人民医院东部院区,铜陵市人民医院,安徽省,Anhui,铜陵市,Tongling,2017,,open,https://tlsrmyy.cn/IntroductionToTheCourtyard/index.aspx?itemid=170
P2C000304,铜陵市人民医院东部院区,铜陵市人民医院,安徽省,Anhui,铜陵市,Tongling,2021,300,,https://tlsrmyy.cn/IntroductionToTheCourtyard/index.aspx?itemid=170|https://www.tlsrmyy.cn/yllht/info.aspx?itemid=6886
P2C000305,徐州矿务集团总医院开发区院区,徐州矿务集团总医院,江苏省,Jiangsu,徐州市,Xuzhou,2024,600,,https://www.xyl2002.com/zpxq/24773.html
P2C000306,黄河三门峡医院南院区,黄河三门峡医院,河南省,Henan,三门峡市,Sanmenxia,2020,1000,open,https://www.hhsmxyy.cn/35239/0000/list-1.html
P2C000307,湘潭市第一人民医院南院区,湘潭市第一人民医院,湖南省,Hunan,湘潭市,Xiangtan,2018,133,,https://www.xtsyyy.com/HTML/2018/5/7836.shtml
P2C000308,山东大学齐鲁医院德州医院中心院区,山东大学齐鲁医院德州医院,山东省,Shandong,德州市,Dezhou,2024,1840,open,https://www.sdwsnews.com.cn/a/shendu/2025/0609/66803.html|https://www.view.sdu.edu.cn/info/1022/192279.htm
P2C000310,南通大学第二附属医院新院区（南通市第一人民医院）,南通大学第二附属医院,江苏省,Jiangsu,南通市,Nantong,2022,,open,https://www.nt2191.com/news/2983.html
P2C000310,南通大学第二附属医院新院区（南通市第一人民医院）,南通大学第二附属医院,江苏省,Jiangsu,南通市,Nantong,2024,2200,,https://wjw.nantong.gov.cn/ntswjw/gggs/content/763542f9-d94b-4aac-a8a0-69f5351944ae.html
P2C000311,钦州市第二人民医院二马路院区（南院）,钦州市第二人民医院,广西壮族自治区,Guangxi,钦州市,Qinzhou,2021,500,,https://gx.zhiyuanyun.com/app/org/view.php?id=A4QDiVlVC4gww
P2C000312,宜兴市人民医院新院区,宜兴市人民医院,江苏省,Jiangsu,无锡市,Wuxi,2023,1700,,https://www.sohu.com/a/712991812_121117447
P2C000313,西南医科大学附属医院康健中心院区,西南医科大学附属医院,四川省,Sichuan,泸州市,Luzhou,2019,1000,,https://news.swmu.edu.cn/info/1003/18108.htm|https://news.swmu.edu.cn/info/1005/17382.htm
P2C000314,滨州市人民医院西院区,滨州市人民医院,山东省,Shandong,滨州市,Binzhou,2022,2000,open,https://news.iqilu.com/shandong/shandonggedi/20230103/5319256.shtml
P2C000315,玉林市中医医院教育中路院区（新院区）,玉林市中医医院,广西壮族自治区,Guangxi,玉林市,Yulin,2023,600,,https://m.gxylnews.com.cn/xwk/yl/202304/t20230427_587286.html
P2C000316,绍兴市人民医院镜湖总院,绍兴市人民医院,浙江省,Zhejiang,绍兴市,Shaoxing,2024,911,,https://www.sxrmyy.cn/uploads/20250226/202502260935353982.pdf
P2C000317,宁波大学附属人民医院明湖院区,宁波大学附属人民医院,浙江省,Zhejiang,宁波市,Ningbo,2024,435,,https://www.nbyz.gov.cn/art/2024/11/29/art_1229140067_59231847.html
P2C000319,浙江省人民医院毕节医院金海湖院区,毕节市第一人民医院,贵州省,Guizhou,毕节市,Bijie,2024,500,open,https://gz.people.com.cn/n2/2024/1119/c194827-41047470.html|https://m.sohu.com/a/789941949_121123759/
P2C000320,临沂市中医医院高铁院区,临沂市中医医院,山东省,Shandong,临沂市,Linyi,2024,648,open,https://www.zhongyihospital.com/cmscontent/1225.html|https://linyi.dzwww.com/health/lyws/202405/t20240512_14150562.htm
P2C000321,巴音郭楞蒙古自治州人民医院南院区,巴音郭楞蒙古自治州人民医院,新疆维吾尔自治区,Xinjiang,巴州,Bayingolin Mongol Autonomous Prefecture,2024,1260,,https://www.xjbz.gov.cn/xjbz/jrbz/202409/1927f63d12d4441bb9fb08db5a3d7c81.shtml|https://www.xjrq.gov.cn/rqxrmzf/c115077/202409/ddae1ffb6f4b4e23bbc6569fb0143461.shtml
P2C000322,华中科技大学同济医学院附属荆州医院荆北院区,华中科技大学同济医学院附属荆州医院,湖北省,Hubei,荆州市,Jingzhou,2020,1600,,https://m.thepaper.cn/newsDetail_forward_7643123|https://www.zhjsw.cn/yw/1815574267182243842.html
P2C000323,安庆市立医院东院区,安庆市立医院,安徽省,Anhui,安庆市,Anqing,2018,1000,,https://jk.anhuinews.com/newjklm/jkyw/201801/t20180102_4268864.html
P2C000324,襄阳市中医医院东津院区,襄阳市中医医院,湖北省,Hubei,襄阳市,Xiangyang,2024,760,open,https://www.xyszyyy.cn/info/1060/6760.htm|https://xywb.hj.cn/pc/con/202501/02/content_2111877.html
P2C000325,江西省儿童医院红谷滩院区,江西省儿童医院,江西省,Jiangxi,南昌市,Nanchang,2021,,open,https://zjj.nc.gov.cn/nczfbzglj/fgxw/202105/89a8f6d3e32c449b9c6c5522718b1f65.shtml
P2C000325,江西省儿童医院红谷滩院区,江西省儿童医院,江西省,Jiangxi,南昌市,Nanchang,2024,1149,,https://epaper.jxxw.com.cn/html/2024-01/29/content_144396_313896.htm
P2C000328,烟台市口腔医院东院区,烟台市口腔医院,山东省,Shandong,烟台市,Yantai,2024,60,open,https://wjw.yantai.gov.cn/art/2024/12/31/art_54567_2902976.html|https://www.shm.com.cn/szb/ytrb/paper/pad/content/202409/29/content_201931.html
P2C000331,深圳市第三人民医院西院区,深圳市第三人民医院,广东省,Guangdong,深圳市,Shenzhen,2021,1008,,https://www.sz.gov.cn/hospital/ssyy/szdhyy/content/post_9384016.html
P2C000335,中山大学附属第三医院岭南院区,中山大学附属第三医院,广东省,Guangdong,广州市,Guangzhou,2023,661,,https://rcb.sysu.edu.cn/article/451
P2C000338,重庆大学附属涪陵医院四环路院区,重庆大学附属涪陵医院,重庆市,Chongqing,重庆市,Chongqing,2023,30,,https://wsjkw.cq.gov.cn/zwgk_242/fdzdgknr/tzgg/gzgs/202308/t20230828_12280037_wap.html
P2C000340,中国医学科学院肿瘤医院廊坊院区,中国医学科学院肿瘤医院,河北省,Hebei,廊坊市,Langfang,2023,,open,https://www.lf.gov.cn/Item/139689.aspx?sourceid=135919&sourcenodeid=1002
P2C000340,中国医学科学院肿瘤医院廊坊院区,中国医学科学院肿瘤医院,河北省,Hebei,廊坊市,Langfang,2024,656,,https://www.sohu.com/a/852282885_102185
P2C000341,四川省肿瘤医院天府院区,四川省肿瘤医院,四川省,Sichuan,成都市,Chengdu,2023,500,,https://www.sichuancancer.org/info/1022/10794.htm
P2C000342,中日友好医院北区,中日友好医院,北京市,Beijing,北京市,Beijing,2018,201,,https://openjicareport.jica.go.jp/pdf/12092904.pdf
P2C000343,中日友好医院西区,中日友好医院,北京市,Beijing,北京市,Beijing,2018,210,,https://openjicareport.jica.go.jp/pdf/12092904.pdf
P2C000344,天津中医药大学第二附属医院真理道老院区,天津中医药大学第二附属医院,天津市,Tianjin,天津市,Tianjin,2017,507,relocated,https://www.sohu.com/a/164866960_355356
P2C000345,广东省第二中医院白云院区,广东省第二中医院,广东省,Guangdong,广州市,Guangzhou,2015,300,,https://www.gz.gov.cn/gzgov/756/201804/b3d6b42351c44de799f44dbe4b9141e0/files/3462ea23b91246c4a8e581d62a737182.pdf
P2C000346,广东省第二中医院黄埔院区,广东省第二中医院,广东省,Guangdong,广州市,Guangzhou,2020,100,,https://gdzy5413.com/main/newslistinfo.aspx?cid=203&id=1732
P2C000347,重庆市巴南区人民医院鱼洞旧院区,重庆市巴南区人民医院,重庆市,Chongqing,重庆市,Chongqing,2020,,open,https://cq.people.com.cn/n2/2020/0428/c365411-33983026.html
P2C000355,广州医科大学附属第一医院海印院区,广州医科大学附属第一医院,广东省,Guangdong,广州市,Guangzhou,2015,200,,https://gz.gov.cn/gzgov/756/201804/b3d6b42351c44de799f44dbe4b9141e0/files/3462ea23b91246c4a8e581d62a737182.pdf
P2C000356,四川省骨科医院天府院区,四川省骨科医院,四川省,Sichuan,成都市,Chengdu,2022,500,,https://sctcm.sc.gov.cn/sctcm/c105648/2023/8/25/9a395a4cf66a437a8bdd954d3bd2b182/files/%E5%9B%9B%E5%B7%9D%E7%9C%81%E4%B8%AD%E5%8C%BB%E8%8D%AF%E7%AE%A1%E7%90%86%E5%B1%802022%E5%B9%B4%E5%BA%A6%E9%83%A8%E9%97%A8%E5%86%B3%E7%AE%97%E5%85%AC%E5%BC%80%E7%BC%96%E5%88%B6%E8%AF%B4%E6%98%8E.pdf
P2C000359,重庆市长寿区人民医院北观院区,重庆市长寿区人民医院,重庆市,Chongqing,重庆市,Chongqing,2022,800,,https://img2.yizhipin.com/uploads/file/20220414/1649918653201787.pdf
P2C000364,北京大学第一医院第一住院部（历史妇产儿童院区）,北京大学第一医院,北京市,Beijing,北京市,Beijing,2018,493,,https://www.pkufh.com/Sites/Uploaded/File/2018/11/236367856636077090776503981.pdf
P2C000365,北京大学第一医院第三住院部（历史）,北京大学第一医院,北京市,Beijing,北京市,Beijing,2018,139,,https://www.pkufh.com/Sites/Uploaded/File/2018/11/236367856636077090776503981.pdf
P2C000366,广州医科大学附属第三医院黄埔院区,广州医科大学附属第三医院,广东省,Guangdong,广州市,Guangzhou,2022,,open,https://news.gzhmu.edu.cn/info/1035/6802.htm
P2C000366,广州医科大学附属第三医院黄埔院区,广州医科大学附属第三医院,广东省,Guangdong,广州市,Guangzhou,2023,100,open,https://www.hp.gov.cn/xwzx/bmdt/content/post_8759690.html
P2C000367,深圳市中医院光明院区,深圳市中医院,广东省,Guangdong,深圳市,Shenzhen,2024,,open,https://www.szszyy.cn/importantnews/info.aspx?itemid=80069698
P2C000374,南方医科大学附属花都医院宝华院区,南方医科大学附属花都医院,广东省,Guangdong,广州市,Guangzhou,2020,101,,https://www.hdhosp.com/info/1067/1491.htm|https://www.hdhosp.com/info/1073/1497.htm
P2C000375,南方医科大学附属花都医院田美院区,南方医科大学附属花都医院,广东省,Guangdong,广州市,Guangzhou,2020,130,,https://www.hdhosp.com/info/1079/1503.htm
P2C000376,四川省中西医结合医院北区,四川省中西医结合医院,四川省,Sichuan,成都市,Chengdu,2021,201,,https://www.scszxy.com/News/UploadFiles/file/20221115/20221115110986928692.pdf
P2C000377,四川省中西医结合医院高新院区,四川省中西医结合医院,四川省,Sichuan,成都市,Chengdu,2024,,open,https://sichuan.scol.com.cn/ggxw/202406/82556748.html
P2C000382,上海交通大学医学院附属上海儿童医学中心张江院区,上海交通大学医学院附属上海儿童医学中心,上海市,Shanghai,上海市,Shanghai,2024,,open,https://www.shanghai.gov.cn/nw4411/20240927/09ebd7bd525f409b89a0db54271b589b.html?siteId=1
P2C000385,成都市新都区人民医院南街院区,成都市新都区人民医院,四川省,Sichuan,成都市,Chengdu,2024,248,,https://zhengxin-pub.cdn.bcebos.com/tender/c43f155a273dbc49610a180316d76a9b/%E9%87%87%E8%B4%AD%E9%9C%80%E6%B1%82.pdf
P2C000386,重庆市第五人民医院新院区,重庆市第五人民医院,重庆市,Chongqing,重庆市,Chongqing,2024,,open,https://app.cqrb.cn/cbjk/2024-12-20/2122587_pc.html|https://cq.gov.cn/zt/yhyshj/zxdt/202412/t20241224_14016446_app.html
R000001,安庆市第一人民医院,安庆市第一人民医院,安徽省,Anhui,安庆市,Anqing,2024,2630,,https://www.mfk.com/guahao/hospitalbase/1846
R000003,安庆市立医院（北院区）,安庆市立医院,安徽省,Anhui,安庆市,Anqing,2014,300,,https://myyk.fh21.com.cn/hospital_756/tsyl/27662.html
R000003,安庆市立医院（北院区）,安庆市立医院,安徽省,Anhui,安庆市,Anqing,2018,350,,https://yjxy.wnmc.edu.cn/info/1441/17461.htm
R000003,安庆市立医院（北院区）,安庆市立医院,安徽省,Anhui,安庆市,Anqing,2021,350,,https://0556999.com/list_8/47.html
R000004,安庆市立医院（东院区）,安庆市立医院,安徽省,Anhui,安庆市,Anqing,2018,450,,https://jk.anhuinews.com/newjklm/jkyw/201801/t20180102_4268864.html|https://yjxy.wnmc.edu.cn/info/1441/17461.htm
R000005,安庆市立医院（南院区）,安庆市立医院,安徽省,Anhui,安庆市,Anqing,2018,1200,,https://yjxy.wnmc.edu.cn/info/1441/17461.htm
R000005,安庆市立医院（南院区）,安庆市立医院,安徽省,Anhui,安庆市,Anqing,2021,1200,,https://0556999.com/list_8/47.html
R000006,蚌埠市第三人民医院,蚌埠市第三人民医院,安徽省,Anhui,蚌埠市,Bengbu,2015,938,,http://fuyang.offcn.com/html/2015/11/31081.html
R000006,蚌埠市第三人民医院,蚌埠市第三人民医院,安徽省,Anhui,蚌埠市,Bengbu,2018,1005,,https://ah.offcn.com/html/2018/04/151887.html
R000007,蚌埠市中医院,蚌埠市中医院,安徽省,Anhui,蚌埠市,Bengbu,2022,430,,https://www.ahslyy.com.cn/col1227/869200
R000008,蚌埠医学院第二附属医院,蚌埠医学院第二附属医院,安徽省,Anhui,蚌埠市,Bengbu,2020,1100,,https://ah.huatu.com/2020/0203/1654683.html
R000008,蚌埠医学院第二附属医院,蚌埠医学院第二附属医院,安徽省,Anhui,蚌埠市,Bengbu,2021,1100,,https://rsc.bbmu.edu.cn/info/1055/1555.htm
R000009,蚌埠医学院第二附属医院(总院),蚌埠医学院第二附属医院,安徽省,Anhui,蚌埠市,Bengbu,2023,1500,,https://ah.people.com.cn/n2/2023/0804/c358428-40519033.html
R000010,蚌埠医学院第一附属医院,蚌埠医学院第一附属医院,安徽省,Anhui,蚌埠市,Bengbu,2022,2464,,https://www.ylzhaopin.com/news/54286.html
R000010,蚌埠医学院第一附属医院,蚌埠医学院第一附属医院,安徽省,Anhui,蚌埠市,Bengbu,2023,3828,,https://hlxx.bbmu.edu.cn/info/1255/2853.htm
R000010,蚌埠医学院第一附属医院,蚌埠医学院第一附属医院,安徽省,Anhui,蚌埠市,Bengbu,2024,3820,,https://cont.jd.com/hospital/department/15010074658-7300227?hy_entry=SEO_HypOtherHospitaldepartment
R000011,亳州市人民医院,亳州市人民医院,安徽省,Anhui,亳州市,Bozhou,2014,1700,,https://m.gxszw.com/region/anhui/wsah/201403/091719.html|https://www.wchscu.cn/comprehensive/16859.html
R000012,池州市人民医院,池州市人民医院,安徽省,Anhui,池州市,Chizhou,2015,1099,,https://www.chizhou.gov.cn/PolicyContent/show/386.html
R000012,池州市人民医院,池州市人民医院,安徽省,Anhui,池州市,Chizhou,2023,1400,,https://www.chizhouhospital.com/content/detail/6476a9d19517b5c24a8b4567.html
R000013,滁州市第一人民医院,滁州市第一人民医院,安徽省,Anhui,滁州市,Chuzhou,2022,1560,,https://zhidao.baidu.com/question/41631088.html
R000013,滁州市第一人民医院,滁州市第一人民医院,安徽省,Anhui,滁州市,Chuzhou,2024,1560,,http://tj.czdyrmyy.com/ShowNews.asp?id=12605
R000014,滁州市中西医结合医院,滁州市中西医结合医院,安徽省,Anhui,滁州市,Chuzhou,2024,560,,https://m.haoyunbang.cn/hospital/info/1583920369323/
R000015,安徽中医药大学附属太和中医院,安徽中医药大学附属太和中医院,安徽省,Anhui,阜阳市,Fuyang,2016,1700,,https://y.dxy.cn/hospital/841
R000015,安徽中医药大学附属太和中医院,安徽中医药大学附属太和中医院,安徽省,Anhui,阜阳市,Fuyang,2023,1700,,https://www.thzyy.com/display.php?id=5067
R000016,阜阳市第二人民医院,阜阳市第二人民医院,安徽省,Anhui,阜阳市,Fuyang,2024,1200,,https://m.dxy.com/hospital/458
R000018,阜阳市人民医院,阜阳市人民医院,安徽省,Anhui,阜阳市,Fuyang,2017,1050,,https://www.med66.com/zhuyuanyishi/yc1701041006.shtml
R000019,阜阳市人民医院(南区),阜阳市人民医院,安徽省,Anhui,阜阳市,Fuyang,2017,2600,,https://www.med66.com/zhuyuanyishi/yc1701041006.shtml
R000020,太和县人民医院,太和县人民医院,安徽省,Anhui,阜阳市,Fuyang,2023,1600,,https://www.51test.net/show/10983582.html
R000021,安徽省第二人民医院,安徽省第二人民医院,安徽省,Anhui,合肥市,Hefei,2014,1082,,https://maanshan.huatu.com/2014/0922/913660.html
R000021,安徽省第二人民医院,安徽省第二人民医院,安徽省,Anhui,合肥市,Hefei,2016,1800,,http://dxy.com/hospital/1046
R000022,安徽省儿童医院,安徽省儿童医院,安徽省,Anhui,合肥市,Hefei,2014,1000,,https://www.51test.net/show/3633943.html
R000022,安徽省儿童医院,安徽省儿童医院,安徽省,Anhui,合肥市,Hefei,2024,1567,,http://www.ahetyy.com/spinfo_1.html
R000025,中国科学技术大学附属第一医院南区,中国科学技术大学附属第一医院（安徽省立医院）,安徽省,Anhui,合肥市,Hefei,2015,941,,https://www.ahslyy.com.cn/nanqu/
R000026,中国科学技术大学附属第一医院西区（安徽省肿瘤医院）,中国科学技术大学附属第一医院（安徽省立医院）,安徽省,Anhui,合肥市,Hefei,2014,750,,https://yjxy.wnmc.edu.cn/info/1441/18161.htm
R000026,中国科学技术大学附属第一医院西区（安徽省肿瘤医院）,中国科学技术大学附属第一医院（安徽省立医院）,安徽省,Anhui,合肥市,Hefei,2015,930,,https://www.whjhq.gov.cn/openness/public/6605631/17877681.html
R000026,中国科学技术大学附属第一医院西区（安徽省肿瘤医院）,中国科学技术大学附属第一医院（安徽省立医院）,安徽省,Anhui,合肥市,Hefei,2016,930,,https://www.whjhq.gov.cn/openness/public/6605631/17877681.html
R000026,中国科学技术大学附属第一医院西区（安徽省肿瘤医院）,中国科学技术大学附属第一医院（安徽省立医院）,安徽省,Anhui,合肥市,Hefei,2021,930,,https://www.ahslyy.com.cn/xiqu/col429/776177
R000026,中国科学技术大学附属第一医院西区（安徽省肿瘤医院）,中国科学技术大学附属第一医院（安徽省立医院）,安徽省,Anhui,合肥市,Hefei,2022,942,,https://yxx.hnvtc.edu.cn/info/1062/2431.htm
R000026,中国科学技术大学附属第一医院西区（安徽省肿瘤医院）,中国科学技术大学附属第一医院（安徽省立医院）,安徽省,Anhui,合肥市,Hefei,2023,942,,https://www.ahslyy.com.cn/xiqu/col818/776691
R000026,中国科学技术大学附属第一医院西区（安徽省肿瘤医院）,中国科学技术大学附属第一医院（安徽省立医院）,安徽省,Anhui,合肥市,Hefei,2024,1641,,https://www.ahslyy.com.cn/col339/875876
R000027,安徽医科大学第二附属医院,安徽医科大学第二附属医院,安徽省,Anhui,合肥市,Hefei,2015,1300,,http://ah.offcn.com/html/2015/11/73370.html
R000028,安徽医科大学第一附属医院,安徽医科大学第一附属医院,安徽省,Anhui,合肥市,Hefei,2024,2825,,https://sthjj.ahsz.gov.cn/group1/M00/4F/2F/Cpc8Vmc4cWWARKPcABEACmMUT2o418.pdf
R000029,安徽医科大学第一附属医院(高新院区),安徽医科大学第一附属医院,安徽省,Anhui,合肥市,Hefei,2021,2000,,https://ztb.ayfy.com/info/1069/3934.htm
R000029,安徽医科大学第一附属医院(高新院区),安徽医科大学第一附属医院,安徽省,Anhui,合肥市,Hefei,2022,2000,,https://www.ahyyxh.com/page125.html?article_id=327&brd=1
R000030,安徽医科大学第一附属医院(南区),安徽医科大学第一附属医院,安徽省,Anhui,合肥市,Hefei,2023,1800,open,https://www.ahmu.edu.cn/2023/1225/c4331a149872/page.htm
R000030,安徽医科大学第一附属医院(南区),安徽医科大学第一附属医院,安徽省,Anhui,合肥市,Hefei,2024,1800,,https://www.ayfy.com/info/1186/24095.htm
R000031,安徽医科大学附属巢湖医院,安徽医科大学附属巢湖医院,安徽省,Anhui,合肥市,Hefei,2023,1433,,https://www.ahmu.edu.cn/2023/0130/c4331a132211/page.htm
R000032,安徽中医药大学第二附属医院,安徽中医药大学第二附属医院,安徽省,Anhui,合肥市,Hefei,2022,810,,https://hlxy.ahtcm.edu.cn/hlxyx/info/1041/9056.htm
R000033,安徽中医药大学第一附属医院,安徽中医药大学第一附属医院,安徽省,Anhui,合肥市,Hefei,2022,2100,,https://ncrccmc.xyhospital.com/Html/News/Articles/68.html
R000034,合肥市滨湖医院,合肥市滨湖医院,安徽省,Anhui,合肥市,Hefei,2015,1127,,https://www.hfyaohai.gov.cn/public/17371/99904381.html
R000034,合肥市滨湖医院,合肥市滨湖医院,安徽省,Anhui,合肥市,Hefei,2022,1127,,https://www.ahyyxh.com/page137.html?article_id=331&brd=1
R000035,合肥市第二人民医院,合肥市第二人民医院,安徽省,Anhui,合肥市,Hefei,2014,1808,,https://yjxy.wnmc.edu.cn/info/1441/18051.htm
R000036,合肥市第二人民医院(广德路院区),合肥市第二人民医院,安徽省,Anhui,合肥市,Hefei,2014,880,,https://yjxy.wnmc.edu.cn/info/1441/18051.htm
R000037,合肥市第四人民医院,合肥市第四人民医院,安徽省,Anhui,合肥市,Hefei,2022,1280,,https://ah.huatu.com/2022/0919/2421448.html
R000038,合肥市第一人民医院,合肥市第一人民医院,安徽省,Anhui,合肥市,Hefei,2015,1484,,https://www.hfyaohai.gov.cn/public/17371/99904381.html
R000038,合肥市第一人民医院,合肥市第一人民医院,安徽省,Anhui,合肥市,Hefei,2019,1484,,https://www.hfyaohai.gov.cn/public/17371/99904381.html
R000038,合肥市第一人民医院,合肥市第一人民医院,安徽省,Anhui,合肥市,Hefei,2020,1200,,https://www.cnr.cn/ah/ygkx/20201230/t20201230_525379201.shtml
R000038,合肥市第一人民医院,合肥市第一人民医院,安徽省,Anhui,合肥市,Hefei,2024,1200,,https://www.hfyy.cn/upload/cn/file/2025-09/1758504048668.pdf
R000041,中国科学技术大学附属第一医院中区,中国科学技术大学附属第一医院（安徽省立医院）,安徽省,Anhui,合肥市,Hefei,2015,2343,,https://www.whjhq.gov.cn/openness/public/6605631/17877681.html
R000042,淮北矿业集团总医院,淮北矿工总医院,安徽省,Anhui,淮北市,Huaibei,2021,2700,,http://jiuye.wnmc.edu.cn/info/1005/9661.htm
R000043,淮北市人民医院,淮北市人民医院,安徽省,Anhui,淮北市,Huaibei,2019,1327,,http://tongling.offcn.com/html/2019/01/44712.html
R000043,淮北市人民医院,淮北市人民医院,安徽省,Anhui,淮北市,Huaibei,2022,1292,,https://www.yzp.cn/company/18000.html
R000044,淮北市中医院,淮北市中医院,安徽省,Anhui,淮北市,Huaibei,2022,508,,https://www.ylzhaopin.com/news/60636.html
R000044,淮北市中医院,淮北市中医院,安徽省,Anhui,淮北市,Huaibei,2023,504,,https://www.huaibei.gov.cn/zwgk/hbsggqsydwxxgkzt/wsjk/62995134.html
R000045,淮南市第一人民医院,安徽理工大学第一附属医院（淮南市第一人民医院）,安徽省,Anhui,淮南市,Huainan,2024,1521,,https://zyy.yilianmeiti.com/3474/
R000046,淮南新华医疗集团新华医院,淮南新华医疗集团新华医院,安徽省,Anhui,淮南市,Huainan,2021,868,,https://m.dxy.com/hospital/10084/more?dxa_adplatform=m.dxy.com
R000047,黄山市人民医院,黄山市人民医院,安徽省,Anhui,黄山市,Huangshan,2018,1300,,http://yjxy.wnmc.edu.cn/info/1441/17721.htm
R000048,六安市人民医院,六安市人民医院,安徽省,Anhui,六安市,Liuan,2019,2300,,https://m.mingyihui.net/hospital_2188/
R000048,六安市人民医院,六安市人民医院,安徽省,Anhui,六安市,Liuan,2023,3000,,https://www.luan.gov.cn/xxgk/ztzl/ggqsydwei/wsjk/yy/10255684.html
R000049,六安市中医院,六安市中医院,安徽省,Anhui,六安市,Liuan,2023,2100,,https://www.luan.gov.cn/xxgk/ztzl/ggqsydwei/wsjk/yy/10255759.html
R000052,马鞍山市人民医院,马鞍山市人民医院,安徽省,Anhui,马鞍山市,Maanshan,2023,904,,https://www.xyl2002.com/zpxq/19582.html?pagenum=all
R000052,马鞍山市人民医院,马鞍山市人民医院,安徽省,Anhui,马鞍山市,Maanshan,2024,883,,https://www.xyl2002.com/dtxq/27243.html?pagenum=all
R000053,马鞍山市人民医院(秀山院区),马鞍山市人民医院,安徽省,Anhui,马鞍山市,Maanshan,2021,492,,https://health.baidu.com/doctordec/hosintro/1035007
R000054,马鞍山市中心医院,马鞍山市中心医院,安徽省,Anhui,马鞍山市,Maanshan,2018,1060,,https://ah.offcn.com/html/2018/07/174369.html
R000054,马鞍山市中心医院,马鞍山市中心医院,安徽省,Anhui,马鞍山市,Maanshan,2021,1147,,http://jywgl.tmu.edu.cn/Company/index/id/2575.html
R000055,马鞍山市中医院,马鞍山市中医院,安徽省,Anhui,马鞍山市,Maanshan,2022,642,,https://www.masszyy.cn/col13/list
R000057,宿州市立医院,宿州市立医院,安徽省,Anhui,宿州市,Suzhou,2021,3000,,https://pdf.dfcfw.com/pdf/H2_AN202403251628095821_1.pdf
R000059,铜陵市立医院,铜陵市立医院,安徽省,Anhui,铜陵市,Tongling,2024,711,,https://www.tlslyy.cn/index.php?a=show&c=index&catid=106&id=2159&m=content
R000060,铜陵市人民医院,铜陵市人民医院,安徽省,Anhui,铜陵市,Tongling,2018,1800,,http://www.offcn.com/ylws/2018/0306/91038.html|https://www.tlsrmyy.cn/yyjj/index.aspx
R000061,铜陵市中医院,铜陵市中医院,安徽省,Anhui,铜陵市,Tongling,2024,462,,https://s.dayi.org.cn/mip/s/hospital/1132004.html|https://www.51test.net/show/11135161.html
R000062,安徽中医药高等专科学校附属医院,安徽中医药高等专科学校附属医院,安徽省,Anhui,芜湖市,Wuhu,2014,1760,,http://ylws.huatu.com/wszg_zkxx/20140107/855311.html
R000063,皖南医学院第二附属医院,皖南医学院第二附属医院,安徽省,Anhui,芜湖市,Wuhu,2021,1710,,https://docs.cn-healthcare.com/sharedoc/pdf_files/20210531/034bab5af6ba45ba853c2f89e89119bc.pdf
R000063,皖南医学院第二附属医院,皖南医学院第二附属医院,安徽省,Anhui,芜湖市,Wuhu,2022,1710,,https://www.wy2fy.com/562/6910.html
R000064,皖南医学院弋矶山医院,皖南医学院弋矶山医院,安徽省,Anhui,芜湖市,Wuhu,2016,2100,,https://www.med66.com/zhuyuanyishi/zh1612237148.shtml
R000064,皖南医学院弋矶山医院,皖南医学院弋矶山医院,安徽省,Anhui,芜湖市,Wuhu,2022,2332,,https://www.ahyyxh.com/page119.html?article_id=333
R000064,皖南医学院弋矶山医院,皖南医学院弋矶山医院,安徽省,Anhui,芜湖市,Wuhu,2024,3147,,https://yjs.wnmc.edu.cn/info/1037/1072.htm
R000065,芜湖市第二人民医院,芜湖市第二人民医院,安徽省,Anhui,芜湖市,Wuhu,2016,2099,,https://www.shtpro.com/info/1035/16582.htm
R000066,芜湖市第四人民医院,芜湖市第四人民医院,安徽省,Anhui,芜湖市,Wuhu,2021,1688,,http://wuhu.offcn.com/html/2021/03/93932.html
R000066,芜湖市第四人民医院,芜湖市第四人民医院,安徽省,Anhui,芜湖市,Wuhu,2024,1760,,https://www.gaoxiaojob.com/announcement/detail/259078.html
R000067,芜湖市第一人民医院,芜湖市第一人民医院,安徽省,Anhui,芜湖市,Wuhu,2018,1000,,https://www.whfph.com/661/11157.html
R000068,宣城市人民医院,宣城市人民医院,安徽省,Anhui,宣城市,Xuancheng,2019,1500,,https://www.taodocs.com/p-258384148.html
R000068,宣城市人民医院,宣城市人民医院,安徽省,Anhui,宣城市,Xuancheng,2021,1500,,https://www.xcsyy.com/article/content-4.html
R000069,北京大学第六医院,北京大学第六医院,北京市,Beijing,北京市,Beijing,2024,240,,https://www.pkuh6.cn/Html/News/Articles/102199.html
R000070,北京大学第三医院,北京大学第三医院,北京市,Beijing,北京市,Beijing,2017,1300,,https://www.puh3.net.cn/__local/1/FF/E8/B4260444E9C1C2B75139D6D2D59_53A340A0_4C20B3.pdf?e=.pdf
R000071,北京大学第三医院(首都国际机场院区),北京大学第三医院,北京市,Beijing,北京市,Beijing,2018,280,,https://wjw.beijing.gov.cn/zwgk_20040/ylws/201912/t20191216_1242436.html
R000071,北京大学第三医院(首都国际机场院区),北京大学第三医院,北京市,Beijing,北京市,Beijing,2020,280,,https://wjw.beijing.gov.cn/xwzx_20031/jcdt/202012/t20201230_2189994.html
R000071,北京大学第三医院(首都国际机场院区),北京大学第三医院,北京市,Beijing,北京市,Beijing,2023,280,,https://www.puh3.net.cn/ydyxk/info/1391/5771.htm
R000073,北京大学口腔医院,北京大学口腔医院,北京市,Beijing,北京市,Beijing,2008,120,,https://news.pku.edu.cn/xwzh/129-129933.htm
R000073,北京大学口腔医院,北京大学口腔医院,北京市,Beijing,北京市,Beijing,2020,171,,https://www.bjgoodwill.com/user.aspx?id=10249
R000073,北京大学口腔医院,北京大学口腔医院,北京市,Beijing,北京市,Beijing,2022,173,,https://www.cn-healthcare.com/articlewm/20220731/wap-content-1410102.html
R000073,北京大学口腔医院,北京大学口腔医院,北京市,Beijing,北京市,Beijing,2024,173,,https://ss.bjmu.edu.cn/Sites/Uploaded/File/2024/08/166385939653488280961928831.pdf
R000075,北京回龙观医院,北京回龙观医院,北京市,Beijing,北京市,Beijing,2014,1369,,https://fgw.beijing.gov.cn/fgwzwgk/2024zcwj/ghjhwb/qt/202111/P020240615853086553788.pdf
R000075,北京回龙观医院,北京回龙观医院,北京市,Beijing,北京市,Beijing,2020,1369,,https://www.bohe.cn/hospital/105/introduce/|https://www.bohe.cn/hospital/105/
R000076,北京积水潭医院,北京积水潭医院,北京市,Beijing,北京市,Beijing,2017,1000,,https://docs.cn-healthcare.com/sharedoc/src_files/20170706/09eebf381d0943b0940e095d8f58510c.pdf
R000076,北京积水潭医院,北京积水潭医院,北京市,Beijing,北京市,Beijing,2022,524,,https://www.toutiao.com/article/7109733781338227211/
R000076,北京积水潭医院,北京积水潭医院,北京市,Beijing,北京市,Beijing,2024,403,,https://wjw.beijing.gov.cn/xwzx_20031/jcdt/202412/t20241231_3977712.html
R000077,北京积水潭医院(回龙观院区),北京积水潭医院,北京市,Beijing,北京市,Beijing,2019,500,,https://www.beijing.gov.cn/fuwu/bmfw/jhsyfwzdzx/jkbj/dt/201908/t20190805_1839020.html
R000077,北京积水潭医院(回龙观院区),北京积水潭医院,北京市,Beijing,北京市,Beijing,2020,500,,https://wjw.beijing.gov.cn/zwgk_20040/ylws/202011/t20201124_2144126.html
R000077,北京积水潭医院(回龙观院区),北京积水潭医院,北京市,Beijing,北京市,Beijing,2022,500,,https://www.beijing.gov.cn/fuwu/bmfw/jhsyfwzdzx/jkbj/dt/201908/t20190805_1839020.html
R000077,北京积水潭医院(回龙观院区),北京积水潭医院,北京市,Beijing,北京市,Beijing,2024,1000,,https://fgw.beijing.gov.cn/gzdt/fgzs/mtbdx/bzwlxw/202412/t20241230_3976511.htm|https://wjw.beijing.gov.cn/xwzx_20031/jcdt/202412/t20241231_3977712.html
R000078,北京积水潭医院(新龙泽院区),北京积水潭医院,北京市,Beijing,北京市,Beijing,2021,800,,https://fgw.beijing.gov.cn/gzdt/fgzs/mtbdx/bzwlxw/202206/t20220620_2745540.htm|https://www.sinomach.com.cn/xwzx/zgsdt/2021_qydt/202108/t20210805_313866.html
R000078,北京积水潭医院(新龙泽院区),北京积水潭医院,北京市,Beijing,北京市,Beijing,2024,800,,https://wjw.beijing.gov.cn/xwzx_20031/jcdt/202412/t20241231_3977712.html
R000079,北京京东誉美中西医肾病医院,北京京东誉美中西医肾病医院,北京市,Beijing,北京市,Beijing,2023,660,,https://jdymsbyy.com/article/12099
R000080,北京马应龙长青肛肠医院,北京马应龙长青肛肠医院,北京市,Beijing,北京市,Beijing,2015,260,,https://pdf.dfcfw.com/pdf/H3_AP201505180009649317_1.pdf
R000082,北京市昌平区中医院,北京市昌平区中医院,北京市,Beijing,北京市,Beijing,2023,402,,https://www.youlai.cn/yyk/hospindex/62/hospintro.html
R000083,北京市大兴区中西医结合医院,北京市大兴区中西医结合医院,北京市,Beijing,北京市,Beijing,2020,450,,https://www.dayi.org.cn/hospital/1156073
R000084,北京市第一中西医结合医院,北京市第一中西医结合医院,北京市,Beijing,北京市,Beijing,2015,405,,https://www.9453job.com/jobseeker/Company/56201.html
R000085,北京市二龙路医院,北京市肛肠医院,北京市,Beijing,北京市,Beijing,2017,400,,https://zyj.beijing.gov.cn/ylfw/zyyy/201912/t20191219_1314507.html
R000085,北京市二龙路医院,北京市肛肠医院,北京市,Beijing,北京市,Beijing,2019,400,,https://zyj.beijing.gov.cn/ylfw/zyyy/201912/t20191219_1314507.html
R000085,北京市二龙路医院,北京市肛肠医院,北京市,Beijing,北京市,Beijing,2024,400,,https://www.bjxch.gov.cn/xxgk/xxxq/pnidpv951007.html
R000086,北京市房山区中医医院,北京市房山区中医医院,北京市,Beijing,北京市,Beijing,2021,800,,https://www.bjfsh.gov.cn/zwgk/wjw/ghjh_1630/ysjs_1660/second/2021njs/202210/t20221025_40053019.shtml?type=computer
R000086,北京市房山区中医医院,北京市房山区中医医院,北京市,Beijing,北京市,Beijing,2022,800,,https://xinwen.bjd.com.cn/content/s63857831e4b06154fc8434b2.html
R000087,北京市丰台中西医结合医院,北京市丰台中西医结合医院,北京市,Beijing,北京市,Beijing,2021,400,,https://www.bjsftzxyjhyy.com/view.aspx?id=192
R000087,北京市丰台中西医结合医院,北京市丰台中西医结合医院,北京市,Beijing,北京市,Beijing,2022,400,,https://www.bjft.gov.cn/ftq/ylws/202202/21909bda592c43ecad6d33b48b2526ac.shtml
R000088,北京市和平里医院,北京市和平里医院,北京市,Beijing,北京市,Beijing,2022,407,,https://www.bjdch.gov.cn/ztzl/bmyjsgkzl/bmysgkzl/2022nys/qzf2022ys/202201/P020230405392606613860.pdf
R000088,北京市和平里医院,北京市和平里医院,北京市,Beijing,北京市,Beijing,2023,407,,https://www.bjdch.gov.cn/ztzl/bmyjsgkzl/bmysgkzl/2023nys/qzf2023ys/202302/P020230405388116994229.pdf
R000089,北京市回民医院,北京市回民医院,北京市,Beijing,北京市,Beijing,2019,500,,https://zyj.beijing.gov.cn/ylfw/zyyy/201912/t20191219_1314494.html
R000091,北京市结核病胸部肿瘤研究所,首都医科大学附属北京胸科医院,北京市,Beijing,北京市,Beijing,2022,622,,https://bjxkyy-yl.54doctor.net/Html/News/Articles/7003.html
R000091,北京市结核病胸部肿瘤研究所,首都医科大学附属北京胸科医院,北京市,Beijing,北京市,Beijing,2023,625,,https://bjxkyy-yl.54doctor.net/Html/News/Articles/15588.html
R000091,北京市结核病胸部肿瘤研究所,首都医科大学附属北京胸科医院,北京市,Beijing,北京市,Beijing,2024,625,,https://bjxkyy-yl.54doctor.net/Html/News/Articles/15144.html
R000092,北京市平谷区中医院,北京市平谷区中医院,北京市,Beijing,北京市,Beijing,2022,580,,https://wjw.beijing.gov.cn/xwzx_20031/jcdt/202607/t20260702_4744021.html
R000093,北京市中西医结合医院,北京市中西医结合医院,北京市,Beijing,北京市,Beijing,2019,300,,https://www.zxyjh.com.cn/intro/1.html
R000094,北京王府中西医结合医院,北京王府中西医结合医院,北京市,Beijing,北京市,Beijing,2024,690,,https://npo39487w.npoall.com/news/itemid-84452.html
R000095,北京协和医院,北京协和医院,北京市,Beijing,北京市,Beijing,2019,1796,,https://www.cn-healthcare.com/articlewm/20211126/wap-content-1289123.html
R000096,北京协和医院（西单院区）,北京协和医院,北京市,Beijing,北京市,Beijing,2018,196,,https://www.pumch.cn/Public/static/themes/common1/new_home_xy.html
R000096,北京协和医院（西单院区）,北京协和医院,北京市,Beijing,北京市,Beijing,2021,269,,https://xhyxzz.pumch.cn/cn/article/pdf/preview/10.12290/xhyxzz.2021-0589.pdf
R000096,北京协和医院（西单院区）,北京协和医院,北京市,Beijing,北京市,Beijing,2024,323,,https://www.pumch.cn/searchs/research/22/type/site/category_id/1202/pagesize/7/p/55.html|https://www.pumch.cn/xhxy/detail/26451.html
R000097,北京医院,北京医院,北京市,Beijing,北京市,Beijing,2018,1247,,https://cnpca.cn/55.html
R000097,北京医院,北京医院,北京市,Beijing,北京市,Beijing,2019,1302,,https://jk.scol.com.cn/jkjd/201905/57349786.html
R000098,北京中医药大学第三附属医院,北京中医药大学第三附属医院,北京市,Beijing,北京市,Beijing,2015,431,,https://www.med66.com/yixuebaike/yixuewanhuatong/lm1506233791.shtml
R000099,北京中医药大学东方医院,北京中医药大学东方医院,北京市,Beijing,北京市,Beijing,2024,1377,,https://www.bucm.edu.cn/xwgl/b82855e6f3434f2ab6898745de5fec48.htm
R000100,北京中医药大学东直门医院,北京中医药大学东直门医院,北京市,Beijing,北京市,Beijing,2019,400,,https://xww.bucm.edu.cn/ttxw/60602.htm
R000100,北京中医药大学东直门医院,北京中医药大学东直门医院,北京市,Beijing,北京市,Beijing,2021,400,,https://xyh.bucm.edu.cn/upload/static/2021/08/09/e032fb18407b4b99b98f63554abb0a0d.pdf
R000101,北京中医药大学东直门医院（通州院区）,北京中医药大学东直门医院,北京市,Beijing,北京市,Beijing,2019,1174,,https://www.beijing.gov.cn/fuwu/bmfw/jhsyfwzdzx/jkbj/dt/201909/t20190925_1839044.html
R000102,北京中医药大学附属护国寺中医院,北京中医药大学附属护国寺中医院,北京市,Beijing,北京市,Beijing,2022,390,,https://www.bjxch.gov.cn/xcfw/wsjk/xxxq/pnidpv912175.html
R000103,北京肿瘤医院,北京肿瘤医院,北京市,Beijing,北京市,Beijing,2023,801,,https://pdf.dfcfw.com/pdf/H2_AN202303081584132600_1.pdf?1678314140000.pdf=
R000103,北京肿瘤医院,北京肿瘤医院,北京市,Beijing,北京市,Beijing,2024,801,,https://pdf.dfcfw.com/pdf/H2_AN202412131641297125_1.pdf?1734121927000.pdf=
R000106,首都儿科研究所附属儿童医院,首都儿科研究所附属儿童医院,北京市,Beijing,北京市,Beijing,2022,439,,https://www.cn-healthcare.com/api/third/article/571656
R000106,首都儿科研究所附属儿童医院,首都儿科研究所附属儿童医院,北京市,Beijing,北京市,Beijing,2023,439,,https://fgw.beijing.gov.cn/gzdt/fgzs/mtbdx/bzwlxw/202311/t20231115_3302099.htm
R000107,首都医科大学附属北京安定医院,首都医科大学附属北京安定医院,北京市,Beijing,北京市,Beijing,2014,800,,https://bjad.com.cn/Html/News/Articles/100866.html
R000107,首都医科大学附属北京安定医院,首都医科大学附属北京安定医院,北京市,Beijing,北京市,Beijing,2020,800,,https://bjad.com.cn/Html/News/Columns/2/37.html
R000107,首都医科大学附属北京安定医院,首都医科大学附属北京安定医院,北京市,Beijing,北京市,Beijing,2022,800,,https://m.petctchina.com/product/4739832/
R000107,首都医科大学附属北京安定医院,首都医科大学附属北京安定医院,北京市,Beijing,北京市,Beijing,2023,800,,http://www.bjad.com.cn/Html/Hospitals/Main/Description.html
R000108,首都医科大学附属北京安贞医院,首都医科大学附属北京安贞医院,北京市,Beijing,北京市,Beijing,2022,1500,open,https://www.anzhen.org/Sites/Uploaded/File/2022/09/066379805261824668076654119.pdf
R000109,首都医科大学附属北京朝阳医院东大桥院区,首都医科大学附属北京朝阳医院,北京市,Beijing,北京市,Beijing,2023,1380,,https://www.bjcyh.com.cn/Sites/Uploaded/File/2023/04/136381699139793360718311855.pdf
R000110,首都医科大学附属北京朝阳医院常营院区,首都医科大学附属北京朝阳医院,北京市,Beijing,北京市,Beijing,2023,121,open,https://wjw.beijing.gov.cn/xwzx_20031/xwfb/202305/t20230529_3116298.html
R000111,首都医科大学附属北京朝阳医院石景山院区,首都医科大学附属北京朝阳医院,北京市,Beijing,北京市,Beijing,2023,500,,https://www.bjcyh.com.cn/Sites/Uploaded/File/2023/04/136381699139793360718311855.pdf
R000111,首都医科大学附属北京朝阳医院石景山院区,首都医科大学附属北京朝阳医院,北京市,Beijing,北京市,Beijing,2024,500,,http://career.nankai.edu.cn/company/index/id/7590.html
R000112,首都医科大学附属北京地坛医院(顺义院区),首都医科大学附属北京地坛医院,北京市,Beijing,北京市,Beijing,2014,400,open,https://www.xinhuanet.com/politics/2015-03/31/c_1114816104.htm|https://www.cn-healthcare.com/article/20140814/wap-content-459487.html
R000112,首都医科大学附属北京地坛医院(顺义院区),首都医科大学附属北京地坛医院,北京市,Beijing,北京市,Beijing,2015,400,,https://www.xinhuanet.com/politics/2015-03/31/c_1114816104.htm
R000112,首都医科大学附属北京地坛医院(顺义院区),首都医科大学附属北京地坛医院,北京市,Beijing,北京市,Beijing,2016,400,,https://www.bjdth.com.cn/Html/News/Articles/1714.html
R000112,首都医科大学附属北京地坛医院(顺义院区),首都医科大学附属北京地坛医院,北京市,Beijing,北京市,Beijing,2021,400,,https://www.bjdth.com.cn/Html/News/Articles/4506.html
R000112,首都医科大学附属北京地坛医院(顺义院区),首都医科大学附属北京地坛医院,北京市,Beijing,北京市,Beijing,2023,400,,https://wjw.beijing.gov.cn/zwgk_20040/zxgk/202301/t20230116_2900622.html
R000113,首都医科大学附属北京儿童医院,首都医科大学附属北京儿童医院,北京市,Beijing,北京市,Beijing,2020,970,,https://www.cma.org.cn/attach/0/6c720eb076cf4ed298a8cb35d5c40feb.pdf
R000113,首都医科大学附属北京儿童医院,首都医科大学附属北京儿童医院,北京市,Beijing,北京市,Beijing,2023,970,,https://chima.org.cn/Html/News/Articles/15985.html
R000114,首都医科大学附属北京妇产医院,首都医科大学附属北京妇产医院,北京市,Beijing,北京市,Beijing,2015,660,,https://s.dayi.org.cn/mip/s/hospital/2247.html
R000115,首都医科大学附属北京口腔医院天坛院区,首都医科大学附属北京口腔医院,北京市,Beijing,北京市,Beijing,2021,100,,https://fgw.beijing.gov.cn/gzdt/fgzs/mtbdx/bzwlxw/202103/t20210318_2310223.htm
R000115,首都医科大学附属北京口腔医院天坛院区,首都医科大学附属北京口腔医院,北京市,Beijing,北京市,Beijing,2024,100,,https://wjw.beijing.gov.cn/zwgk_20040/ylws/202411/t20241108_3936572.html
R000116,首都医科大学附属北京世纪坛医院,首都医科大学附属北京世纪坛医院,北京市,Beijing,北京市,Beijing,2015,1100,,https://www.bjgrh.com/show_newsid_8966.html
R000116,首都医科大学附属北京世纪坛医院,首都医科大学附属北京世纪坛医院,北京市,Beijing,北京市,Beijing,2024,1100,,https://www.beijing.gov.cn/gongkai/rsxx/sydwzp/202404/t20240408_3611942.html
R000117,首都医科大学附属北京天坛医院,首都医科大学附属北京天坛医院,北京市,Beijing,北京市,Beijing,2019,1650,,https://rsj.beijing.gov.cn/xxgk/gkzp/202608/t20260804_4807521.html
R000119,首都医科大学附属北京同仁医院南区（亦庄院区）,首都医科大学附属北京同仁医院,北京市,Beijing,北京市,Beijing,2021,1400,,https://www.beijing.gov.cn/fuwu/bmfw/sy/jrts/202112/t20211219_2564385.html
R000120,首都医科大学附属北京友谊医院,首都医科大学附属北京友谊医院,北京市,Beijing,北京市,Beijing,2016,1469,,https://bsh.ccmu.edu.cn/ldfz_12425/67863.htm
R000120,首都医科大学附属北京友谊医院,首都医科大学附属北京友谊医院,北京市,Beijing,北京市,Beijing,2023,1256,,https://ggzyfw.beijing.gov.cn/jyxxzbjggg/20231109/4255904.html
R000121,首都医科大学附属北京友谊医院(通州院区),首都医科大学附属北京友谊医院,北京市,Beijing,北京市,Beijing,2021,800,,https://www.beijing.gov.cn/fuwu/bmfw/sy/jrts/202112/t20211201_2550531.html
R000121,首都医科大学附属北京友谊医院(通州院区),首都医科大学附属北京友谊医院,北京市,Beijing,北京市,Beijing,2023,1050,,https://xinwen.bjd.com.cn/content/s6584fa2de4b0a9019c77f009.html
R000122,首都医科大学附属北京佑安医院,首都医科大学附属北京佑安医院,北京市,Beijing,北京市,Beijing,2024,800,,https://bj.people.com.cn/n2/2024/1215/c14540-41075957.html
R000124,首都医科大学附属医院北京地坛医院,首都医科大学附属北京地坛医院,北京市,Beijing,北京市,Beijing,2023,1200,,https://wjw.beijing.gov.cn/zwgk_20040/zxgk/202301/t20230116_2900622.html
R000125,首都医科大学宣武医院,首都医科大学宣武医院,北京市,Beijing,北京市,Beijing,2014,981,,https://www.51test.net/show/3690553.html
R000125,首都医科大学宣武医院,首都医科大学宣武医院,北京市,Beijing,北京市,Beijing,2016,1147,,https://www.intel.cn/content/dam/www/public/cn/zh/documents/social/pc-refresh-xuanwu-hospital.pdf
R000125,首都医科大学宣武医院,首都医科大学宣武医院,北京市,Beijing,北京市,Beijing,2021,1159,,https://y.dxy.cn/hospital/27
R000125,首都医科大学宣武医院,首都医科大学宣武医院,北京市,Beijing,北京市,Beijing,2023,1643,,https://www.weirenjob.com/article/230708/1104658.shtml
R000128,中国康复研究中心北京博爱医院,中国康复研究中心北京博爱医院,北京市,Beijing,北京市,Beijing,2015,665,,https://crrc.com.cn/Html/Hospitals/Main/Description.html
R000139,中国医学科学院阜外医院,中国医学科学院阜外医院,北京市,Beijing,北京市,Beijing,2019,1279,,https://www.haodf.com/hospital/25/jieshao.html
R000139,中国医学科学院阜外医院,中国医学科学院阜外医院,北京市,Beijing,北京市,Beijing,2021,1279,,https://www.fuwai.com/Sites/Uploaded/File/2021/11/%E6%A0%B8%E5%8C%BB%E5%AD%A6%E7%A7%91PET-CT%E5%AE%A4%E5%8E%9F%E5%9D%80%E9%80%80%E5%BD%B9%E9%A1%B9%E7%9B%AE%E7%8E%AF%E5%A2%83%E5%BD%B1%E5%93%8D%E6%8A%A5%E5%91%8A%E8%A1%A8.pdf
R000140,中国医学科学院整形外科医院,中国医学科学院整形外科医院,北京市,Beijing,北京市,Beijing,2024,700,,https://www.zhengxing.cn/page/yiyuanbuju
R000141,中国医学科学院肿瘤医院,中国医学科学院肿瘤医院,北京市,Beijing,北京市,Beijing,2018,1598,,https://www.cicams.ac.cn/Uploads/File/2022/06/14/qjjpj3ykjo4.pdf
R000141,中国医学科学院肿瘤医院,中国医学科学院肿瘤医院,北京市,Beijing,北京市,Beijing,2022,1598,,https://www.cicams.ac.cn/Uploads/File/2022/06/14/qjjpj3ykjo4.pdf
R000142,中国中医科学院广安门医院,中国中医科学院广安门医院,北京市,Beijing,北京市,Beijing,2024,690,,https://www.cacms.ac.cn/recruitment/detail/4218.html
R000143,中国中医科学院广安门医院南区,中国中医科学院广安门医院,北京市,Beijing,北京市,Beijing,2019,400,,https://zyj.beijing.gov.cn/ylfw/zyyy/201912/t20191219_1314521.html
R000143,中国中医科学院广安门医院南区,中国中医科学院广安门医院,北京市,Beijing,北京市,Beijing,2021,407,,https://www.gamyy.cn/zyb/education/standardized/8419.html
R000143,中国中医科学院广安门医院南区,中国中医科学院广安门医院,北京市,Beijing,北京市,Beijing,2023,407,,https://zyj.beijing.gov.cn/sy/dwjl/202304/t20230417_3057262.html
R000144,中国中医科学院望京医院,中国中医科学院望京医院,北京市,Beijing,北京市,Beijing,2024,758,,https://www.wjhospital.com.cn/Html/News/Articles/20005323.html
R000145,中国中医科学院西苑医院,中国中医科学院西苑医院,北京市,Beijing,北京市,Beijing,2017,800,,https://xyhospital.com/Html/Hospitals/Main/Description.html
R000145,中国中医科学院西苑医院,中国中医科学院西苑医院,北京市,Beijing,北京市,Beijing,2021,800,,https://www.xyhospital.com/Sites_OldFiles/upload/month_202208/MjAyMi44LjIyLTIwMjHlubTluqbopboi5HljLvpmaLlhrPnrpflhazlvIA%3D_OTxpvK.pdf
R000146,中国中医科学院眼科医院,中国中医科学院眼科医院,北京市,Beijing,北京市,Beijing,2020,435,,https://www.ykhospital.com.cn/Html/News/Articles/1920.html
R000146,中国中医科学院眼科医院,中国中医科学院眼科医院,北京市,Beijing,北京市,Beijing,2021,435,,https://ykhospital.com.cn/Html/News/Articles/2087.html
R000146,中国中医科学院眼科医院,中国中医科学院眼科医院,北京市,Beijing,北京市,Beijing,2022,415,,https://ykhospital.com.cn/Html/News/Articles/2737.html
R000146,中国中医科学院眼科医院,中国中医科学院眼科医院,北京市,Beijing,北京市,Beijing,2024,435,,https://www.ykhospital.com.cn/Html/News/Articles/3957.html
R000147,中日友好医院,中日友好医院,北京市,Beijing,北京市,Beijing,2018,1500,,https://openjicareport.jica.go.jp/pdf/12092904.pdf
R000148,福建省福州肺科医院,福建省福州结核病防治院,福建省,Fujian,福州市,Fuzhou,2022,636,,https://www.fjfk.com/index.php/doc/release/release?resourceId=1858&resourceType=3
R000150,福建省立医院东街院区,福州大学附属省立医院,福建省,Fujian,福州市,Fuzhou,2014,2500,,http://www.chealth.org.cn/mon/hospitals/article/MG143028833.html
R000150,福建省立医院东街院区,福州大学附属省立医院,福建省,Fujian,福州市,Fuzhou,2019,2398,,https://www.freesigns.cn/CaseStd_646.html
R000151,福建省立医院南院（金山院区）,福州大学附属省立医院,福建省,Fujian,福州市,Fuzhou,2020,500,,https://fjwsjk.fjsen.com/2020-06/30/content_30382313.htm
R000151,福建省立医院南院（金山院区）,福州大学附属省立医院,福建省,Fujian,福州市,Fuzhou,2023,500,,https://online.fjsl.com.cn/info/22863.jspx
R000151,福建省立医院南院（金山院区）,福州大学附属省立医院,福建省,Fujian,福州市,Fuzhou,2024,1100,,https://wjw.fujian.gov.cn/xxgk/gzdt/mtbd/202401/t20240108_6373568.htm
R000152,福建省人民医院,福建中医药大学附属人民医院,福建省,Fujian,福州市,Fuzhou,2017,1200,,https://www.fujian.gov.cn/zwgk/ghjh/ghxx/201706/t20170622_1183871.htm
R000153,福建省肿瘤医院,福建省肿瘤医院,福建省,Fujian,福州市,Fuzhou,2014,1000,,https://news.sina.com.cn/o/2010-12-21/140421680978.shtml
R000153,福建省肿瘤医院,福建省肿瘤医院,福建省,Fujian,福州市,Fuzhou,2017,1600,,https://www.fujian.gov.cn/zwgk/ghjh/ghxx/201706/t20170622_1183871.htm
R000153,福建省肿瘤医院,福建省肿瘤医院,福建省,Fujian,福州市,Fuzhou,2018,1600,,https://wjw.fujian.gov.cn/xxgk/gsgg/ylzlxx_33265/201805/t20180507_3666148.htm|https://wjw.fujian.gov.cn/xxgk/gsgg/ylzlxx_33265/201902/t20190228_4775624.htm
R000154,福建医科大学附属第一医院,福建医科大学附属第一医院,福建省,Fujian,福州市,Fuzhou,2023,2233,,https://www.fyyy.com/cms/siteresource/article.shtml?id=900599204393300000&siteId=900587771816070000
R000155,福建医科大学附属第一医院(滨海院区),福建医科大学附属第一医院,福建省,Fujian,福州市,Fuzhou,2023,970,,https://wmf.fjsen.com/topic/2023-11/01/content_31445978.htm
R000155,福建医科大学附属第一医院(滨海院区),福建医科大学附属第一医院,福建省,Fujian,福州市,Fuzhou,2024,1411,,https://health.baidu.com/doctordec/hosintro/1031618|https://www.fyyy.com/cms/html/ctyq/2026-01-26/1532656884.html
R000156,福建医科大学附属口腔医院,福建医科大学附属口腔医院,福建省,Fujian,福州市,Fuzhou,2018,30,,https://wjw.fujian.gov.cn/xxgk/gsgg/ylzlxx_33265/201808/t20180806_3666152.htm
R000158,福建医科大学孟超肝胆医院,福建医科大学孟超肝胆医院,福建省,Fujian,福州市,Fuzhou,2020,350,,https://y.dxy.cn/hospital/908
R000159,福建医科大学孟超肝胆医院(金山院区),福建医科大学孟超肝胆医院,福建省,Fujian,福州市,Fuzhou,2023,1200,open,https://www.fuzhou.gov.cn/zgfzzt/ylws/ghjh/gzjzqk/202303/t20230313_4551180.htm|https://www.fjdaily.com/app/content/2024-01/12/content_2291664.html
R000159,福建医科大学孟超肝胆医院(金山院区),福建医科大学孟超肝胆医院,福建省,Fujian,福州市,Fuzhou,2024,1200,,https://www.fjdaily.com/app/content/2024-01/12/content_2291664.html
R000160,福建中医学院附属第二人民医院,福建中医药大学附属第二人民医院,福建省,Fujian,福州市,Fuzhou,2014,701,,http://baike.sogou.com/v202497327.htm?fromTitle=%E7%A6%8F%E5%BB%BA%E4%B8%AD%E5%8C%BB%E8%8D%AF%E5%A4%A7%E5%AD%A6%E9%99%84%E5%B1%9E%E7%AC%AC%E4%BA%8C%E4%BA%BA%E6%B0%91%E5%8C%BB%E9%99%A2%EF%BC%88%E4%B8%89%E7%BA%A7%E7%94%B2%E7%AD%89%E7%BB%BC%E5%90%88%E6%80%A7%E4%B8%AD%E5%8C%BB%E5%8C%BB%E9%99%A2%EF%BC%89
R000160,福建中医学院附属第二人民医院,福建中医药大学附属第二人民医院,福建省,Fujian,福州市,Fuzhou,2022,1000,,https://news.fznews.com.cn/fzxw/20220222/96648777y7.shtml
R000161,福建中医药大学附属康复医院,福建中医药大学附属康复医院,福建省,Fujian,福州市,Fuzhou,2023,432,,https://fjkf.netms.net/yiyuanjianjie
R000162,福州市第四医院,福州市第二总医院神经精神病防治院,福建省,Fujian,福州市,Fuzhou,2024,1200,,https://www.a-hospital.com/w/%E7%A6%8F%E5%B7%9E%E5%B8%82%E7%AC%AC%E5%9B%9B%E5%8C%BB%E9%99%A2
R000163,福州市第一医院,福州市第一医院,福建省,Fujian,福州市,Fuzhou,2023,1836,,https://www.fjdaily.com/app/content/2023-06/19/content_1927537.html
R000164,福州市中医院,福州市中医院,福建省,Fujian,福州市,Fuzhou,2021,600,,https://rasp.med66.com/weishengdanweizhaopin/fujian/shiyedanwei/wa2304075296.shtml
R000164,福州市中医院,福州市中医院,福建省,Fujian,福州市,Fuzhou,2023,600,,https://www.fuzhou.gov.cn/zgfzzt/swjw/fzwj/spbags/202312/t20231215_4738374.htm
R000164,福州市中医院,福州市中医院,福建省,Fujian,福州市,Fuzhou,2024,600,,https://www.fzrsrc.cn/news/18_8467.html
R000167,厦门大学附属福州第二医院,福州市第二总医院,福建省,Fujian,福州市,Fuzhou,2020,1533,,https://mhos.51daifu.com/hos789/gba/1157.shtml
R000169,龙岩市第一医院,龙岩市第一医院,福建省,Fujian,龙岩市,Longyan,2019,1800,,https://www.sohu.com/a/295975624_222544
R000169,龙岩市第一医院,龙岩市第一医院,福建省,Fujian,龙岩市,Longyan,2020,1800,,https://m.lyrc.cc/Info/Detail?Nid=63715
R000169,龙岩市第一医院,龙岩市第一医院,福建省,Fujian,龙岩市,Longyan,2022,1800,,https://www.petmrchina.com/product/4735913/
R000169,龙岩市第一医院,龙岩市第一医院,福建省,Fujian,龙岩市,Longyan,2023,1800,,https://sthjt.fujian.gov.cn/zwgk/gsgg/202302/P020230220358512640955.pdf
R000169,龙岩市第一医院,龙岩市第一医院,福建省,Fujian,龙岩市,Longyan,2024,1572,,https://www.iruiquan.com/h-nd-104.html
R000170,龙岩市第一医院分院,龙岩市第一医院,福建省,Fujian,龙岩市,Longyan,2019,,not_open,https://www.haodf.com/hospital/1558.html
R000170,龙岩市第一医院分院,龙岩市第一医院,福建省,Fujian,龙岩市,Longyan,2022,962,,https://www.cn-healthcare.com/articlewm/20220228/content-1319984.html
R000170,龙岩市第一医院分院,龙岩市第一医院,福建省,Fujian,龙岩市,Longyan,2023,962,,https://sthjt.fujian.gov.cn/zwgk/gsgg/202302/P020230220358512640955.pdf
R000171,龙岩市中医院,龙岩市中医院,福建省,Fujian,龙岩市,Longyan,2022,800,,https://www.dayi.org.cn/hospital/1136822.html
R000172,福建医科大学附属协和医院(旗山院区),福建医科大学附属协和医院,福建省,Fujian,福州市,Fuzhou,2023,,open,https://fjnews.fjsen.com/wap/2023-01/08/content_31221880.htm
R000173,南平市第一医院,南平市第一医院,福建省,Fujian,南平市,Nanping,2023,1500,,http://fj.offcn.com/html/2023/03/213107.html
R000175,宁德师范学院附属宁德市医院,宁德师范学院附属宁德市医院,福建省,Fujian,宁德市,Ningde,2014,900,,https://www.ndsyy.com/yyjs/yyjj.htm
R000175,宁德师范学院附属宁德市医院,宁德师范学院附属宁德市医院,福建省,Fujian,宁德市,Ningde,2020,1200,,https://fjwsjk.fjsen.com/2020-11/06/content_30532447.htm
R000176,宁德市闽东医院,宁德市闽东医院,福建省,Fujian,宁德市,Ningde,2017,1600,,https://read01.com/z4exxA.html
R000176,宁德市闽东医院,宁德市闽东医院,福建省,Fujian,宁德市,Ningde,2018,1600,,https://commercial.dxy.cn/article/555138
R000176,宁德市闽东医院,宁德市闽东医院,福建省,Fujian,宁德市,Ningde,2019,1600,,https://591yz.com/company/detail-8164
R000176,宁德市闽东医院,宁德市闽东医院,福建省,Fujian,宁德市,Ningde,2020,1500,,https://y.dxy.cn/hospital/537
R000176,宁德市闽东医院,宁德市闽东医院,福建省,Fujian,宁德市,Ningde,2021,1800,,https://www.ndcqjy.com/cn/dowloadgo/202108020708050.pdf
R000176,宁德市闽东医院,宁德市闽东医院,福建省,Fujian,宁德市,Ningde,2022,1700,,https://fjwsb.fjdaily.com/pc/con/202209/22/content_216308.html
R000177,宁德市中医院,宁德市中医院,福建省,Fujian,宁德市,Ningde,2021,500,,https://ndzyy.com/index.php/list/12.html
R000177,宁德市中医院,宁德市中医院,福建省,Fujian,宁德市,Ningde,2022,500,,https://www.ndzyy.com/article/384/7.html
R000178,南方医科大学附属莆田医院,莆田学院附属医院,福建省,Fujian,莆田市,Putian,2018,2200,,https://sthjt.fujian.gov.cn/zwgk/ywxx/fsjg/fsxmhpsl/202403/P020240322357984821711.pdf
R000180,莆田市第一医院,莆田市第一医院,福建省,Fujian,莆田市,Putian,2014,1500,,https://archiverm.yingjiesheng.com/job-001-954-123.html
R000180,莆田市第一医院,莆田市第一医院,福建省,Fujian,莆田市,Putian,2019,1495,,https://yxy.fjmzw.com/2019/0614/c418a95103/page.htm
R000180,莆田市第一医院,莆田市第一医院,福建省,Fujian,莆田市,Putian,2020,1495,,https://ylws.huatu.com/yldw_zkxx/20200306/1879587.html
R000180,莆田市第一医院,莆田市第一医院,福建省,Fujian,莆田市,Putian,2021,1495,,https://fj.huatu.com/2021/0709/1867704.html
R000180,莆田市第一医院,莆田市第一医院,福建省,Fujian,莆田市,Putian,2023,1495,,https://yxy.fjmzw.com/2023/0209/c418a95445/page.htm
R000181,福建医科大学附属第二医院(东海院区),福建医科大学附属第二医院,福建省,Fujian,泉州市,Quanzhou,2015,300,open,https://www.quanzhou.gov.cn/zfb/hdjl/zxft/fthf/20150409/|https://news.zhuyitai.com/19/0924/c7580bdfc1204c40b077d1a000a8021c.html?anchor=pl&pd=baodao
R000182,福建医科大学附属第二医院(鲤城院区),福建医科大学附属第二医院,福建省,Fujian,泉州市,Quanzhou,2014,1153,,https://wap.91360.com/201702/41/1864.html|https://www.quanzhou.gov.cn/zfb/hdjl/zxft/fthf/20150409/
R000182,福建医科大学附属第二医院(鲤城院区),福建医科大学附属第二医院,福建省,Fujian,泉州市,Quanzhou,2019,1153,,https://wjw.fj.gov.cn/xxgk/gsgg/ylzlxx_33265/201909/t20190903_5016851.htm
R000183,福建医科大学附属泉州第一医院,泉州市第一医院,福建省,Fujian,泉州市,Quanzhou,2020,2890,,https://s.dayi.org.cn/mip/s/hospital/1156256.html
R000184,福建中医药大学附属泉州中医院,泉州市中医院,福建省,Fujian,泉州市,Quanzhou,2015,1000,,https://health.quanzhou.gov.cn/xwzx/xydt/201910/t20191014_1927545.htm
R000184,福建中医药大学附属泉州中医院,泉州市中医院,福建省,Fujian,泉州市,Quanzhou,2022,1000,,https://health.quanzhou.gov.cn/xwzx/tpxw/201910/t20191014_1927546.htm
R000185,晋江市中医院,晋江市中医院,福建省,Fujian,泉州市,Quanzhou,2024,520,,https://www.jinjiang.gov.cn/xxgk/zdxxgk/ggqsw/wsjkxx/202412/t20241210_3115472.htm
R000186,泉州市正骨医院,泉州市正骨医院,福建省,Fujian,泉州市,Quanzhou,2016,500,,https://www.qzzg.cn/html/news/2016/0803/2179.html
R000186,泉州市正骨医院,泉州市正骨医院,福建省,Fujian,泉州市,Quanzhou,2019,500,,https://www.qzwb.com/gb/content/2019-04/23/content_5979885.htm
R000188,三明市第一医院,三明市第一医院,福建省,Fujian,三明市,Sanming,2014,1600,,https://wsm.whu.edu.cn/info/1035/15941.htm
R000191,厦门大学附属厦门眼科中心,厦门大学附属厦门眼科中心,福建省,Fujian,厦门市,Xiamen,2014,550,,https://m.xiameneye.org.cn/kejiao/
R000191,厦门大学附属厦门眼科中心,厦门大学附属厦门眼科中心,福建省,Fujian,厦门市,Xiamen,2021,550,,https://www.xiameneye.org.cn/kejiao/visit.html|https://m.xiameneye.org.cn/kejiao/visit.html
R000192,厦门大学附属翔安医院,厦门大学附属翔安医院,福建省,Fujian,厦门市,Xiamen,2023,635,,https://xah.xmu.edu.cn/info/1022/15450.htm
R000193,厦门大学附属中山医院,厦门大学附属中山医院,福建省,Fujian,厦门市,Xiamen,2014,2500,,http://www.chaj.com.cn/tebielm/yiyuancaifeng/2014-08-19/19092.html|https://wjw.fujian.gov.cn/xxgk/zfxxgkzl/zfxxgkml/wszh/yzgl/201402/t20140214_2361900.htm
R000195,厦门市第二医院,厦门医学院附属第二医院,福建省,Fujian,厦门市,Xiamen,2020,1150,,https://sthjt.fujian.gov.cn/zwgk/gsgg/202007/P020200720330851054814.pdf
R000195,厦门市第二医院,厦门医学院附属第二医院,福建省,Fujian,厦门市,Xiamen,2022,1300,,https://www.fjdaily.com/app/content/2022-10/14/content_1628997.html|https://y.dxy.cn/hospital/1706
R000196,厦门市第一医院,厦门大学附属第一医院,福建省,Fujian,厦门市,Xiamen,2021,2500,,https://www.hxrc.com/zpgg/2021a/2021cszp/FUJIAN/WHHB.pdf
R000196,厦门市第一医院,厦门大学附属第一医院,福建省,Fujian,厦门市,Xiamen,2023,2500,,https://www.xmfh.com.cn/info/4056/14758.htm
R000196,厦门市第一医院,厦门大学附属第一医院,福建省,Fujian,厦门市,Xiamen,2024,2500,,https://www.xmfh.com.cn/info/4110/15208.htm|https://www.xmfh.com.cn/info/4110/15540.htm
R000198,厦门市精神卫生中心,厦门市仙岳医院,福建省,Fujian,厦门市,Xiamen,2022,900,,https://www.cn-healthcare.com/articlewm/20220626/content-1390115.html
R000198,厦门市精神卫生中心,厦门市仙岳医院,福建省,Fujian,厦门市,Xiamen,2024,900,,https://wjw.fujian.gov.cn/xxgk/gzdt/bmdt/202402/t20240205_6392401.htm
R000199,厦门市中医院,厦门市中医院,福建省,Fujian,厦门市,Xiamen,2024,1300,,https://m.sohu.com/a/817925963_121118877/?pvid=000115_3w_a
R000200,厦门长庚医院,厦门长庚医院,福建省,Fujian,厦门市,Xiamen,2024,1000,,https://www.cgmh.com.cn/UploadFiles/User/2024/4/29/20240429012954392.pdf
R000201,福建医科大学附属漳州市医院,漳州市医院,福建省,Fujian,漳州市,Zhangzhou,2015,1407,,https://www.nhc.gov.cn/jgdw/wmdw/201511/715f4141044a4aa59f9b1b0555b94224.shtml
R000202,福建中医药大学附属漳州中医院,漳州市中医院,福建省,Fujian,漳州市,Zhangzhou,2023,735,,https://sthjt.fujian.gov.cn/zwgk/ywxx/fsjg/fsxmhpsl/202606/P020260611324913494774.pdf
R000202,福建中医药大学附属漳州中医院,漳州市中医院,福建省,Fujian,漳州市,Zhangzhou,2024,735,,https://zzzyy.com/cms/html/zzszyy/yyjj/index.html
R000204,白银市第一人民医院,白银市第一人民医院,甘肃省,Gansu,白银市,Baiyin,2020,800,,https://www.baiyin.gov.cn/zwgk/zcwjk/tsfl/JSJF/art/2022/art_f42bb873051643f3a5dc6c205d592b0a.html
R000205,定西市人民医院,定西市人民医院,甘肃省,Gansu,定西市,Dingxi,2021,1256,,https://www.gsmc.edu.cn/jyxx/info/1021/2565.htm
R000206,嘉峪关市第一人民医院北院区,嘉峪关市第一人民医院,甘肃省,Gansu,嘉峪关市,Jiayuguan,2023,500,,https://www.gaoxiaojob.com/announcement/detail/92349.html
R000207,金川集团职工医院（金昌市中心医院）,金昌市中心医院,甘肃省,Gansu,金昌市,Jinchang,2022,850,,https://www.jnmc.com/index.php/index/detail/index?id=596
R000207,金川集团职工医院（金昌市中心医院）,金昌市中心医院,甘肃省,Gansu,金昌市,Jinchang,2024,850,,https://www.gccrcw.com/region/gansu/gsws/202402/28108555.html
R000208,酒泉市人民医院老院区,酒泉市人民医院,甘肃省,Gansu,酒泉市,Jiuquan,2019,1700,,https://yxy.hxu.edu.cn/info/1227/1909.htm
R000208,酒泉市人民医院老院区,酒泉市人民医院,甘肃省,Gansu,酒泉市,Jiuquan,2020,1415,,https://mhos.51daifu.com/hos109/gba/1440.shtml
R000209,甘肃康复中心医院,甘肃康复中心医院,甘肃省,Gansu,兰州市,Lanzhou,2022,570,,https://www.tongda2000.com/news/p823.php
R000210,甘肃省第二人民医院,甘肃省第二人民医院,甘肃省,Gansu,兰州市,Lanzhou,2016,1010,,https://www.gsei.com.cn/html/1275/2016-12-13/content-163851.html
R000210,甘肃省第二人民医院,甘肃省第二人民医院,甘肃省,Gansu,兰州市,Lanzhou,2023,1010,,https://czt.gansu.gov.cn/czt/c110117/202303/132824592/files/288a234dfaf64494958a7c7e3552498e.pdf|https://www.gssey.com/u/cms/www/202408/191202442ubf.pdf
R000210,甘肃省第二人民医院,甘肃省第二人民医院,甘肃省,Gansu,兰州市,Lanzhou,2024,1010,,https://czt.gansu.gov.cn/czt/c110117/202403/173886173/files/deb25fc99130435ea3d0acf483721643.pdf
R000211,甘肃省人民医院,甘肃省人民医院,甘肃省,Gansu,兰州市,Lanzhou,2022,2600,,https://czt.gansu.gov.cn/czt/c110120/202309/173755077/files/9bc4134c3fd543a081263a053c2c5b34.pdf
R000212,甘肃省中医院主院区（西院区）,甘肃省中医院,甘肃省,Gansu,兰州市,Lanzhou,2014,1300,,https://www.gszyy.com/xwzx/yydt/content_7295
R000212,甘肃省中医院主院区（西院区）,甘肃省中医院,甘肃省,Gansu,兰州市,Lanzhou,2024,2593,,https://3g.kq36.com/25/22eabc8faafc4090af36689c5a5a4d37
R000213,甘肃省肿瘤医院,甘肃省肿瘤医院,甘肃省,Gansu,兰州市,Lanzhou,2015,1200,,https://www.nhc.gov.cn/jgdw/wmdw/201511/4da8a6f2873e434a8de7b13187e92eda.shtml
R000213,甘肃省肿瘤医院,甘肃省肿瘤医院,甘肃省,Gansu,兰州市,Lanzhou,2023,1300,,https://czt.gansu.gov.cn/czt/c110117/202303/132824221/files/caf2d2352763405b98615319a98844c3.pdf
R000213,甘肃省肿瘤医院,甘肃省肿瘤医院,甘肃省,Gansu,兰州市,Lanzhou,2024,1300,,https://czt.gansu.gov.cn/czt/c110117/202403/173886139/files/b087a9a7bfbf405d845e86492d7584f8.pdf
R000214,甘肃中医药大学附属医院,甘肃中医药大学附属医院,甘肃省,Gansu,兰州市,Lanzhou,2016,660,,https://www.gansu.gov.cn/gsszf/c100055/201612/100677/files/83268ca921274bc0b9dcca750923fa69.pdf
R000214,甘肃中医药大学附属医院,甘肃中医药大学附属医院,甘肃省,Gansu,兰州市,Lanzhou,2022,1042,,https://www.zyxyfy.com/xxgk/xxgk1/content_21465
R000215,兰州大学第二附属医院,兰州大学第二医院,甘肃省,Gansu,兰州市,Lanzhou,2014,2500,,https://www.lzush.com.cn/Item/16546.aspx
R000215,兰州大学第二附属医院,兰州大学第二医院,甘肃省,Gansu,兰州市,Lanzhou,2016,3500,,https://www.lzush.com.cn/Item/22794.aspx
R000215,兰州大学第二附属医院,兰州大学第二医院,甘肃省,Gansu,兰州市,Lanzhou,2020,3500,,https://www.lzush.com.cn/Item/35743.aspx
R000215,兰州大学第二附属医院,兰州大学第二医院,甘肃省,Gansu,兰州市,Lanzhou,2021,3294,,https://www.lzush.com.cn/Item/46011.aspx
R000215,兰州大学第二附属医院,兰州大学第二医院,甘肃省,Gansu,兰州市,Lanzhou,2023,3316,,https://www.chard.org.cn/detail/member_1/2304|https://www.lzush.com.cn/Item/49593.aspx
R000216,兰州大学第一医院（本部）,兰州大学第一医院,甘肃省,Gansu,兰州市,Lanzhou,2015,1986,,https://www.gsei.com.cn/html/1275/2016-12-13/content-163851.html
R000216,兰州大学第一医院（本部）,兰州大学第一医院,甘肃省,Gansu,兰州市,Lanzhou,2020,2019,,https://ldyxy.lzu.edu.cn/hdupf/fil/202310/202310091696813133838399.pdf|https://www.mingyihui.net/hospital_1326/
R000216,兰州大学第一医院（本部）,兰州大学第一医院,甘肃省,Gansu,兰州市,Lanzhou,2021,2048,,http://gansu.gscn.com.cn/system/2021/11/26/012674871.shtml
R000216,兰州大学第一医院（本部）,兰州大学第一医院,甘肃省,Gansu,兰州市,Lanzhou,2024,2344,,https://www.med66.com/weishengdanweizhaopin/gansu/shiyedanwei/li2410227539.shtml
R000217,兰州大学口腔医院,兰州大学口腔医院,甘肃省,Gansu,兰州市,Lanzhou,2024,50,,https://kqyxyen.lzu.edu.cn/about%20us/index.html
R000219,兰州市第二人民医院,兰州市第二人民医院,甘肃省,Gansu,兰州市,Lanzhou,2024,1104,,https://www.lzseyy.com/html/news/shoufeibiaozhun/shoufeibiaozhun-show-4724.html
R000220,兰州市第三人民医院,兰州市第三人民医院,甘肃省,Gansu,兰州市,Lanzhou,2024,630,,https://www.lzmhc.com/content-59820f99fd0147828e52fa62eb602425.htm
R000221,兰州市第一人民医院本部,兰州市第一人民医院,甘肃省,Gansu,兰州市,Lanzhou,2016,680,,https://fgw.lanzhou.gov.cn/art/2016/9/3/art_4950_181943.html
R000221,兰州市第一人民医院本部,兰州市第一人民医院,甘肃省,Gansu,兰州市,Lanzhou,2023,1130,,https://www.zhangye.gov.cn/wjw/dzdt/gzdt/202303/t20230321_1009926.html
R000224,临夏州人民医院本部,临夏州人民医院,甘肃省,Gansu,临夏回族自治州,Linxia Hui Autonomous Prefecture,2021,1485,,https://y.dxy.cn/hospital/2171
R000224,临夏州人民医院本部,临夏州人民医院,甘肃省,Gansu,临夏回族自治州,Linxia Hui Autonomous Prefecture,2023,1465,,https://www.xbmu.edu.cn/yxb/info/1011/8231.htm
R000225,陇南市第一人民医院,陇南市第一人民医院,甘肃省,Gansu,陇南市,Longnan,2020,1000,,http://gs.offcn.com/html/2020/03/146594.html
R000225,陇南市第一人民医院,陇南市第一人民医院,甘肃省,Gansu,陇南市,Longnan,2024,1000,,https://www.wushan.gov.cn/info/14311/1425262.htm
R000226,平凉市人民医院,甘肃医学院附属医院,甘肃省,Gansu,平凉市,Pingliang,2020,1845,,https://www.gsmc.edu.cn/info/1024/2490.htm
R000226,平凉市人民医院,甘肃医学院附属医院,甘肃省,Gansu,平凉市,Pingliang,2024,1831,,https://gsyxyfsyy.cn/about/intro
R000227,庆阳市人民医院本部,庆阳市人民医院,甘肃省,Gansu,庆阳市,Qingyang,2024,1760,,https://wsjk.zgqingyang.gov.cn/xwzx/dcdt/content_297547
R000228,庆阳市中医医院,庆阳市中医医院,甘肃省,Gansu,庆阳市,Qingyang,2021,1026,,https://wsjk.zgqingyang.gov.cn/xwzx/gggs/content_186935
R000229,天水市第二人民医院,天水市第二人民医院,甘肃省,Gansu,天水市,Tianshui,2023,1030,,https://www.maiji.gov.cn/info/7661/484522.htm
R000230,天水市第一人民医院,天水市第一人民医院,甘肃省,Gansu,天水市,Tianshui,2019,1500,,https://m.mingyihui.net/hospital_5227/
R000230,天水市第一人民医院,天水市第一人民医院,甘肃省,Gansu,天水市,Tianshui,2022,1500,,https://www.youlai.cn/yyk/hospindex/1919/hospintro.html
R000231,天水市中医医院,天水市中医医院,甘肃省,Gansu,天水市,Tianshui,2017,582,,https://www.tianshui.gov.cn/info/1631/866931.htm
R000232,甘肃省武威肿瘤医院中心院区,甘肃省武威肿瘤医院,甘肃省,Gansu,武威市,Wuwei,2019,1000,,https://www.chima.org.cn/Html/News/Articles/5033.html
R000232,甘肃省武威肿瘤医院中心院区,甘肃省武威肿瘤医院,甘肃省,Gansu,武威市,Wuwei,2020,1000,,https://y.dxy.cn/hospital/1184
R000233,武威市人民医院,武威市人民医院,甘肃省,Gansu,武威市,Wuwei,2023,1200,,https://s.dayi.org.cn/mip/s/hospital/1152213.html
R000234,河西学院附属张掖人民医院,河西学院附属张掖人民医院,甘肃省,Gansu,张掖市,Zhangye,2024,1300,,https://m.kanghuwang.com/gonglue/guahao4979/
R000235,潮州市中心医院,潮州市中心医院,广东省,Guangdong,潮州市,Chaozhou,2024,917,,https://www.chaozhou.gov.cn/zwgk/szfgz/srlzy/tzgg/content/mpost_3881336.html
R000236,东莞东华医院,东莞东华医院,广东省,Guangdong,东莞市,Dongguan,2015,1329,,https://news.sina.com.cn/o/2015-06-30/143932045000.shtml
R000236,东莞东华医院,东莞东华医院,广东省,Guangdong,东莞市,Dongguan,2016,1329,,https://dghb.dg.gov.cn/zfxxgkml/qt/gzdt/content/post_144527.html|https://health.baidu.com/doctordec/hosintro/1004612
R000237,东莞康华医院,东莞康华医院,广东省,Guangdong,东莞市,Dongguan,2024,1500,,https://fimmu.jobsys.cn/web/index/preach-detail?id=6010
R000238,东莞市第三人民医院,东莞市松山湖中心医院,广东省,Guangdong,东莞市,Dongguan,2014,1000,,https://m.51test.net/show/4468056
R000238,东莞市第三人民医院,东莞市松山湖中心医院,广东省,Guangdong,东莞市,Dongguan,2024,1200,,https://dghb.dg.gov.cn/attachment/0/268/268571/4165764.pdf
R000239,东莞市第五人民医院,东莞市滨海湾中心医院,广东省,Guangdong,东莞市,Dongguan,2014,900,,https://gdee.gd.gov.cn/attachment/0/359/359032/2339999.pdf
R000241,东莞市厚街医院,东莞市厚街医院,广东省,Guangdong,东莞市,Dongguan,2014,705,,https://www.haodf.com/hospital/3190737080/jieshao.html
R000241,东莞市厚街医院,东莞市厚街医院,广东省,Guangdong,东莞市,Dongguan,2017,705,,https://news.zhuyitai.com/16/0601/4144.html
R000242,东莞市人民医院(红楼院区),东莞市人民医院,广东省,Guangdong,东莞市,Dongguan,2017,1557,,https://news.ifeng.com/c/7fa7A2yP7O5|https://s.dayi.org.cn/mip/s/hospital/3115.html|https://www.med66.com/zhuyuanyishi/guangdong/yc1701205316.shtml
R000243,东莞市人民医院(普济院区),东莞市人民医院,广东省,Guangdong,东莞市,Dongguan,2017,800,,https://www.med66.com/zhuyuanyishi/guangdong/yc1701205316.shtml
R000243,东莞市人民医院(普济院区),东莞市人民医院,广东省,Guangdong,东莞市,Dongguan,2024,800,,https://pub.timedg.com/a/2024-03/28/AP6604d48ae4b08101e03c5ff8.html
R000244,广州中医药大学附属东莞中医院,东莞市中医院,广东省,Guangdong,东莞市,Dongguan,2018,955,,https://www.dg.gov.cn/304219773/0801/201811/f3adbc15409142f5928b6cd25b9ec4da/files/f17c8e98be5b494fb19123abe53bc017.pdf
R000244,广州中医药大学附属东莞中医院,东莞市中医院,广东省,Guangdong,东莞市,Dongguan,2019,955,,https://www.dg.gov.cn/304219773/0801/201811/f3adbc15409142f5928b6cd25b9ec4da/files/f17c8e98be5b494fb19123abe53bc017.pdf
R000244,广州中医药大学附属东莞中医院,东莞市中医院,广东省,Guangdong,东莞市,Dongguan,2021,955,,https://www.9453job.com/resource/article_191324.html
R000244,广州中医药大学附属东莞中医院,东莞市中医院,广东省,Guangdong,东莞市,Dongguan,2023,955,,https://www.youlai.cn/yyk/hospindex/2280/hospintro.html
R000244,广州中医药大学附属东莞中医院,东莞市中医院,广东省,Guangdong,东莞市,Dongguan,2024,955,,https://9453job.com/a/261151.html
R000245,广州中医药大学附属东莞中医院莞城分院,东莞市中医院,广东省,Guangdong,东莞市,Dongguan,2018,333,,https://www.dg.gov.cn/304219773/0801/201811/f3adbc15409142f5928b6cd25b9ec4da/files/f17c8e98be5b494fb19123abe53bc017.pdf
R000245,广州中医药大学附属东莞中医院莞城分院,东莞市中医院,广东省,Guangdong,东莞市,Dongguan,2019,333,,https://hospital.51daifu.com/hos262/introduce.shtml
R000245,广州中医药大学附属东莞中医院莞城分院,东莞市中医院,广东省,Guangdong,东莞市,Dongguan,2022,545,,https://www.jd.com/hospital/disease/15010074866_28782
R000245,广州中医药大学附属东莞中医院莞城分院,东莞市中医院,广东省,Guangdong,东莞市,Dongguan,2024,545,,https://9453job.com/a/261151.html|https://www.yijiaanjv.com/index/news/detail/id/732.html
R000246,佛山复星禅诚医院,佛山复星禅诚医院,广东省,Guangdong,佛山市,Foshan,2021,1200,,https://www.fosun.com/content/details46_1092.html
R000246,佛山复星禅诚医院,佛山复星禅诚医院,广东省,Guangdong,佛山市,Foshan,2023,1750,,https://www.fsccyy.com/uploads/20231020/52ab9924d9418836a0c24d72bf32fab6.pdf
R000246,佛山复星禅诚医院,佛山复星禅诚医院,广东省,Guangdong,佛山市,Foshan,2024,1750,,https://www.fsccyy.com/wsz/info/1022/1091.htm
R000248,佛山市第二人民医院,佛山市第二人民医院,广东省,Guangdong,佛山市,Foshan,2022,1038,,https://faxing.jkb.com.cn/home/index/download.html?goods=1&item=859537&name=jkb&page=1389100198
R000248,佛山市第二人民医院,佛山市第二人民医院,广东省,Guangdong,佛山市,Foshan,2024,980,,https://foshan.ifeng.com/c/8al0RqBWPo7
R000249,佛山市第一人民医院,佛山市第一人民医院,广东省,Guangdong,佛山市,Foshan,2014,1850,,http://gd.offcn.com/html/2014/11/39426.html
R000249,佛山市第一人民医院,佛山市第一人民医院,广东省,Guangdong,佛山市,Foshan,2022,2700,,https://lnjyxy.bysjy.com.cn/detail/company?company_id=485015
R000253,佛山市三水区人民医院,佛山市三水区人民医院,广东省,Guangdong,佛山市,Foshan,2020,1200,,https://www.sshospital.cn/html/YiYuanGaiKuang/gaikuang/
R000254,佛山市中医院,佛山市中医院,广东省,Guangdong,佛山市,Foshan,2020,2550,,https://www.fshtcm.com.cn/zyy2023/rczp/202303/t20230315_6401151.html
R000254,佛山市中医院,佛山市中医院,广东省,Guangdong,佛山市,Foshan,2024,1900,,https://health.baidu.com/doctordec/hosintro/1000304
R000255,广东省中西医结合医院,广东省中西医结合医院,广东省,Guangdong,佛山市,Foshan,2017,850,,https://szyyj.gd.gov.cn/attachements/2019/01/03/a9900b7c6873b2adb09594c2a8fb10a9.pdf
R000255,广东省中西医结合医院,广东省中西医结合医院,广东省,Guangdong,佛山市,Foshan,2019,850,,https://szyyj.gd.gov.cn/attachements/2019/01/03/a9900b7c6873b2adb09594c2a8fb10a9.pdf
R000257,广州中医药大学顺德医院,广州中医药大学顺德医院,广东省,Guangdong,佛山市,Foshan,2019,950,,https://gd.huatu.com/ylws/2019/0329/1609915.html
R000257,广州中医药大学顺德医院,广州中医药大学顺德医院,广东省,Guangdong,佛山市,Foshan,2024,1117,,https://yzp.cn/zhaopingonggao/111851.html
R000258,南方医科大学附属南海人民医院,南方医科大学附属南海人民医院,广东省,Guangdong,佛山市,Foshan,2020,800,,https://www.yanke360.com/a91df100-a0b8-0a37-50ac-6552cdb84db5/6f7e137e-b916-4e66-80c8-e430e085e0f7.shtml
R000258,南方医科大学附属南海人民医院,南方医科大学附属南海人民医院,广东省,Guangdong,佛山市,Foshan,2022,1328,,https://www.sohu.com/a/605178650_161794
R000259,南方医科大学顺德医院,南方医科大学顺德医院,广东省,Guangdong,佛山市,Foshan,2024,2200,,https://www.sdrmyy.com/v-7-17835.aspx
R000260,广东三九脑科医院,广东三九脑科医院,广东省,Guangdong,广州市,Guangzhou,2015,600,,https://wap.91360.com/201509/47/508.html
R000260,广东三九脑科医院,广东三九脑科医院,广东省,Guangdong,广州市,Guangzhou,2016,600,,https://www.dklongjoin.com/case/showimg.php?id=92
R000260,广东三九脑科医院,广东三九脑科医院,广东省,Guangdong,广州市,Guangzhou,2021,600,,https://pdf.dfcfw.com/pdf/H3_AP202305061586329543_1.pdf
R000260,广东三九脑科医院,广东三九脑科医院,广东省,Guangdong,广州市,Guangzhou,2023,600,,https://pdf.dfcfw.com/pdf/H3_AP202305061586329543_1.pdf
R000261,广东省第二人民医院,广东省第二人民医院,广东省,Guangdong,广州市,Guangzhou,2023,1730,,https://img.chemsoc.org.cn/web/2023/07/%E7%AC%AC%E5%8D%81%E5%85%AD%E5%B1%8A%E7%94%9F%E7%89%A9%E6%97%A0%E6%9C%BA%E5%8C%96%E5%AD%A6%E4%BC%9A%E8%AE%AE%E6%89%8B%E5%86%8C%28%E5%B9%BF%E5%B7%9E%29%281%29.pdf
R000261,广东省第二人民医院,广东省第二人民医院,广东省,Guangdong,广州市,Guangzhou,2024,1730,,https://sthjj.gz.gov.cn/attachment/7/7902/7902853/10485257.pdf
R000266,广东省中医院大德路总院,广东省中医院,广东省,Guangdong,广州市,Guangzhou,2015,981,,https://www.gz.gov.cn/gzgov/756/201804/b3d6b42351c44de799f44dbe4b9141e0/files/3462ea23b91246c4a8e581d62a737182.pdf
R000267,广东省中医院二沙岛医院,广东省中医院,广东省,Guangdong,广州市,Guangzhou,2015,250,,https://www.gz.gov.cn/gzgov/756/201804/b3d6b42351c44de799f44dbe4b9141e0/files/3462ea23b91246c4a8e581d62a737182.pdf
R000267,广东省中医院二沙岛医院,广东省中医院,广东省,Guangdong,广州市,Guangzhou,2023,250,,https://www.gdhtcm.com/vancheerfile/files/2023/6/20230619114242747.pdf
R000268,广东省中医院芳村医院,广东省中医院,广东省,Guangdong,广州市,Guangzhou,2015,500,,https://m.mingyihui.net/hospital_5481.html
R000269,广东药科大学附属第一医院,广东药科大学附属第一医院,广东省,Guangdong,广州市,Guangzhou,2018,837,,https://gy120.net/newsshow.asp?articleid=4359
R000271,广州市第一人民医院,广州市第一人民医院,广东省,Guangdong,广州市,Guangzhou,2021,2970,,https://www.med66.com/zhuyuanyishi/guangdong/li2208176380.shtml|https://yjs.smu.edu.cn/info/1166/6803.htm
R000271,广州市第一人民医院,广州市第一人民医院,广东省,Guangdong,广州市,Guangzhou,2025,2970,,https://www.gzhosp.cn/info/1560/85401.htm
R000273,广州市番禺区中心医院,广州市番禺区中心医院,广东省,Guangdong,广州市,Guangzhou,2014,1155,,https://www.51test.net/show/5004862.html
R000273,广州市番禺区中心医院,广州市番禺区中心医院,广东省,Guangdong,广州市,Guangzhou,2023,1534,,https://www.pyhospital.com.cn/show_list.php?id=17
R000273,广州市番禺区中心医院,广州市番禺区中心医院,广东省,Guangdong,广州市,Guangzhou,2024,1385,,https://m.mingyihui.net/doctor_439632.html
R000274,广州市番禺区中医院,广州市番禺区中医院,广东省,Guangdong,广州市,Guangzhou,2018,828,,https://www.ylzhaopin.com/news/61854.html
R000275,广州市妇女儿童医疗中心,广州市妇女儿童医疗中心,广东省,Guangdong,广州市,Guangzhou,2022,1800,,https://www.med66.com/zhuyuanyishi/guangdong/li2208173128.shtml
R000275,广州市妇女儿童医疗中心,广州市妇女儿童医疗中心,广东省,Guangdong,广州市,Guangzhou,2024,2400,,https://www.jd.com/hospital/department/15010072104-7300242
R000277,广州市红十字会医院,广州市红十字会医院,广东省,Guangdong,广州市,Guangzhou,2021,1500,,http://rad.sdfmu.edu.cn/info/1039/2551.htm
R000277,广州市红十字会医院,广州市红十字会医院,广东省,Guangdong,广州市,Guangzhou,2024,1650,,https://huacheng.gz-cmc.com/pages/2024/11/09/SF128926411be368b272c0413497517f.html
R000279,广州医科大学附属第二医院,广州医科大学附属第二医院,广东省,Guangdong,广州市,Guangzhou,2017,2500,,https://news.gzhmu.edu.cn/info/1039/5977.htm
R000279,广州医科大学附属第二医院,广州医科大学附属第二医院,广东省,Guangdong,广州市,Guangzhou,2024,2500,,https://tw.gzhmu.edu.cn/info/1022/6806.htm
R000280,广州医科大学附属第三医院,广州医科大学附属第三医院,广东省,Guangdong,广州市,Guangzhou,2017,1000,,https://www.51test.net/show/8106148.html
R000280,广州医科大学附属第三医院,广州医科大学附属第三医院,广东省,Guangdong,广州市,Guangzhou,2021,1000,,https://www.med66.com/zhuyuanyishi/jidi/bi2103055762.shtml
R000281,广州医科大学附属第一医院,广州医科大学附属第一医院,广东省,Guangdong,广州市,Guangzhou,2020,1300,,https://www.gz.gov.cn/attachment/7/7953/7953029/10638725.pdf
R000282,广州医科大学附属第一医院(大坦沙院区),广州医科大学附属第一医院,广东省,Guangdong,广州市,Guangzhou,2021,1200,,https://huacheng.gz-cmc.com/pages/2021/12/24/d893858c1b4f403a95dbb9ed2d4e49fa.html
R000282,广州医科大学附属第一医院(大坦沙院区),广州医科大学附属第一医院,广东省,Guangdong,广州市,Guangzhou,2023,1200,,https://www.lw.gov.cn/attachment/7/7249/7249239/8851700.pdf
R000283,广州医科大学附属脑科医院,广州医科大学附属脑科医院,广东省,Guangdong,广州市,Guangzhou,2014,1920,,https://www.kkgwy.com/zk/sy/2014/06/16/26487.html
R000283,广州医科大学附属脑科医院,广州医科大学附属脑科医院,广东省,Guangdong,广州市,Guangzhou,2018,1920,,https://yyk.99.com.cn/liwan/70014/jianjie.html
R000283,广州医科大学附属脑科医院,广州医科大学附属脑科医院,广东省,Guangdong,广州市,Guangzhou,2019,1920,,https://gd.huatu.com/ylws/2019/0505/1619902.html
R000283,广州医科大学附属脑科医院,广州医科大学附属脑科医院,广东省,Guangdong,广州市,Guangzhou,2020,1920,,https://www.gzbrain.cn/zpgw/info_itemid_8.html
R000284,广州医科大学附属中医医院,广州医科大学附属中医医院,广东省,Guangdong,广州市,Guangzhou,2023,1200,open,https://www.thnet.gov.cn/attachment/7/7825/7825985/10291286.pdf
R000285,广州医科大学附属肿瘤医院,广州医科大学附属肿瘤医院,广东省,Guangdong,广州市,Guangzhou,2025,1000,,https://www.gzcancer.com.cn/yyjs/yyjj.htm
R000287,广州中医药大学第一附属医院,广州中医药大学第一附属医院,广东省,Guangdong,广州市,Guangzhou,2014,1400,,https://m.piccc.com/piccc/html/zhuanti/yiyaozixun/2014/1031/46724.html
R000287,广州中医药大学第一附属医院,广州中医药大学第一附属医院,广东省,Guangdong,广州市,Guangzhou,2016,2200,,https://health.people.com.cn/n1/2016/1216/c408916-28955793.html
R000287,广州中医药大学第一附属医院,广州中医药大学第一附属医院,广东省,Guangdong,广州市,Guangzhou,2020,2200,,https://www.gz.gov.cn/attachment/7/7953/7953029/10638725.pdf
R000288,广州中医药大学附属骨伤科医院,广州中医药大学第三附属医院,广东省,Guangdong,广州市,Guangzhou,2024,140,,https://y.dxy.cn/hospital/711
R000289,暨南大学医学院第一附属医院,暨南大学医学院第一附属医院,广东省,Guangdong,广州市,Guangzhou,2021,1922,,https://news.southcn.com/node_d9f3d1280b/96a04c73c7.shtml
R000291,南方医科大学第三附属医院,南方医科大学第三附属医院,广东省,Guangdong,广州市,Guangzhou,2021,1500,,https://static.nfnews.com/content/202109/30/c5797668.html?enterColumnId=14|https://www.smu.edu.cn/info/1139/13730.htm
R000292,南方医科大学第五附属医院,南方医科大学第五附属医院,广东省,Guangdong,广州市,Guangzhou,2020,1200,,https://y.dxy.cn/hospital/1418/
R000294,南方医科大学口腔医院,南方医科大学口腔医院,广东省,Guangdong,广州市,Guangzhou,2020,50,,https://www.smukqyy.cn/details/1615
R000294,南方医科大学口腔医院,南方医科大学口腔医院,广东省,Guangdong,广州市,Guangzhou,2025,50,,https://www.smukqyy.cn/message/243
R000294,南方医科大学口腔医院,南方医科大学口腔医院,广东省,Guangdong,广州市,Guangzhou,2026,50,,https://www.smukqyy.cn/message/243
R000295,南方医科大学南方医院,南方医科大学南方医院,广东省,Guangdong,广州市,Guangzhou,2014,2225,,https://csp.ncmi.cn/UsersInfo/UserUnit/UserUnitDetailWeb?uid=01828
R000295,南方医科大学南方医院,南方医科大学南方医院,广东省,Guangdong,广州市,Guangzhou,2018,2225,,https://www.smu.edu.cn/info/1139/4031.htm
R000296,南方医科大学南方医院(增城院区),南方医科大学南方医院,广东省,Guangdong,广州市,Guangzhou,2018,516,,https://www.nfyyzcfy.com/wap/zpgg/info_155.aspx?itemid=568
R000296,南方医科大学南方医院(增城院区),南方医科大学南方医院,广东省,Guangdong,广州市,Guangzhou,2024,516,,https://news.dayoo.com/guangzhou/202403/27/139995_54647797.htm|https://www.nfyyzcfy.com/cn/yyjs/index_3.aspx|https://www.smu.edu.cn/info/1139/33879.htm
R000297,南方医科大学皮肤病医院,南方医科大学皮肤病医院,广东省,Guangdong,广州市,Guangzhou,2024,103,,https://ep.ycwb.com/epaper/ycwb/resfile/2024-12-06/A04/ycwb20241206A04.pdf
R000298,南方医科大学中西医结合医院,南方医科大学中西医结合医院,广东省,Guangdong,广州市,Guangzhou,2020,828,,http://www.fimmu.com/info/1141/10179.htm
R000299,南方医科大学珠江医院,南方医科大学珠江医院,广东省,Guangdong,广州市,Guangzhou,2016,2300,,https://www.lindalemus.com/zhuyuan/2016/20160202145026_1168592.shtml
R000299,南方医科大学珠江医院,南方医科大学珠江医院,广东省,Guangdong,广州市,Guangzhou,2021,2600,,https://www.jobmd.cn/company/jobs/329017.htm
R000299,南方医科大学珠江医院,南方医科大学珠江医院,广东省,Guangdong,广州市,Guangzhou,2023,3500,,https://www.weirenjob.com/article/230718/1106277.shtml
R000300,祈福医院,广东祈福医院,广东省,Guangdong,广州市,Guangzhou,2022,3000,,http://www.9191mr.com/hosp-15868/description/
R000300,祈福医院,广东祈福医院,广东省,Guangdong,广州市,Guangzhou,2024,3000,,https://www.clifford-hospital.org/news/index_11489.html
R000303,中山大学孙逸仙纪念医院沿江院区,中山大学孙逸仙纪念医院,广东省,Guangdong,广州市,Guangzhou,2021,500,,https://www.nhc.gov.cn/wjw/c100175/202102/0d7e070b62ab488993f29674084bf12d.shtml
R000304,中山大学孙逸仙纪念医院南洲院区,中山大学孙逸仙纪念医院,广东省,Guangdong,广州市,Guangzhou,2015,980,,https://www.sysu.edu.cn/news/info/2161/617121.htm
R000304,中山大学孙逸仙纪念医院南洲院区,中山大学孙逸仙纪念医院,广东省,Guangdong,广州市,Guangzhou,2020,980,,https://www.gz.gov.cn/gzgov/756/201804/b3d6b42351c44de799f44dbe4b9141e0/files/3462ea23b91246c4a8e581d62a737182.pdf|https://www.gzsys.org.cn/search?keys=&keyword=&page=303&sort_by=search_api_relevance&sort_order=DESC
R000305,中山大学附属第六医院,中山大学附属第六医院,广东省,Guangdong,广州市,Guangzhou,2023,1500,,https://www.sysu6h.cn/media/10580/download?attachment=
R000306,中山大学附属第三医院,中山大学附属第三医院,广东省,Guangdong,广州市,Guangzhou,2019,1800,,https://static.medmeeting.org/Upload/user/1663501/file/20191104/20191104225317_0549.pdf
R000306,中山大学附属第三医院,中山大学附属第三医院,广东省,Guangdong,广州市,Guangzhou,2023,2000,,https://rcb.sysu.edu.cn/article/451
R000307,中山大学附属第一医院,中山大学附属第一医院,广东省,Guangdong,广州市,Guangzhou,2021,2756,,https://www.nhc.gov.cn/wjw/c100175/202102/c6ff4f2cf5c241a5af3cd1ef6fc3e43a.shtml
R000308,中山大学附属第一医院黄埔院区,中山大学附属第一医院,广东省,Guangdong,广州市,Guangzhou,2015,566,,https://www.gz.gov.cn/attachment/7/7953/7953029/10638725.pdf
R000308,中山大学附属第一医院黄埔院区,中山大学附属第一医院,广东省,Guangdong,广州市,Guangzhou,2021,560,,https://www.fahsysu.org.cn/article/24355
R000308,中山大学附属第一医院黄埔院区,中山大学附属第一医院,广东省,Guangdong,广州市,Guangzhou,2022,560,,https://www.fahsysu.org.cn/article/28457
R000308,中山大学附属第一医院黄埔院区,中山大学附属第一医院,广东省,Guangdong,广州市,Guangzhou,2023,560,,https://static.nfnews.com/content/202310/20/c8213876.html
R000309,中山大学附属口腔医院,中山大学附属口腔医院,广东省,Guangdong,广州市,Guangzhou,2018,58,,http://news.ycwb.com/2018-07/11/content_30044415.htm
R000309,中山大学附属口腔医院,中山大学附属口腔医院,广东省,Guangdong,广州市,Guangzhou,2024,57,,http://www.yuexiu.gov.cn/hbzl/xzxk/content/post_10026308.html
R000310,中山大学附属眼科医院,中山大学附属眼科医院,广东省,Guangdong,广州市,Guangzhou,2019,508,,https://static.medmeeting.org/Upload/user/393217/file/20190420/20190420175422_0746.pdf
R000310,中山大学附属眼科医院,中山大学附属眼科医院,广东省,Guangdong,广州市,Guangzhou,2023,508,,https://pdf.dfcfw.com/pdf/H3_AP202307311592910876_1.pdf
R000311,中山大学附属肿瘤医院,中山大学附属肿瘤医院,广东省,Guangdong,广州市,Guangzhou,2014,1490,,https://www.sysucc.org.cn/node/324
R000311,中山大学附属肿瘤医院,中山大学附属肿瘤医院,广东省,Guangdong,广州市,Guangzhou,2023,1505,,https://www.sysucc.org.cn/node/7389
R000312,中山大学附属肿瘤医院(黄埔院区),中山大学附属肿瘤医院,广东省,Guangdong,广州市,Guangzhou,2021,633,,https://www.sysucc.org.cn/node/1374
R000312,中山大学附属肿瘤医院(黄埔院区),中山大学附属肿瘤医院,广东省,Guangdong,广州市,Guangzhou,2022,650,,https://www.sysucc.org.cn/hpyq
R000313,河源市人民医院,河源市人民医院,广东省,Guangdong,河源市,Heyuan,2024,1486,,https://y.dxy.cn/hospital/1108
R000314,广州中医药大学惠州医院,惠州市中医院,广东省,Guangdong,惠州市,Huizhou,2024,500,,https://3g.kq36.com/25/23d507f153c2406cb6b0644e521ff4e1
R000315,广州中医药大学惠州医院菱湖院区,惠州市中医院,广东省,Guangdong,惠州市,Huizhou,2014,400,,https://huizhou.bendibao.com/live/201442/76190.shtm
R000315,广州中医药大学惠州医院菱湖院区,惠州市中医院,广东省,Guangdong,惠州市,Huizhou,2015,400,,https://www.mebo.com/detail/index/sign/a0420f8638eac8754ab6bbc993b6d1c3.html
R000315,广州中医药大学惠州医院菱湖院区,惠州市中医院,广东省,Guangdong,惠州市,Huizhou,2020,400,,https://m.360lj.com/ask/question-782458.html
R000317,惠州市第三人民医院,惠州市第三人民医院,广东省,Guangdong,惠州市,Huizhou,2018,1600,,https://www.jiusongjiankang.com/health/question/2825192.html
R000320,惠州市中心人民医院,惠州市中心人民医院,广东省,Guangdong,惠州市,Huizhou,2024,2000,,https://www.hznews.com/sz/202409/t20240902_1568694.shtml
R000321,江门市人民医院,江门市人民医院,广东省,Guangdong,江门市,Jiangmen,2016,680,,http://www.100jkw.net/jk/2016/09/91658.html
R000321,江门市人民医院,江门市人民医院,广东省,Guangdong,江门市,Jiangmen,2023,900,,https://www.jiangmen.gov.cn/attachment/0/323/323006/3174651.pdf
R000322,江门市五邑中医院,江门市五邑中医院,广东省,Guangdong,江门市,Jiangmen,2024,1395,,https://jiangmen.huatu.com/2024/1021/8780917.html|https://www.jiangmen.gov.cn/newzwgk/rsxx/sydwzp/content/post_3188205.html
R000323,开平市中心医院,开平市中心医院,广东省,Guangdong,江门市,Jiangmen,2020,1150,,https://www.viptijian.com/0750/kpszxyy-introduce
R000323,开平市中心医院,开平市中心医院,广东省,Guangdong,江门市,Jiangmen,2022,1500,,https://www.viptijian.com/0750/gonglue/202202394903.html
R000325,揭阳市人民医院,揭阳市人民医院,广东省,Guangdong,揭阳市,Jieyang,2014,1200,,https://wap.ynpxrz.com/n728094c1956.aspx
R000326,普宁华侨医院,普宁华侨医院,广东省,Guangdong,揭阳市,Jieyang,2018,1100,,http://gd.huatu.com/ylws/2018/1126/1578697.html
R000327,普宁市人民医院,普宁市人民医院,广东省,Guangdong,揭阳市,Jieyang,2020,2300,,https://gdee.gd.gov.cn/attachment/0/392/392641/2994718.PDF
R000327,普宁市人民医院,普宁市人民医院,广东省,Guangdong,揭阳市,Jieyang,2022,1600,,https://www.pnsrmyy.com/article/view/622
R000328,普宁市中医院,普宁市中医医院,广东省,Guangdong,揭阳市,Jieyang,2018,800,,https://baike.baidu.com/item/%E6%99%AE%E5%AE%81%E5%B8%82%E4%B8%AD%E5%8C%BB%E9%99%A2/7147966
R000328,普宁市中医院,普宁市中医医院,广东省,Guangdong,揭阳市,Jieyang,2022,1000,,http://www.zjkju.edu.cn/tcm/info/1074/3171.htm
R000329,高州市人民医院,高州市人民医院,广东省,Guangdong,茂名市,Maoming,2014,3100,,https://gdxk.southcn.com/mm/gzsk/zsnj/content/post_365649.html
R000329,高州市人民医院,高州市人民医院,广东省,Guangdong,茂名市,Maoming,2015,3100,,https://gdxk.southcn.com/mm/gzsk/zsnj/content/post_365649.html
R000329,高州市人民医院,高州市人民医院,广东省,Guangdong,茂名市,Maoming,2016,3000,,https://news.zhuyitai.com/17/0504/dac0acf5087541149d1d9a9a56a4281e.html
R000329,高州市人民医院,高州市人民医院,广东省,Guangdong,茂名市,Maoming,2018,3000,,https://csp.ncmi.cn/WebManage/StrokeRecognition/CzdtUUDetailWeb?uid=03236
R000330,高州市中医院,茂名市高州市中医院,广东省,Guangdong,茂名市,Maoming,2007,,relocated,https://gzszyy.com.cn/site/about?groups_id=364
R000330,高州市中医院,茂名市高州市中医院,广东省,Guangdong,茂名市,Maoming,2024,1500,,https://gzszyy.com.cn/site/about?groups_id=364
R000331,茂名市中医院,茂名市中医院,广东省,Guangdong,茂名市,Maoming,2022,1200,,https://gdhvc.edu.cn/uploads/soft/221010/1665409448711052.pdf
R000332,梅州市第二中医院,梅州市第二中医医院,广东省,Guangdong,梅州市,Meizhou,2017,495,,https://www.governbond.org.cn/uploadFiles/44/attachFiles/202306/bf9e8e9f-8c4e-432c-8fce-388f0cb9287f.pdf
R000332,梅州市第二中医院,梅州市第二中医医院,广东省,Guangdong,梅州市,Meizhou,2018,495,,https://www.governbond.org.cn/uploadFiles/44/attachFiles/202306/bf9e8e9f-8c4e-432c-8fce-388f0cb9287f.pdf
R000332,梅州市第二中医院,梅州市第二中医医院,广东省,Guangdong,梅州市,Meizhou,2019,495,,https://www.governbond.org.cn/uploadFiles/44/attachFiles/202306/bf9e8e9f-8c4e-432c-8fce-388f0cb9287f.pdf
R000333,梅州市人民医院,梅州市人民医院,广东省,Guangdong,梅州市,Meizhou,2020,2810,,https://www.meizhou.gov.cn/attachment/0/130/130377/2231557.pdf
R000335,清远市人民医院,清远市人民医院,广东省,Guangdong,清远市,Qingyuan,2015,2580,,https://www.med66.com/yixuebaike/yixuewanhuatong/lm1510107030.shtml
R000336,清远市中医院,清远市中医院,广东省,Guangdong,清远市,Qingyuan,2024,851,,https://www.gdqy.gov.cn/attachment/0/147/147955/1838356.pdf
R000337,汕头大学医学院第二附属医院,汕头大学医学院第二附属医院,广东省,Guangdong,汕头市,Shantou,2017,1300,,https://m.dayi.org.cn/hospital/1817
R000337,汕头大学医学院第二附属医院,汕头大学医学院第二附属医院,广东省,Guangdong,汕头市,Shantou,2022,1585,,https://mgd.yixue99.com/2022/0525/41405.html
R000338,汕头大学医学院第一附属医院,汕头大学医学院第一附属医院,广东省,Guangdong,汕头市,Shantou,2019,1816,,http://shenzhen.huatu.com/20190314/1605066.html
R000338,汕头大学医学院第一附属医院,汕头大学医学院第一附属医院,广东省,Guangdong,汕头市,Shantou,2024,1805,,https://health.baidu.com/doctordec/hospital/1006189
R000339,汕头市中心医院,汕头市中心医院,广东省,Guangdong,汕头市,Shantou,2021,2101,,https://www.shantou.gov.cn/stswsj/attachment/0/71/71754/1878725.pdf
R000339,汕头市中心医院,汕头市中心医院,广东省,Guangdong,汕头市,Shantou,2022,2184,,https://www.sthospital.com/view_news.aspx?id=7647
R000341,汕头市中医医院西院区,汕头市中医医院,广东省,Guangdong,汕头市,Shantou,2024,200,,https://www.shantou.gov.cn/stswsj/attachment/0/41/41825/1964421.PDF
R000343,广东医科大学附属韶关医院,广东医科大学附属韶关医院,广东省,Guangdong,韶关市,Shaoguan,2016,995,,https://zh.wikipedia.org/wiki/%E9%9F%B6%E5%85%B3%E5%B8%82%E7%AC%AC%E4%B8%80%E4%BA%BA%E6%B0%91%E5%8C%BB%E9%99%A2
R000343,广东医科大学附属韶关医院,广东医科大学附属韶关医院,广东省,Guangdong,韶关市,Shaoguan,2023,995,,https://www.sg.gov.cn/zw/zdlyxxgk/ylwsjg/sgsdyrmyy/ywgk/yljggk/content/post_2559761.html
R000343,广东医科大学附属韶关医院,广东医科大学附属韶关医院,广东省,Guangdong,韶关市,Shaoguan,2024,995,,https://www.sg.gov.cn/zw/zdlyxxgk/ylwsjg/sgsdyrmyy/ywgk/yljggk/content/post_2703962.html
R000343,广东医科大学附属韶关医院,广东医科大学附属韶关医院,广东省,Guangdong,韶关市,Shaoguan,2025,995,,https://www.sg.gov.cn/zw/zdlyxxgk/ylwsjg/sgsdyrmyy/ywgk/yljggk/content/post_2804539.html
R000344,汕头大学医学院附属粤北人民医院,汕头大学医学院附属粤北人民医院,广东省,Guangdong,韶关市,Shaoguan,2017,2993,,http://ylws.huatu.com/yldw_zkxx/20171110/1604106.html|https://y.dxy.cn/hospital/977/
R000345,北京大学深圳医院,北京大学深圳医院,广东省,Guangdong,深圳市,Shenzhen,2022,1832,,https://m.youlai.cn/yyk/hospindex/2241/hospintro.html
R000345,北京大学深圳医院,北京大学深圳医院,广东省,Guangdong,深圳市,Shenzhen,2024,1851,,https://szzyy.wsglw.net/UpFile/adjunctfile/2024/12/59529c03a9a7415cbca962f6265d5624.pdf
R000346,广州中医药大学深圳医院,广州中医药大学深圳医院（福田）,广东省,Guangdong,深圳市,Shenzhen,2020,587,,https://www.szft.gov.cn/attachment/1/1186/1186808/8569973.pdf
R000346,广州中医药大学深圳医院,广州中医药大学深圳医院（福田）,广东省,Guangdong,深圳市,Shenzhen,2024,1009,,https://www.sz.gov.cn/hospital/ftqyy/ftqzyy/content/post_9367272.html
R000347,暨南大学医学院深圳眼科中心,暨南大学医学院深圳眼科中心,广东省,Guangdong,深圳市,Shenzhen,2024,200,,https://3g.kq36.com/25/748165acc9e2460ca348d23dd8385d47
R000348,南方医科大学深圳医院,南方医科大学深圳医院,广东省,Guangdong,深圳市,Shenzhen,2021,1101,,https://health.sznews.com/content/2021-01/11/content_23880480.htm
R000348,南方医科大学深圳医院,南方医科大学深圳医院,广东省,Guangdong,深圳市,Shenzhen,2022,1101,,https://wjw.sz.gov.cn/attachment/1/1368/1368795/10878283.pdf
R000348,南方医科大学深圳医院,南方医科大学深圳医院,广东省,Guangdong,深圳市,Shenzhen,2024,1101,,https://www.weibo.com/ttarticle/p/show?id=2309405102390461464712
R000350,深圳龙城医院,深圳龙城医院,广东省,Guangdong,深圳市,Shenzhen,2023,670,,https://www.mingyipin.cn/job/index.php?c=comapply&id=28580
R000350,深圳龙城医院,深圳龙城医院,广东省,Guangdong,深圳市,Shenzhen,2024,500,,https://npo39487w.npoall.com/news/itemid-57619.html
R000352,深圳市宝安区中医院,深圳市宝安区中医院,广东省,Guangdong,深圳市,Shenzhen,2015,500,,https://www.bawjxt.net/baqzyy/yygk/yyjj/index.html
R000352,深圳市宝安区中医院,深圳市宝安区中医院,广东省,Guangdong,深圳市,Shenzhen,2024,945,,https://www.bawjxt.net/attachment/0/72/72149/1149712.pdf
R000353,深圳市第八人民医院,深圳市第八人民医院,广东省,Guangdong,深圳市,Shenzhen,2021,995,,https://www.bawjxt.net/attachment/0/59/59083/911243.pdf
R000354,深圳市第二人民医院,深圳市第二人民医院,广东省,Guangdong,深圳市,Shenzhen,2019,1835,,https://wjw.sz.gov.cn/gkmlpt/content/5/5546/post_5546760.html
R000354,深圳市第二人民医院,深圳市第二人民医院,广东省,Guangdong,深圳市,Shenzhen,2024,1910,,https://www.szrch.com.cn/ksdh/ksjs/qt/ywlcsyjg/content/post_1226767.html
R000355,深圳市第六人民医院,深圳市第六人民医院,广东省,Guangdong,深圳市,Shenzhen,2017,1100,,https://s.dayi.org.cn/mip/s/hospital/1128633.html
R000356,深圳市第三人民医院,深圳市第三人民医院,广东省,Guangdong,深圳市,Shenzhen,2019,1600,,https://y.dxy.cn/hospital/1067
R000358,深圳市儿童医院,深圳市儿童医院,广东省,Guangdong,深圳市,Shenzhen,2023,1331,,https://www.sz.gov.cn/hospital/ssyy/szetyy/content/post_9384153.html
R000358,深圳市儿童医院,深圳市儿童医院,广东省,Guangdong,深圳市,Shenzhen,2024,1331,,https://wjw.sz.gov.cn/attachment/1/1431/1431068/11201943.pdf
R000359,深圳市儿童医院(龙华院区),深圳市儿童医院,广东省,Guangdong,深圳市,Shenzhen,2024,1500,,https://www.sz.gov.cn/szzt2010/wgkzl/zxgk/zxgcgk/content/post_11689688.html
R000362,深圳市康宁医院(罗湖院区),深圳市康宁医院,广东省,Guangdong,深圳市,Shenzhen,2020,330,,https://www.sz.gov.cn/attachment/1/1178/1178626/9272745.pdf
R000363,深圳市康宁医院(坪山院区),深圳市康宁医院,广东省,Guangdong,深圳市,Shenzhen,2019,,open,https://www.sohu.com/a/285176095_161795|https://www.szknyy.com/yg/xwzx/rsxx/content/post_1081060.html
R000363,深圳市康宁医院(坪山院区),深圳市康宁医院,广东省,Guangdong,深圳市,Shenzhen,2020,1200,,https://www.sz.gov.cn/attachment/1/1178/1178626/9272745.pdf
R000364,深圳市龙岗区人民医院,深圳市龙岗区人民医院,广东省,Guangdong,深圳市,Shenzhen,2022,738,,https://www.lg.gov.cn/attachment/1/1395/1395551/11059257.pdf
R000365,深圳市龙岗区中医院,北京中医药大学深圳医院（龙岗）,广东省,Guangdong,深圳市,Shenzhen,2024,550,,http://baike.sogou.com/v208888694.htm?fromTitle=%E5%8C%97%E4%BA%AC%E4%B8%AD%E5%8C%BB%E8%8D%AF%E5%A4%A7%E5%AD%A6%E6%B7%B1%E5%9C%B3%E5%8C%BB%E9%99%A2%28%E9%BE%99%E5%B2%97%29
R000367,深圳市罗湖区中医院,深圳市罗湖区中医院,广东省,Guangdong,深圳市,Shenzhen,2022,400,,https://www.szlh.gov.cn/lhfzhgjj/gkmlpt/content/9/9769/post_9769753.html
R000369,深圳市人民医院,深圳市人民医院,广东省,Guangdong,深圳市,Shenzhen,2019,2043,,https://gd.huatu.com/ylws/2019/0521/1628703.html
R000370,深圳市人民医院龙华分院,深圳市人民医院,广东省,Guangdong,深圳市,Shenzhen,2024,1000,,https://wjw.sz.gov.cn/wzx/content/post_11923362.html
R000371,深圳市孙逸仙心血管医院,深圳市孙逸仙心血管医院,广东省,Guangdong,深圳市,Shenzhen,2023,600,,https://wjw.sz.gov.cn/attachment/1/1493/1493945/11621417.pdf
R000372,深圳市中医院,深圳市中医院,广东省,Guangdong,深圳市,Shenzhen,2014,722,,https://www.sz.gov.cn/zfgb/2014/gb880/content/post_4982116.html
R000372,深圳市中医院,深圳市中医院,广东省,Guangdong,深圳市,Shenzhen,2020,1000,,https://wjw.sz.gov.cn/gkmlpt/content/8/8409/post_8409283.html
R000373,香港大学深圳医院,香港大学深圳医院,广东省,Guangdong,深圳市,Shenzhen,2021,1639,,https://www.hku-szh.org/attachment/0/68/68360/844646.pdf
R000374,中山大学附属第八医院,中山大学附属第八医院,广东省,Guangdong,深圳市,Shenzhen,2021,1225,,https://www.shptzhty.com/article/4751
R000375,中山大学附属第七医院,中山大学附属第七医院,广东省,Guangdong,深圳市,Shenzhen,2023,780,,https://www.sysush.com/content/2973040d-da70-47c6-a8d3-db140b490830
R000375,中山大学附属第七医院,中山大学附属第七医院,广东省,Guangdong,深圳市,Shenzhen,2024,863,,https://www.sysush.com/content/7757210e-024a-412a-8e9d-9844dd926b8a
R000376,阳江市人民医院,阳江市人民医院,广东省,Guangdong,阳江市,Yangjiang,2022,1371,,https://y.dxy.cn/hospital/1277/
R000376,阳江市人民医院,阳江市人民医院,广东省,Guangdong,阳江市,Yangjiang,2024,2000,,https://www.yjhospital.com/Item/5521.aspx
R000377,阳江市中医院,阳江市中医院,广东省,Guangdong,阳江市,Yangjiang,2022,1200,,https://www.yjtcm.com/Category_118/Index_1.aspx
R000378,罗定市人民医院,罗定市人民医院,广东省,Guangdong,云浮市,Yunfu,2022,700,,https://s.dayi.org.cn/mip/s/hospital/2436.html
R000379,云浮市人民医院,云浮市人民医院,广东省,Guangdong,云浮市,Yunfu,2024,1200,,https://www.yunfu.gov.cn/yfwsj/gkmlpt/content/1/1809/mpost_1809944.html
R000380,云浮市中医院,云浮市中医院,广东省,Guangdong,云浮市,Yunfu,2014,500,,https://dslc.gzucm.edu.cn/info/1073/2115.htm
R000380,云浮市中医院,云浮市中医院,广东省,Guangdong,云浮市,Yunfu,2020,500,,https://www.yunfu.gov.cn/attachment/0/126/126274/1993587.pdf|https://www.yunfu.gov.cn/wjj/zwgk/ggl/content/post_1880744.html
R000381,广东省农垦中心医院,广东省农垦中心医院,广东省,Guangdong,湛江市,Zhanjiang,2020,1100,,https://docs.cn-healthcare.com/sharedoc/pdf_files/20200701/46e4f959b47d4970a08d4f6280e9df5a.pdf
R000382,广东医科大学附属医院,广东医科大学附属医院,广东省,Guangdong,湛江市,Zhanjiang,2024,2900,,https://rsc.gdmu.edu.cn/info/1008/1469.htm
R000384,湛江市第二中医医院,湛江市第二中医医院,广东省,Guangdong,湛江市,Zhanjiang,2022,800,,https://health.baidu.com/doctordec/hospital/1005758
R000385,湛江市第一中医医院,湛江市第一中医医院,广东省,Guangdong,湛江市,Zhanjiang,2022,1000,,https://www.pyrc.com.cn/jobfair/jobInfo.jsp?apply_no=15266637&recruit_no=247067102
R000385,湛江市第一中医医院,湛江市第一中医医院,广东省,Guangdong,湛江市,Zhanjiang,2023,1000,,https://www.kq36.com/25/143872
R000385,湛江市第一中医医院,湛江市第一中医医院,广东省,Guangdong,湛江市,Zhanjiang,2026,1000,,https://zjsdyzyyy.cn/HSurvey.aspx
R000386,湛江市第一中医医院(新院区),湛江市第一中医医院,广东省,Guangdong,湛江市,Zhanjiang,2024,1200,,https://www.zhanjiang.gov.cn/yaowen/content/mpost_1903359.html
R000387,湛江中心人民医院,湛江中心人民医院,广东省,Guangdong,湛江市,Zhanjiang,2018,2000,,https://www.dr0759.cn/zxy/portal/article.action?articleId=40289465671cc76001672ee1183f0ffb&columnId=402881096699e32e016699e737ff0044
R000387,湛江中心人民医院,湛江中心人民医院,广东省,Guangdong,湛江市,Zhanjiang,2019,2340,,https://dr0759.cn/zxy/portal/article.action?articleId=2c9f7a816a1fd511016a2ac5b9cc3c8c&columnId=402881096699a883016699aa764b0013
R000387,湛江中心人民医院,湛江中心人民医院,广东省,Guangdong,湛江市,Zhanjiang,2020,2800,,https://dr0759.cn/zxy/portal/article.action?articleId=2c9f7a8174b5bdf80174d9400c7f1cbc&columnId=402881096699e32e016699e737ff0044
R000387,湛江中心人民医院,湛江中心人民医院,广东省,Guangdong,湛江市,Zhanjiang,2022,3000,,https://dr0759.cn/zxy/portal/article.action?articleId=2c9f7a818123e1e10181414876571a50&columnId=402881096699a883016699aa764b0013
R000387,湛江中心人民医院,湛江中心人民医院,广东省,Guangdong,湛江市,Zhanjiang,2024,3000,,https://dr0759.cn/zxy/portal/article.action?articleId=40289466671cc78701672f0f6f87012e&columnId=402881096699a883016699aa196a000b
R000388,湛江中心人民医院旧院,湛江中心人民医院,广东省,Guangdong,湛江市,Zhanjiang,2014,1300,,https://dr0759.com/zxy/portal/article.action?articleId=402894656740af90016740e18e8809b2&columnId=40289465672fb5850167346034fd043d
R000388,湛江中心人民医院旧院,湛江中心人民医院,广东省,Guangdong,湛江市,Zhanjiang,2015,1600,,https://www.dr0759.cn/zxy/portal/article.action?articleId=40289465673700050167396977193f2e&columnId=402881096699a883016699abfbec003b
R000388,湛江中心人民医院旧院,湛江中心人民医院,广东省,Guangdong,湛江市,Zhanjiang,2016,1600,,https://ylws.huatu.com/yldw_zkxx/20160429/1483946.html
R000388,湛江中心人民医院旧院,湛江中心人民医院,广东省,Guangdong,湛江市,Zhanjiang,2017,1300,,https://dr0759.cn/zxy/portal/article.action?articleId=402894656740af90016740e18e8809b2&columnId=40289465672fb5850167346034fd043d
R000390,肇庆市第一人民医院,肇庆市第一人民医院,广东省,Guangdong,肇庆市,Zhaoqing,2024,2388,,http://www.caca.org.cn/system/2024/07/22/030096742.shtml
R000391,肇庆市中医院,肇庆市中医院,广东省,Guangdong,肇庆市,Zhaoqing,2024,650,,https://www.zqtcm.com/yygk/yyjj
R000394,中山市小榄人民医院,中山市小榄人民医院,广东省,Guangdong,中山市,Zhongshan,2017,1600,,https://www.med66.com/zhuyuanyishi/guangdong/zh1702081602.shtml
R000394,中山市小榄人民医院,中山市小榄人民医院,广东省,Guangdong,中山市,Zhongshan,2023,1600,,https://www.xlrmyy.com/BiddingAndPurchasing/info.aspx?itemid=3028
R000394,中山市小榄人民医院,中山市小榄人民医院,广东省,Guangdong,中山市,Zhongshan,2025,1600,,https://gdee.gd.gov.cn/attachment/0/533/533338/4268576.pdf
R000395,中山市中医院,中山市中医院,广东省,Guangdong,中山市,Zhongshan,2022,2000,,https://www.zsszyy.com/article.php?articleAction=display&articleId=236382&tack=article
R000395,中山市中医院,中山市中医院,广东省,Guangdong,中山市,Zhongshan,2024,2000,,https://www.zsszyy.com/file.php?accessoryId=843265
R000396,广东省中医院珠海医院（珠海市中医院）,广东省中医院,广东省,Guangdong,广州市,Guangzhou,2018,405,,https://cont.jd.com/hospital/15010074516
R000396,广东省中医院珠海医院（珠海市中医院）,广东省中医院,广东省,Guangdong,广州市,Guangzhou,2020,700,,https://y.dxy.cn/hospital/1708
R000397,中山大学附属第五医院,中山大学附属第五医院,广东省,Guangdong,珠海市,Zhuhai,2017,1500,,http://www.eoffcn.com/kszx/gonggao/524255.html
R000398,珠海市第二人民医院,珠海市中西医结合医院,广东省,Guangdong,珠海市,Zhuhai,2021,1008,,https://www.yzp.cn/zhaopingonggao/43562.html
R000398,珠海市第二人民医院,珠海市中西医结合医院,广东省,Guangdong,珠海市,Zhuhai,2024,1008,,https://wsfw.zhrsj.zhuhai.gov.cn/zhrsClient/qzzp.do?doMethod=getJxdwPreview&id=463
R000401,珠海市人民医院,珠海市人民医院,广东省,Guangdong,珠海市,Zhuhai,2017,1500,,https://www.zhhospital.cn/Upload/152784578478.pdf
R000403,百色市人民医院,百色市人民医院,广西壮族自治区,Guangxi,百色市,Baise,2020,1800,,https://baise.huatu.com/2020/1104/1626445.html
R000404,右江民族医学院附属医院,右江民族医学院附属医院,广西壮族自治区,Guangxi,百色市,Baise,2022,2300,,https://gxyyfy.cn/Item/10439.aspx
R000405,北海市人民医院,北海市人民医院,广西壮族自治区,Guangxi,北海市,Beihai,2018,1275,,https://www.mfk.com/guahao/hospitalbase/475
R000405,北海市人民医院,北海市人民医院,广西壮族自治区,Guangxi,北海市,Beihai,2022,1279,,http://www.bhhc.gov.cn/zfxxgk/fdzdgknr/shgysyly/ggylwsly/yljgmdml_2/t14811921.shtml
R000406,北海市人民医院(银滩院区),北海市人民医院,广西壮族自治区,Guangxi,北海市,Beihai,2021,1000,,https://www.sohu.com/a/509769176_417915
R000406,北海市人民医院(银滩院区),北海市人民医院,广西壮族自治区,Guangxi,北海市,Beihai,2022,1000,,http://www.bhhc.gov.cn/zfxxgk/fdzdgknr/shgysyly/ggylwsly/yljgmdml_2/t14811921.shtml
R000407,北海市中医医院,北海市中医医院,广西壮族自治区,Guangxi,北海市,Beihai,2019,510,,https://ent.jobmd.cn/hospital/2396/intro.htm
R000407,北海市中医医院,北海市中医医院,广西壮族自治区,Guangxi,北海市,Beihai,2022,524,,http://www.beihai.gov.cn/xxgkbm/bhswsjkwyh/ztzl/ylwsly/yljgylzy/t15879468.shtml
R000408,崇左市人民医院,崇左市人民医院,广西壮族自治区,Guangxi,崇左市,Chongzuo,2019,830,,https://m.youlai.cn/yyk/hospindex/344/hospintro.html
R000409,防城港市第一人民医院防城院区（防钦院区）,防城港市第一人民医院,广西壮族自治区,Guangxi,防城港市,Fangchenggang,2022,800,,https://epaper.gxrb.com.cn/gxrb2/page/1/2022-08-19/020/36841660866015605.pdf
R000409,防城港市第一人民医院防城院区（防钦院区）,防城港市第一人民医院,广西壮族自治区,Guangxi,防城港市,Fangchenggang,2024,800,,https://www.fcgs.gov.cn/dyrmyy/tzgg/t16223787.shtml|https://www.fcgs.gov.cn/ggfw/zxbs/yljk/wyk/zctz/t17362098.shtml
R000410,防城港市中医院,防城港市中医院,广西壮族自治区,Guangxi,防城港市,Fangchenggang,2016,550,,http://dxy.com/hospital/15723
R000410,防城港市中医院,防城港市中医院,广西壮族自治区,Guangxi,防城港市,Fangchenggang,2020,592,,http://www.zzdh.net/wz/wzll23743.html
R000410,防城港市中医院,防城港市中医院,广西壮族自治区,Guangxi,防城港市,Fangchenggang,2021,600,,https://www.jobmd.cn/company/4391260/316370.htm
R000410,防城港市中医院,防城港市中医院,广西壮族自治区,Guangxi,防城港市,Fangchenggang,2023,650,,http://www.chealth.org.cn/mon/hospitals/article/MG143033976.html
R000411,贵港市人民医院,贵港市人民医院,广西壮族自治区,Guangxi,贵港市,Guigang,2020,2437,,https://www.zgoog.com/show/37492.html
R000411,贵港市人民医院,贵港市人民医院,广西壮族自治区,Guangxi,贵港市,Guigang,2022,2216,,https://m.youlai.cn/yyk/hospindex/342/
R000413,广西壮族自治区南溪山医院,广西壮族自治区南溪山医院,广西壮族自治区,Guangxi,桂林市,Guilin,2021,2045,,https://k.sina.cn/article_1784473157_6a5ce645020029dug.html?from=health
R000414,桂林市第二人民医院,桂林市第二人民医院,广西壮族自治区,Guangxi,桂林市,Guilin,2019,676,,https://www.zgoog.com/show/33946.html
R000414,桂林市第二人民医院,桂林市第二人民医院,广西壮族自治区,Guangxi,桂林市,Guilin,2024,751,,https://sthjt.gxzf.gov.cn/zfxxgk/zfxxgkgl/fdzdgknr/hjjccf/xzxk/hjyxslgk/P020240124575539977384.pdf
R000416,桂林市人民医院,桂林市人民医院,广西壮族自治区,Guangxi,桂林市,Guilin,2023,1280,,https://yjs.gxmu.edu.cn/jygz/zpxx/t178534.html
R000417,桂林市中医医院,桂林市中医医院,广西壮族自治区,Guangxi,桂林市,Guilin,2019,935,,https://www.haodf.com/hospital/882/jieshao.html
R000417,桂林市中医医院,桂林市中医医院,广西壮族自治区,Guangxi,桂林市,Guilin,2021,990,,https://gx.huatu.com/2021/1124/1726671.html
R000417,桂林市中医医院,桂林市中医医院,广西壮族自治区,Guangxi,桂林市,Guilin,2022,990,,https://www.jobmd.cn/article/jobs_hospital/341144
R000417,桂林市中医医院,桂林市中医医院,广西壮族自治区,Guangxi,桂林市,Guilin,2023,990,,https://www.gaoxiaojob.com/announcement/detail/93280.html|https://www.glrcw.com/article/2306.html
R000418,桂林医学院第二附属医院,桂林医学院第二附属医院,广西壮族自治区,Guangxi,桂林市,Guilin,2022,1700,,https://hospital2.glmc.edu.cn/info/1020/21451.htm
R000419,桂林医学院附属医院,桂林医学院附属医院,广西壮族自治区,Guangxi,桂林市,Guilin,2016,1600,,https://www.med66.com/zhuyuanyishi/yc1612221939.shtml
R000419,桂林医学院附属医院,桂林医学院附属医院,广西壮族自治区,Guangxi,桂林市,Guilin,2021,1600,,https://y.dxy.cn/hospital/90/948948.html
R000419,桂林医学院附属医院,桂林医学院附属医院,广西壮族自治区,Guangxi,桂林市,Guilin,2024,1600,,https://y.dxy.cn/hospital/90/948948.html
R000421,河池市人民医院,河池市人民医院,广西壮族自治区,Guangxi,河池市,Hechi,2014,1200,,https://www.hchos.cn/yygk/yyjj.htm
R000421,河池市人民医院,河池市人民医院,广西壮族自治区,Guangxi,河池市,Hechi,2022,1439,,https://cont.jd.com/hospital/15810951604?hy_entry=SEO_HypOtherHospital
R000422,河池市中医院,河池市中医院,广西壮族自治区,Guangxi,河池市,Hechi,2020,900,,https://jyw.glmu.edu.cn/schoolinfo/mcompany.htm?code=a0c26af4bbcdbi468aUbb4dVc9729528ea0e
R000423,贺州市人民医院,贺州市人民医院,广西壮族自治区,Guangxi,贺州市,Hezhou,2019,1500,,https://www.zgoog.com/show/29124.html
R000424,贺州市中医医院,贺州市中医医院,广西壮族自治区,Guangxi,贺州市,Hezhou,2014,466,,https://y.dxy.cn/hospital/1688
R000425,来宾市人民医院,来宾市人民医院,广西壮族自治区,Guangxi,来宾市,Laibin,2024,1500,,https://www.lbsrmyy.com/h-col-183.html
R000426,广西科技大学第一附属医院,广西科技大学第一附属医院,广西壮族自治区,Guangxi,柳州市,Liuzhou,2021,1000,,https://gxkdyfy.gxust.edu.cn/info/1214/2133.htm
R000426,广西科技大学第一附属医院,广西科技大学第一附属医院,广西壮族自治区,Guangxi,柳州市,Liuzhou,2022,1000,,https://www.yaochangyun.com/ypYiGai/Item1e7210da1cb9d39.html
R000426,广西科技大学第一附属医院,广西科技大学第一附属医院,广西壮族自治区,Guangxi,柳州市,Liuzhou,2023,1000,,https://gxkdyfy.gxust.edu.cn/yygk/yyjj.htm
R000427,广西龙潭医院,广西龙潭医院,广西壮族自治区,Guangxi,柳州市,Liuzhou,2018,660,,https://m.mingyihui.net/hospital_10243.html
R000428,广西壮族自治区脑科医院,广西壮族自治区脑科医院,广西壮族自治区,Guangxi,柳州市,Liuzhou,2019,900,,https://wsjkw.gxzf.gov.cn/xxgk_49493/fdzdgk/rsxx/klzp/t5703394.shtml
R000428,广西壮族自治区脑科医院,广西壮族自治区脑科医院,广西壮族自治区,Guangxi,柳州市,Liuzhou,2022,900,,https://www.yaochangyun.com/ypYiGai/Item1e7210da1cb9d39.html
R000429,柳州市第三人民医院,柳州市第三人民医院,广西壮族自治区,Guangxi,柳州市,Liuzhou,2022,1233,,https://www.mingyihui.net/hospital_2644/
R000432,柳州市工人医院总院,柳州市工人医院,广西壮族自治区,Guangxi,柳州市,Liuzhou,2019,,not_open,https://hera.fbstatic.cn/439962967161859.pdf|https://m.lzsgryy.cn/department_jzyxka0_ksjj/|https://www.amap.com/place/B030400B5D
R000432,柳州市工人医院总院,柳州市工人医院,广西壮族自治区,Guangxi,柳州市,Liuzhou,2024,1713,,https://m.lzsgryy.cn/hos_layout_dxbl/2024/YaO7jEax.html
R000433,柳州市工人医院(西院),柳州市工人医院,广西壮族自治区,Guangxi,柳州市,Liuzhou,2017,622,,https://archiver.yingjiesheng.com/job-002-556-691.html
R000433,柳州市工人医院(西院),柳州市工人医院,广西壮族自治区,Guangxi,柳州市,Liuzhou,2023,533,,https://www.lzsgryy.cn/hr_notice_gccrczp/2023/nelOMrdK.html
R000433,柳州市工人医院(西院),柳州市工人医院,广西壮族自治区,Guangxi,柳州市,Liuzhou,2024,533,,https://m.lzsgryy.cn/hos_layout_dxbl/2024/YaO7jEax.html
R000434,柳州市人民医院,柳州市人民医院,广西壮族自治区,Guangxi,柳州市,Liuzhou,2019,2586,,https://www.lzry.com.cn/yygk/yyjj.htm
R000434,柳州市人民医院,柳州市人民医院,广西壮族自治区,Guangxi,柳州市,Liuzhou,2021,2416,,http://health.china.com.cn/2021-07/15/content_41617198.htm
R000436,柳州市中医医院总院,柳州市中医医院,广西壮族自治区,Guangxi,柳州市,Liuzhou,2014,1000,,https://csp.ncmi.cn/WebManage/StrokeRecognition/CzdtUUDetailWeb?uid=07231
R000437,广西骨伤医院,广西壮族自治区中医骨伤科研究所（广西骨伤医院）,广西壮族自治区,Guangxi,南宁市,Nanning,2022,260,,https://www.yaochangyun.com/ypYiGai/Item1e7210da1cb9d39.html
R000438,广西国际壮医医院,广西国际壮医医院,广西壮族自治区,Guangxi,南宁市,Nanning,2022,756,,https://www.yaochangyun.com/ypYiGai/Item1e7210da1cb9d39.html
R000438,广西国际壮医医院,广西国际壮医医院,广西壮族自治区,Guangxi,南宁市,Nanning,2023,875,,https://yunguipei.com/sites/964.html
R000438,广西国际壮医医院,广西国际壮医医院,广西壮族自治区,Guangxi,南宁市,Nanning,2025,875,,https://yunguipei.com/sites/964.html
R000439,广西医科大学第三附属医院,广西医科大学第三附属医院,广西壮族自治区,Guangxi,南宁市,Nanning,2015,860,,https://lanmei-china.com/html/.2015msfw_10079ylly.yljg_10151201511t20151130_539648.html|https://jxhsnc.com/html/.2015msfw_10079ylly.yljg_10151201511t20151130_539648.html
R000439,广西医科大学第三附属医院,广西医科大学第三附属医院,广西壮族自治区,Guangxi,南宁市,Nanning,2019,1160,,https://m.youlai.cn/yyk/hospindex/314/hospintro.html
R000440,广西医科大学第一附属医院,广西医科大学第一附属医院,广西壮族自治区,Guangxi,南宁市,Nanning,2018,2750,,https://docs.cn-healthcare.com/sharedoc/pdf_files/20200801/2c091f695b2c4219b465b0d82429e123.pdf
R000440,广西医科大学第一附属医院,广西医科大学第一附属医院,广西壮族自治区,Guangxi,南宁市,Nanning,2020,2750,,https://docs.cn-healthcare.com/sharedoc/pdf_files/20200801/2c091f695b2c4219b465b0d82429e123.pdf
R000440,广西医科大学第一附属医院,广西医科大学第一附属医院,广西壮族自治区,Guangxi,南宁市,Nanning,2022,2750,,https://www.yaochangyun.com/ypYiGai/Item1e7210da1cb9d39.html
R000440,广西医科大学第一附属医院,广西医科大学第一附属医院,广西壮族自治区,Guangxi,南宁市,Nanning,2024,2750,,https://www.gxmuyfy.cn/about/about.html
R000441,广西医科大学附属口腔医院,广西医科大学附属口腔医院,广西壮族自治区,Guangxi,南宁市,Nanning,2015,80,,https://s.dayi.org.cn/mip/s/hospital/2558.html
R000441,广西医科大学附属口腔医院,广西医科大学附属口腔医院,广西壮族自治区,Guangxi,南宁市,Nanning,2022,100,,https://www.yaochangyun.com/ypYiGai/Item1e7210da1cb9d39.html
R000442,广西医科大学附属肿瘤医院青秀院区,广西医科大学附属肿瘤医院,广西壮族自治区,Guangxi,南宁市,Nanning,2017,1100,,https://news.zhuyitai.com/17/0322/dd8746e8ea2440bc9ba462d8024a658a.html
R000442,广西医科大学附属肿瘤医院青秀院区,广西医科大学附属肿瘤医院,广西壮族自治区,Guangxi,南宁市,Nanning,2020,1300,,https://www.gxmu.edu.cn/zpxx/t56578.html
R000442,广西医科大学附属肿瘤医院青秀院区,广西医科大学附属肿瘤医院,广西壮族自治区,Guangxi,南宁市,Nanning,2022,1213,,https://www.yaochangyun.com/ypYiGai/Item1e7210da1cb9d39.html
R000443,广西中医药大学第一附属医院,广西中医药大学第一附属医院,广西壮族自治区,Guangxi,南宁市,Nanning,2015,1316,,https://www.med66.com/yixuebaike/yixuewanhuatong/lw1503031948.shtml
R000443,广西中医药大学第一附属医院,广西中医药大学第一附属医院,广西壮族自治区,Guangxi,南宁市,Nanning,2017,1220,,https://health.gxnews.com.cn/staticpages/20170721/newgx5971a75c-16373422.shtml
R000443,广西中医药大学第一附属医院,广西中医药大学第一附属医院,广西壮族自治区,Guangxi,南宁市,Nanning,2022,1220,,https://www.yaochangyun.com/ypYiGai/Item1e7210da1cb9d39.html|https://m.ja750.com/news/zszc/20220414/1727541824061.shtml
R000444,广西中医药大学第一附属医院(仙葫院区),广西中医药大学第一附属医院,广西壮族自治区,Guangxi,南宁市,Nanning,2022,1075,,https://m.askci.com/news/zszc/20220414/1727541824061.shtml
R000444,广西中医药大学第一附属医院(仙葫院区),广西中医药大学第一附属医院,广西壮族自治区,Guangxi,南宁市,Nanning,2024,1075,,https://www.cndc-pl.com/show-1189.html
R000445,广西中医药大学附属瑞康医院,广西中医药大学附属瑞康医院,广西壮族自治区,Guangxi,南宁市,Nanning,2019,2518,,https://gxrkyy.com.cn/news/newsyyxw/13116.html
R000445,广西中医药大学附属瑞康医院,广西中医药大学附属瑞康医院,广西壮族自治区,Guangxi,南宁市,Nanning,2023,2518,,https://www.gxrkyy.com.cn/info/infotzgg/17908.html
R000447,广西壮族自治区江滨医院,广西壮族自治区江滨医院,广西壮族自治区,Guangxi,南宁市,Nanning,2016,1200,,http://www.zgsydw.com/guangxi/20161206/239103_1.html
R000447,广西壮族自治区江滨医院,广西壮族自治区江滨医院,广西壮族自治区,Guangxi,南宁市,Nanning,2024,1305,,https://cont.jd.com/hospital/disease/16011305206_12861
R000448,广西壮族自治区民族医院,广西壮族自治区民族医院,广西壮族自治区,Guangxi,南宁市,Nanning,2021,1800,,https://www.gxmzyy.cn/zbzp/zpxx/249053.html
R000449,广西壮族自治区人民医院,广西壮族自治区人民医院,广西壮族自治区,Guangxi,南宁市,Nanning,2014,1896,,https://www.nhc.gov.cn/jgdw/wmdw/201511/3728b0ac42984b18bd426e3b6cd869d0.shtml
R000449,广西壮族自治区人民医院,广西壮族自治区人民医院,广西壮族自治区,Guangxi,南宁市,Nanning,2022,2137,,https://www.yaochangyun.com/ypYiGai/Item1e7210da1cb9d39.html|https://m.askci.com/news/zszc/20220414/1727541824061.shtml
R000450,广西壮族自治区人民医院(北院区),广西壮族自治区人民医院,广西壮族自治区,Guangxi,南宁市,Nanning,2020,590,,https://www.yaochangyun.com/ypYiGai/Item1e7210da1cb9d39.html
R000450,广西壮族自治区人民医院(北院区),广西壮族自治区人民医院,广西壮族自治区,Guangxi,南宁市,Nanning,2022,510,,https://health.baidu.com/doctordec/hosintro/1008421|https://wsjkw.gxzf.gov.cn/ggfw_49562/zxsbspxxfb/t12614248.shtml
R000451,广西壮族自治区职业病防治研究所,广西壮族自治区职业病防治研究所,广西壮族自治区,Guangxi,南宁市,Nanning,2022,500,,https://www.yaochangyun.com/ypYiGai/Item1e7210da1cb9d39.html
R000451,广西壮族自治区职业病防治研究所,广西壮族自治区职业病防治研究所,广西壮族自治区,Guangxi,南宁市,Nanning,2024,951,,https://wsjkw.gxzf.gov.cn/xxgk_49493/fdzdgk/rsxx/klzp/t19441169.shtml
R000453,南宁市第四人民医院,南宁市第四人民医院,广西壮族自治区,Guangxi,南宁市,Nanning,2019,550,,http://dxy.com/hospital/18866
R000454,南宁市第一人民医院,南宁市第一人民医院,广西壮族自治区,Guangxi,南宁市,Nanning,2016,1140,,https://wap.91360.com/201606/54/1562.html
R000454,南宁市第一人民医院,南宁市第一人民医院,广西壮族自治区,Guangxi,南宁市,Nanning,2017,1140,,https://www.sohu.com/a/167316814_331432
R000454,南宁市第一人民医院,南宁市第一人民医院,广西壮族自治区,Guangxi,南宁市,Nanning,2020,1140,,https://www.chinaiol.com/News/Content/202010/21_24479.html
R000454,南宁市第一人民医院,南宁市第一人民医院,广西壮族自治区,Guangxi,南宁市,Nanning,2022,1500,,https://ylws.huatu.com/yldw_zkxx/20220822/2555135.html|https://gx.people.com.cn/n2/2022/1128/c390645-40211838.html
R000457,钦州市第二人民医院文峰院区,钦州市第二人民医院,广西壮族自治区,Guangxi,钦州市,Qinzhou,2014,1300,,https://m.dxy.com/hospital/7875/more?dxa_adplatform=m.dxy.com|https://y.dxy.cn/hospital/936
R000457,钦州市第二人民医院文峰院区,钦州市第二人民医院,广西壮族自治区,Guangxi,钦州市,Qinzhou,2021,1500,,https://www.dayi.org.cn/hospital/2294
R000457,钦州市第二人民医院文峰院区,钦州市第二人民医院,广西壮族自治区,Guangxi,钦州市,Qinzhou,2022,1500,,https://sthjt.gxzf.gov.cn/zfxxgk/zfxxgkgl/fdzdgknr/hjjccf/xzxk/npzxm/P020220607570402486570.pdf
R000457,钦州市第二人民医院文峰院区,钦州市第二人民医院,广西壮族自治区,Guangxi,钦州市,Qinzhou,2024,1700,,https://m.huatu.com/ylws/yldw_zkxx/20240123/2723060.html
R000458,钦州市第一人民医院,钦州市第一人民医院,广西壮族自治区,Guangxi,钦州市,Qinzhou,2021,1750,,https://www.powereasy.net/xw/projectsnews/content_22263
R000458,钦州市第一人民医院,钦州市第一人民医院,广西壮族自治区,Guangxi,钦州市,Qinzhou,2022,2313,,https://ylws.huatu.com/yldw_zkxx/20220419/2502256.html
R000458,钦州市第一人民医院,钦州市第一人民医院,广西壮族自治区,Guangxi,钦州市,Qinzhou,2023,2600,,https://www.gxtic.edu.cn/health/info/3351/2121.htm
R000458,钦州市第一人民医院,钦州市第一人民医院,广西壮族自治区,Guangxi,钦州市,Qinzhou,2024,2600,,https://m.gxshile.com/mshow/2827.html
R000460,钦州市中医院,钦州市中医院,广西壮族自治区,Guangxi,钦州市,Qinzhou,2018,912,,https://s.dayi.org.cn/mip/s/hospital/1134440.html
R000460,钦州市中医院,钦州市中医院,广西壮族自治区,Guangxi,钦州市,Qinzhou,2022,1350,,https://www.kq36.com/25/99141
R000463,梧州市工人医院,梧州市工人医院,广西壮族自治区,Guangxi,梧州市,Wuzhou,2024,1200,,https://m.huatu.com/ylws/yldw_zkxx/20241018/2784774.html
R000465,梧州市红十字会医院,梧州市红十字会医院,广西壮族自治区,Guangxi,梧州市,Wuzhou,2024,800,,https://baike.sogou.com/v446273.htm
R000466,梧州市人民医院,梧州市人民医院,广西壮族自治区,Guangxi,梧州市,Wuzhou,2018,800,,http://www.zgoog.com/show/30017.html
R000466,梧州市人民医院,梧州市人民医院,广西壮族自治区,Guangxi,梧州市,Wuzhou,2024,790,,http://wjw.wuzhou.gov.cn/xxgk/zfxxgk/fading/yljggk/t8363496.shtml
R000467,梧州市中医院,梧州市中医院,广西壮族自治区,Guangxi,梧州市,Wuzhou,2020,500,,http://baike.sogou.com/v446380.htm?fromTitle=%E6%A2%A7%E5%B7%9E%E5%B8%82%E4%BA%BA%E6%B0%91%E5%8C%BB%E9%99%A2
R000468,玉林市第一人民医院,玉林市第一人民医院,广西壮族自治区,Guangxi,玉林市,Yulin,2023,2650,,https://www.ylsdyrmyy.cn/web/news/view.aspx?id=4910
R000468,玉林市第一人民医院,玉林市第一人民医院,广西壮族自治区,Guangxi,玉林市,Yulin,2024,2801,,https://www.ylsdyrmyy.cn/web/news/view.aspx?id=6237
R000470,玉林市中西医结合骨科医院,玉林市中西医结合骨科医院,广西壮族自治区,Guangxi,玉林市,Yulin,2017,900,,https://www.med66.com/weishengdanweizhaopin/guangxi/my1708183580.shtml
R000470,玉林市中西医结合骨科医院,玉林市中西医结合骨科医院,广西壮族自治区,Guangxi,玉林市,Yulin,2020,798,,https://www.jobmd.cn/company/detail/7019847.htm
R000470,玉林市中西医结合骨科医院,玉林市中西医结合骨科医院,广西壮族自治区,Guangxi,玉林市,Yulin,2024,1170,,https://www.ylgk.cn/web/news/view.aspx?id=780
R000472,贵航集团三0二医院,贵航集团三0二医院,贵州省,Guizhou,安顺市,Anshun,2017,1200,,https://www.yingjiesheng.com/job-002-560-771.html
R000473,贵州医科大学附属安顺中心医院,安顺市人民医院,贵州省,Guizhou,安顺市,Anshun,2018,1680,,https://wjw.guizhou.gov.cn/xwzx/tzgg/201804/t20180412_78913510.html
R000473,贵州医科大学附属安顺中心医院,安顺市人民医院,贵州省,Guizhou,安顺市,Anshun,2023,1680,,https://source.yiboshi.com/gzzp/file/20230423/20230423093018_1741.pdf
R000474,毕节市第一人民医院,毕节市第一人民医院,贵州省,Guizhou,毕节市,Bijie,2021,1496,,http://thz.cn/zxzx/gsxw/104.html
R000475,毕节市中医院,毕节市中医院,贵州省,Guizhou,毕节市,Bijie,2020,510,,https://www.bijie.gov.cn/bm/bjswsjkj/zwgk/jggk/nsjzsjg/202009/t20200915_74735546.html
R000475,毕节市中医院,毕节市中医院,贵州省,Guizhou,毕节市,Bijie,2021,800,,https://www.bijie.gov.cn/bm/bjswsjkj/zwgk/czzj/202208/P020220829392545912500.pdf
R000476,贵航贵阳医院,贵航贵阳医院,贵州省,Guizhou,贵阳市,Guiyang,2021,800,,https://y.dxy.cn/hospital/1893
R000477,贵阳市第四人民医院,贵阳市第四人民医院,贵州省,Guizhou,贵阳市,Guiyang,2022,600,,https://3g.kq36.com/25/142242
R000478,贵阳市第一人民医院,贵阳市第一人民医院,贵州省,Guizhou,贵阳市,Guiyang,2021,1616,,https://www.gz.gy/about/7608.html
R000478,贵阳市第一人民医院,贵阳市第一人民医院,贵州省,Guizhou,贵阳市,Guiyang,2022,1640,,https://gz.huatu.com/2022/0510/1687251.html
R000478,贵阳市第一人民医院,贵阳市第一人民医院,贵州省,Guizhou,贵阳市,Guiyang,2025,1508,,https://www.gy1y.cn/summary/index?id=zz
R000479,贵阳市第一人民医院(龙洞堡院区),贵阳市第一人民医院,贵州省,Guizhou,贵阳市,Guiyang,2021,1000,,https://m.people.cn/n4/2021/1231/c205477-15375512.html
R000480,贵阳市金阳医院,贵阳市第二人民医院,贵州省,Guizhou,贵阳市,Guiyang,2023,1400,,https://jyhosp.cn/Html/News/Articles/4993.html
R000480,贵阳市金阳医院,贵阳市第二人民医院,贵州省,Guizhou,贵阳市,Guiyang,2024,1400,,https://zbb.shu.edu.cn/uploadfiles/file/20241029/6386579531123787873323392.pdf
R000481,贵阳市口腔医院,贵阳市口腔医院,贵州省,Guizhou,贵阳市,Guiyang,2016,80,,https://m.jz.99.com.cn/hospital/39268/
R000481,贵阳市口腔医院,贵阳市口腔医院,贵州省,Guizhou,贵阳市,Guiyang,2021,100,,http://gz.zgsydw.com/qtzp/20211216/31958_1.html
R000483,贵州省第二人民医院,贵州省第二人民医院,贵州省,Guizhou,贵阳市,Guiyang,2022,800,,https://wjw.guizhou.gov.cn/zwgk/zdlyxx/czzj/czyjs/202203/P020230406672213254955.pdf
R000484,贵州省骨科医院,贵州省骨科医院,贵州省,Guizhou,贵阳市,Guiyang,2018,600,,https://y.dxy.cn/hospital/1135
R000485,贵州省人民医院,贵州省人民医院,贵州省,Guizhou,贵阳市,Guiyang,2014,2000,,https://gz.qcstudy.com/show-86-5235-1.html
R000485,贵州省人民医院,贵州省人民医院,贵州省,Guizhou,贵阳市,Guiyang,2019,3000,,https://wjw.guizhou.gov.cn/zwgk/jcxxgk/rsxx/201907/t20190726_78925431.html
R000485,贵州省人民医院,贵州省人民医院,贵州省,Guizhou,贵阳市,Guiyang,2024,3000,,https://source.yiboshi.com/srt/66233cb8e4b08ae52905cea1.pdf
R000486,贵州省人民医院(观山湖院区),贵州省人民医院,贵州省,Guizhou,贵阳市,Guiyang,2023,2358,open,https://m.thepaper.cn/newsDetail_forward_22611106|https://source.yiboshi.com/srt/66233cb8e4b08ae52905cea1.pdf
R000486,贵州省人民医院(观山湖院区),贵州省人民医院,贵州省,Guizhou,贵阳市,Guiyang,2024,2358,,https://source.yiboshi.com/srt/66233cb8e4b08ae52905cea1.pdf
R000487,贵州省肿瘤医院,贵州省肿瘤医院,贵州省,Guizhou,贵阳市,Guiyang,2014,755,,https://www.gz007.net/page/201361479608417.html
R000487,贵州省肿瘤医院,贵州省肿瘤医院,贵州省,Guizhou,贵阳市,Guiyang,2015,755,,https://img3.gelonghui.com/pdf201512/pdf20151203143047287.pdf
R000487,贵州省肿瘤医院,贵州省肿瘤医院,贵州省,Guizhou,贵阳市,Guiyang,2017,1170,,https://www.med66.com/zhuyuanyishi/guizhou/gl1705277682.shtml
R000487,贵州省肿瘤医院,贵州省肿瘤医院,贵州省,Guizhou,贵阳市,Guiyang,2019,1194,,https://3g.kq36.com/job/2004630
R000487,贵州省肿瘤医院,贵州省肿瘤医院,贵州省,Guizhou,贵阳市,Guiyang,2021,1345,,https://www.sohu.com/a/474424643_121124294|https://sthj.guizhou.gov.cn/zwgk/zdlyxx/fsjg/fslxmslgs/202111/P020221027422818239053.pdf
R000487,贵州省肿瘤医院,贵州省肿瘤医院,贵州省,Guizhou,贵阳市,Guiyang,2022,1345,,https://sthj.guizhou.gov.cn/zwgk/zdlyxx/fsjg/fslxmslgs/202111/P020221027422818239053.pdf
R000488,贵州医科大学附属医院,贵州医科大学附属医院,贵州省,Guizhou,贵阳市,Guiyang,2019,2748,,https://guizhou.leju.com/news/2021-07-22/18086823916605966450563.shtml
R000488,贵州医科大学附属医院,贵州医科大学附属医院,贵州省,Guizhou,贵阳市,Guiyang,2023,3500,,https://career.nankai.edu.cn/company/index/id/24012.html
R000489,贵州中医药大学第二附属医院（飞山院区）,贵州中医药大学第二附属医院,贵州省,Guizhou,贵阳市,Guiyang,2014,1200,,https://www.brpdb.com/html/html201402content_26884.html
R000489,贵州中医药大学第二附属医院（飞山院区）,贵州中医药大学第二附属医院,贵州省,Guizhou,贵阳市,Guiyang,2020,1350,,https://gz.huatu.com/2020/0909/1570825.html
R000489,贵州中医药大学第二附属医院（飞山院区）,贵州中医药大学第二附属医院,贵州省,Guizhou,贵阳市,Guiyang,2023,1402,,https://www.cn-healthcare.com/articlewm/20230701/content-1572921.html
R000489,贵州中医药大学第二附属医院（飞山院区）,贵州中医药大学第二附属医院,贵州省,Guizhou,贵阳市,Guiyang,2025,1200,,https://wjw.guizhou.gov.cn/zwgk/zdlyxx/czzj/czyjs/202503/P020250311416422943280.pdf
R000491,六盘水市人民医院,六盘水市人民医院,贵州省,Guizhou,六盘水市,Liupanshui,2022,1145,,https://rsw163.com/html/2022/04/70644.html
R000491,六盘水市人民医院,六盘水市人民医院,贵州省,Guizhou,六盘水市,Liupanshui,2023,1270,,http://www.lpssrmyy.cn/web100/dy.aspx?cid=158
R000493,贵州医科大学第二附属医院东院区（本部）,贵州医科大学第二附属医院,贵州省,Guizhou,黔东南苗族侗族自治州,Qiandongnan Miao and Dong Autonomous Prefecture,2017,1380,,https://www.gydey.cn/index.php?a=show&c=index&catid=24&id=1163&m=content
R000493,贵州医科大学第二附属医院东院区（本部）,贵州医科大学第二附属医院,贵州省,Guizhou,黔东南苗族侗族自治州,Qiandongnan Miao and Dong Autonomous Prefecture,2021,1640,,https://www.gydey.cn/index.php?a=show&c=index&catid=24&id=2217&m=content
R000494,黔东南州人民医院,黔东南州人民医院,贵州省,Guizhou,黔东南苗族侗族自治州,Qiandongnan Miao and Dong Autonomous Prefecture,2022,1600,,https://www.ylzhaopin.com/news/62460.html
R000495,贵州医科大学第三附属医院,贵州医科大学第三附属医院,贵州省,Guizhou,黔南布依族苗族自治州,Qiannan Bouyei and Miao Autonomous Prefecture,2024,1037,,https://sfy-gmc.com/item.php
R000496,黔南州布依族苗族自治州人民医院,黔南布依族苗族自治州人民医院,贵州省,Guizhou,黔南布依族苗族自治州,Qiannan Bouyei and Miao Autonomous Prefecture,2023,1280,,https://m.huatu.com/ylws/yldw_zkxx/20230424/2643075.html
R000497,黔西南布依族苗族自治州中医院,黔西南布依族苗族自治州中医院,贵州省,Guizhou,黔西南布依族苗族自治州,Qianxinan Bouyei and Miao Autonomous Prefecture,2018,600,,https://www.tanzhi.cn/companies/3c0023c4-c84a-4d96-b74f-3e0b38bf635a/
R000498,黔西南州人民医院桔山院区,黔西南布依族苗族自治州人民医院,贵州省,Guizhou,黔西南布依族苗族自治州,Qianxinan Bouyei and Miao Autonomous Prefecture,2019,1700,,https://www.sohu.com/a/339066607_699470
R000498,黔西南州人民医院桔山院区,黔西南布依族苗族自治州人民医院,贵州省,Guizhou,黔西南布依族苗族自治州,Qianxinan Bouyei and Miao Autonomous Prefecture,2022,1700,,https://www.gzstv.com/a/27572662732d44999852da047f84e89c
R000499,黔西南州人民医院黄草院区,黔西南布依族苗族自治州人民医院,贵州省,Guizhou,黔西南布依族苗族自治州,Qianxinan Bouyei and Miao Autonomous Prefecture,2017,1000,,https://mt.sohu.com/20170403/n486256631.shtml
R000500,兴义市人民医院,兴义市人民医院,贵州省,Guizhou,黔西南布依族苗族自治州,Qianxinan Bouyei and Miao Autonomous Prefecture,2015,1090,,https://yyk.familydoctor.com.cn/19433/detail/
R000500,兴义市人民医院,兴义市人民医院,贵州省,Guizhou,黔西南布依族苗族自治州,Qianxinan Bouyei and Miao Autonomous Prefecture,2022,1499,,http://gz.offcn.com/html/2022/04/178097.html
R000502,铜仁市人民医院,铜仁市人民医院,贵州省,Guizhou,铜仁市,Tongren,2015,1500,open,https://health.people.com.cn/n1/2019/1119/c14739-31463274.html|https://www.yingjiesheng.com/job-001-993-460.html
R000502,铜仁市人民医院,铜仁市人民医院,贵州省,Guizhou,铜仁市,Tongren,2022,1300,,https://www.ylzhaopin.com/news/56163.html
R000503,贵州航天医院,贵州航天医院,贵州省,Guizhou,遵义市,Zunyi,2019,1000,,https://www.sohu.com/a/363770768_119665
R000504,遵义市第一人民医院,遵义市第一人民医院,贵州省,Guizhou,遵义市,Zunyi,2015,1800,,https://wap.91360.com/201510/45/764.html
R000504,遵义市第一人民医院,遵义市第一人民医院,贵州省,Guizhou,遵义市,Zunyi,2017,1751,,https://www.sohu.com/a/201974211_331432
R000505,遵义市第一人民医院(桃溪院区),遵义市第一人民医院,贵州省,Guizhou,遵义市,Zunyi,2024,1000,,https://www.gzstv.com/a/812815c5ae5b4332a922b35c8419b40f|https://www.youlu.com/sydw/article/CAZK54406
R000506,遵义市中医院,遵义市中医院,贵州省,Guizhou,遵义市,Zunyi,2019,632,,https://9453job.com/a/164300.html|https://www.cacm.org.cn/2019/10/18/4891/
R000507,遵义市中医院(新蒲院区),遵义市中医院,贵州省,Guizhou,遵义市,Zunyi,2024,800,,https://finance.sina.cn/2024-04-09/detail-inareqqe3483489.d.html|https://sthj.guizhou.gov.cn/zwgk/zdlyxx/fsjg/fslxmspqgs/202503/P020250528625171330568.pdf
R000508,遵义医科大学第二附属医院,遵义医科大学第二附属医院,贵州省,Guizhou,遵义市,Zunyi,2019,,open,https://www.chn-das.com/newscentre/info.aspx?itemid=712
R000508,遵义医科大学第二附属医院,遵义医科大学第二附属医院,贵州省,Guizhou,遵义市,Zunyi,2024,959,,https://www.kq36.com/25/0e77b5c23e4147bba3ec4618c49a6d52
R000509,遵义医科大学附属口腔医院,遵义医科大学附属口腔医院,贵州省,Guizhou,遵义市,Zunyi,2022,81,,https://m.zunyi.huatu.com/2022/0424/1685105.html
R000509,遵义医科大学附属口腔医院,遵义医科大学附属口腔医院,贵州省,Guizhou,遵义市,Zunyi,2024,81,,https://jinbiaochiweb-1257991880.cos.ap-chengdu.myqcloud.com/new_page/FaNN-1112399934.pdf
R000510,遵义医科大学附属口腔医院(新蒲院区),遵义医科大学附属口腔医院,贵州省,Guizhou,遵义市,Zunyi,2021,150,,https://m.gzdysx.com/share/zunyi/20210604/105156.html|https://source.yiboshi.com/gzzp/file/20210625/20210625153334_0431.pdf
R000510,遵义医科大学附属口腔医院(新蒲院区),遵义医科大学附属口腔医院,贵州省,Guizhou,遵义市,Zunyi,2023,150,,https://rst.guizhou.gov.cn/zwgk/zdlyxx/sydwgkzp/202306/t20230607_80102778.html
R000511,遵义医科大学附属医院,遵义医科大学附属医院,贵州省,Guizhou,遵义市,Zunyi,2021,2800,,https://rst.guizhou.gov.cn/zwgk/zdlyxx/sydwgkzp/202104/t20210420_67868403.html
R000512,儋州市人民医院,儋州市人民医院,海南省,Hainan,儋州市,Danzhou,2023,850,,https://m.dxy.com/hospital/454
R000512,儋州市人民医院,儋州市人民医院,海南省,Hainan,儋州市,Danzhou,2024,880,,https://xsxzp.pzhl.net/index.php/exam/notice/?EXAMID=6674&doc_id=13926
R000513,海南西部中心医院,海南西部中心医院,海南省,Hainan,儋州市,Danzhou,2024,1100,,https://www.yzp.cn/zhaopingonggao/108478.html
R000515,海口市人民医院,海口市人民医院,海南省,Hainan,海口市,Haikou,2024,1950,,https://mh.bohe.cn/hospital_2356/yyjs.html
R000516,海口市中医医院,海口市中医医院,海南省,Hainan,海口市,Haikou,2024,500,,https://www.haodf.com/hospital/1877/jieshao.html
R000518,海南省人民医院,海南省人民医院,海南省,Hainan,海口市,Haikou,2019,3000,,https://news.zhuyitai.com/article/07ce4986f7b34af882b45f40654fd6db
R000518,海南省人民医院,海南省人民医院,海南省,Hainan,海口市,Haikou,2024,3000,,https://www.phhp.com.cn/info/1004/6866.htm|https://www.phhp.com.cn/info/1408/14073.htm
R000519,海南省中医院,海南省中医院,海南省,Hainan,海口市,Haikou,2018,665,,https://www.zyjkwh.com/news_view_1427.html
R000520,海南省中医院(江东新院区),海南省中医院,海南省,Hainan,海口市,Haikou,2022,1000,,https://www.fheb.cn/html/fheb_jz/xwzx/2022/xmdt_0627/3878.shtml|https://www.gdszyyhnyy.cn/nd.jsp?id=4770
R000521,海南现代妇女儿童医院,海南现代妇女儿童医院,海南省,Hainan,海口市,Haikou,2024,320,,https://www.youlai.cn/yyk/hospindex/6043/hospintro.html
R000522,海南现代妇女儿童医院(秀英院区),海南现代妇女儿童医院,海南省,Hainan,海口市,Haikou,2021,434,,https://www.hnxd.org/show-473.html
R000524,海南医学院第二附属医院,海南医学院第二附属医院,海南省,Hainan,海口市,Haikou,2019,2100,,http://hn.yixue99.com/2019/1128/15915.html|https://img.yizhipin.com/uploads/file/20191109/1573294367980481.pdf
R000525,海南医学院第一附属医院,海南医学院第一附属医院,海南省,Hainan,海口市,Haikou,2016,1462,,https://csp.ncmi.cn/WebManage/StrokeRecognition/CzdtUUDetailWeb?uid=02304
R000525,海南医学院第一附属医院,海南医学院第一附属医院,海南省,Hainan,海口市,Haikou,2024,1812,,https://www.hyyfyuan.cn/info/1654/14900.htm
R000527,琼海市人民医院,琼海市人民医院,海南省,Hainan,琼海市,Qionghai,2024,800,,https://www.qhrmyy.cn/sys-nd/215.html
R000528,琼海市中医院,琼海市中医院,海南省,Hainan,琼海市,Qionghai,2016,500,,https://y.dxy.cn/hospital/1699
R000529,海南省第三人民医院,三亚中心医院,海南省,Hainan,三亚市,Sanya,2024,1800,,https://www.hi.chinanews.com.cn/hnnew/2024-07-09/707205.html
R000532,三亚市人民医院,三亚市人民医院,海南省,Hainan,三亚市,Sanya,2018,1000,,https://m.sydw8.com/2020/0417/349369.html
R000532,三亚市人民医院,三亚市人民医院,海南省,Hainan,三亚市,Sanya,2020,1000,,https://m.sydw8.com/2020/0417/349369.html
R000532,三亚市人民医院,三亚市人民医院,海南省,Hainan,三亚市,Sanya,2023,1000,,https://www.news.cn/local/2023-01/30/c_1129323374.htm
R000533,三亚市中医院,三亚市中医院,海南省,Hainan,三亚市,Sanya,2019,500,,https://hbj.sanya.gov.cn/sthjsite/tzgg/201910/f6e56c8a35634f9b8688b8cbe517cba3.shtml
R000534,文昌市人民医院,文昌市人民医院,海南省,Hainan,文昌市,Wenchang,2023,600,,https://jobcareer.sdu.edu.cn/eweb/jygl/index.so?id=CyfUxtZeH7Q36WzVgAYz1g&modcode=jygl_zpxxck&subsyscode=zpfw&type=ssoViewZpxx
R000535,保定市第二医院,保定市第二医院,河北省,Hebei,保定市,Baoding,2017,1250,,http://baike.sogou.com/v7890298.htm?fromTitle=%E4%BF%9D%E5%AE%9A%E4%BA%8C%E5%8C%BB%E9%99%A2
R000536,保定市第二中心医院,保定市第二中心医院,河北省,Hebei,保定市,Baoding,2017,996,,https://ylws.huatu.com/yldw_zkxx/20170324/1555957.html
R000536,保定市第二中心医院,保定市第二中心医院,河北省,Hebei,保定市,Baoding,2022,996,,https://www.dayi.org.cn/hospital/1138964
R000537,保定市第一中心医院,保定市第一中心医院,河北省,Hebei,保定市,Baoding,2015,1500,,https://www.med66.com/yixuebaike/yixuewanhuatong/lw1504306629.shtml
R000537,保定市第一中心医院,保定市第一中心医院,河北省,Hebei,保定市,Baoding,2021,2600,,http://www.hbrct.haoyisheng.com/site/wwwhbrcthaoyishengcom/bmsx/info/2021/f0053a76-b155-47b8-95b6-92d88ebb9d25.html
R000538,保定市第一中医院,保定市第一中医院,河北省,Hebei,保定市,Baoding,2017,500,,https://www.hbszyy.cn/html/news/2017-10-20/2062.html
R000538,保定市第一中医院,保定市第一中医院,河北省,Hebei,保定市,Baoding,2020,500,,https://www.yanke360.com/8e34acf3-963a-9379-019a-c682aef547c0/e4278e0f-fcf8-44c5-a713-18128be3d4b9.shtml
R000538,保定市第一中医院,保定市第一中医院,河北省,Hebei,保定市,Baoding,2021,500,,https://yjs.cdmc.edu.cn/art/2021/3/30/art_145_63233.html
R000540,河北大学附属医院,河北大学附属医院,河北省,Hebei,保定市,Baoding,2020,2300,,https://www.hbdxfy.cn/mobile/show.aspx?cid=4163&lmid=8
R000540,河北大学附属医院,河北大学附属医院,河北省,Hebei,保定市,Baoding,2023,2300,,https://zx.changzhou.gov.cn/html/czzx/2025/MQQPPFOM_0106/22650.html
R000543,涿州市医院,涿州市医院,河北省,Hebei,保定市,Baoding,2021,2600,,https://www.cn-healthcare.com/articlewm/20210510/content-1218425.html
R000544,沧州市人民医院,沧州市人民医院,河北省,Hebei,沧州市,Cangzhou,2017,3000,,https://www.51test.net/show/8473506.html
R000544,沧州市人民医院,沧州市人民医院,河北省,Hebei,沧州市,Cangzhou,2023,2897,,https://www.hbrct.haoyisheng.com/site/wwwhbrcthaoyishengcom/hbrctyy-19/info/2023/4514e3f9-51bd-4a97-82d4-8c17a169ab62.html
R000544,沧州市人民医院,沧州市人民医院,河北省,Hebei,沧州市,Cangzhou,2024,2365,,https://zhaosheng.czmc.cn/__local/4/85/98/FE2A2BDD6DB01BFB9D38C7F7B1D_2EB1CB49_10A6036.pdf
R000545,沧州市中心医院,沧州市中心医院,河北省,Hebei,沧州市,Cangzhou,2015,3518,,https://m.mingyihui.net/hospital_927.html
R000545,沧州市中心医院,沧州市中心医院,河北省,Hebei,沧州市,Cangzhou,2017,3968,,https://jdjyw.jlu.edu.cn/portal/company/details?id=3645
R000545,沧州市中心医院,沧州市中心医院,河北省,Hebei,沧州市,Cangzhou,2020,4499,,https://www.hebut.edu.cn/docs/20201102095023471233.pdf
R000546,河北省沧州中西医结合医院,河北省沧州中西医结合医院,河北省,Hebei,沧州市,Cangzhou,2016,2303,,http://zsjy.tjutcm.edu.cn/info/1013/2536.htm
R000546,河北省沧州中西医结合医院,河北省沧州中西医结合医院,河北省,Hebei,沧州市,Cangzhou,2020,3285,,https://m.mingyihui.net/hospital_928/index.html
R000546,河北省沧州中西医结合医院,河北省沧州中西医结合医院,河北省,Hebei,沧州市,Cangzhou,2021,4034,,http://www.qyiliao.com/hospital/detail/82132
R000546,河北省沧州中西医结合医院,河北省沧州中西医结合医院,河北省,Hebei,沧州市,Cangzhou,2022,4034,,https://baijiahao.baidu.com/s?id=1749021797849078310
R000546,河北省沧州中西医结合医院,河北省沧州中西医结合医院,河北省,Hebei,沧州市,Cangzhou,2024,4031,,https://www.eoffcn.com/kszx/detail/1370298.html
R000547,河北省沧州中西医结合医院(青县院区),河北省沧州中西医结合医院,河北省,Hebei,沧州市,Cangzhou,2021,466,open,https://he.huatu.com/2024/1028/1535350.html|https://health.baidu.com/doctordec/hosintro/1005451
R000547,河北省沧州中西医结合医院(青县院区),河北省沧州中西医结合医院,河北省,Hebei,沧州市,Cangzhou,2024,300,,https://health.baidu.com/doctordec/hosintro/1034117
R000548,华北石油管理局总医院,华北石油管理局总医院,河北省,Hebei,沧州市,Cangzhou,2014,701,,https://s.dayi.org.cn/mip/s/hospital/1131040.html
R000548,华北石油管理局总医院,华北石油管理局总医院,河北省,Hebei,沧州市,Cangzhou,2018,701,,https://hb.gfhealthcare.com/art/2018/6/5/art_19_85.html
R000549,承德市中心医院,承德市中心医院,河北省,Hebei,承德市,Chengde,2021,1000,,http://yngme.haoyisheng.com/site/wwwhbrcthaoyishengcom/hbrctyy-12/info/2021/5943e448-95d6-45fc-a325-95e204479379.html
R000550,承德市中医院,承德市中医院,河北省,Hebei,承德市,Chengde,2020,449,,https://www.chengde.gov.cn/art/2022/10/4/art_10609_889512.html
R000551,承德医学院附属医院,承德医学院附属医院,河北省,Hebei,承德市,Chengde,2020,2400,,https://www.chengde.gov.cn/art/2022/10/4/art_10609_889512.html
R000551,承德医学院附属医院,承德医学院附属医院,河北省,Hebei,承德市,Chengde,2021,2400,,https://zs.cdmc.edu.cn/art/2021/5/26/art_1431_66643.html
R000554,邯郸市第一医院,邯郸市第一医院,河北省,Hebei,邯郸市,Handan,2020,600,,https://www.hdsdyyy.com/yyjj
R000556,邯郸市中心医院(东区),邯郸市中心医院,河北省,Hebei,邯郸市,Handan,2014,1369,,https://y.dxy.cn/hospital/1956|https://y.dxy.cn/v2/hospital/1956
R000557,邯郸市中心医院(西区),邯郸市中心医院,河北省,Hebei,邯郸市,Handan,2019,1555,,https://wangzhiku.net/archives/0-390.html
R000557,邯郸市中心医院(西区),邯郸市中心医院,河北省,Hebei,邯郸市,Handan,2020,1555,,https://m.wanxue.cn/keyword/dongtai/5952.html
R000557,邯郸市中心医院(西区),邯郸市中心医院,河北省,Hebei,邯郸市,Handan,2021,1480,,https://haiqiyou.cn/archives/0-148.html
R000557,邯郸市中心医院(西区),邯郸市中心医院,河北省,Hebei,邯郸市,Handan,2023,1480,,https://www.sohu.com/a/674896007_100264930
R000558,邯郸市中医院,邯郸市中医院,河北省,Hebei,邯郸市,Handan,2023,800,,https://www.hdszyy.cn/content.asp?content=1556
R000558,邯郸市中医院,邯郸市中医院,河北省,Hebei,邯郸市,Handan,2024,800,,https://www.hdszyy.cn/content.asp?content=139
R000559,河北工程大学附属医院,河北工程大学附属医院,河北省,Hebei,邯郸市,Handan,2018,1300,,https://meeting.dxy.cn/specials/chdc2018/article/566384
R000559,河北工程大学附属医院,河北工程大学附属医院,河北省,Hebei,邯郸市,Handan,2022,1100,,https://yyk.fh21.com.cn/hospital_1237.html
R000561,冀中能源峰峰集团总医院(北院区),冀中能源峰峰集团总医院,河北省,Hebei,邯郸市,Handan,2014,502,,https://y.dxy.cn/hospital/580
R000562,哈励逊国际和平医院(南院区),衡水市人民医院（哈励逊国际和平医院）,河北省,Hebei,衡水市,Hengshui,2023,800,open,https://health.baidu.com/doctordec/hosintro/1488908|https://www.hsrb.com.cn/detail/170599957621619.html|https://www.sohu.com/a/710914774_120338710
R000562,哈励逊国际和平医院(南院区),衡水市人民医院（哈励逊国际和平医院）,河北省,Hebei,衡水市,Hengshui,2024,1391,,https://www.hsrb.com.cn/detail/170599957621619.html
R000563,衡水市哈励逊国际和平医院,衡水市人民医院（哈励逊国际和平医院）,河北省,Hebei,衡水市,Hengshui,2024,960,,https://www.gxszw.com/region/hebei/wshb/202409/18110530.html
R000564,衡水市中医院,衡水市中医院,河北省,Hebei,衡水市,Hengshui,2018,400,,https://www.hsszyyy.com/html/YiYuanGaiKuang/YiYuanJianJie/427.html
R000564,衡水市中医院,衡水市中医院,河北省,Hebei,衡水市,Hengshui,2023,400,,https://3g.kq36.com/25/fbc2a7135e904dc59b732d1e4ece0cb7
R000565,河北燕达医院,河北燕达医院,河北省,Hebei,廊坊市,Langfang,2019,1000,,https://www.cn-healthcare.com/articlewm/20190826/content-1068109.html
R000565,河北燕达医院,河北燕达医院,河北省,Hebei,廊坊市,Langfang,2020,1000,,https://www.carm.org.cn/hyzj/hyzc/art/2020/art_f08a2a83da4a4da2850f5b5f3ff7cd45.html
R000566,河北中石油中心医院,河北中石油中心医院,河北省,Hebei,廊坊市,Langfang,2019,1030,,https://yy.gfhealthcare.com/col/col7255/index.html
R000567,廊坊市人民医院,廊坊市人民医院,河北省,Hebei,廊坊市,Langfang,2021,1032,,https://www.thepaper.cn/newsDetail_forward_13427979
R000568,廊坊市中医院,廊坊市中医院,河北省,Hebei,廊坊市,Langfang,2022,600,,https://www.sohu.com/a/574402630_121117461
R000569,秦皇岛市第一医院,秦皇岛市第一医院,河北省,Hebei,秦皇岛市,Qinhuangdao,2017,1670,,https://www.med66.com/zhuyuanyishi/hebei/yc1702068818.shtml
R000569,秦皇岛市第一医院,秦皇岛市第一医院,河北省,Hebei,秦皇岛市,Qinhuangdao,2024,2200,,https://m.jd.com/hospital/disease/15010075717_100537
R000571,秦皇岛市中医院,秦皇岛市中医院,河北省,Hebei,秦皇岛市,Qinhuangdao,2018,640,,https://www.cdmc.edu.cn/module/download/downfile.jsp?classid=0&filename=1811181553017229645.pdf
R000571,秦皇岛市中医院,秦皇岛市中医院,河北省,Hebei,秦皇岛市,Qinhuangdao,2023,640,,https://www.bohe.cn/hospital/1252/
R000572,河北省儿童医院,河北省儿童医院,河北省,Hebei,石家庄市,Shijiazhuang,2019,1600,,https://www.offcn.com/ylws/2019/0723/151104.html
R000573,河北省人民医院,河北省人民医院,河北省,Hebei,石家庄市,Shijiazhuang,2018,1852,,https://health.china.com.cn/2018-06/07/content_40373487.htm
R000573,河北省人民医院,河北省人民医院,河北省,Hebei,石家庄市,Shijiazhuang,2020,1852,,https://mhos.51daifu.com/hos466/gba/693.shtml|https://www.sjz.gov.cn/zfxxgk/atm/7/20200611150115135.pdf
R000573,河北省人民医院,河北省人民医院,河北省,Hebei,石家庄市,Shijiazhuang,2021,1858,,https://www.hit180.com/53102.html
R000573,河北省人民医院,河北省人民医院,河北省,Hebei,石家庄市,Shijiazhuang,2023,2186,,https://www.hbhma.org.cn/web/index/getNew/b377e562a4e242ffb72e875c0e106437/3101
R000575,河北医科大学第二医院,河北医科大学第二医院,河北省,Hebei,石家庄市,Shijiazhuang,2017,2816,,https://csp.ncmi.cn/UsersInfo/UserUnit/UserUnitDetailWeb?uid=00129
R000577,河北医科大学第四医院本部,河北医科大学第四医院,河北省,Hebei,石家庄市,Shijiazhuang,2021,1600,,https://www.med66.com/zhuyuanyishi/hebei/li2109075766.shtml
R000577,河北医科大学第四医院本部,河北医科大学第四医院,河北省,Hebei,石家庄市,Shijiazhuang,2022,1899,,https://www.hbydsy.com/info/1013/5221.htm
R000577,河北医科大学第四医院本部,河北医科大学第四医院,河北省,Hebei,石家庄市,Shijiazhuang,2023,1957,,https://www.hbydsy.com/info/1618/5997.htm
R000578,河北医科大学第一医院,河北医科大学第一医院,河北省,Hebei,石家庄市,Shijiazhuang,2022,2232,,https://jdjyw.jlu.edu.cn/portal/jyzp/recruit/details?id=3be07029fa91431e9654f029b48bd566
R000579,河北医科大学中医院,河北省中医院,河北省,Hebei,石家庄市,Shijiazhuang,2015,402,,https://www.a-hospital.com/w/%E6%B2%B3%E5%8C%97%E7%9C%81%E4%B8%AD%E5%8C%BB%E9%99%A2
R000579,河北医科大学中医院,河北省中医院,河北省,Hebei,石家庄市,Shijiazhuang,2021,1800,,https://www.hbszyy.cn/html/news/2021-8-31/5248.html
R000579,河北医科大学中医院,河北省中医院,河北省,Hebei,石家庄市,Shijiazhuang,2023,1800,,https://hbszyy.cn/html/news/2023-6-19/6859.html
R000580,河北以岭医院,河北以岭医院,河北省,Hebei,石家庄市,Shijiazhuang,2023,1000,,https://www.ylyy.org/index.php/index/news/detail.html?id=383
R000580,河北以岭医院,河北以岭医院,河北省,Hebei,石家庄市,Shijiazhuang,2024,1000,,https://www.ylyy.org/index/news/detail.html?id=478
R000583,石家庄市第四医院(谈固院区),石家庄市妇产医院（石家庄市第四医院）,河北省,Hebei,石家庄市,Shijiazhuang,2019,800,,https://m.thepaper.cn/baijiahao_12047806
R000585,石家庄市妇产医院(东院区),石家庄市妇产医院（石家庄市第四医院）,河北省,Hebei,石家庄市,Shijiazhuang,2020,1027,,https://wsjk.sjz.gov.cn/columns/e3d273f2-56b5-4960-a91b-b0c225d23de2/202104/29/ea06b901-e22d-4695-a180-5422e812fd15.html
R000587,石家庄市人民医院(建华院区),石家庄市人民医院,河北省,Hebei,石家庄市,Shijiazhuang,2020,1691,,https://m.thepaper.cn/newsDetail_forward_7931915|https://www.sjz.gov.cn/zfxxgk/columns/09e665c7-263b-465c-923a-b9d0e5bf0323/202006/30/f43336b7-a202-46b3-82e5-76ee31b9d04b.html
R000588,石家庄市中医院,石家庄市中医院,河北省,Hebei,石家庄市,Shijiazhuang,2022,1000,,https://www.ruijie.com.cn/al/yl/90911/
R000589,石家庄市中医院(东院区),石家庄市中医院,河北省,Hebei,石家庄市,Shijiazhuang,2018,500,,https://m.thepaper.cn/baijiahao_12047806
R000589,石家庄市中医院(东院区),石家庄市中医院,河北省,Hebei,石家庄市,Shijiazhuang,2019,500,,https://www.sohu.com/a/324854052_120044890
R000591,华北理工大学附属医院,华北理工大学附属医院,河北省,Hebei,唐山市,Tangshan,2015,1311,,https://m.yyk.99.com.cn/lunan/99444/jianjie.html
R000591,华北理工大学附属医院,华北理工大学附属医院,河北省,Hebei,唐山市,Tangshan,2020,1278,,https://www.163.com/dy/article/FMTE9F1U0512CKA5.html
R000591,华北理工大学附属医院,华北理工大学附属医院,河北省,Hebei,唐山市,Tangshan,2023,1370,,https://health.huanbohainews.com.cn/2023-11/08/content_50272533.html
R000592,开滦总医院,开滦总医院,河北省,Hebei,唐山市,Tangshan,2020,1742,,https://www.klyy.com/nd.jsp?fromColId=113&id=111
R000595,唐山市工人医院,唐山市工人医院,河北省,Hebei,唐山市,Tangshan,2020,2175,,https://docs.cn-healthcare.com/sharedoc/pdf_files/20200803/c3fe0d56859245a493e47ac1528d6aeb.pdf
R000595,唐山市工人医院,唐山市工人医院,河北省,Hebei,唐山市,Tangshan,2022,2084,,https://www.hospitala.com/yiyuanyisheng/2022-05-24/209.html
R000595,唐山市工人医院,唐山市工人医院,河北省,Hebei,唐山市,Tangshan,2023,2084,,https://health.huanbohainews.com.cn/2023-11/08/content_50272532.html
R000596,唐山市人民医院,唐山市人民医院,河北省,Hebei,唐山市,Tangshan,2024,1196,,https://jy.scu.edu.cn/index/index/employjobdetail.html?data=MDAwMDAwMDAwMJG6n3_Ed6imi4qQtrh4eN2Kk7a6yGHRp7ugzc-GnZ2skMx9ZMN4gtKLipCwxKF0lZC5sq-0gqJv
R000599,河北省眼科医院,河北省眼科医院,河北省,Hebei,邢台市,Xingtai,2019,800,,https://www.med66.com/weishengdanweizhaopin/hebei/zj1903277372.shtml
R000599,河北省眼科医院,河北省眼科医院,河北省,Hebei,邢台市,Xingtai,2021,600,,https://www.med66.com/zhuyuanyishi/hebei/li2109072706.shtml
R000599,河北省眼科医院,河北省眼科医院,河北省,Hebei,邢台市,Xingtai,2024,600,,https://www.eyehospital.com/about.php?cid=13.html
R000601,邢台市人民医院(新院区),邢台市人民医院,河北省,Hebei,邢台市,Xingtai,2021,1600,,https://www.xtrmyy.cn/index/news/show/classid/49/id/3312
R000602,河北北方学院附属第一医院,河北北方学院附属第一医院,河北省,Hebei,张家口市,Zhangjiakou,2024,2000,,https://www.hbbfyfy.com/index.php?s=%2FMobile%2FShow%2Findex%2Fcid%2F316%2Fid%2F3230.html
R000603,张家口市第一医院,张家口市第一医院,河北省,Hebei,张家口市,Zhangjiakou,2020,1000,,https://mhos.51daifu.com/hos739/gba/750.shtml
R000605,安阳地区医院,安阳地区医院,河南省,Henan,安阳市,Anyang,2020,1268,,https://y.dxy.cn/hospital/1530
R000608,安阳市人民医院,安阳市人民医院,河南省,Henan,安阳市,Anyang,2015,2500,,https://wsm.whu.edu.cn/info/1035/15823.htm
R000610,安阳市中医院,安阳市中医院,河南省,Henan,安阳市,Anyang,2020,1007,,https://dzb.henandaily.cn/html5/2020-12/19/content_13_319312.htm
R000611,安阳市肿瘤医院,安阳市肿瘤医院,河南省,Henan,安阳市,Anyang,2018,1200,,https://www.yywsb.com/html/2018-08/14/4.pdf
R000612,鹤壁市人民医院,鹤壁市人民医院,河南省,Henan,鹤壁市,Hebi,2019,620,,https://y.dxy.cn/hospital/1575
R000613,焦作市第二人民医院,焦作市第二人民医院,河南省,Henan,焦作市,Jiaozuo,2014,1251,,https://www.toutiao.com/article/6968215007435784708/
R000613,焦作市第二人民医院,焦作市第二人民医院,河南省,Henan,焦作市,Jiaozuo,2019,1413,,http://www.zzdh.net/wz/wzll22303.html
R000613,焦作市第二人民医院,焦作市第二人民医院,河南省,Henan,焦作市,Jiaozuo,2021,1391,,http://yfy.hpu.edu.cn/yygk.htm
R000614,焦作市人民医院,焦作市人民医院,河南省,Henan,焦作市,Jiaozuo,2024,2100,,https://hlyjkxy.henu.edu.cn/__local/0/8C/65/C0705ADD7540F52BE54DF122920_C4342BB1_491C3.pdf
R000615,焦作市中医院,焦作市中医院,河南省,Henan,焦作市,Jiaozuo,2023,994,,https://www.zzsqmc.edu.cn/fsyy/fsjzszyy.htm
R000617,河南大学第一附属医院,河南大学第一附属医院,河南省,Henan,开封市,Kaifeng,2021,1811,,https://news.henu.edu.cn/info/1084/112350.htm
R000618,河南大学淮河医院,河南大学淮河医院,河南省,Henan,开封市,Kaifeng,2014,2000,,https://zh.wikipedia.org/wiki/%E6%B2%B3%E5%8D%97%E5%A4%A7%E5%AD%A6%E6%B7%AE%E6%B2%B3%E5%8C%BB%E9%99%A2
R000618,河南大学淮河医院,河南大学淮河医院,河南省,Henan,开封市,Kaifeng,2020,2000,,https://factpedia.org/index.php?title=%E6%B2%B3%E5%8D%97%E5%A4%A7%E5%AD%A6%E6%B7%AE%E6%B2%B3%E5%8C%BB%E9%99%A2&variant=zh
R000618,河南大学淮河医院,河南大学淮河医院,河南省,Henan,开封市,Kaifeng,2021,2000,,https://docs.cn-healthcare.com/sharedoc/pdf_files/20210531/5b3557f3effa4b2382af55cb8218c66c.pdf
R000618,河南大学淮河医院,河南大学淮河医院,河南省,Henan,开封市,Kaifeng,2022,2000,,https://www.huaihe.com.cn/NewsDetail-11884.html|https://www.huaihe.com.cn/NewsDetail-12971.html
R000618,河南大学淮河医院,河南大学淮河医院,河南省,Henan,开封市,Kaifeng,2024,2000,,https://www.huaihe.com.cn/NewsDetail-31673.html
R000619,河南大学淮河医院北院区,河南大学淮河医院,河南省,Henan,开封市,Kaifeng,2017,1000,,https://www.ncccys.com/zwdt/jcxx/20170516/3717/
R000620,开封市中心医院,开封市中心医院,河南省,Henan,开封市,Kaifeng,2022,1800,,https://m.he.offcn.com/html/2022/04/242220.html
R000621,开封市中医院,开封市中医院,河南省,Henan,开封市,Kaifeng,2022,981,,https://www.jobmd.cn/article/qtyzzx/10000790.htm
R000622,河南科技大学第一附属医院,河南科技大学第一附属医院,河南省,Henan,洛阳市,Luoyang,2014,2400,,https://www.yywsb.com/html/2017-05/25/3.pdf
R000622,河南科技大学第一附属医院,河南科技大学第一附属医院,河南省,Henan,洛阳市,Luoyang,2015,2400,,https://sydw.huatu.com/2015/0707/1262654.html
R000622,河南科技大学第一附属医院,河南科技大学第一附属医院,河南省,Henan,洛阳市,Luoyang,2016,2400,,https://hl.haust.edu.cn/info/1082/2407.htm
R000622,河南科技大学第一附属医院,河南科技大学第一附属医院,河南省,Henan,洛阳市,Luoyang,2017,2400,,http://ylws.huatu.com/yldw_zkxx/20170816/1584147.html
R000622,河南科技大学第一附属医院,河南科技大学第一附属医院,河南省,Henan,洛阳市,Luoyang,2018,2400,,https://yx.haust.edu.cn/info/1120/2116.htm
R000622,河南科技大学第一附属医院,河南科技大学第一附属医院,河南省,Henan,洛阳市,Luoyang,2020,2400,,https://ygb.haust.edu.cn/info/1996/7766.htm
R000622,河南科技大学第一附属医院,河南科技大学第一附属医院,河南省,Henan,洛阳市,Luoyang,2021,2400,,https://yx.haust.edu.cn/info/1186/3317.htm
R000622,河南科技大学第一附属医院,河南科技大学第一附属医院,河南省,Henan,洛阳市,Luoyang,2022,2400,,https://m.gccrcw.com/region/henan/hnws/202208/1275268.html
R000622,河南科技大学第一附属医院,河南科技大学第一附属医院,河南省,Henan,洛阳市,Luoyang,2023,2400,,https://yxy.pdsu.edu.cn/info/1204/3188.htm
R000623,河南科技大学第一附属医院(新区医院),河南科技大学第一附属医院,河南省,Henan,洛阳市,Luoyang,2019,1200,,https://ytsc.rootinhenan.gov.cn/sitesources/ytsc/page_pc/hnly/xsgq/articlee875605fa6dc4ee98f70088a2c51c5e1.html
R000623,河南科技大学第一附属医院(新区医院),河南科技大学第一附属医院,河南省,Henan,洛阳市,Luoyang,2021,1200,,https://adminc.yywsb.com/dzb/42635.html
R000624,河南省洛阳正骨医院,河南省洛阳正骨医院,河南省,Henan,洛阳市,Luoyang,2015,1050,,https://www.lyzhenggu.cn/doc/66/1506/53.html
R000628,郑州大学附属洛阳中心医院,郑州大学附属洛阳中心医院,河南省,Henan,洛阳市,Luoyang,2016,2080,,https://job.zzu.edu.cn/faculty/view/id/108017
R000630,漯河医学高等专科学校第一附属医院,漯河医学高等专科学校第一附属医院,河南省,Henan,漯河市,Luohe,2019,1850,,https://www.tech.net.cn/upfiles/zlbg2023/xx/henan/henan%20%2841%29.pdf
R000631,南阳市第二人民医院,南阳市第二人民医院,河南省,Henan,南阳市,Nanyang,2023,3000,,https://www.ksbao.com/news/104095
R000632,南阳市第一人民医院,南阳市第一人民医院,河南省,Henan,南阳市,Nanyang,2024,1836,,https://www.sigma-stat.com/index.php?a=index&aid=3269&c=View&m=home
R000633,南阳市南石医院,南阳市南石医院,河南省,Henan,南阳市,Nanyang,2014,1000,,http://hlxy.sqmc.edu.cn/2014/0226/c3767a1987/page.htm
R000633,南阳市南石医院,南阳市南石医院,河南省,Henan,南阳市,Nanyang,2018,1350,,https://m.sohu.com/a/226122802_350592/?pvid=000115_3w_a
R000633,南阳市南石医院,南阳市南石医院,河南省,Henan,南阳市,Nanyang,2020,1200,,https://nyws.nanyang.gov.cn/2020/12-15/83299.html
R000634,南阳市张仲景医院,南阳市张仲景医院,河南省,Henan,南阳市,Nanyang,2023,500,,https://www.nyszzjyy.com/news/441.html
R000636,南阳市中心医院肿瘤医院,南阳市中心医院,河南省,Henan,南阳市,Nanyang,2020,300,,https://csp.ncmi.cn/UsersInfo/UserUnit/UserUnitDetailWeb?uid=00206|https://nych.cn/html/web/home/index.html|https://tyjrswt.henan.gov.cn/2025/03-20/3138714.html|https://www.kanghuwang.com/gonglue/guahao2073/|https://www.nych.cn/html/web/deptDetail/index.html?id=782|https://www.nych.cn/html/web/yiliaogaikuang/yiyuanjianjie/index.html
R000637,南阳医学高等专科学校第一附属医院,南阳医学高等专科学校第一附属医院,河南省,Henan,南阳市,Nanyang,2023,2500,,https://www.nyyfy.cn/zpdt/2142.html
R000637,南阳医学高等专科学校第一附属医院,南阳医学高等专科学校第一附属医院,河南省,Henan,南阳市,Nanyang,2024,2500,,https://www.nyyfy.cn/zptz/2793.html
R000639,平顶山市第一人民医院优越路院区,平顶山市第一人民医院,河南省,Henan,平顶山市,Pingdingshan,2014,1600,,https://www.yixue99.com/2014/0125/5202.html
R000639,平顶山市第一人民医院优越路院区,平顶山市第一人民医院,河南省,Henan,平顶山市,Pingdingshan,2015,1500,,https://m.dxy.com/hospital/2015
R000640,平煤神马医疗集团总医院,平煤神马医疗集团总医院,河南省,Henan,平顶山市,Pingdingshan,2014,3048,,https://job.xxmu.edu.cn/company/view/id/426730
R000640,平煤神马医疗集团总医院,平煤神马医疗集团总医院,河南省,Henan,平顶山市,Pingdingshan,2022,3048,,https://3g.kq36.com/jobs/3719176
R000640,平煤神马医疗集团总医院,平煤神马医疗集团总医院,河南省,Henan,平顶山市,Pingdingshan,2023,3048,,https://3g.kq36.com/jobs/3719176
R000642,濮阳市人民医院,濮阳市人民医院,河南省,Henan,濮阳市,Puyang,2017,1600,,https://he.yixue99.com/2017/0814/4825.html
R000642,濮阳市人民医院,濮阳市人民医院,河南省,Henan,濮阳市,Puyang,2022,2500,,https://cont.jd.com/hospital/disease/15010079519_79726
R000643,濮阳市油田总医院,濮阳市油田总医院,河南省,Henan,濮阳市,Puyang,2014,1700,,https://y.dxy.cn/hospital/358
R000643,濮阳市油田总医院,濮阳市油田总医院,河南省,Henan,濮阳市,Puyang,2020,2000,,https://yzp.cn/zhaopingonggao/34145.html
R000643,濮阳市油田总医院,濮阳市油田总医院,河南省,Henan,濮阳市,Puyang,2022,1805,,https://yzp.cn/zhaopingonggao/66913.html
R000643,濮阳市油田总医院,濮阳市油田总医院,河南省,Henan,濮阳市,Puyang,2023,2000,,https://ha.huatu.com/2023/0316/5197153.html
R000644,濮阳市中医院,濮阳市中医院,河南省,Henan,濮阳市,Puyang,2016,622,,https://health.baidu.com/doctordec/hospital/1000619
R000644,濮阳市中医院,濮阳市中医院,河南省,Henan,濮阳市,Puyang,2020,1200,,https://www.urllibrary.com/archives/0-388.html
R000645,三门峡市中心医院,三门峡市中心医院,河南省,Henan,三门峡市,Sanmenxia,2019,2200,,https://www.sohu.com/a/327284257_120051891
R000645,三门峡市中心医院,三门峡市中心医院,河南省,Henan,三门峡市,Sanmenxia,2023,2190,,http://ylws.huatu.com/yldw_zkxx/20230303/2625666.html
R000646,三门峡市中医院,三门峡市中医院,河南省,Henan,三门峡市,Sanmenxia,2024,400,,https://www.lypt.edu.cn/2024/1018/c2011a49530/page.htm
R000647,商丘市第一人民医院,商丘市第一人民医院,河南省,Henan,商丘市,Shangqiu,2015,1400,,https://www.yihu.com/hospital/hn/8C8E248F085645B29E5F5CE450158325.shtml
R000647,商丘市第一人民医院,商丘市第一人民医院,河南省,Henan,商丘市,Shangqiu,2021,2298,,https://mip.yyk.99.com.cn/suiyangqu/81310/jianjie.html
R000647,商丘市第一人民医院,商丘市第一人民医院,河南省,Henan,商丘市,Shangqiu,2024,2308,,https://www.yzp.cn/zhaopingonggao/104066.html
R000648,商丘市中医院,商丘市中医院,河南省,Henan,商丘市,Shangqiu,2023,700,,https://k.sina.com.cn/article_6888824828_19a9b1ffc00101k295.html
R000648,商丘市中医院,商丘市中医院,河南省,Henan,商丘市,Shangqiu,2024,700,,https://www.sohu.com/a/808700743_121375869
R000650,新乡市第一人民医院,新乡市第一人民医院,河南省,Henan,新乡市,Xinxiang,2017,1600,,http://yxy.xxu.edu.cn/info/1098/1148.htm
R000650,新乡市第一人民医院,新乡市第一人民医院,河南省,Henan,新乡市,Xinxiang,2024,1720,,https://baike.baidu.com/item/%E6%96%B0%E4%B9%A1%E5%B8%82%E7%AC%AC%E4%B8%80%E4%BA%BA%E6%B0%91%E5%8C%BB%E9%99%A2/7649216
R000651,新乡市中心医院,新乡市中心医院,河南省,Henan,新乡市,Xinxiang,2020,2677,,https://m.ha.huatu.com/2020/0522/1995647.html
R000651,新乡市中心医院,新乡市中心医院,河南省,Henan,新乡市,Xinxiang,2022,2636,,https://www.bianzhia.com/henan/xinxiang/20220617/71754.html
R000651,新乡市中心医院,新乡市中心医院,河南省,Henan,新乡市,Xinxiang,2024,2345,,https://www.xyl2002.com/zpxq/24624.html?pagenum=all
R000652,新乡市中心医院(东院区),新乡市中心医院,河南省,Henan,新乡市,Xinxiang,2024,1196,,https://rb.xxrb.com.cn/app_epaper/2024-02/21/content_9919889.html
R000653,新乡医学院第二附属医院,新乡医学院第二附属医院,河南省,Henan,新乡市,Xinxiang,2016,1000,,https://hl.hbzy.edu.cn/info/1111/1292.htm
R000653,新乡医学院第二附属医院,新乡医学院第二附属医院,河南省,Henan,新乡市,Xinxiang,2019,1500,,https://m.sohu.com/a/322097990_100011671/?pvid=000115_3w_a
R000654,新乡医学院第一附属医院,新乡医学院第一附属医院,河南省,Henan,新乡市,Xinxiang,2020,3500,,https://www.sohu.com/a/407416053_765871
R000654,新乡医学院第一附属医院,新乡医学院第一附属医院,河南省,Henan,新乡市,Xinxiang,2023,3500,,https://xinxiang.huatu.com/2023/0919/5387974.html
R000656,信阳市中心医院,信阳市中心医院,河南省,Henan,信阳市,Xinyang,2023,1500,,https://www.sohu.com/a/649777155_121391172
R000657,信阳市中心医院(东院区),信阳市中心医院,河南省,Henan,信阳市,Xinyang,2023,1800,open,https://www.sohu.com/a/649777155_121391172|https://xy.henance.com/show-45612.html
R000658,许昌市中心医院,许昌市中心医院,河南省,Henan,许昌市,Xuchang,2022,1500,,https://www.xuchang.gov.cn/uploadfile/cfe8171e-bcab-4b7a-9be8-3ea02e450176/2022%E5%B9%B4%E5%BA%A6..%E8%AE%B8%E6%98%8C%E5%B8%82%E4%B8%AD%E5%BF%83%E5%8C%BB%E9%99%A2%E5%8D%95%E4%BD%8D%E5%86%B3%E7%AE%97.pdf
R000659,许昌市中心医院(鹿鸣湖院区),许昌市中心医院,河南省,Henan,许昌市,Xuchang,2022,2200,,https://www.xuchang.gov.cn/uploadfile/cfe8171e-bcab-4b7a-9be8-3ea02e450176/2022%E5%B9%B4%E5%BA%A6..%E8%AE%B8%E6%98%8C%E5%B8%82%E4%B8%AD%E5%BF%83%E5%8C%BB%E9%99%A2%E5%8D%95%E4%BD%8D%E5%86%B3%E7%AE%97.pdf
R000660,许昌市中医院,许昌市中医院,河南省,Henan,许昌市,Xuchang,2024,450,,https://www.xuchangzyy.com/
R000661,阜外华中心血管病医院,阜外华中心血管病医院,河南省,Henan,郑州市,Zhengzhou,2018,1000,,https://ihn.ifeng.com/6815961/news.shtml
R000662,河南省传染病医院,河南省传染病医院,河南省,Henan,郑州市,Zhengzhou,2024,1310,,https://www.zz6y.cn/news/view.aspx?id=3601
R000663,河南省儿童医院郑东院区,河南省儿童医院（郑州儿童医院）,河南省,Henan,郑州市,Zhengzhou,2014,1200,open,https://www.zzsetyy.cn/hospital/view.aspx?pid=1
R000664,河南省人民医院,河南省人民医院,河南省,Henan,郑州市,Zhengzhou,2023,3100,,https://js.jiceng.zhengzhou.gov.cn/013001001/7860365.jhtml
R000665,河南省胸科医院,河南省胸科医院,河南省,Henan,郑州市,Zhengzhou,2021,1200,,https://www.hnxkyy.com.cn/NewsDetail-11834.html
R000666,河南省中医药研究院附属医院,河南省中医药研究院附属医院,河南省,Henan,郑州市,Zhengzhou,2022,1000,,https://y.dxy.cn/hospital/640
R000667,河南省中医院,河南省中医院,河南省,Henan,郑州市,Zhengzhou,2014,2000,,https://www.yanke360.com/e2bf7dcc-0413-c98a-9d02-a5fd8e0ce325/b51c5cdd-0953-43c8-a1a5-18f5120c37ea.shtml
R000667,河南省中医院,河南省中医院,河南省,Henan,郑州市,Zhengzhou,2017,2000,,https://hactcm.edu.cn/info/1024/23592.htm
R000667,河南省中医院,河南省中医院,河南省,Henan,郑州市,Zhengzhou,2018,2000,,https://www.chinagwy.org/files/20180511133039_95316.pdf
R000667,河南省中医院,河南省中医院,河南省,Henan,郑州市,Zhengzhou,2021,2000,,https://www.sohu.com/a/479376541_121124028
R000667,河南省中医院,河南省中医院,河南省,Henan,郑州市,Zhengzhou,2025,2000,,https://public.zhengzhou.gov.cn/attachment/%E6%B2%B3%E5%8D%97%E7%9C%81%E4%B8%AD%E5%8C%BB%E9%99%A2%E9%AB%98%E6%96%B0%E5%8C%BA%E5%9B%AD%E5%8C%BA%E5%BB%BA%E8%AE%BE%E9%A1%B9%E7%9B%AE%E6%AD%A3%E6%96%87.pdf?qjHccoc9WiY5levD42t8izYZkRXW4yj5oh41opN_DirhwX1Ex6zB4vHYXHyC4HYYVqJdBOA8cY1P6n2Pn5JKVSF6yxZy=|https://public.zhengzhou.gov.cn/attachment/%E6%B2%B3%E5%8D%97%E7%9C%81%E4%B8%AD%E5%8C%BB%E9%99%A2%E9%AB%98%E6%96%B0%E5%8C%BA%E5%9B%AD%E5%8C%BA%E5%BB%BA%E8%AE%BE%E9%A1%B9%E7%9B%AE%E6%AD%A3%E6%96%87.pdf
R000668,河南中医药大学第三附属医院,河南中医药大学第三附属医院,河南省,Henan,郑州市,Zhengzhou,2017,672,,https://www.zysfy.com.cn/m/Article/1214.html
R000668,河南中医药大学第三附属医院,河南中医药大学第三附属医院,河南省,Henan,郑州市,Zhengzhou,2023,1500,,https://www.zysfy.com.cn/m/Article/4629.html
R000669,河南中医药大学第一附属医院东院区,河南中医药大学第一附属医院,河南省,Henan,郑州市,Zhengzhou,2024,1000,open,https://www.zhongmu.gov.cn/zwyw/8691762.jhtml
R000670,河南中医药大学第一附属医院人民路院区,河南中医药大学第一附属医院,河南省,Henan,郑州市,Zhengzhou,2022,2940,,https://9453job.com/a/225730.html
R000671,河南中医药大学附属肛肠病医院,河南中医药大学附属肛肠病医院,河南省,Henan,郑州市,Zhengzhou,2022,320,,https://www.zzgcyy.com/news/195.html
R000673,郑州大学第二附属医院,郑州大学第二附属医院,河南省,Henan,郑州市,Zhengzhou,2023,2000,,https://www.zzrvtc.edu.cn/hlx/2023/0217/c1146a106933/page.htm
R000674,郑州大学第二附属医院(经开区院区),郑州大学第二附属医院,河南省,Henan,郑州市,Zhengzhou,2023,,open,https://www.zzu.edu.cn/info/1217/80694.htm
R000674,郑州大学第二附属医院(经开区院区),郑州大学第二附属医院,河南省,Henan,郑州市,Zhengzhou,2024,1200,,https://wap.zzwb.cn/news/377142.html
R000677,郑州大学第五附属医院,郑州大学第五附属医院,河南省,Henan,郑州市,Zhengzhou,2023,2176,,https://www.zdwfy.com/Article-8.html
R000678,郑州大学第一附属医院,郑州大学第一附属医院,河南省,Henan,郑州市,Zhengzhou,2021,5000,,https://www.cn-healthcare.com/articlewm/20211119/content-1286694.html
R000679,郑州大学第一附属医院(惠济院区),郑州大学第一附属医院,河南省,Henan,郑州市,Zhengzhou,2017,490,,https://docs.cn-healthcare.com/sharedoc/pdf_files/20171114/e7eaf98ef9f94a0b98d9a238441c755b.pdf
R000679,郑州大学第一附属医院(惠济院区),郑州大学第一附属医院,河南省,Henan,郑州市,Zhengzhou,2022,490,,https://www.cn-healthcare.com/articlewm/20221206/content-1478797.html
R000680,郑州大学第一附属医院(南院区),郑州大学第一附属医院,河南省,Henan,郑州市,Zhengzhou,2021,,open,https://www.zzu.edu.cn/info/1217/77723.htm
R000680,郑州大学第一附属医院(南院区),郑州大学第一附属医院,河南省,Henan,郑州市,Zhengzhou,2022,2000,,https://www.sohu.com/a/590623862_120960539
R000681,郑州大学第一附属医院(西院区),郑州大学第一附属医院,河南省,Henan,郑州市,Zhengzhou,2024,600,open,https://dzb.henandaily.cn/html5/2024-07/17/content_11_1680310.htm|https://finance.sina.cn/2024-07-15/detail-incefnkv8859068.d.html|https://henan.sina.com.cn/city/csgz/2024-07-16/city-incehuee1584632.shtml|https://www.sohu.com/a/793641569_121375869
R000682,郑州大学第一附属医院(郑东院区),郑州大学第一附属医院,河南省,Henan,郑州市,Zhengzhou,2016,3000,open,https://news.zzu.edu.cn/info/1002/29627.htm
R000682,郑州大学第一附属医院(郑东院区),郑州大学第一附属医院,河南省,Henan,郑州市,Zhengzhou,2021,3000,,https://www.cn-healthcare.com/articlewm/20211119/content-1286694.html
R000683,郑州大学附属郑州中心医院,郑州大学附属郑州中心医院,河南省,Henan,郑州市,Zhengzhou,2024,3011,,https://y.dxy.cn/hospital/129
R000684,郑州大学附属肿瘤医院,郑州大学附属肿瘤医院,河南省,Henan,郑州市,Zhengzhou,2024,2991,,https://amr.zhengzhou.gov.cn/jycyzl/8395949.jhtml
R000685,郑州人民医院,郑州人民医院,河南省,Henan,郑州市,Zhengzhou,2013,1884,,https://stock.cnstock.com/stock/smk_gszbs/201311/2822898.htm
R000685,郑州人民医院,郑州人民医院,河南省,Henan,郑州市,Zhengzhou,2014,1884,,https://m.gxszw.com/region/henan/wshn/201403/091754.html
R000685,郑州人民医院,郑州人民医院,河南省,Henan,郑州市,Zhengzhou,2017,1884,,https://docs.cn-healthcare.com/sharedoc/pdf_files/20170519/a85b642183bc4b20bf737defaf82639f.pdf
R000685,郑州人民医院,郑州人民医院,河南省,Henan,郑州市,Zhengzhou,2023,1884,,https://yjs.nymc.edu.cn/__local/5/A8/EF/341D6D4ECBFE5477862F0FD8B54_CF0EF1C8_85AA4E.pdf?e=.pdf
R000685,郑州人民医院,郑州人民医院,河南省,Henan,郑州市,Zhengzhou,2024,2177,,https://yyk.99.com.cn/jinshui/80513/jianjie.html
R000686,郑州市第七人民医院,郑州市第七人民医院,河南省,Henan,郑州市,Zhengzhou,2022,1500,,https://www.sohu.com/a/569143965_120127424/
R000687,郑州市第一人民医院,郑州市第一人民医院,河南省,Henan,郑州市,Zhengzhou,2017,1616,,https://www.zzsdyrmyy.com/detail/1052/1.html|https://www.zzsdyrmyy.com/detail/1078/1.html
R000687,郑州市第一人民医院,郑州市第一人民医院,河南省,Henan,郑州市,Zhengzhou,2018,1616,,https://www.zzsdyrmyy.com/detail/1078/1.html
R000688,河南省儿童医院东三街院区,河南省儿童医院（郑州儿童医院）,河南省,Henan,郑州市,Zhengzhou,2014,493,,https://www.zzsetyy.cn/hospital/view.aspx?pid=2
R000688,河南省儿童医院东三街院区,河南省儿童医院（郑州儿童医院）,河南省,Henan,郑州市,Zhengzhou,2024,493,,https://www.zzsetyy.cn/about/view.aspx?id=77|https://www.zzsetyy.cn/hospital/view.aspx?pid=2
R000690,郑州市骨科医院,郑州市骨科医院,河南省,Henan,郑州市,Zhengzhou,2019,1200,,https://m.mingyihui.net/hospital_1195/index.html
R000690,郑州市骨科医院,郑州市骨科医院,河南省,Henan,郑州市,Zhengzhou,2020,1200,,http://www.houzhiwang.com/html/202004/20875.html
R000691,郑州市中医院,郑州市中医院,河南省,Henan,郑州市,Zhengzhou,2024,1500,,https://www.zzszyy.com/news/view.aspx?id=765
R000694,中国人民解放军第一五三中心医院东医疗区,郑州四六〇医院,河南省,Henan,郑州市,Zhengzhou,2016,635,,https://baike.sogou.com/v69383658.htm
R000694,中国人民解放军第一五三中心医院东医疗区,郑州四六〇医院,河南省,Henan,郑州市,Zhengzhou,2021,635,,https://gaokao.haedu.cn/501/552/2021/0622/125779.html
R000694,中国人民解放军第一五三中心医院东医疗区,郑州四六〇医院,河南省,Henan,郑州市,Zhengzhou,2023,635,,https://k.sina.com.cn/article_6090325038_16b02fc2e00101dw9f.html
R000695,周口市中心医院,周口市中心医院,河南省,Henan,周口市,Zhoukou,2023,2600,,https://www.zhoukou.gov.cn/sitesources/zksrmzf/upload/9bdd2257eebabf75ebe4054a9fe21f47/1732172685107.pdf
R000696,周口市中心医院(文昌路院区),周口市中心医院,河南省,Henan,周口市,Zhoukou,2023,1500,,https://www.zhoukou.gov.cn/sitesources/zksrmzf/upload/9bdd2257eebabf75ebe4054a9fe21f47/1732172685107.pdf
R000697,周口市中医院,周口市中医院,河南省,Henan,周口市,Zhoukou,2018,800,,https://www.med66.com/zhuyuanyishi/henan/gl1809016334.shtml
R000697,周口市中医院,周口市中医院,河南省,Henan,周口市,Zhoukou,2021,1200,,http://www.zkszyy.com/News/2311.html
R000699,驻马店市第二人民医院,驻马店市第二人民医院,河南省,Henan,驻马店市,Zhumadian,2017,1500,,https://www.zmdsdrrmyy.cn/page-43380.html
R000699,驻马店市第二人民医院,驻马店市第二人民医院,河南省,Henan,驻马店市,Zhumadian,2019,1500,,https://www.sohu.com/a/324749138_100287944
R000699,驻马店市第二人民医院,驻马店市第二人民医院,河南省,Henan,驻马店市,Zhumadian,2020,1500,,https://adminc.yywsb.com/html/2020-09/29/2.pdf
R000699,驻马店市第二人民医院,驻马店市第二人民医院,河南省,Henan,驻马店市,Zhumadian,2023,1500,,https://hl.hbzy.edu.cn/info/1050/3277.htm
R000701,驻马店市中医院,驻马店市中医院,河南省,Henan,驻马店市,Zhumadian,2021,1500,,https://www.zmdszyy.com/contents/9/1415.html
R000701,驻马店市中医院,驻马店市中医院,河南省,Henan,驻马店市,Zhumadian,2022,1500,,https://m.thepaper.cn/newsDetail_forward_20526844
R000701,驻马店市中医院,驻马店市中医院,河南省,Henan,驻马店市,Zhumadian,2024,1500,,https://anyang.zfcg.henan.gov.cn/cmsweb81e27e/zhumadian/rootfiles/2024/08/22/524a51569c0046c196e7c18bd90af77d.pdf|https://www.zmdszyy.cn/upload/files/2024/5/af8c8653d5c44e0c.pdf
R000702,大庆市人民医院,大庆市人民医院,黑龙江省,Heilongjiang,大庆市,Daqing,2000,,open,https://dqsrmyy.com.cn/index/lists/index.html?id=9
R000702,大庆市人民医院,大庆市人民医院,黑龙江省,Heilongjiang,大庆市,Daqing,2021,803,,https://www.dqsrmyy.com/index/lists/index.html?id=9
R000703,大庆市中西医结合医院,大庆市中西医结合医院,黑龙江省,Heilongjiang,大庆市,Daqing,2024,470,,https://health.baidu.com/doctordec/hosintro/1005708
R000704,大庆市中医院,大庆市中医医院,黑龙江省,Heilongjiang,大庆市,Daqing,2009,,relocated,https://www.dqszyyy.cn/index/index/about.html
R000704,大庆市中医院,大庆市中医医院,黑龙江省,Heilongjiang,大庆市,Daqing,2017,500,,https://www.dqszyyy.cn/index/index/about.html
R000705,大庆油田总医院,大庆油田总医院,黑龙江省,Heilongjiang,大庆市,Daqing,2020,2000,,https://docs.cn-healthcare.com/sharedoc/src_files/20220216/5474adb82d27469e8f65d04b6ea47871.pdf
R000705,大庆油田总医院,大庆油田总医院,黑龙江省,Heilongjiang,大庆市,Daqing,2022,2000,,https://docs.cn-healthcare.com/sharedoc/src_files/20220216/5474adb82d27469e8f65d04b6ea47871.pdf
R000706,大庆油田总医院集团第二医院,大庆市第二医院,黑龙江省,Heilongjiang,大庆市,Daqing,2018,456,,https://www.ljjk.org.cn/articleNews.do?id=576
R000707,大庆油田总医院集团第三医院,大庆市第三医院,黑龙江省,Heilongjiang,大庆市,Daqing,2020,1016,,https://www.dqsdsyy.cn/ywgk/zbgg/content_13431
R000708,大庆油田总医院集团龙南医院,大庆龙南医院,黑龙江省,Heilongjiang,大庆市,Daqing,2018,900,,https://www.sohu.com/a/236267244_100196342
R000708,大庆油田总医院集团龙南医院,大庆龙南医院,黑龙江省,Heilongjiang,大庆市,Daqing,2022,1200,,https://www.cn-healthcare.com/articlewm/20220605/wap-content-1372328.html
R000709,大兴安岭地区人民医院,大兴安岭地区人民医院,黑龙江省,Heilongjiang,大兴安岭地区,Daxing'anling Prefecture,2018,500,,https://dxalu.org.cn/static/upload/sofa/20220412/7c725347bc63e6ca9e504436c5a8aa40.pdf
R000709,大兴安岭地区人民医院,大兴安岭地区人民医院,黑龙江省,Heilongjiang,大兴安岭地区,Daxing'anling Prefecture,2022,500,,https://dxalu.org.cn/static/upload/sofa/20220412/7c725347bc63e6ca9e504436c5a8aa40.pdf
R000710,哈尔滨第二四二医院,哈尔滨二四二医院,黑龙江省,Heilongjiang,哈尔滨市,Harbin,2014,750,,https://www.51test.net/yszp/heilongjiang/242yy/
R000710,哈尔滨第二四二医院,哈尔滨二四二医院,黑龙江省,Heilongjiang,哈尔滨市,Harbin,2015,1200,,https://www.jobmd.cn/article/123739.htm
R000711,哈尔滨骨伤科医院,哈尔滨市骨伤科医院,黑龙江省,Heilongjiang,哈尔滨市,Harbin,2020,400,,https://mip.mfk.com/guahao/hospital/478.shtml
R000712,哈尔滨市传染病医院,哈尔滨市第六医院,黑龙江省,Heilongjiang,哈尔滨市,Harbin,2020,550,,https://www.thepaper.cn/newsDetail_forward_9090494
R000713,哈尔滨市第二医院,哈尔滨市第二医院,黑龙江省,Heilongjiang,哈尔滨市,Harbin,2017,700,,https://www.ljjk.org.cn/articleNews.do?id=401
R000713,哈尔滨市第二医院,哈尔滨市第二医院,黑龙江省,Heilongjiang,哈尔滨市,Harbin,2018,1400,,https://commercial.dxy.cn/article/555057
R000714,哈尔滨市第四医院,哈尔滨市第四医院,黑龙江省,Heilongjiang,哈尔滨市,Harbin,2023,1020,,https://health.baidu.com/doctordec/hosintro/1000868
R000715,哈尔滨市第五医院,哈尔滨市第五医院,黑龙江省,Heilongjiang,哈尔滨市,Harbin,2021,1100,,https://www.hljnc.edu.cn/info/1073/3976.htm
R000715,哈尔滨市第五医院,哈尔滨市第五医院,黑龙江省,Heilongjiang,哈尔滨市,Harbin,2023,1100,,https://www.hljnc.edu.cn/__local/A/17/D0/01D790D5F8ABB25FE3D731628F6_F3C80999_7945D.pdf
R000716,哈尔滨市第一医院,哈尔滨市第一医院,黑龙江省,Heilongjiang,哈尔滨市,Harbin,2016,1438,,https://tv.mdweekly.cn/app/index.php?aid=1643&c=entry&do=article&i=4&m=fy_lessonv2&op=display
R000716,哈尔滨市第一医院,哈尔滨市第一医院,黑龙江省,Heilongjiang,哈尔滨市,Harbin,2017,1438,,https://tv.mdweekly.cn/app/index.php?aid=7719&c=entry&do=article&i=4&m=fy_lessonv2&op=display
R000717,哈尔滨市第一专科医院,哈尔滨市第一专科医院,黑龙江省,Heilongjiang,哈尔滨市,Harbin,2024,1250,,https://app.xinhuanet.com/news/article.html?articleId=fbfe25f0363d03e1cd36084e4ea15bc8
R000718,哈尔滨医科大学附属第六医院江南院区,哈尔滨医科大学附属第六医院,黑龙江省,Heilongjiang,哈尔滨市,Harbin,2022,900,,https://finance.sina.cn/2022-08-03/detail-imizmscv4737745.d.html|https://hlj.news.cn/jkys/2022-08/02/c_1310648743.htm
R000719,哈尔滨市红十字中心医院,哈尔滨市红十字中心医院,黑龙江省,Heilongjiang,哈尔滨市,Harbin,2017,510,,https://www.ljjk.org.cn/articleNews.do?id=378
R000721,哈尔滨市中医院,哈尔滨市中医医院,黑龙江省,Heilongjiang,哈尔滨市,Harbin,2016,760,,https://y.dxy.cn/hospital/1824
R000722,哈尔滨医科大学附属第二医院,哈尔滨医科大学附属第二医院,黑龙江省,Heilongjiang,哈尔滨市,Harbin,2016,6005,,https://www.hlj.gov.cn/hlj/c108381/201610/c00_31184024.shtml
R000722,哈尔滨医科大学附属第二医院,哈尔滨医科大学附属第二医院,黑龙江省,Heilongjiang,哈尔滨市,Harbin,2020,6005,,https://www.yebaike.com/22/1371761.html
R000723,哈尔滨医科大学附属第四医院,哈尔滨医科大学附属第四医院,黑龙江省,Heilongjiang,哈尔滨市,Harbin,2014,3689,,http://www.offcn.com/ylws/2020/0609/186464.html
R000724,哈尔滨医科大学附属第一医院,哈尔滨医科大学附属第一医院,黑龙江省,Heilongjiang,哈尔滨市,Harbin,2016,4385,,https://www.hlj.gov.cn/hlj/c108381/201610/c00_31184024.shtml
R000724,哈尔滨医科大学附属第一医院,哈尔滨医科大学附属第一医院,黑龙江省,Heilongjiang,哈尔滨市,Harbin,2019,4385,,https://tv.mdweekly.cn/app/index.php?aid=22856&c=entry&do=article&i=4&m=fy_lessonv2&op=display|https://www.hrbmu.edu.cn/zhaosheng/info/1143/1200.htm
R000724,哈尔滨医科大学附属第一医院,哈尔滨医科大学附属第一医院,黑龙江省,Heilongjiang,哈尔滨市,Harbin,2021,4385,,https://www.hrbmu.edu.cn/info/1097/3359.htm
R000725,哈尔滨医科大学附属第一医院(群力院区),哈尔滨医科大学附属第一医院,黑龙江省,Heilongjiang,哈尔滨市,Harbin,2021,1003,,https://www.hrbmu.edu.cn/info/1097/3359.htm
R000726,哈尔滨医科大学附属肿瘤医院,哈尔滨医科大学附属第三医院,黑龙江省,Heilongjiang,哈尔滨市,Harbin,2021,2200,,http://www.yiqi.com/cg9599/
R000726,哈尔滨医科大学附属肿瘤医院,哈尔滨医科大学附属第三医院,黑龙江省,Heilongjiang,哈尔滨市,Harbin,2023,3488,,https://hmucancerhospital.hrbmu.edu.cn/ylgk/ksjs/flk1/xbflebf/ksxg/ksdt.htm
R000727,黑龙江神志医院,黑龙江神志医院,黑龙江省,Heilongjiang,哈尔滨市,Harbin,2022,200,,https://www.shenzhiyiyuan.com/gaikuang.html?a_id=65dda2a7052ee27f654882d5&b_id=65dda2b1a4254c702f305adf&nav_id=65dd928056c312375363742c
R000728,黑龙江省传染病防治院,黑龙江省第四医院,黑龙江省,Heilongjiang,哈尔滨市,Harbin,2022,1400,,https://www.hlj.chinanews.com.cn/hljnews/2022/0627/110312.html
R000731,黑龙江省农垦总局总医院,北大荒集团总医院,黑龙江省,Heilongjiang,哈尔滨市,Harbin,2021,1320,,https://www.dayi.org.cn/hospital/1132291.html
R000732,黑龙江省森工总医院,黑龙江省森工总医院,黑龙江省,Heilongjiang,哈尔滨市,Harbin,2021,534,,https://www.5rc.com/zhaokao/308876/
R000733,黑龙江省医院,黑龙江省医院,黑龙江省,Heilongjiang,哈尔滨市,Harbin,2013,2442,,https://yanke360.com/e32d78bf-5f83-9237-e063-a21e45018d96/ecf0f2b5-ba34-4b78-b5d9-9ba0f1cb2c5b.shtml
R000733,黑龙江省医院,黑龙江省医院,黑龙江省,Heilongjiang,哈尔滨市,Harbin,2016,2442,,https://www.hlj.gov.cn/hlj/c108381/201610/c00_31184024.shtml
R000733,黑龙江省医院,黑龙江省医院,黑龙江省,Heilongjiang,哈尔滨市,Harbin,2017,2442,,https://ljjk.org.cn/articleNews.do?id=462
R000733,黑龙江省医院,黑龙江省医院,黑龙江省,Heilongjiang,哈尔滨市,Harbin,2020,2442,,https://www.bjca.cn/content/details_273_2945.html|https://yanke360.com/e32d78bf-5f83-9237-e063-a21e45018d96/ecf0f2b5-ba34-4b78-b5d9-9ba0f1cb2c5b.shtml
R000734,黑龙江省中医院,黑龙江省中医医院,黑龙江省,Heilongjiang,哈尔滨市,Harbin,2015,1808,,https://yz.chsi.com.cn/kyzx/zsjz/201509/20150925/1505241650.html
R000734,黑龙江省中医院,黑龙江省中医医院,黑龙江省,Heilongjiang,哈尔滨市,Harbin,2024,1808,,https://kaoyan.xdf.cn/202310/13537179.html
R000735,黑龙江中医药大学附属第二医院,黑龙江中医药大学附属第二医院,黑龙江省,Heilongjiang,哈尔滨市,Harbin,2014,800,,https://www.hlj.gov.cn/hlj/c108381/201610/c00_31184024.shtml
R000735,黑龙江中医药大学附属第二医院,黑龙江中医药大学附属第二医院,黑龙江省,Heilongjiang,哈尔滨市,Harbin,2016,800,,https://www.hlj.gov.cn/hlj/c108381/201610/c00_31184024.shtml
R000735,黑龙江中医药大学附属第二医院,黑龙江中医药大学附属第二医院,黑龙江省,Heilongjiang,哈尔滨市,Harbin,2022,1233,,https://news.hljucm.net/info/1034/6154.htm
R000736,黑龙江中医药大学附属第二医院(哈南分院),黑龙江中医药大学附属第二医院,黑龙江省,Heilongjiang,哈尔滨市,Harbin,2016,500,,https://www.hljucm.edu.cn/info/1067/14644.htm
R000736,黑龙江中医药大学附属第二医院(哈南分院),黑龙江中医药大学附属第二医院,黑龙江省,Heilongjiang,哈尔滨市,Harbin,2022,900,,https://news.hljucm.net/info/1034/6154.htm
R000737,黑龙江中医药大学附属第一医院,黑龙江中医药大学附属第一医院,黑龙江省,Heilongjiang,哈尔滨市,Harbin,2014,1500,,https://m.med66.com/web/wangxiao_xg_yaoshi/cy1601141990.shtml
R000737,黑龙江中医药大学附属第一医院,黑龙江中医药大学附属第一医院,黑龙江省,Heilongjiang,哈尔滨市,Harbin,2016,1500,,https://www.hlj.gov.cn/hlj/c108381/201610/c00_31184024.shtml
R000740,北大荒集团宝泉岭医院,北大荒集团宝泉岭医院,黑龙江省,Heilongjiang,鹤岗市,Hegang,2018,710,,https://www.ljjk.org.cn/articleNews.do?id=599
R000740,北大荒集团宝泉岭医院,北大荒集团宝泉岭医院,黑龙江省,Heilongjiang,鹤岗市,Hegang,2024,710,,https://www.hlj.chinanews.com.cn/hljnews/2024/0201/131114.html
R000742,鹤岗市人民医院,鹤岗市人民医院,黑龙江省,Heilongjiang,鹤岗市,Hegang,2020,1500,,https://mhos.51daifu.com/hos506/gba/831.shtml
R000743,鹤岗市中医院,鹤岗市中医医院,黑龙江省,Heilongjiang,鹤岗市,Hegang,2022,410,,https://www.ylzhaopin.com/news/53661.html
R000743,鹤岗市中医院,鹤岗市中医医院,黑龙江省,Heilongjiang,鹤岗市,Hegang,2024,420,,https://www.haoyunbang.cn/hospital/info/1583920390999/
R000744,黑龙江省农垦宝泉岭医院,北大荒集团宝泉岭医院,黑龙江省,Heilongjiang,鹤岗市,Hegang,2022,710,,https://www.bqlzxyy.org.cn/
R000744,黑龙江省农垦宝泉岭医院,北大荒集团宝泉岭医院,黑龙江省,Heilongjiang,鹤岗市,Hegang,2024,710,,https://www.hlj.chinanews.com.cn/hljnews/2024/0201/131114.html
R000745,黑龙江省第三医院,黑龙江省第三医院,黑龙江省,Heilongjiang,黑河市,Heihe,2016,800,,https://www.hlj.gov.cn/hlj/c108381/201610/c00_31184024.shtml
R000745,黑龙江省第三医院,黑龙江省第三医院,黑龙江省,Heilongjiang,黑河市,Heihe,2017,800,,https://ljjk.org.cn/articleNews.do?id=506
R000746,鸡西矿业集团总医院,鸡西鸡矿医院,黑龙江省,Heilongjiang,鸡西市,Jixi,2017,1200,,https://www.med66.com/weishengdanweizhaopin/heilongjiang/jy1711236289.shtml
R000746,鸡西矿业集团总医院,鸡西鸡矿医院,黑龙江省,Heilongjiang,鸡西市,Jixi,2022,1246,,http://dxy.com/hospital/4714
R000746,鸡西矿业集团总医院,鸡西鸡矿医院,黑龙江省,Heilongjiang,鸡西市,Jixi,2024,1006,,https://hospital.51daifu.com/hos42408/address.shtml
R000747,鸡西市医集团鸡西市人民医院,鸡西市人民医院,黑龙江省,Heilongjiang,鸡西市,Jixi,2019,1100,open,https://3g.kq36.com/25/93023dae0328418d97556d1699b92731|https://www.cn-healthcare.com/article/20210907/content-559819.html
R000748,鸡西市医集团鸡西市人民医院旧院,鸡西市人民医院,黑龙江省,Heilongjiang,鸡西市,Jixi,2016,850,,https://www.sdjzsj5y.com/news/316.html
R000749,鸡西市中医院,鸡西市中医医院,黑龙江省,Heilongjiang,鸡西市,Jixi,2024,800,,https://www.cntcm.com.cn/m/zhuanti/content/202408/21/c257114.html
R000750,黑龙江农垦建三江人民医院,北大荒集团建三江医院,黑龙江省,Heilongjiang,佳木斯市,Jiamusi,2024,700,,https://cont.jd.com/hospital/17010122404
R000751,佳木斯大学第二附属医院,佳木斯大学附属口腔医院,黑龙江省,Heilongjiang,佳木斯市,Jiamusi,2019,320,,https://yyk.99.com.cn/jiaoqu/305686/jianjie.html
R000751,佳木斯大学第二附属医院,佳木斯大学附属口腔医院,黑龙江省,Heilongjiang,佳木斯市,Jiamusi,2023,273,,https://yxb.jmsu.edu.cn/info/1102/1778.htm
R000752,佳木斯大学第一附属医院,佳木斯大学附属第一医院,黑龙江省,Heilongjiang,佳木斯市,Jiamusi,2018,1800,,https://yyk.familydoctor.com.cn/reserve_94_295_0_0_1.html
R000752,佳木斯大学第一附属医院,佳木斯大学附属第一医院,黑龙江省,Heilongjiang,佳木斯市,Jiamusi,2023,1800,,https://yxb.jmsu.edu.cn/info/1100/1587.htm
R000753,佳木斯市传染病院,佳木斯市传染病院,黑龙江省,Heilongjiang,佳木斯市,Jiamusi,2023,500,,https://m.bohe.cn/hospital/33179/
R000755,佳木斯市结核医院,佳木斯市肿瘤医院,黑龙江省,Heilongjiang,佳木斯市,Jiamusi,2024,550,,https://www.ljjk.org.cn/hosptail.do?id=391
R000756,佳木斯市中心医院,佳木斯市中心医院,黑龙江省,Heilongjiang,佳木斯市,Jiamusi,2015,1673,,https://sydw.huatu.com/2015/1124/1376982.html
R000756,佳木斯市中心医院,佳木斯市中心医院,黑龙江省,Heilongjiang,佳木斯市,Jiamusi,2024,1700,,https://3g.kq36.com/25/2f81cb6e0f3a47778e591cf5ffa73b25
R000757,佳木斯中医院,佳木斯市中医医院,黑龙江省,Heilongjiang,佳木斯市,Jiamusi,2021,510,,https://s.dayi.org.cn/mip/s/hospital/1127326.html
R000758,黑龙江省牡丹江林业中心医院,牡丹江林业中心医院,黑龙江省,Heilongjiang,牡丹江市,Mudanjiang,2024,705,,https://www.mdjlyzxyy.cn/content/250.html
R000759,牡丹江康安医院,牡丹江市康安医院,黑龙江省,Heilongjiang,牡丹江市,Mudanjiang,2022,700,,https://www.ylzhaopin.com/news/53680.html
R000759,牡丹江康安医院,牡丹江市康安医院,黑龙江省,Heilongjiang,牡丹江市,Mudanjiang,2024,550,,http://mdjkayy.org.cn/
R000760,牡丹江市第二人民医院,牡丹江市第二人民医院,黑龙江省,Heilongjiang,牡丹江市,Mudanjiang,2014,1500,,https://www.bohe.cn/hospital/1664/
R000761,牡丹江市第一人民医院,牡丹江市第一人民医院,黑龙江省,Heilongjiang,牡丹江市,Mudanjiang,2021,1300,,https://www.mdjdyyy.cn
R000764,牡丹江市肿瘤医院,牡丹江市肿瘤医院,黑龙江省,Heilongjiang,牡丹江市,Mudanjiang,2014,700,,https://y.dxy.cn/hospital/523
R000765,牡丹江心血管病医院,牡丹江心血管医院,黑龙江省,Heilongjiang,牡丹江市,Mudanjiang,2022,680,,https://www.drvoice.cn/article/9101
R000766,牡丹江医学院附属第二医院,牡丹江医学院附属第二医院,黑龙江省,Heilongjiang,牡丹江市,Mudanjiang,2018,800,,https://m.kaoyan.com/yanzhao/mdjmu/jianzhang/5bd0327e6fc59.html
R000766,牡丹江医学院附属第二医院,牡丹江医学院附属第二医院,黑龙江省,Heilongjiang,牡丹江市,Mudanjiang,2021,800,,https://www.mdjmu.cn/bkzsw/info/1056/1414.htm
R000767,牡丹江医学院红旗医院,牡丹江医学院附属红旗医院,黑龙江省,Heilongjiang,牡丹江市,Mudanjiang,2020,1200,,https://m.hlj.offcn.com/html/2020/06/124147.html
R000768,七台河市人民医院,七台河市人民医院,黑龙江省,Heilongjiang,七台河市,Qitaihe,2016,1200,,https://www.qthyy.org.cn/index.php?c_id=1&id=727&lanmu=2&p=news_show
R000773,齐齐哈尔医学院第二附属医院,齐齐哈尔医学院附属第二医院,黑龙江省,Heilongjiang,齐齐哈尔市,Qiqihaer,2023,1400,,http://www.chealth.org.cn/mon/hospitals/article/MG143027666.html
R000773,齐齐哈尔医学院第二附属医院,齐齐哈尔医学院附属第二医院,黑龙江省,Heilongjiang,齐齐哈尔市,Qiqihaer,2024,1700,,https://www.qqhryxyfsdryy.org.cn/3637/listm.htm
R000774,齐齐哈尔医学院第六附属医院,齐齐哈尔市第一医院,黑龙江省,Heilongjiang,齐齐哈尔市,Qiqihaer,2013,1500,,https://epaper.stcn.com/paper/zqsb/page/1/2015-01/28/B014/20150128B014_pdf.pdf
R000774,齐齐哈尔医学院第六附属医院,齐齐哈尔市第一医院,黑龙江省,Heilongjiang,齐齐哈尔市,Qiqihaer,2024,1500,,https://qqhrdyyy.com.cn/Html/News/Articles/11308.html
R000775,齐齐哈尔医学院第一附属医院,齐齐哈尔医学院第一附属医院,黑龙江省,Heilongjiang,齐齐哈尔市,Qiqihaer,2023,1320,,https://www.sangfor.com.cn/case/bed3ea6a14b74a8c93f70f0e87b8005b
R000776,齐齐哈尔医学院附属第三医院,齐齐哈尔医学院附属第三医院,黑龙江省,Heilongjiang,齐齐哈尔市,Qiqihaer,2015,2000,,https://www.qqhryxyfsdsyy.org.cn/2016/0427/c4680a104984/page.htm
R000776,齐齐哈尔医学院附属第三医院,齐齐哈尔医学院附属第三医院,黑龙江省,Heilongjiang,齐齐哈尔市,Qiqihaer,2016,2000,,https://www.qqhryxyfsdsyy.org.cn/2016/0427/c4680a104984/page.htm
R000778,黑龙江省农垦红兴隆分局中心医院,北大荒集团红兴隆医院,黑龙江省,Heilongjiang,双鸭山市,Shuangyashan,2024,880,,https://m.dxy.com/hospital/2254|https://www.hrbmu.edu.cn/info/1097/6142.htm
R000781,绥化市第一医院,绥化市第一医院,黑龙江省,Heilongjiang,绥化市,Suihua,2022,1500,,https://www.shsdyyy.org.cn/
R000783,伊春林业中心医院,伊春市林业中心医院,黑龙江省,Heilongjiang,伊春市,Yichun,2020,800,,https://www.ycym.gov.cn/ymqrmzf/c101746/202007/6444.shtml
R000784,鄂州市中心医院,鄂州市中心医院,湖北省,Hubei,鄂州市,Ezhou,2020,1150,,https://www.ezhou.gov.cn/gk/zc/qtzdgk/202011/t20201112_367600.html
R000785,鄂州市中心医院(临空院区),鄂州市中心医院,湖北省,Hubei,鄂州市,Ezhou,2023,1350,,https://www.ezhou.gov.cn/bsfw_0/ztfwcs/ylws/wyk/202401/t20240109_606615.html
R000785,鄂州市中心医院(临空院区),鄂州市中心医院,湖北省,Hubei,鄂州市,Ezhou,2024,1350,,https://www.ezhou.gov.cn/sy/ldzc/swld/sb/ldhd/202406/t20240627_633541.html
R000786,鄂州市中医院,鄂州市中医院,湖北省,Hubei,鄂州市,Ezhou,2022,550,,https://www.ylzhaopin.com/news/61521.html
R000788,恩施土家族苗族自治州中心医院(西医部院区),恩施土家族苗族自治州中心医院,湖北省,Hubei,恩施土家族苗族自治州,Enshi Tujia and Miao Autonomous Prefecture,2015,1425,,https://www.es9e.cn/yiyuan/lianxi/xiyibu.htm
R000788,恩施土家族苗族自治州中心医院(西医部院区),恩施土家族苗族自治州中心医院,湖北省,Hubei,恩施土家族苗族自治州,Enshi Tujia and Miao Autonomous Prefecture,2020,1425,,https://www.zgdbjz.org.cn/home/guids/article/id/3853/type/phone.dbjz
R000788,恩施土家族苗族自治州中心医院(西医部院区),恩施土家族苗族自治州中心医院,湖北省,Hubei,恩施土家族苗族自治州,Enshi Tujia and Miao Autonomous Prefecture,2023,1425,,https://hb.ezhupei.com/pdsci/inx/portal/loadInfo?infoFlow=7f83c88355684e528de01847d4158f53
R000789,恩施土家族苗族自治州中心医院(中医部院区),恩施土家族苗族自治州中心医院,湖北省,Hubei,恩施土家族苗族自治州,Enshi Tujia and Miao Autonomous Prefecture,2015,700,,https://www.es9e.cn/yiyuan/lianxi/jiguan.htm
R000789,恩施土家族苗族自治州中心医院(中医部院区),恩施土家族苗族自治州中心医院,湖北省,Hubei,恩施土家族苗族自治州,Enshi Tujia and Miao Autonomous Prefecture,2020,700,,https://www.zgdbjz.org.cn/home/guids/article/id/3853/type/phone.dbjz
R000789,恩施土家族苗族自治州中心医院(中医部院区),恩施土家族苗族自治州中心医院,湖北省,Hubei,恩施土家族苗族自治州,Enshi Tujia and Miao Autonomous Prefecture,2023,700,,https://hb.ezhupei.com/pdsci/inx/portal/loadInfo?infoFlow=7f83c88355684e528de01847d4158f53
R000790,恩施土家族苗族自治州中心医院妇儿医院(金龙院区),恩施土家族苗族自治州中心医院,湖北省,Hubei,恩施土家族苗族自治州,Enshi Tujia and Miao Autonomous Prefecture,2020,,open,https://hb.ezhupei.com/pdsci/inx/portal/loadInfo?infoFlow=7f83c88355684e528de01847d4158f53
R000790,恩施土家族苗族自治州中心医院妇儿医院(金龙院区),恩施土家族苗族自治州中心医院,湖北省,Hubei,恩施土家族苗族自治州,Enshi Tujia and Miao Autonomous Prefecture,2021,488,,https://www.esbaidu.com/enshi/240.html
R000790,恩施土家族苗族自治州中心医院妇儿医院(金龙院区),恩施土家族苗族自治州中心医院,湖北省,Hubei,恩施土家族苗族自治州,Enshi Tujia and Miao Autonomous Prefecture,2023,488,,https://hb.ezhupei.com/pdsci/inx/portal/loadInfo?infoFlow=7f83c88355684e528de01847d4158f53
R000791,湖北民族学院附属民大医院,湖北民族学院附属民大医院,湖北省,Hubei,恩施土家族苗族自治州,Enshi Tujia and Miao Autonomous Prefecture,2021,1200,,https://hb.ezhupei.com/pdsci/inx/portal/loadInfo?infoFlow=344495657cfd479e9def070177b6f1f4
R000791,湖北民族学院附属民大医院,湖北民族学院附属民大医院,湖北省,Hubei,恩施土家族苗族自治州,Enshi Tujia and Miao Autonomous Prefecture,2022,1600,,https://hb.ezhupei.com/pdsci/inx/portal/loadInfo?infoFlow=3de5edfb9ef94653af2ef2876cb06d20
R000792,建始县中医院,建始县中医院,湖北省,Hubei,恩施土家族苗族自治州,Enshi Tujia and Miao Autonomous Prefecture,2020,800,,https://www.thepaper.cn/newsDetail_forward_10188761
R000792,建始县中医院,建始县中医院,湖北省,Hubei,恩施土家族苗族自治州,Enshi Tujia and Miao Autonomous Prefecture,2023,800,,https://m.bohe.cn/hospital/35514/
R000793,利川市民族中医院,利川市民族中医院,湖北省,Hubei,恩施土家族苗族自治州,Enshi Tujia and Miao Autonomous Prefecture,2019,600,,https://m-51test-net-bucket.bj.bcebos.com/show/9478047.html
R000795,黄冈市中心医院,黄冈市中心医院,湖北省,Hubei,黄冈市,Huanggang,2020,1050,,https://mhos.51daifu.com/hos1582/gba/1249.shtml
R000795,黄冈市中心医院,黄冈市中心医院,湖北省,Hubei,黄冈市,Huanggang,2022,1050,,http://kpj.hgyy.org.cn/xinwenzhongxin/show/54/1.html
R000796,黄冈市中心医院(新院区),黄冈市中心医院,湖北省,Hubei,黄冈市,Huanggang,2020,1700,open,https://wjw.hubei.gov.cn/bmdt/ztzl/fkxxgzbdgrfyyq/fkdt/202007/t20200728_2713993.shtml|https://www.cnhubei.com/content/2020-01/10/content_12607238.html
R000797,黄冈市中医院,黄冈市中医院,湖北省,Hubei,黄冈市,Huanggang,2014,630,,http://www.yixue99.com/2014/0103/3858.html
R000797,黄冈市中医院,黄冈市中医院,湖北省,Hubei,黄冈市,Huanggang,2023,560,,http://www.chealth.org.cn/mon/hospitals/article/MG143029990.html
R000798,黄石爱康医院,黄石爱康医院,湖北省,Hubei,黄石市,Huangshi,2017,810,,https://wjw.hubei.gov.cn/bsfw/spgs/201912/t20191212_1757938.shtml
R000798,黄石爱康医院,黄石爱康医院,湖北省,Hubei,黄石市,Huangshi,2020,810,,https://mhos.51daifu.com/hos408/gba/1527.shtml
R000800,黄石市中心医院,黄石市中心医院,湖北省,Hubei,黄石市,Huangshi,2022,1280,,https://wjw.huangshi.gov.cn/ztzl/xywsjk/zfxx/xzxk/202208/t20220823_932960.html
R000800,黄石市中心医院,黄石市中心医院,湖北省,Hubei,黄石市,Huangshi,2023,1280,,https://wjw.huangshi.gov.cn/ztzl/xywsjk/zfxx/xzxk/202311/t20231113_1068974.html
R000801,黄石市中心医院(黄金山院区),黄石市中心医院,湖北省,Hubei,黄石市,Huangshi,2022,1800,,https://sjj.huangshi.gov.cn/sjxw/gzdt/202207/t20220705_919579.html|https://www.ctdsb.net/c1676_202209/1519516.html
R000802,黄石市中医院,黄石市中医院,湖北省,Hubei,黄石市,Huangshi,2023,800,,https://ybj.huangshi.gov.cn/xwzx_70/ztbd/sybmfuzq/yljgtszkmyqk/202305/t20230524_1016803.html
R000803,荆门市第二人民医院,荆门市人民医院,湖北省,Hubei,荆门市,Jingmen,2022,1626,,https://www.cn-healthcare.com/articlewm/20221121/content-1470614.html
R000804,荆门市第一人民医院,荆门市中心医院,湖北省,Hubei,荆门市,Jingmen,2021,800,,https://www.governbond.org.cn/uploadFiles/42/attachFiles/202112/f534ca02-3196-430d-9c89-e00f124b5937.pdf
R000804,荆门市第一人民医院,荆门市中心医院,湖北省,Hubei,荆门市,Jingmen,2023,800,,https://hb.ezhupei.com/pdsci/inx/portal/loadInfo?infoFlow=e1b444e304b64e0aa7cd446953e2f6c5
R000805,荆门市石化医院,荆门市中医医院,湖北省,Hubei,荆门市,Jingmen,2024,1500,,https://cjztyy.com/xwzx/czqy/202404/t20240426_15511.shtml|https://3g.kq36.com/25/c-18198
R000806,荆门市中心医院(南院区),荆门市中心医院,湖北省,Hubei,荆门市,Jingmen,2015,1500,,https://m.sohu.com/a/44514079_115402/
R000806,荆门市中心医院(南院区),荆门市中心医院,湖北省,Hubei,荆门市,Jingmen,2019,1500,,https://www.governbond.org.cn/uploadFiles/42/attachFiles/202112/f534ca02-3196-430d-9c89-e00f124b5937.pdf
R000807,钟祥市人民医院,钟祥市人民医院,湖北省,Hubei,荆门市,Jingmen,2023,1230,,https://www.haodf.com/hospital/3168698715/jieshao.html
R000808,钟祥市中医院,钟祥市中医院,湖北省,Hubei,荆门市,Jingmen,2021,1016,,http://zhongxiang.gov.cn/module/download/downfile.jsp?classid=0&filename=30ae4a0e3ef94c5b9b4cbcdda4c7f1d4.pdf
R000809,公安县中医院,公安县中医院,湖北省,Hubei,荆州市,Jingzhou,2024,1000,,https://y.dxy.cn/hospital/1520
R000810,洪湖市中医院,洪湖市中医院,湖北省,Hubei,荆州市,Jingzhou,2014,500,,https://y.dxy.cn/hospital/1414
R000811,华中科技大学同济医学院附属荆州医院城中院区,华中科技大学同济医学院附属荆州医院,湖北省,Hubei,荆州市,Jingzhou,2014,2200,,https://wsm.whu.edu.cn/info/1035/15843.htm
R000811,华中科技大学同济医学院附属荆州医院城中院区,华中科技大学同济医学院附属荆州医院,湖北省,Hubei,荆州市,Jingzhou,2021,1200,,https://hb.ezhupei.com/pdsci/inx/portal/loadInfo?infoFlow=f68cae3b35ac42b4bb1921fe7115b44b
R000812,华中科技大学同济医学院附属荆州医院(荆北院区),华中科技大学同济医学院附属荆州医院,湖北省,Hubei,荆州市,Jingzhou,2020,1600,,https://m.thepaper.cn/newsDetail_forward_7643123|https://www.zhjsw.cn/yw/1815574267182243842.html
R000812,华中科技大学同济医学院附属荆州医院(荆北院区),华中科技大学同济医学院附属荆州医院,湖北省,Hubei,荆州市,Jingzhou,2023,3000,relocated,https://hb.ezhupei.com/pdsci/inx/portal/loadInfo?infoFlow=a69387dba36741548f71d81d1e563c39|https://www.peopleapp.com/rmharticle/30035542692
R000814,荆州市第一人民医院,荆州市第一人民医院,湖北省,Hubei,荆州市,Jingzhou,2020,1565,,https://hb.ezhupei.com/pdsci/inx/portal/loadInfo?infoFlow=03d7eeb0616446eda08049e304d1b3c6
R000814,荆州市第一人民医院,荆州市第一人民医院,湖北省,Hubei,荆州市,Jingzhou,2021,1565,,https://hb.ezhupei.com/pdsci/inx/portal/loadInfo?infoFlow=5f920b066ae248019972acfe09679e02
R000814,荆州市第一人民医院,荆州市第一人民医院,湖北省,Hubei,荆州市,Jingzhou,2022,1565,,https://hb.ezhupei.com/pdsci/inx/portal/loadInfo?infoFlow=cd2b42ca9cee419299e5a078e5959a40|https://med.yangtzeu.edu.cn/xbgk/xbjj.htm|https://s.dayi.org.cn/mip/s/hospital/3680.html|https://web.archive.org/web/20141208141859id_/http://www.jzyy1949.com/spage/yiyuan-jj.jsp|https://web.archive.org/web/20150520112206id_/http://www.jzyy1949.com/spage/yiyuan-jj.jsp|https://web.archive.org/web/20160520000000id_/http://www.jzyy1949.com/spage/yiyuan-jj.jsp|https://web.archive.org/web/20170701000000id_/http://www.jzyy1949.com/spage/yiyuan-jj.jsp|https://web.archive.org/web/20180608000000id_/http://www.jzyy1949.com/spage/yiyuan-jj.jsp|https://web.archive.org/web/20190722000000id_/http://www.jzyy1949.com/spage/yiyuan-jj.jsp|https://www.jzyy1949.com/introduce.html|https://www.youlai.cn/yyk/hospindex/3606/hospintro.html
R000814,荆州市第一人民医院,荆州市第一人民医院,湖北省,Hubei,荆州市,Jingzhou,2023,1565,,https://hb.ezhupei.com/pdsci/inx/portal/loadInfo?infoFlow=5d6ff9d19a45465d837376d6f2bd39ef
R000814,荆州市第一人民医院,荆州市第一人民医院,湖北省,Hubei,荆州市,Jingzhou,2024,1565,,https://hb.ezhupei.com/pdsci/inx/portal/loadInfo?infoFlow=fa6fab3bd3e448e6bf7e739237596306
R000815,荆州市第一人民医院(西院),荆州市第一人民医院,湖北省,Hubei,荆州市,Jingzhou,2022,560,,https://www.youlai.cn/yyk/hospindex/3606/hospintro.html
R000816,荆州市第一人民医院新城院区(北院),荆州市第一人民医院,湖北省,Hubei,荆州市,Jingzhou,2022,1000,open,https://m.thepaper.cn/newsDetail_forward_21879032|https://www.sohu.com/a/583249113_120532697
R000818,潜江市中心医院,潜江市中心医院,湖北省,Hubei,潜江市,Qianjiang,2021,950,,https://www.qjszxyy.cn/hzb/yygk/yyjj.htm
R000819,中国石化集团江汉石油管理局中心医院(广华),中国石化集团江汉石油管理局中心医院(广华),湖北省,Hubei,潜江市,Qianjiang,2010,508,,https://www.hbqj.gov.cn/xxgk/zc/qtwj/szfbwj/2013/201203/t20120323_2136881.html
R000819,中国石化集团江汉石油管理局中心医院(广华),中国石化集团江汉石油管理局中心医院(广华),湖北省,Hubei,潜江市,Qianjiang,2015,508,,https://www.hbqj.gov.cn/xxgk/zc/qtwj/szfbwj/2013/201203/t20120323_2136881.html
R000820,国药东风总医院,国药东风总医院,湖北省,Hubei,十堰市,Shiyan,2014,1100,,https://tnsi.guahao.com/hospital/introduction/986d1cc5-c720-11e1-913c-5cf9dd2e7135000
R000822,十堰市人民医院,十堰市人民医院,湖北省,Hubei,十堰市,Shiyan,2021,2600,,https://hb.ezhupei.com/pdsci/inx/portal/loadInfo?infoFlow=84d4dbcbfad74c099ede263b432d5f2e
R000822,十堰市人民医院,十堰市人民医院,湖北省,Hubei,十堰市,Shiyan,2022,2500,,https://hb.ezhupei.com/pdsci/inx/portal/loadInfo?infoFlow=3cfefabefd574a12a8c2f34c3276fe32
R000822,十堰市人民医院,十堰市人民医院,湖北省,Hubei,十堰市,Shiyan,2023,2500,,https://hb.ezhupei.com/pdsci/inx/portal/loadInfo?infoFlow=8b45bcf4194e40b6ad21881ceb286c59
R000822,十堰市人民医院,十堰市人民医院,湖北省,Hubei,十堰市,Shiyan,2024,2500,,https://hb.ezhupei.com/pdsci/inx/portal/loadInfo?infoFlow=3d58e27c01714c86a17834adde20ee4a
R000823,十堰市太和医院,十堰市太和医院,湖北省,Hubei,十堰市,Shiyan,2014,3540,,https://docs.cn-healthcare.com/sharedoc/pdf_files/20170419/3338256896526336.pdf
R000823,十堰市太和医院,十堰市太和医院,湖北省,Hubei,十堰市,Shiyan,2022,4854,,https://m.youlai.cn/yyk/hospindex/1539/hospintro.html
R000824,十堰市中西医结合医院,十堰市中西医结合医院,湖北省,Hubei,十堰市,Shiyan,2014,600,,https://www.jobmd.cn/company/jobs/89873.htm
R000824,十堰市中西医结合医院,十堰市中西医结合医院,湖北省,Hubei,十堰市,Shiyan,2022,700,,https://www.jobmd.cn/company/detail/2226240.htm
R000826,随州市中心医院,随州市中心医院,湖北省,Hubei,随州市,Suizhou,2020,1500,,https://mhos.51daifu.com/hos363/gba/1259.shtml
R000827,随州市中心医院(文帝院区),随州市中心医院,湖北省,Hubei,随州市,Suizhou,2019,1000,,https://news.cnhubei.com/gundong/p/10425114.html|https://wjw.hubei.gov.cn/bmdt/ywdt/xccd/201910/t20191030_154800.shtml
R000829,随州市中医院,随州市中医医院,湖北省,Hubei,随州市,Suizhou,2020,420,,https://mhos.51daifu.com/hos110/gba/1256.shtml
R000830,天门市第一人民医院,天门市第一人民医院,湖北省,Hubei,天门市,Tianmen,2014,1500,,https://www.tmsyy.com/cms/show-2624.html
R000830,天门市第一人民医院,天门市第一人民医院,湖北省,Hubei,天门市,Tianmen,2018,2587,,https://www.tmsyy.com/cms/list-169.html
R000831,天门市中医院,天门市中医院,湖北省,Hubei,天门市,Tianmen,2014,400,,https://51test.net/show/3832332.html
R000831,天门市中医院,天门市中医院,湖北省,Hubei,天门市,Tianmen,2017,780,,https://www.guahao.com/hospital/introduction/a7710b0f-8a4c-4fbb-8c9c-bee4cf8acde4000
R000832,湖北六七二中西医结合骨科医院,湖北六七二中西医结合骨科医院,湖北省,Hubei,武汉市,Wuhan,2021,400,,http://ylws.huatu.com/yldw_zkxx/20210602/2208478.html
R000832,湖北六七二中西医结合骨科医院,湖北六七二中西医结合骨科医院,湖北省,Hubei,武汉市,Wuhan,2022,550,,http://www.dayi.org.cn/hospital/1144685
R000833,湖北省第三人民医院,湖北省第三人民医院,湖北省,Hubei,武汉市,Wuhan,2023,1800,,https://oa.hb3rm.com/list/2.html
R000835,湖北省中西医结合医院,湖北省中西医结合医院,湖北省,Hubei,武汉市,Wuhan,2024,2060,,https://health.baidu.com/doctordec/hospital/1000732
R000836,湖北省中医院,湖北省中医院,湖北省,Hubei,武汉市,Wuhan,2014,750,,https://hubei.gov.cn/gbhis/2016/2016-01.pdf
R000837,湖北省中医院光谷院区,湖北省中医院,湖北省,Hubei,武汉市,Wuhan,2014,400,,https://www.hubei.gov.cn/gbhis/2016/2016-01.pdf
R000837,湖北省中医院光谷院区,湖北省中医院,湖北省,Hubei,武汉市,Wuhan,2016,400,,https://www.hubei.gov.cn/gbhis/2016/2016-01.pdf
R000838,湖北省肿瘤医院,湖北省肿瘤医院,湖北省,Hubei,武汉市,Wuhan,2015,1500,,https://hbch.com.cn/index.php/archive/1-20-1673.html
R000838,湖北省肿瘤医院,湖北省肿瘤医院,湖北省,Hubei,武汉市,Wuhan,2021,2000,,https://wjw.hubei.gov.cn/zfxxgk/fdzdgknr/czzj/czyjs/202103/t20210315_3401451.shtml
R000839,华润武钢总医院,华润武钢总医院,湖北省,Hubei,武汉市,Wuhan,2024,1080,,https://baike.baidu.com/item/%E5%8D%8E%E6%B6%A6%E6%AD%A6%E9%92%A2%E6%80%BB%E5%8C%BB%E9%99%A2/18830865
R000840,华中科技大学同济医学院附属精神病医院,武汉市精神卫生中心,湖北省,Hubei,武汉市,Wuhan,2014,950,,https://www.gccrcw.com/region/hubei/hbws/201403/091378.html
R000840,华中科技大学同济医学院附属精神病医院,武汉市精神卫生中心,湖北省,Hubei,武汉市,Wuhan,2021,950,,https://www.whwsrc.cn/uploads/article/file/2021/1025/61764d7f33207.pdf
R000840,华中科技大学同济医学院附属精神病医院,武汉市精神卫生中心,湖北省,Hubei,武汉市,Wuhan,2024,1100,,https://hb.ezhupei.com/pdsci/inx/portal/loadInfo?infoFlow=668fd12d6d5c401691c8c128117dff9f
R000841,华中科技大学同济医学院附属梨园医院,华中科技大学同济医学院附属梨园医院,湖北省,Hubei,武汉市,Wuhan,2021,800,,https://www.liyuanhospital.com/view/618.html
R000842,华中科技大学同济医学院附属协和医院,华中科技大学同济医学院附属协和医院,湖北省,Hubei,武汉市,Wuhan,2014,3107,,https://hubei.gov.cn/gbhis/2016/2016-01.pdf
R000843,华中科技大学同济医学院附属协和医院(车谷院区),华中科技大学同济医学院附属协和医院,湖北省,Hubei,武汉市,Wuhan,2016,226,,https://www.hubei.gov.cn/gbhis/2016/2016-01.pdf
R000843,华中科技大学同济医学院附属协和医院(车谷院区),华中科技大学同济医学院附属协和医院,湖北省,Hubei,武汉市,Wuhan,2018,226,,https://xiyuan.whuh.com/info/1605/1205.htm
R000843,华中科技大学同济医学院附属协和医院(车谷院区),华中科技大学同济医学院附属协和医院,湖北省,Hubei,武汉市,Wuhan,2023,1459,,https://www.whuh.com/__local/C/C9/8D/CEFE3ADC03333ECE4245155CB90_E6D51BCB_185F43.pdf
R000844,华中科技大学同济医学院附属协和医院(金银湖院区​),华中科技大学同济医学院附属协和医院,湖北省,Hubei,武汉市,Wuhan,2024,600,,https://www.dxh.gov.cn/ZWGK/QZFXXGKML/ggqsydwxxgk/yiyuan/202501/t20250109_2515058.shtml
R000845,武汉大学口腔医院,武汉大学口腔医院,湖北省,Hubei,武汉市,Wuhan,2014,115,,https://www.hubei.gov.cn/gbhis/2016/2016-01.pdf
R000845,武汉大学口腔医院,武汉大学口腔医院,湖北省,Hubei,武汉市,Wuhan,2016,115,,https://www.hubei.gov.cn/gbhis/2016/2016-01.pdf
R000846,武汉大学人民医院,武汉大学人民医院,湖北省,Hubei,武汉市,Wuhan,2014,3500,,https://www.hubei.gov.cn/gbhis/2016/2016-01.pdf
R000846,武汉大学人民医院,武汉大学人民医院,湖北省,Hubei,武汉市,Wuhan,2016,3500,,https://www.hubei.gov.cn/gbhis/2016/2016-01.pdf
R000847,武汉大学人民医院(东院),武汉大学人民医院,湖北省,Hubei,武汉市,Wuhan,2014,400,,https://www.hubei.gov.cn/gbhis/2016/2016-01.pdf
R000848,武汉大学人民医院(洪山院区),武汉大学人民医院,湖北省,Hubei,武汉市,Wuhan,2024,1000,,https://www.wuhan.gov.cn/sy/whyw/202409/t20240921_2457622.shtml
R000849,武汉大学中南医院,武汉大学中南医院,湖北省,Hubei,武汉市,Wuhan,2024,3300,,https://health.baidu.com/doctordec/hospital/1004051
R000850,武汉第四医院,武汉市第四医院,湖北省,Hubei,武汉市,Wuhan,2020,2100,,https://www.yyrw.org.cn/e/action/ShowInfo.php?classid=10&id=2787
R000851,武汉科技大学附属天佑医院,武汉科技大学附属天佑医院,湖北省,Hubei,武汉市,Wuhan,2021,1000,,https://wjw.hubei.gov.cn/zfxxgk/fdzdgknr/czzj/czyjs/202103/t20210315_3401161.shtml
R000852,武汉市第三医院,武汉市第三医院,湖北省,Hubei,武汉市,Wuhan,2020,1200,,https://wjw.wuhan.gov.cn/ztzl_28/fk/yqtb/202004/t20200430_1198359.shtml
R000853,武汉市第三医院光谷院区,武汉市第三医院,湖北省,Hubei,武汉市,Wuhan,2017,680,,https://www.hongshan.gov.cn/gzfw/ggsscx/yy/201712/t20171224_255707_app.shtml
R000853,武汉市第三医院光谷院区,武汉市第三医院,湖北省,Hubei,武汉市,Wuhan,2019,680,,https://www.hongshan.gov.cn/gzfw/ggsscx/yy/201712/t20171224_255707_app.shtml
R000856,武汉市第五医院,武汉市第五医院,湖北省,Hubei,武汉市,Wuhan,2020,846,,https://wjw.wuhan.gov.cn/ztzl_28/fk/yqtb/202004/t20200430_1198359.shtml
R000856,武汉市第五医院,武汉市第五医院,湖北省,Hubei,武汉市,Wuhan,2024,800,,https://www.wh5yy.com.cn/list/2.html
R000857,武汉市第一医院,武汉市第一医院,湖北省,Hubei,武汉市,Wuhan,2019,2520,,https://www.med66.com/weishengdanweizhaopin/hubei/shiyedanwei/zh1911298175.shtml
R000857,武汉市第一医院,武汉市第一医院,湖北省,Hubei,武汉市,Wuhan,2022,2520,,https://docs.cn-healthcare.com/sharedoc/src_files/20220530/d86e15ca5a39466889e8c7e49c12a09f.pdf
R000858,武汉市第一医院(盘龙城院区),武汉市第一医院,湖北省,Hubei,武汉市,Wuhan,2023,680,,https://zhjsw.cn/jsgc/1815575758467031042.html
R000860,武汉市妇女儿童医疗保健中心,武汉儿童医院,湖北省,Hubei,武汉市,Wuhan,2016,1600,,https://www.zgwhfe.com/zwz/xw/yyxw2/content_2818
R000860,武汉市妇女儿童医疗保健中心,武汉儿童医院,湖北省,Hubei,武汉市,Wuhan,2020,1600,,https://www.zgwhfe.com/zwz/ky/jx/yjsjy/content_3338
R000860,武汉市妇女儿童医疗保健中心,武汉儿童医院,湖北省,Hubei,武汉市,Wuhan,2021,1534,,https://www.zgwhfe.com/zwz/xw/yyxw2/content_3320
R000860,武汉市妇女儿童医疗保健中心,武汉儿童医院,湖北省,Hubei,武汉市,Wuhan,2022,1435,,https://www.zgwhfe.com/zwz/ky/jx/byhyxjy/content_3530
R000860,武汉市妇女儿童医疗保健中心,武汉儿童医院,湖北省,Hubei,武汉市,Wuhan,2023,2000,,https://hb.ezhupei.com/pdsci/inx/portal/loadInfo?infoFlow=ecd13f1327ba4222bfad29451a7e5b2d
R000860,武汉市妇女儿童医疗保健中心,武汉儿童医院,湖北省,Hubei,武汉市,Wuhan,2024,2000,,https://www.wuhan.gov.cn/ztzl/yjs/2024/drz/whswsjkwyh_36985/bndys_36986/202403/P020240312671443003722.pdf|https://www.zgwhfe.com/zwz/ky/jx/byhyxjy/content_3935
R000861,武汉市黄陂区中医院,武汉市黄陂区中医院,湖北省,Hubei,武汉市,Wuhan,2023,800,,https://www.huangpi.gov.cn/bmzl/qwjj_bmzl/fdzdgknr_qwjj/czzj_qwjj/czyjs_qwjj/202411/P020251225391140781951.pdf
R000862,武汉市普仁医院,武汉市普仁医院,湖北省,Hubei,武汉市,Wuhan,2020,1550,,https://m.wuhan.com/xinwen/41847.html
R000862,武汉市普仁医院,武汉市普仁医院,湖北省,Hubei,武汉市,Wuhan,2022,2280,,https://www.toutiao.com/article/7152747615807865347/?source=m_redirect
R000865,武汉市中心医院,武汉市中心医院,湖北省,Hubei,武汉市,Wuhan,2020,600,,https://wjw.wuhan.gov.cn/ztzl_28/fk/yqtb/202004/t20200430_1198322.shtml
R000866,武汉市中心医院(后湖院区),武汉市中心医院,湖北省,Hubei,武汉市,Wuhan,2020,510,,https://wjw.wuhan.gov.cn/ztzl_28/fk/tzgg/202004/t20200430_1197063.shtml
R000868,武汉亚洲心脏病医院,武汉亚洲心脏病医院,湖北省,Hubei,武汉市,Wuhan,2020,750,,https://wjw.wuhan.gov.cn/ztzl_28/fk/yqtb/202004/t20200430_1198335.shtml
R000868,武汉亚洲心脏病医院,武汉亚洲心脏病医院,湖北省,Hubei,武汉市,Wuhan,2023,750,,https://www.youlai.cn/yyk/hospindex/1524/hospintro.html
R000873,仙桃市第一人民医院,仙桃市第一人民医院,湖北省,Hubei,仙桃市,Xiantao,2022,1360,,https://www.cnhubei.com/content/2022-08/19/content_14992338.html
R000873,仙桃市第一人民医院,仙桃市第一人民医院,湖北省,Hubei,仙桃市,Xiantao,2025,1360,,https://www.haodf.com/hospital/2396/jieshao.html
R000874,仙桃市中医院,仙桃市中医院,湖北省,Hubei,仙桃市,Xiantao,2014,580,,https://www.chunyuyisheng.com/pc/hospital/76d17583e376160c/
R000874,仙桃市中医院,仙桃市中医院,湖北省,Hubei,仙桃市,Xiantao,2023,562,,http://snj.huatu.com/sydw/1746177.html
R000875,咸宁学院附属第一医院,咸宁学院附属第一医院,湖北省,Hubei,咸宁市,Xianning,2017,1000,,https://www.med66.com/zhuyuanyishi/guangdong/gl1703073175.shtml
R000875,咸宁学院附属第一医院,咸宁学院附属第一医院,湖北省,Hubei,咸宁市,Xianning,2021,1500,,https://hb.ezhupei.com/pdsci/inx/portal/loadInfo?infoFlow=295148b62ff14c96b93291ffa5f450f9
R000875,咸宁学院附属第一医院,咸宁学院附属第一医院,湖北省,Hubei,咸宁市,Xianning,2022,1500,,https://hb.ezhupei.com/pdsci/inx/portal/loadInfo?infoFlow=3b2313de98e24cd98b53716a9c8715d5
R000875,咸宁学院附属第一医院,咸宁学院附属第一医院,湖北省,Hubei,咸宁市,Xianning,2023,1500,,https://hb.ezhupei.com/pdsci/inx/portal/loadInfo?infoFlow=b955fd4b51d145ea88eb250da96ad2e7
R000875,咸宁学院附属第一医院,咸宁学院附属第一医院,湖北省,Hubei,咸宁市,Xianning,2024,1500,,https://hb.ezhupei.com/pdsci/inx/portal/loadInfo?infoFlow=690c80c832cd4d6e97493f68fc2fdfff
R000876,襄阳市第一人民医院,襄阳市第一人民医院,湖北省,Hubei,襄阳市,Xiangyang,2014,1500,,http://hu.offcn.com/html/2014/03/34962.html
R000877,襄阳市中心医院,襄阳市中心医院,湖北省,Hubei,襄阳市,Xiangyang,2024,3800,,https://epaper.hubeidaily.net/pc/content/202407/01/content_279285.html
R000878,襄阳市中医医院长征路院区,襄阳市中医院,湖北省,Hubei,襄阳市,Xiangyang,2024,1200,,https://www.xyszyyy.com/info/1088/6759.htm
R000880,华中科技大学同济医院附属孝感医院,华中科技大学同济医院附属孝感医院,湖北省,Hubei,孝感市,Xiaogan,2024,700,,https://www.xgszxyy.cn/list_1.html
R000881,武汉大学人民医院汉川医院,武汉大学人民医院汉川医院,湖北省,Hubei,孝感市,Xiaogan,2021,1200,,https://www.wuseen.com/newsinfo/4865076.html
R000882,三峡大学葛洲坝中心医院,国药葛洲坝中心医院,湖北省,Hubei,宜昌市,Yichang,2014,1000,,https://wsm.whu.edu.cn/info/1035/15948.htm
R000882,三峡大学葛洲坝中心医院,国药葛洲坝中心医院,湖北省,Hubei,宜昌市,Yichang,2019,1000,,https://www.yyjg.net/admin.php/index/view/aid/12325.html
R000884,宜昌市第二人民医院,宜昌市第二人民医院,湖北省,Hubei,宜昌市,Yichang,2023,1345,,http://www.dayi.org.cn/hospital/1156143?from=sg
R000884,宜昌市第二人民医院,宜昌市第二人民医院,湖北省,Hubei,宜昌市,Yichang,2024,1485,,https://jdjyw.jlu.edu.cn/mportal/company/details?id=69f221a5c38d4bb1878ae1324bcbe082
R000885,宜昌市中心人民医院西陵院区,宜昌市中心人民医院,湖北省,Hubei,宜昌市,Yichang,2017,1400,,https://web.archive.org/web/20170820032829id_/http://www.ycyy.com.cn/Category_74/Index.aspx
R000885,宜昌市中心人民医院西陵院区,宜昌市中心人民医院,湖北省,Hubei,宜昌市,Yichang,2022,1400,,https://www.hospitala.com/yiyuanyisheng/2022-05-24/168.html
R000885,宜昌市中心人民医院西陵院区,宜昌市中心人民医院,湖北省,Hubei,宜昌市,Yichang,2023,1400,,https://credit.yichang.gov.cn/content-63541-172233-1.html|https://hb.ezhupei.com/pdsci/inx/portal/loadInfo?infoFlow=e1a418bdbe8c400ca75b185c5c055e09|https://wjw.hubei.gov.cn/zfxxgk/zc/gkwj/ywh/202311/t20231128_4972904.shtml
R000886,宜昌市中心人民医院,宜昌市中心人民医院,湖北省,Hubei,宜昌市,Yichang,2015,2442,,https://www.angelsbaby.cn/news/view?id=1
R000886,宜昌市中心人民医院,宜昌市中心人民医院,湖北省,Hubei,宜昌市,Yichang,2020,2442,,https://y.dxy.cn/hospital/165
R000886,宜昌市中心人民医院,宜昌市中心人民医院,湖北省,Hubei,宜昌市,Yichang,2023,2442,,https://cmc.hbust.edu.cn/info/1059/1148.htm
R000887,宜昌市中医医院,宜昌市中医医院,湖北省,Hubei,宜昌市,Yichang,2024,860,,https://m.gxszw.com/region/hubei/wshb/202408/23109803.html
R000888,常德市第一人民医院,常德市第一人民医院,湖南省,Hunan,常德市,Changde,2015,1200,,https://www.cndzys.com/hospitals/top10/1807_0_0
R000888,常德市第一人民医院,常德市第一人民医院,湖南省,Hunan,常德市,Changde,2022,1800,,https://www.ylzhaopin.com/news/61718.html
R000889,常德市第一中医院,常德市第一中医院,湖南省,Hunan,常德市,Changde,2020,1038,,https://www.cd120.com.cn/d/file/content/2020/10/5f8026897673c.pdf
R000889,常德市第一中医院,常德市第一中医院,湖南省,Hunan,常德市,Changde,2021,1038,,https://www.cd120.com.cn/djyd_ywgk/3207.html
R000890,常德市第一中医院新院区,常德市第一中医院,湖南省,Hunan,常德市,Changde,2023,1300,open,https://www.cdbb.gov.cn/ywgz/sydwdj/ndbggs/content_514003|https://www.changde.gov.cn/cdzx/tpxw/content_1008272
R000891,郴州市第一人民医院中心院区,郴州市第一人民医院,湖南省,Hunan,郴州市,Chenzhou,2018,3581,,https://www.ywpjlm.com/index.php?a=show&g=home&id=56&m=cydw
R000893,郴州市中医院,郴州市中医院,湖南省,Hunan,郴州市,Chenzhou,2020,646,,https://www.czszyyy.com/index_survel?menu_id=2&type=%E5%8C%BB%E9%99%A2%E7%AE%80%E4%BB%8B|https://m.youlai.cn/yyk/hospindex/1613/hospintro.html
R000893,郴州市中医院,郴州市中医院,湖南省,Hunan,郴州市,Chenzhou,2022,646,,https://www.czszyyy.com/Index_Dynamic/getArticleDetail?detail_id=301&menu_id=17
R000894,湘南学院附属医院,湘南学院附属医院,湖南省,Hunan,郴州市,Chenzhou,2022,1200,,https://9453job.com/a/215754.html
R000894,湘南学院附属医院,湘南学院附属医院,湖南省,Hunan,郴州市,Chenzhou,2023,1200,,https://www.cn-healthcare.com/articlewm/20230321/content-1526564.html
R000897,衡阳市中心医院,衡阳市中心医院,湖南省,Hunan,衡阳市,Hengyang,2017,1500,,https://www.hyszxyy.com/show.aspx?id=3046&typeid=5
R000897,衡阳市中心医院,衡阳市中心医院,湖南省,Hunan,衡阳市,Hengyang,2020,1500,,https://www.hengyang.gov.cn/hyswjw/xxgk/jggk/zsjg/20200201/i450893.html
R000898,衡阳市中心医院华新院区,衡阳市中心医院,湖南省,Hunan,衡阳市,Hengyang,2015,450,,https://www.hengyang.gov.cn/bcms/DFS/wjw/ztzl/qyylhjkyl/201905/P020190509354038464163.pdf
R000899,衡阳市中医院,衡阳市中医院,湖南省,Hunan,衡阳市,Hengyang,2022,900,,https://www.hengyang.gov.cn/xxgk/dtxx/hydt/20220715/i2753528.html
R000901,南华大学附属第一医院,南华大学附属第一医院,湖南省,Hunan,衡阳市,Hengyang,2018,2500,,https://y.dxy.cn/hospital/1766
R000902,南华大学附属南华医院,南华大学附属南华医院,湖南省,Hunan,衡阳市,Hengyang,2021,1700,,https://news.voc.com.cn/news/202111/23113327.html
R000902,南华大学附属南华医院,南华大学附属南华医院,湖南省,Hunan,衡阳市,Hengyang,2022,2000,,https://hnrb.hunantoday.cn/hnrb_epaper/html/2022-11/02/content_1601856.htm?div=1
R000904,湖南医药学院第一附属医院,湖南医药学院第一附属医院,湖南省,Hunan,怀化市,Huaihua,2017,1200,,https://www.hyyfy.cn/introduce/
R000904,湖南医药学院第一附属医院,湖南医药学院第一附属医院,湖南省,Hunan,怀化市,Huaihua,2024,1200,,http://www.gdrc.com/index.php?m=&c=TalentMain&a=talentMainShow&id=45504
R000905,怀化市第一人民医院,湖南医药学院总医院,湖南省,Hunan,怀化市,Huaihua,2020,2300,,https://hhsyy.com/news/2704.html
R000905,怀化市第一人民医院,湖南医药学院总医院,湖南省,Hunan,怀化市,Huaihua,2023,3000,,https://epaper.voc.com.cn/hnrb/html/2023-04/01/content_1623468.htm?div=-1
R000906,怀化市中医院,怀化市中医院,湖南省,Hunan,怀化市,Huaihua,2016,862,,https://www.viptijian.com/0745/hhszyy-introduce
R000906,怀化市中医院,怀化市中医院,湖南省,Hunan,怀化市,Huaihua,2019,862,,https://hhszyyy.com/index/info/index/id/1/node_id/29/menu_id/0.html
R000907,娄底市中心医院,娄底市中心医院,湖南省,Hunan,娄底市,Loudi,2024,1800,,https://ldzxyy.com/Item/11846.aspx
R000908,娄底市中医院,娄底市中医院,湖南省,Hunan,娄底市,Loudi,2021,628,,https://yixy.hnucm.edu.cn/info/1063/4168.htm
R000908,娄底市中医院,娄底市中医院,湖南省,Hunan,娄底市,Loudi,2022,628,,https://yixy.hnucm.edu.cn/info/1063/4168.htm
R000908,娄底市中医院,娄底市中医院,湖南省,Hunan,娄底市,Loudi,2024,840,,https://jwc.hnucm.edu.cn/info/1002/4144.htm
R000909,邵阳市中西医结合医院,邵阳市中西医结合医院,湖南省,Hunan,邵阳市,Shaoyang,2023,435,,https://www.shaoyang.gov.cn/shaoyang/bumenyjshsgjf/202409/53c330112e854153b4dff40f68a61bbc/files/46f0f485965741fcb0ee9394e308844e.pdf
R000910,邵阳市中心医院,邵阳市中心医院,湖南省,Hunan,邵阳市,Shaoyang,2020,2355,,https://www.hnsyzxyy.com/index.php/cms/show-51.html
R000910,邵阳市中心医院,邵阳市中心医院,湖南省,Hunan,邵阳市,Shaoyang,2025,2355,,https://www.youlai.cn/yyk/hospindex/3722/hospintro.html
R000911,邵阳市中医院,邵阳市中医院,湖南省,Hunan,邵阳市,Shaoyang,2024,700,,https://m.dxy.com/hospital/935
R000912,邵阳学院附属第一医院,邵阳学院附属第一医院,湖南省,Hunan,邵阳市,Shaoyang,2020,1005,,http://ylws.huatu.com/yldw_zkxx/20201203/2072634.html
R000912,邵阳学院附属第一医院,邵阳学院附属第一医院,湖南省,Hunan,邵阳市,Shaoyang,2022,1025,,http://www.offcn.com/ylws/2022/0301/261760.html
R000914,湘潭市中心医院,湘潭市中心医院,湖南省,Hunan,湘潭市,Xiangtan,2014,1800,,https://csp.ncmi.cn/UsersInfo/UserUnit/UserUnitDetailWeb?uid=00363
R000914,湘潭市中心医院,湘潭市中心医院,湖南省,Hunan,湘潭市,Xiangtan,2015,1800,,http://www.xtzy.com/html/94301.html
R000917,湘西土家族苗族自治州民族中医院,湘西土家族苗族自治州民族中医院,湖南省,Hunan,湘西土家族苗族自治州,Xiangxi Tujia and Miao Autonomous Prefecture,2024,900,,https://www.zhzyw.com/zyxx/yydq/hun/1722811158E5BCIIDB4KL2DD.html
R000918,湘西自治州人民医院,湘西土家族苗族自治州人民医院,湖南省,Hunan,湘西土家族苗族自治州,Xiangxi Tujia and Miao Autonomous Prefecture,2022,3000,,https://www.med66.com/zhuyuanyishi/hunan/yu2202273689.shtml
R000919,益阳市第一中医医院,益阳市第一中医医院,湖南省,Hunan,益阳市,Yiyang,2017,600,,http://bb.yiyang.gov.cn/czj/6730/6812/content_401518.html
R000919,益阳市第一中医医院,益阳市第一中医医院,湖南省,Hunan,益阳市,Yiyang,2018,600,,https://www.yiyang.gov.cn/czj/6730/6812/content_401518.html
R000920,益阳市中心医院,益阳市中心医院,湖南省,Hunan,益阳市,Yiyang,2014,1200,,https://www.taodocs.com/p-28626420.html
R000921,永州市中心医院(冷水滩院区),永州市中心医院,湖南省,Hunan,永州市,Yongzhou,2020,1650,,https://hbj.yzcity.gov.cn/hbj/031006/202310/b2aa53f12fa2439bbdbe3b758a85b1eb.shtml
R000921,永州市中心医院(冷水滩院区),永州市中心医院,湖南省,Hunan,永州市,Yongzhou,2023,1650,,https://hbj.yzcity.gov.cn/hbj/031006/202311/48ff48f19c0346249e6c3646ffdd768d.shtml
R000921,永州市中心医院(冷水滩院区),永州市中心医院,湖南省,Hunan,永州市,Yongzhou,2024,1650,,https://wjw.yzcity.gov.cn/wjw/zdmsxx0100/202408/857818ecd5004fdbb268e32cd556fb9a/files/d4b81768ac734603942f73dbc961094a.pdf
R000922,永州市中心医院(零陵院区),永州市中心医院,湖南省,Hunan,永州市,Yongzhou,2021,950,,https://wjw.yzcity.gov.cn/wjw/zdmsxx0100/202408/857818ecd5004fdbb268e32cd556fb9a/files/d4b81768ac734603942f73dbc961094a.pdf|https://www.hnsyzszxyy.com/bnyy/info_58.aspx?itemid=626|https://www.hnsyzszxyy.com/yyjj/index_13.aspx
R000923,永州市中医院,永州市中医院,湖南省,Hunan,永州市,Yongzhou,2022,800,,https://www.ylzhaopin.com/news/61719.html
R000924,岳阳市第二人民医院,岳阳市人民医院,湖南省,Hunan,岳阳市,Yueyang,2020,1500,,https://www.yylq.gov.cn/21596/21597/21687/content_1646078.html
R000924,岳阳市第二人民医院,岳阳市人民医院,湖南省,Hunan,岳阳市,Yueyang,2024,1500,,https://med.hunnu.edu.cn/info/1594/14247.htm
R000926,岳阳市中心医院,岳阳市中心医院,湖南省,Hunan,岳阳市,Yueyang,2022,2400,,http://www.803.com.cn/2022/03/29/wap_991110543.html
R000927,岳阳市中医院,岳阳市中医院,湖南省,Hunan,岳阳市,Yueyang,2018,1000,,https://wsj.yueyang.gov.cn/11168/11179/11180/content_421143.html
R000927,岳阳市中医院,岳阳市中医院,湖南省,Hunan,岳阳市,Yueyang,2022,1000,,https://wsj.yueyang.gov.cn/11168/11179/11181/content_421154.html
R000927,岳阳市中医院,岳阳市中医院,湖南省,Hunan,岳阳市,Yueyang,2023,1500,,https://yybb.yueyang.gov.cn/65518/67678/content_2071431.html|https://www.yueyang.gov.cn/web/2570/2598/3415/3419/content_403517.html
R000929,张家界市人民医院(沙堤院区),张家界市人民医院,湖南省,Hunan,张家界市,Zhangjiajie,2020,1200,,https://hn.rednet.cn/content/2020/05/22/7282301.html
R000929,张家界市人民医院(沙堤院区),张家界市人民医院,湖南省,Hunan,张家界市,Zhangjiajie,2021,1200,,https://www.hunan.gov.cn/topic/yzn/yznyw/202109/t20210923_20635120.html
R000930,张家界中医院,张家界中医院,湖南省,Hunan,张家界市,Zhangjiajie,2018,550,,https://www.zjjszyyy.com/infoshow.asp?nid=2369
R000930,张家界中医院,张家界中医院,湖南省,Hunan,张家界市,Zhangjiajie,2022,550,,https://www.zjjszyyy.com/infoshow.asp?nid=2776
R000931,湖南省第二人民医院,湖南省脑科医院,湖南省,Hunan,长沙市,Changsha,2024,1601,,https://www.hnnkyy.com/index.php?a=show&c=index&catid=744&id=6979&m=content
R000932,湖南省儿童医院,湖南省儿童医院,湖南省,Hunan,长沙市,Changsha,2016,1800,,https://wjw.hunan.gov.cn/wjw/xxgk/jgzn/zsjg/201611/t20161103_3418342.html
R000932,湖南省儿童医院,湖南省儿童医院,湖南省,Hunan,长沙市,Changsha,2018,1800,,https://www.hit180.com/33438.html
R000932,湖南省儿童医院,湖南省儿童医院,湖南省,Hunan,长沙市,Changsha,2024,1800,,https://wjw.hunan.gov.cn/wjw/xxgk/jgzn/zsjg/201611/t20161103_3418342.html
R000934,湖南省结核病防治所,湖南省胸科医院,湖南省,Hunan,长沙市,Changsha,2019,610,,https://www.baike.com/wikiid/8466672217086299066
R000935,湖南省人民医院,湖南省人民医院,湖南省,Hunan,长沙市,Changsha,2021,4000,,https://www.hnpa.org.cn/2021/changsha_0429/27.html
R000937,湖南旺旺医院,湖南旺旺医院,湖南省,Hunan,长沙市,Changsha,2024,565,,https://91huayi.com/contents/3/28986.html
R000938,湖南湘雅博爱康复医院,湘雅博爱康复医院,湖南省,Hunan,长沙市,Changsha,2023,856,,https://jy.jsu.edu.cn/detail/online?id=3008725
R000939,湖南中医药大学第二附属医院,湖南中医药大学第二附属医院,湖南省,Hunan,长沙市,Changsha,2016,1100,,https://hunanzy.com/info/1280/2210.htm
R000939,湖南中医药大学第二附属医院,湖南中医药大学第二附属医院,湖南省,Hunan,长沙市,Changsha,2017,885,,https://www.hunanzy.com/info/1918/10692.htm
R000939,湖南中医药大学第二附属医院,湖南中医药大学第二附属医院,湖南省,Hunan,长沙市,Changsha,2024,885,,https://www.hunanzy.com/info/1918/10692.htm
R000940,湖南中医药大学第一附属医院,湖南中医药大学第一附属医院,湖南省,Hunan,长沙市,Changsha,2019,1800,,http://www.cntcm.com.cn/zhuanti/2019-06/12/content_61686.htm
R000940,湖南中医药大学第一附属医院,湖南中医药大学第一附属医院,湖南省,Hunan,长沙市,Changsha,2024,1800,,https://www.youlai.cn/yyk/hospintro/3655/
R000941,湖南中医药大学附属中西医结合医院,湖南省中西医结合医院,湖南省,Hunan,长沙市,Changsha,2017,540,,https://y.dxy.cn/hospital/497/
R000941,湖南中医药大学附属中西医结合医院,湖南省中西医结合医院,湖南省,Hunan,长沙市,Changsha,2024,1060,,https://www.haodf.com/hospital/767/jieshao.html
R000943,长沙市八医院(市中医医院),长沙市中医医院,湖南省,Hunan,长沙市,Changsha,2016,400,,https://s.dayi.org.cn/mip/s/hospital/1132019.html|https://www.eoffcn.com/kszx/gonggao/211386.html
R000944,长沙市第三医院,长沙市第三医院,湖南省,Hunan,长沙市,Changsha,2020,1100,,https://reportdocs.static.szse.cn/UpFiles/rasinfodisc1/202401/RAS_202401_091515B648564CD94049A396AF4DAE0552AC8A.pdf
R000944,长沙市第三医院,长沙市第三医院,湖南省,Hunan,长沙市,Changsha,2021,1100,,https://reportdocs.static.szse.cn/UpFiles/rasinfodisc1/202401/RAS_202401_091515B648564CD94049A396AF4DAE0552AC8A.pdf
R000944,长沙市第三医院,长沙市第三医院,湖南省,Hunan,长沙市,Changsha,2023,1100,,https://hnrb.hunantoday.cn/hnrb_epaper/html/2023-12/07/content_1662078.htm?div=-1
R000945,长沙市第四医院,长沙市第四医院,湖南省,Hunan,长沙市,Changsha,2024,918,,https://med.hunnu.edu.cn/info/1037/14244.htm
R000946,长沙市第四医院(滨水新城院区),长沙市第四医院,湖南省,Hunan,长沙市,Changsha,2022,900,,https://hnrb.hunantoday.cn/hnrb_epaper/images/2023-09/21/16/2023092116_pdf.pdf|https://www.hunantoday.cn/news/xhn/202209/15861275.html
R000946,长沙市第四医院(滨水新城院区),长沙市第四医院,湖南省,Hunan,长沙市,Changsha,2023,805,,https://www.hunantoday.cn/news/xhn/202309/18721331.html
R000947,长沙市第一医院,长沙市第一医院,湖南省,Hunan,长沙市,Changsha,2018,1593,,https://docs.cn-healthcare.com/sharedoc/pdf_files/20180228/b4755b3bc04740b490d80c2cfaa0f155.pdf
R000950,长沙市中心医院,长沙市中心医院,湖南省,Hunan,长沙市,Changsha,2022,1922,,https://www.csszxyy.cn/uploads/files/20231218/545ab1a0fe1c700facbbb8e28aaa08fd.pdf
R000951,长沙市中医院,长沙市中医医院,湖南省,Hunan,长沙市,Changsha,2023,1300,,https://s.dayi.org.cn/mip/s/hospital/1132019.html
R000951,长沙市中医院,长沙市中医医院,湖南省,Hunan,长沙市,Changsha,2024,1099,,http://hbj.changsha.gov.cn/zwpt/hjpjygl/jsxmhpsp/sqgs/202507/t20250730_11935249.html
R000953,中南大学湘雅二医院,中南大学湘雅二医院,湖南省,Hunan,长沙市,Changsha,2024,3630,,https://3g.kq36.com/25/7281ebde523a48588b9caacad0b0ecc0
R000954,中南大学湘雅三医院,中南大学湘雅三医院,湖南省,Hunan,长沙市,Changsha,2009,1800,,https://proxy3.xy3yy.com/news/zhxw/16673.html
R000954,中南大学湘雅三医院,中南大学湘雅三医院,湖南省,Hunan,长沙市,Changsha,2022,1902,,https://gonghui.csu.edu.cn/info/1034/10703.htm
R000955,中南大学湘雅医学院附属肿瘤医院,湖南省肿瘤医院,湖南省,Hunan,长沙市,Changsha,2014,1839,,https://baike.sogou.com/v5685421.htm
R000955,中南大学湘雅医学院附属肿瘤医院,湖南省肿瘤医院,湖南省,Hunan,长沙市,Changsha,2023,2294,,https://www.sohu.com/a/674804879_121124569
R000956,中南大学湘雅医院,中南大学湘雅医院,湖南省,Hunan,长沙市,Changsha,2018,3500,,https://www.toutiao.com/article/6813740538722779656/
R000956,中南大学湘雅医院,中南大学湘雅医院,湖南省,Hunan,长沙市,Changsha,2022,3500,,https://www.ylzhaopin.com/news/60654.html
R000957,湖南省直中医院,湖南省直中医院,湖南省,Hunan,株洲市,Zhuzhou,2021,1200,,https://pdf.gk100.com/employment/report/2021/20250412/e26a1789d408f1e0.pdf
R000957,湖南省直中医院,湖南省直中医院,湖南省,Hunan,株洲市,Zhuzhou,2024,1984,,https://rst.hunan.gov.cn/rst/xxgk/zpzl/sydwzp/202405/t20240524_33311287.html
R000958,醴陵市中医院,醴陵市中医院,湖南省,Hunan,株洲市,Zhuzhou,2019,1050,,https://www.sohu.com/a/335874341_708471
R000958,醴陵市中医院,醴陵市中医院,湖南省,Hunan,株洲市,Zhuzhou,2020,1050,,https://y.dxy.cn/hospital/6228
R000960,株洲市中心医院,株洲市中心医院,湖南省,Hunan,株洲市,Zhuzhou,2021,1500,,https://www.hnpa.org.cn/2021/zhuzhoushi_0429/32.html
R000961,株洲市中心医院(田心院区),株洲市中心医院,湖南省,Hunan,株洲市,Zhuzhou,2021,276,,https://www.hnpa.org.cn/2021/zhuzhoushi_0429/32.html
R000961,株洲市中心医院(田心院区),株洲市中心医院,湖南省,Hunan,株洲市,Zhuzhou,2023,276,,http://www.zzszxyy.cn/info/1019/9691.htm|https://www.chard.org.cn/detail/member_1/1838
R000962,株洲市中医伤科医院,株洲市中医伤科医院,湖南省,Hunan,株洲市,Zhuzhou,2014,205,,https://www.zznews.gov.cn/c/2014/0318/21420.shtml
R000962,株洲市中医伤科医院,株洲市中医伤科医院,湖南省,Hunan,株洲市,Zhuzhou,2024,580,,http://www.gennlife.com/shows/14/160.html
R000964,北华大学附属医院,北华大学附属医院,吉林省,Jilin,吉林市,Jilin,2016,844,,https://xxgk.jl.gov.cn/szf/gkml/201812/W020170714350641464711.pdf
R000964,北华大学附属医院,北华大学附属医院,吉林省,Jilin,吉林市,Jilin,2022,844,,https://www.ylzhaopin.com/news/59841.html
R000965,吉林省吉林中西医结合医院,吉林省吉林中西医结合医院,吉林省,Jilin,吉林市,Jilin,2017,1000,,https://y.ccucm.edu.cn/__local/E/7E/8A/E2795822B38B3E1293F8DA52C48_F36A3E99_3C0729.pdf
R000966,吉林市人民医院,吉林市人民医院,吉林省,Jilin,吉林市,Jilin,2024,1950,,https://health.baidu.com/doctordec/hoslist/department_jilin-all-all_miniaowaike
R000967,吉林市中西医结合肛肠医院,吉林市中西医结合肛肠医院,吉林省,Jilin,吉林市,Jilin,2014,256,,https://sj.hydgy.com/show.php?classid=17&id=1171
R000968,吉林市中心医院,吉林市中心医院,吉林省,Jilin,吉林市,Jilin,2020,2792,,https://www.chard.org.cn/detail/member_1/58
R000969,吉林医药学院附属医院,吉林医药学院附属医院,吉林省,Jilin,吉林市,Jilin,2024,800,,https://www.591yz.com/company/detail-1454
R000971,辽源市中医院,辽源市中医院,吉林省,Jilin,辽源市,Liaoyuan,2022,500,,https://www.zhzyw.com/zyxx/yydq/jl/17228111EHFC94EI4HI78BE.html
R000972,吉林省第三人民医院,吉林省第三人民医院,吉林省,Jilin,四平市,Siping,2017,850,,https://www.sohu.com/a/157821555_331432
R000972,吉林省第三人民医院,吉林省第三人民医院,吉林省,Jilin,四平市,Siping,2018,850,,https://career.ybu.edu.cn/tzgg/2623.jhtml
R000972,吉林省第三人民医院,吉林省第三人民医院,吉林省,Jilin,四平市,Siping,2023,780,,http://www.chealth.org.cn/mon/hospitals/article/MG143032780.html
R000973,四平市中心人民医院,四平市中心人民医院,吉林省,Jilin,四平市,Siping,2022,1501,,https://www.mingyihui.net/hospital_2098.html
R000974,吉林油田总医院,吉林油田总医院,吉林省,Jilin,松原市,Songyuan,2022,1000,,https://591yz.com/company/detail-11262
R000975,松原市中西医结合医院,松原市中西医结合医院,吉林省,Jilin,松原市,Songyuan,2018,400,,https://cont.jd.com/hospital/15010074196
R000976,梅河口市中心医院,梅河口市中心医院,吉林省,Jilin,通化市,Tonghua,2022,1000,,https://www.ylzhaopin.com/news/53523.html
R000976,梅河口市中心医院,梅河口市中心医院,吉林省,Jilin,通化市,Tonghua,2023,2346,,http://www.dayi.org.cn/hospital/2702?from=sg
R000978,通化市中心医院,通化市中心医院,吉林省,Jilin,通化市,Tonghua,2017,1002,,https://jiaowu.ybu.edu.cn/__local/8/35/DE/44F96DE46527DE3B706F68C7507_75E3C0BF_49D5C1.pdf
R000978,通化市中心医院,通化市中心医院,吉林省,Jilin,通化市,Tonghua,2020,1186,,https://y.dxy.cn/hospital/643
R000978,通化市中心医院,通化市中心医院,吉林省,Jilin,通化市,Tonghua,2024,1386,,https://health.baidu.com/doctordec/hoslist/department_jilin-tonghua-all_fuchanke
R000979,延边大学附属医院,延边大学附属医院,吉林省,Jilin,延边朝鲜族自治州,Yanbian Korean Autonomous Prefecture,2016,1518,,https://xxgk.jl.gov.cn/szf/gkml/201812/W020170714350641464711.pdf
R000979,延边大学附属医院,延边大学附属医院,吉林省,Jilin,延边朝鲜族自治州,Yanbian Korean Autonomous Prefecture,2017,1500,,http://edu.sina.com.cn/kaoyan/2017-09-11/doc-ifykuffc5025254.shtml
R000980,吉林大学第二医院自强院区,吉林大学第二医院,吉林省,Jilin,长春市,Changchun,2024,900,,https://sdxw.iqilu.com/share/YS0yMS0xNjEzMDI4OA==.html|https://xxgk.jl.gov.cn/PDFfile/202401/8865913.pdf
R000981,吉林大学白求恩第四医院,吉林省一汽总医院,吉林省,Jilin,长春市,Changchun,2023,1230,,https://health.baidu.com/doctordec/hoslist/department_jilin-all-all_miniaowaike
R000983,吉林大学第一医院乐群院区,吉林大学第一医院,吉林省,Jilin,长春市,Changchun,2016,943,,https://csp.ncmi.cn/WebManage/StrokeRecognition/CzdtUUDetailWeb?uid=31393|https://www.jlu.edu.cn/fwzn.htm|https://y.dxy.cn/hospital/1843
R000983,吉林大学第一医院乐群院区,吉林大学第一医院,吉林省,Jilin,长春市,Changchun,2018,943,,https://finance.sina.com.cn/wm/2026-05-17/doc-inhyfnpa4470589.shtml
R000983,吉林大学第一医院乐群院区,吉林大学第一医院,吉林省,Jilin,长春市,Changchun,2022,943,,https://xxgk.jl.gov.cn/zcbm/fgw_98077/xxgkmlqy/202212/t20221208_8645727.html
R000984,吉林大学口腔医院清华路总院（清华院区）,吉林大学口腔医院,吉林省,Jilin,长春市,Changchun,2016,272,,https://xxgk.jl.gov.cn/szf/gkml/201812/W020170714350641464711.pdf
R000985,吉林大学中日联谊医院,吉林大学中日联谊医院,吉林省,Jilin,长春市,Changchun,2017,2950,,https://m.med66.com/zhuyuanyishi/jilin/yc1701208595.shtml
R000986,吉林大学中日联谊医院(北湖院区),吉林大学中日联谊医院,吉林省,Jilin,长春市,Changchun,2019,300,open,https://xxgk.jl.gov.cn/PDFfile/202404/8896508.pdf
R000987,吉林大学中日联谊医院(南湖院区),吉林大学中日联谊医院,吉林省,Jilin,长春市,Changchun,2022,,not_open,https://news.sina.cn/2020-08-20/detail-iivhuipn9774505.d.html
R000987,吉林大学中日联谊医院(南湖院区),吉林大学中日联谊医院,吉林省,Jilin,长春市,Changchun,2023,600,,https://news.jlu.edu.cn/info/1211/40513.htm|https://news.jlu.edu.cn/info/1306/57852.htm
R000988,吉林省肝胆病医院,吉林省肝胆病医院,吉林省,Jilin,长春市,Changchun,2017,760,,https://m.zhzyw.com/zyxx/yydq/jl/17228117I5BKADBFKAD11IH.html
R000989,吉林省人民医院总院区,吉林省人民医院,吉林省,Jilin,长春市,Changchun,2023,2098,,https://www.jilinsrmyy.cn/news_1/1645631701751517184-12-4.html|https://www.jilinsrmyy.cn/news_1/1645631701751517184-3784-4.html
R000990,吉林省中医药科学院第一临床医院,吉林省中医药科学院第一临床医院,吉林省,Jilin,长春市,Changchun,2024,650,,https://xuewen.cnki.net/CJFD-CZXX201602084.html
R000991,吉林省中医院,吉林省中医院,吉林省,Jilin,长春市,Changchun,2009,1000,,https://www.caam.cn/article/994
R000991,吉林省中医院,吉林省中医院,吉林省,Jilin,长春市,Changchun,2016,1340,,https://xxgk.jl.gov.cn/szf/gkml/201812/W020170714350641464711.pdf
R000992,吉林省肿瘤医院,吉林省肿瘤医院,吉林省,Jilin,长春市,Changchun,2016,1110,,https://yyk.39.net/zc/1b4e3/
R000994,长春市儿童医院,长春市儿童医院,吉林省,Jilin,长春市,Changchun,2018,506,,https://jl.cri.cn/2018-02-28/a3245883-15c6-59f3-c6e3-ca00b1d78990.html
R000995,长春市中心医院,长春市中心医院,吉林省,Jilin,长春市,Changchun,2018,756,,https://zhuanti.cnjiwang.com/ztjkys/jknr/201812/2777042.html
R000995,长春市中心医院,长春市中心医院,吉林省,Jilin,长春市,Changchun,2019,882,,https://wap.91360.com/s/35/7708.html
R000995,长春市中心医院,长春市中心医院,吉林省,Jilin,长春市,Changchun,2022,882,,https://www.cn-healthcare.com/articlewm/20220620/content-1385372.html
R000995,长春市中心医院,长春市中心医院,吉林省,Jilin,长春市,Changchun,2024,1017,,https://health.cnjiwang.com/mymy/202406/3857975.html
R000998,常州和平医院,常州和平医院,江苏省,Jiangsu,常州市,Changzhou,2021,500,,http://61.155.110.226:8181/KCMS/detail/detail.aspx?filename=N2022060078000928&dbcode=CYFD&dbname=CYFD
R000999,常州市第二人民医院(阳湖院区),常州市第二人民医院,江苏省,Jiangsu,常州市,Changzhou,2012,,open,https://www.czey.com/yh/Article/Details?classId=1&id=4&viewName=ContentDetail_SingleClassNoLeft
R000999,常州市第二人民医院(阳湖院区),常州市第二人民医院,江苏省,Jiangsu,常州市,Changzhou,2024,1000,,https://www.czey.com/yh/Article/Details?classId=1&id=4&viewName=ContentDetail_SingleClassNoLeft|https://www.cztn.gov.cn/uploadfile/cztn/2024/0221/20240221144632_14640.pdf
R001001,南京中医药大学附属常州市中医院,南京中医药大学附属常州市中医院,江苏省,Jiangsu,常州市,Changzhou,2015,1000,,https://y.dxy.cn/hospital/777/
R001002,苏州大学附属第三医院,常州市第一人民医院,江苏省,Jiangsu,常州市,Changzhou,2023,2732,,https://www.haodf.com/hospital/912/jieshao.html
R001003,淮安市第二人民医院,淮安市第二人民医院,江苏省,Jiangsu,淮安市,Huaian,2017,1500,,https://www.sohu.com/a/143755338_331432
R001003,淮安市第二人民医院,淮安市第二人民医院,江苏省,Jiangsu,淮安市,Huaian,2023,1500,,http://nanjing.offcn.com/html/2023/08/90353.html
R001004,淮安市第一人民医院,淮安市第一人民医院,江苏省,Jiangsu,淮安市,Huaian,2017,1800,,https://www.jswsrc.com.cn/wap/index.php?a=show&c=company&id=9114
R001004,淮安市第一人民医院,淮安市第一人民医院,江苏省,Jiangsu,淮安市,Huaian,2021,2933,,https://www.jswsrc.com.cn/wap/index.php?a=show&c=company&id=9114
R001006,淮安市中医院,淮安市中医院,江苏省,Jiangsu,淮安市,Huaian,2017,800,,https://www.jshaszyy.cn/yygk/ysjs/
R001006,淮安市中医院,淮安市中医院,江苏省,Jiangsu,淮安市,Huaian,2018,800,,https://www.jstcm.com/article_info.asp?id=8850
R001007,连云港市第二人民医院,连云港市第二人民医院,江苏省,Jiangsu,连云港市,Lianyungang,2017,1130,,http://www.yixue99.com/2017/0313/83792.html
R001007,连云港市第二人民医院,连云港市第二人民医院,江苏省,Jiangsu,连云港市,Lianyungang,2018,1307,,https://www.591yz.com/company/detail-2877
R001007,连云港市第二人民医院,连云港市第二人民医院,江苏省,Jiangsu,连云港市,Lianyungang,2021,1307,,https://www.med66.com/zhuyuanyishi/jiangsu/bi2107133844.shtml
R001009,连云港市第一人民医院,连云港市第一人民医院,江苏省,Jiangsu,连云港市,Lianyungang,2022,2900,,https://www.lygyy.com.cn/Uploads/File/20240423/240423033959592154.pdf
R001010,连云港市第一人民医院(高新院区),连云港市第一人民医院,江苏省,Jiangsu,连云港市,Lianyungang,2018,1800,,https://www.lygyy.com.cn/Home/Jzbq
R001012,连云港市中医院,连云港市中医院,江苏省,Jiangsu,连云港市,Lianyungang,2024,800,,https://caifuhao.eastmoney.com/news/20240430191424094986960
R001015,东南大学附属中大医院,东南大学附属中大医院,江苏省,Jiangsu,南京市,Nanjing,2023,1808,,https://news.seu.edu.cn/2023/0111/c5486a433678/page.htm
R001016,东南大学附属中大医院(江北院区),东南大学附属中大医院,江苏省,Jiangsu,南京市,Nanjing,2015,700,,https://xxgk.seu.edu.cn/2015/0521/c10804a124749/page.htm
R001016,东南大学附属中大医院(江北院区),东南大学附属中大医院,江苏省,Jiangsu,南京市,Nanjing,2024,543,,https://bkso.baidu.com/item/%E4%B8%9C%E5%8D%97%E5%A4%A7%E5%AD%A6%E9%99%84%E5%B1%9E%E4%B8%AD%E5%A4%A7%E5%8C%BB%E9%99%A2/1765247?fromModule=lemma_inlink
R001018,江苏省人民医院,江苏省人民医院,江苏省,Jiangsu,南京市,Nanjing,2021,4200,,https://docs.cn-healthcare.com/sharedoc/src_files/20210531/3db6cdebedfc431b80e82eb11a21484d.pdf
R001018,江苏省人民医院,江苏省人民医院,江苏省,Jiangsu,南京市,Nanjing,2022,4500,,https://www.sohu.com/a/571714370_267106
R001018,江苏省人民医院,江苏省人民医院,江苏省,Jiangsu,南京市,Nanjing,2023,4500,,https://chima.org.cn/Html/News/Articles/16550.html
R001019,江苏省中医药研究院,江苏省中医药研究院,江苏省,Jiangsu,南京市,Nanjing,2018,830,,https://www.sohu.com/a/242168998_100196155|https://y.dxy.cn/hospital/1007/
R001020,江苏省中医院,江苏省中医院,江苏省,Jiangsu,南京市,Nanjing,2021,2500,,https://www.jshtcm.com/Uploads/File/2024/09/24/m66f2307c13be4.pdf
R001020,江苏省中医院,江苏省中医院,江苏省,Jiangsu,南京市,Nanjing,2022,2500,,https://www.tech.net.cn/upfiles/zlbg2023/qiye/jiangsu/jiangsu%20%28226%29.pdf
R001020,江苏省中医院,江苏省中医院,江苏省,Jiangsu,南京市,Nanjing,2023,2500,,https://www.jshtcm.com/gzb/treatment_w2/detail_g7yU_60/2076.html
R001020,江苏省中医院,江苏省中医院,江苏省,Jiangsu,南京市,Nanjing,2024,2500,,https://www.jshtcm.com/Uploads/File/2024/09/24/m66f230c4d1a90.pdf
R001021,江苏省中医院(紫东院区),江苏省中医院,江苏省,Jiangsu,南京市,Nanjing,2022,800,open,https://www.nanjing.gov.cn/xxgkn/jytabljggk/2024njytabl/shirddbjy/202411/t20241114_5009141.html|https://www.jshtcm.com/gzb/zidong.html
R001021,江苏省中医院(紫东院区),江苏省中医院,江苏省,Jiangsu,南京市,Nanjing,2024,588,,https://www.nanjing.gov.cn/xxgkn/jytabljggk/2024njytabl/shirddbjy/202411/t20241114_5009141.html
R001022,江苏省肿瘤医院,江苏省肿瘤医院,江苏省,Jiangsu,南京市,Nanjing,2018,1161,,https://silin.njmu.edu.cn/2018/1113/c11087a137957/page.htm
R001023,南京大学医学院附属鼓楼医院,南京大学医学院附属鼓楼医院,江苏省,Jiangsu,南京市,Nanjing,2014,3000,,http://www.chaj.com.cn/tebielm/yiyuancaifeng/2014-07-18/18711.html
R001023,南京大学医学院附属鼓楼医院,南京大学医学院附属鼓楼医院,江苏省,Jiangsu,南京市,Nanjing,2022,3600,,https://www.cn-healthcare.com/articlewm/20220330/content-1332404.html
R001024,南京市第二医院,南京市第二医院,江苏省,Jiangsu,南京市,Nanjing,2024,1000,,https://www.jsyytsg.com/webedit/UploadFile/202594154546448.pdf
R001025,南京市第二医院(汤山分院),南京市第二医院,江苏省,Jiangsu,南京市,Nanjing,2021,928,,https://m.thepaper.cn/baijiahao_13728830
R001025,南京市第二医院(汤山分院),南京市第二医院,江苏省,Jiangsu,南京市,Nanjing,2022,928,,https://www.njsech.net/rlzy/detail.aspx?_d_id=af4493af5db5f323ba09e4ab4beaa1&id=2340&mtt=11
R001027,南京市江宁医院,南京市江宁医院,江苏省,Jiangsu,南京市,Nanjing,2019,1130,,https://www.tech.net.cn/upfiles/zlbg2019/qiye/jiangsu/jiangsu%20%2882%29.pdf
R001028,南京市江宁医院(湖山路院区),南京市江宁医院,江苏省,Jiangsu,南京市,Nanjing,2018,,open,https://njjnyy.cn/about/lsyg.aspx
R001028,南京市江宁医院(湖山路院区),南京市江宁医院,江苏省,Jiangsu,南京市,Nanjing,2019,1600,,https://www.tech.net.cn/upfiles/zlbg2019/qiye/jiangsu/jiangsu%20%2882%29.pdf
R001029,南京市口腔医院,南京市口腔医院,江苏省,Jiangsu,南京市,Nanjing,2020,152,,http://www.njkq.net/link/link.aspx?mtt=1
R001029,南京市口腔医院,南京市口腔医院,江苏省,Jiangsu,南京市,Nanjing,2021,152,,https://doss.xhby.net/zpaper/yzwb/pc/att/202109/19/d8730a72-bba1-4987-9c5f-64af05f97e59.pdf
R001030,南京市胸科医院,南京医科大学附属脑科医院,江苏省,Jiangsu,南京市,Nanjing,2019,600,,https://www.sohu.com/a/304300029_130047
R001031,南京市中西医结合医院,南京市中西医结合医院,江苏省,Jiangsu,南京市,Nanjing,2024,537,,https://health.baidu.com/doctordec/hosintro/1000331
R001032,南京市中医院,南京市中医院,江苏省,Jiangsu,南京市,Nanjing,2015,410,,https://www.med66.com/web/wangxiao_xg_hushi/sd1507226792.shtml
R001032,南京市中医院,南京市中医院,江苏省,Jiangsu,南京市,Nanjing,2018,1500,,https://nbxc.nanjing.gov.cn/xcdt/201812/t20181229_2079198.html
R001033,南京医科大学第二附属医院,南京医科大学第二附属医院,江苏省,Jiangsu,南京市,Nanjing,2024,2500,,https://www.jsnydefy.com/__local/B/A3/FD/66B8B7B72EEFF0BCD24724B80BE_5D795D8A_25F59.pdf?e=.pdf
R001034,南京医科大学附属儿童医院,南京医科大学附属儿童医院,江苏省,Jiangsu,南京市,Nanjing,2014,870,,https://nj.bendibao.com/live/20141119/48321.shtm
R001035,南京医科大学附属口腔医院,南京医科大学附属口腔医院,江苏省,Jiangsu,南京市,Nanjing,2023,200,,https://y.dxy.cn/hospital/400/
R001035,南京医科大学附属口腔医院,南京医科大学附属口腔医院,江苏省,Jiangsu,南京市,Nanjing,2024,200,,https://www.xyl2002.com/zpxq/26657.html?pagenum=all
R001036,南京医科大学附属南京第一医院,南京市第一医院,江苏省,Jiangsu,南京市,Nanjing,2015,1600,,https://csp.ncmi.cn/UsersInfo/UserUnit/UserUnitDetailWeb?uid=02000
R001036,南京医科大学附属南京第一医院,南京市第一医院,江苏省,Jiangsu,南京市,Nanjing,2017,1800,,https://www.sohu.com/a/130065702_132736
R001037,南京医科大学附属脑科医院,南京医科大学附属脑科医院,江苏省,Jiangsu,南京市,Nanjing,2019,1200,,https://www.sohu.com/a/304300029_130047
R001038,南京医科大学附属眼科医院,南京医科大学眼科医院,江苏省,Jiangsu,南京市,Nanjing,2022,150,,https://m.youlai.cn/yyk/hospindex/2420/hospintro.html
R001044,中国医学科学院皮肤病医院,中国医学科学院皮肤病医院,江苏省,Jiangsu,南京市,Nanjing,2023,480,,https://qgsydw.com/qgsydw/recruit/insrecruit/20230210/101211.html
R001044,中国医学科学院皮肤病医院,中国医学科学院皮肤病医院,江苏省,Jiangsu,南京市,Nanjing,2024,480,,https://m.gccrcw.com/region/jiangsu/jsws/202405/22110971.html
R001045,南通大学第二附属医院孩儿巷旧院区（南通市第一人民医院）,南通大学第二附属医院,江苏省,Jiangsu,南通市,Nantong,2021,1717,,https://history.sohu.com/a/478399316_121124407
R001047,南通大学附属医院,南通大学附属医院,江苏省,Jiangsu,南通市,Nantong,2018,2059,,https://www.jswsrc.com.cn/company/index.php?c=show&id=9191
R001047,南通大学附属医院,南通大学附属医院,江苏省,Jiangsu,南通市,Nantong,2019,2149,,https://hospital.51daifu.com/hos491/introduce.shtml
R001047,南通大学附属医院,南通大学附属医院,江苏省,Jiangsu,南通市,Nantong,2023,2478,,https://www.jobmd.cn/article/10007421.htm
R001050,南通市第五人民医院,南通市第五人民医院,江苏省,Jiangsu,南通市,Nantong,2021,1200,,https://www.ntzlyy.cn/news/1141.html
R001050,南通市第五人民医院,南通市第五人民医院,江苏省,Jiangsu,南通市,Nantong,2023,1200,,https://m.sohu.com/a/705840236_121391755/
R001051,南通市中医院,南通市中医院,江苏省,Jiangsu,南通市,Nantong,2018,660,,https://www.ourjiangsu.com/a/20180104/1515038751691.shtml
R001051,南通市中医院,南通市中医院,江苏省,Jiangsu,南通市,Nantong,2023,700,,https://js.ifeng.com/c/8QymPqVESky
R001052,昆山市中医医院(新院区),昆山市中医医院,江苏省,Jiangsu,苏州市,Suzhou,2022,1200,,https://data.ks.gov.cn/kss/wsjs/202212/57689b7bd26a41a0a081b99e801ac74d.shtml|https://www.kstcm.org.cn/yygk/lsyg.htm
R001052,昆山市中医医院(新院区),昆山市中医医院,江苏省,Jiangsu,苏州市,Suzhou,2023,1200,,https://www.kstcm.org.cn/info/1010/20651.htm
R001053,昆山市中医院,昆山市中医医院,江苏省,Jiangsu,苏州市,Suzhou,2021,982,,https://www.jssrcfwypt.org.cn/web/article?aid=101283
R001054,苏州大学附属第二医院,苏州大学附属第二医院,江苏省,Jiangsu,苏州市,Suzhou,2018,1200,,https://www.thinkdid.com/hospitalInfo/city/hospital/15597.html
R001055,苏州大学附属第一医院,苏州大学附属第一医院,江苏省,Jiangsu,苏州市,Suzhou,2015,1200,,https://hospital-admin.suda.edu.cn/c3/08/c7767a181000/page.htm
R001056,苏州大学附属第一医院(十梓街院区),苏州大学附属第一医院,江苏省,Jiangsu,苏州市,Suzhou,2015,1732,,https://www.haodf.com/hospital/634.html|https://www.haodf.com/hospital/634/jieshao.html
R001057,苏州大学附属儿童医院园区总院,苏州大学附属儿童医院,江苏省,Jiangsu,苏州市,Suzhou,2015,800,,https://www.sipac.gov.cn/szdaglzx/dsj/201507/75db2e6e1af24bfe9ac2c6d60424e775.shtml
R001058,苏州大学附属儿童医院景德路院区,苏州大学附属儿童医院,江苏省,Jiangsu,苏州市,Suzhou,2016,282,,https://www.sdfey.cn/zhao-biao/799.html
R001058,苏州大学附属儿童医院景德路院区,苏州大学附属儿童医院,江苏省,Jiangsu,苏州市,Suzhou,2024,465,,https://www.sdfey.cn/yi-yuan-jie-shao.html|https://www.suzhou.gov.cn/szsrmzf/bmwj/202406/e8b57b1b2f8e4587a3110297cb13d191.shtml
R001059,苏州九龙医院,苏州九龙医院,江苏省,Jiangsu,苏州市,Suzhou,2017,2050,,https://health.people.com.cn/n1/2017/0204/c399510-29057463.html
R001059,苏州九龙医院,苏州九龙医院,江苏省,Jiangsu,苏州市,Suzhou,2022,2050,,https://www.ylzhaopin.com/news/53959.html
R001060,苏州市第五人民医院,苏州市第五人民医院,江苏省,Jiangsu,苏州市,Suzhou,2023,455,,https://mall.cnki.net/magazine/Article/YYGL200506000.htm
R001060,苏州市第五人民医院,苏州市第五人民医院,江苏省,Jiangsu,苏州市,Suzhou,2024,600,,http://baike.sogou.com/v747441.htm?fromTitle=%E8%8B%8F%E5%B7%9E%E8%8B%8F%E5%B7%9E%E7%AC%AC%E4%BA%94%E4%BA%BA%E6%B0%91%E5%8C%BB%E9%99%A2
R001061,苏州市广济医院,苏州市广济医院,江苏省,Jiangsu,苏州市,Suzhou,2020,934,,https://y.dxy.cn/hospital/1543/|https://y.dxy.cn/hospital/1543
R001062,苏州市立医院道前院区,苏州市立医院,江苏省,Jiangsu,苏州市,Suzhou,2022,743,,https://docs.cn-healthcare.com/sharedoc/src_files/20220630/1ed2fca69951495598ccf08c26949a82.pdf
R001063,苏州市立医院山塘院区,苏州市立医院,江苏省,Jiangsu,苏州市,Suzhou,2016,650,,https://czju.suzhou.gov.cn/zfcg/html/project/a574bdff2b6a42c4914db3a5b04d0fef.shtml|https://jjx.xzhmu.edu.cn/info/1060/1126.htm
R001065,苏州市中医院,苏州市中医院,江苏省,Jiangsu,苏州市,Suzhou,2015,805,,https://fg.suzhou.gov.cn/szfgw/zxta/201509/b0eeca71ce9e418992029aa8acb69c6b.shtml
R001065,苏州市中医院,苏州市中医院,江苏省,Jiangsu,苏州市,Suzhou,2019,807,,https://www.mingyihui.net/hospital_624/|https://m.mingyihui.net/hospital_624.html
R001067,宿迁市第一人民医院,宿迁市第一人民医院,江苏省,Jiangsu,宿迁市,Suqian,2023,1400,,https://js.ezhupei.com/inx/jsres/messageView?messageFlow=a2da0fa58e5c4197b18bfb91e0210472
R001067,宿迁市第一人民医院,宿迁市第一人民医院,江苏省,Jiangsu,宿迁市,Suqian,2024,1400,,https://js.ezhupei.com/inx/jsres/messageView?messageFlow=a2da0fa58e5c4197b18bfb91e0210472
R001068,宿迁市人民医院,南京鼓楼医院集团宿迁医院,江苏省,Jiangsu,宿迁市,Suqian,2024,1636,,https://www.suqianhospital.com/175/list.htm
R001069,宿迁市中医院,宿迁市中医院,江苏省,Jiangsu,宿迁市,Suqian,2020,600,,https://www.sqszyy.com/sqszyygzb/info/1011/1537.htm|https://www.sqszyy.com/sqszyygzb/yygk/yyjj.htm
R001071,泰州市人民医院(新院区),泰州市人民医院,江苏省,Jiangsu,泰州市,Taizhou,2017,2000,open,https://k.sina.com.cn/article_6420105394_17eab08b2001003cxt.html|https://m.yingjiesheng.com/xuanjianghui/xjh_6012039|https://www.sohu.com/a/163548554_563965
R001071,泰州市人民医院(新院区),泰州市人民医院,江苏省,Jiangsu,泰州市,Taizhou,2018,2000,,https://k.sina.com.cn/article_6420105394_17eab08b2001003cxt.html
R001071,泰州市人民医院(新院区),泰州市人民医院,江苏省,Jiangsu,泰州市,Taizhou,2022,2000,,https://www.taizhou.gov.cn/ztzl/ghtcyqfkhjjshfz/fkzn/art/2022/art_2c09ae31b8324780acb67ed576596a4b.html
R001072,泰州市中医院,泰州市中医院,江苏省,Jiangsu,泰州市,Taizhou,2017,244,,https://hbj.taizhou.gov.cn/cms_files/filemanager/1960401028/attach/202411/4975eef5e1564cf78257402cf47cf1af.pdf
R001072,泰州市中医院,泰州市中医院,江苏省,Jiangsu,泰州市,Taizhou,2024,244,,https://hbj.taizhou.gov.cn/cms_files/filemanager/1960401028/attach/202411/4975eef5e1564cf78257402cf47cf1af.pdf?fileName=%E6%B3%B0%E5%B7%9E%E5%B8%82%E4%B8%AD%E5%8C%BB%E9%99%A2%E9%82%91%E5%BA%99%E8%A1%97%E9%99%A2%E5%8C%BA%E6%8A%80%E6%94%B9%E9%A1%B9%E7%9B%AE%28%E5%85%AC%E7%A4%BA%E7%89%88%29.pdf|https://hbj.taizhou.gov.cn/cms_files/filemanager/1960401028/attach/202411/4975eef5e1564cf78257402cf47cf1af.pdf
R001073,泰州市中医院(济川路院区),泰州市中医院,江苏省,Jiangsu,泰州市,Taizhou,2017,1500,open,https://js.cri.cn/20171107/971affd4-3e06-81ae-dd1a-48569e1a4fd8.html|https://js.cri.cn/2018-03-07/8bba2882-dc49-6bbe-c69c-2953628f4245.html|https://s.dayi.org.cn/mip/s/hospital/1125065.html
R001074,江南大学附属医院(北院区),江南大学附属医院,江苏省,Jiangsu,无锡市,Wuxi,2019,1029,,https://m.petctchina.com/product/4124734/
R001074,江南大学附属医院(北院区),江南大学附属医院,江苏省,Jiangsu,无锡市,Wuxi,2020,390,,https://news.jiangnan.edu.cn/info/1081/67645.htm
R001074,江南大学附属医院(北院区),江南大学附属医院,江苏省,Jiangsu,无锡市,Wuxi,2021,500,,https://zx.wuxi.gov.cn/doc/2021/10/28/3470763.shtml
R001074,江南大学附属医院(北院区),江南大学附属医院,江苏省,Jiangsu,无锡市,Wuxi,2022,500,,https://www.sohu.com/a/558871229_456060
R001075,江南大学附属医院南院,江南大学附属医院,江苏省,Jiangsu,无锡市,Wuxi,2020,1500,,https://news.jiangnan.edu.cn/info/1081/67645.htm
R001076,江阴市人民医院,江阴市人民医院,江苏省,Jiangsu,无锡市,Wuxi,2021,2200,,https://www.jiangyin.gov.cn/uploadfiles/202404/26/2024042616240176019191.pdf
R001076,江阴市人民医院,江阴市人民医院,江苏省,Jiangsu,无锡市,Wuxi,2024,2200,,https://tyj.wuxi.gov.cn/doc/2024/12/05/4449120.shtml
R001077,南京医科大学无锡精神卫生中心,南京医科大学无锡精神卫生中心,江苏省,Jiangsu,无锡市,Wuxi,2016,1650,,https://rd.wuxi.gov.cn/doc/2016/09/21/1696323.shtml
R001077,南京医科大学无锡精神卫生中心,南京医科大学无锡精神卫生中心,江苏省,Jiangsu,无锡市,Wuxi,2023,1228,,https://wxms.jiangnan.edu.cn/info/1450/6554.htm
R001078,无锡市第二人民医院,无锡市第二人民医院,江苏省,Jiangsu,无锡市,Wuxi,2017,1400,,https://docs.cn-healthcare.com/sharedoc/pdf_files/20170606/253ac2524e064f5780044440fb5f261a.pdf|https://www.wx2h.com/news/ggdetail/index/id/203.html
R001078,无锡市第二人民医院,无锡市第二人民医院,江苏省,Jiangsu,无锡市,Wuxi,2018,1400,,https://www.wuxi.gov.cn/doc/2018/12/14/4179269.shtml
R001080,无锡市人民医院,无锡市人民医院,江苏省,Jiangsu,无锡市,Wuxi,2019,2051,,https://www.jswsrc.com.cn/company/index.php?c=show&id=9238
R001080,无锡市人民医院,无锡市人民医院,江苏省,Jiangsu,无锡市,Wuxi,2024,1856,,https://s.dayi.org.cn/mip/s/hospital/1155838.html
R001081,无锡市中医院,无锡市中医院,江苏省,Jiangsu,无锡市,Wuxi,2014,900,,https://sj.hydgy.com/show.php?classid=5&id=1581
R001081,无锡市中医院,无锡市中医院,江苏省,Jiangsu,无锡市,Wuxi,2018,1090,,https://www.haodf.com/hospital/955.html
R001082,宜兴市人民医院通贞观旧院区,宜兴市人民医院,江苏省,Jiangsu,无锡市,Wuxi,2019,1600,,https://www.viptijian.com/0510/jsyx-introduce
R001085,徐州矿务集团总医院,徐州矿务集团总医院,江苏省,Jiangsu,徐州市,Xuzhou,2024,1800,,https://s.dayi.org.cn/mip/s/hospital/1133035.html
R001087,徐州市第四人民医院,徐州市第四人民医院,江苏省,Jiangsu,徐州市,Xuzhou,2014,4500,,https://xzch.cn/html/2014/201409303734.html
R001087,徐州市第四人民医院,徐州市第四人民医院,江苏省,Jiangsu,徐州市,Xuzhou,2015,4500,,https://xzch.cn/html/2015/201507104263.html
R001088,徐州市东方人民医院,徐州市东方人民医院,江苏省,Jiangsu,徐州市,Xuzhou,2019,800,,https://jsnews.jschina.com.cn/xz/a/201908/t20190806_2363418.shtml
R001088,徐州市东方人民医院,徐州市东方人民医院,江苏省,Jiangsu,徐州市,Xuzhou,2020,1000,,https://www.xz12320.com/article/12971.html
R001089,徐州市儿童医院,徐州市儿童医院,江苏省,Jiangsu,徐州市,Xuzhou,2016,1498,,http://www.dayi.org.cn/hospital/1133014?from=sg
R001089,徐州市儿童医院,徐州市儿童医院,江苏省,Jiangsu,徐州市,Xuzhou,2018,1500,,http://www.cfgw.net.cn/epaper/content/201811/28/content_6821.htm
R001091,徐州市中医院,徐州市中医院,江苏省,Jiangsu,徐州市,Xuzhou,2021,1200,,https://www.xztcm.com/pictures/file/20220808/20220808143936_8078.pdf
R001091,徐州市中医院,徐州市中医院,江苏省,Jiangsu,徐州市,Xuzhou,2022,1200,,https://www.xztcm.com/pictures/file/20220808/20220808143936_8078.pdf
R001091,徐州市中医院,徐州市中医院,江苏省,Jiangsu,徐州市,Xuzhou,2024,1200,,https://www.qcdy.com/m/view.php?aid=125113
R001093,徐州医科大学附属医院,徐州医科大学附属医院,江苏省,Jiangsu,徐州市,Xuzhou,2014,3000,,https://www.51test.net/show/4696164.html
R001096,盐城市第四人民医院,盐城市精神病医院,江苏省,Jiangsu,盐城市,Yancheng,2023,450,,https://www.qcdy.com/article/116788.html
R001097,盐城市第一人民医院南院区,盐城市第一人民医院,江苏省,Jiangsu,盐城市,Yancheng,2017,1000,,https://www.ycsyy.com/html/842/2017-02-10/content-1439.html
R001097,盐城市第一人民医院南院区,盐城市第一人民医院,江苏省,Jiangsu,盐城市,Yancheng,2024,1400,,https://www.yzp.cn/company/48433.html
R001098,盐城市第一人民医院(北院区),盐城市第一人民医院,江苏省,Jiangsu,盐城市,Yancheng,2017,2100,,https://wap.yancheng.gov.cn/picture/0/20161230182340419.pdf
R001099,盐城市中医院,盐城市中医院,江苏省,Jiangsu,盐城市,Yancheng,2022,1000,open,https://cont.jd.com/hospital/department/15010081471-7300037
R001100,江苏省苏北人民医院,苏北人民医院,江苏省,Jiangsu,扬州市,Yangzhou,2017,2300,,https://yjxy.wnmc.edu.cn/info/1441/17741.htm
R001100,江苏省苏北人民医院,苏北人民医院,江苏省,Jiangsu,扬州市,Yangzhou,2018,2200,,https://www.haodf.com/hospital/630/jieshao.html
R001100,江苏省苏北人民医院,苏北人民医院,江苏省,Jiangsu,扬州市,Yangzhou,2019,2381,,https://hospital.51daifu.com/hos478/introduce.shtml
R001100,江苏省苏北人民医院,苏北人民医院,江苏省,Jiangsu,扬州市,Yangzhou,2020,2556,,http://www.mingyihui.net/hospital_657/department_detail_104.html
R001100,江苏省苏北人民医院,苏北人民医院,江苏省,Jiangsu,扬州市,Yangzhou,2021,2444,,http://www.jsphars.org/?p=13497
R001100,江苏省苏北人民医院,苏北人民医院,江苏省,Jiangsu,扬州市,Yangzhou,2022,2500,,https://cont.jd.com/mhospital/disease/15010071768_29297
R001102,扬州大学附属医院东区,扬州大学附属医院,江苏省,Jiangsu,扬州市,Yangzhou,2014,800,,https://www.yangzhouyiyuan.com/articleInfo/17200
R001102,扬州大学附属医院东区,扬州大学附属医院,江苏省,Jiangsu,扬州市,Yangzhou,2021,800,,https://yangzhouyiyuan.com/articleInfo/15232
R001102,扬州大学附属医院东区,扬州大学附属医院,江苏省,Jiangsu,扬州市,Yangzhou,2022,800,,https://yangzhouyiyuan.com/articleInfo/11128
R001102,扬州大学附属医院东区,扬州大学附属医院,江苏省,Jiangsu,扬州市,Yangzhou,2024,800,,https://www.yangzhouyiyuan.com/articleInfo/15107
R001102,扬州大学附属医院东区,扬州大学附属医院,江苏省,Jiangsu,扬州市,Yangzhou,2025,800,,https://www.yangzhouyiyuan.com/articleInfo/17208|https://www.yangzhouyiyuan.com/articleInfo/17200
R001105,扬州市中医院,扬州市中医院,江苏省,Jiangsu,扬州市,Yangzhou,2019,700,,https://mhos.51daifu.com/hos481/intro.shtml
R001105,扬州市中医院,扬州市中医院,江苏省,Jiangsu,扬州市,Yangzhou,2023,700,,https://www.sohu.com/a/701298092_121123883
R001106,江苏大学附属医院,江苏大学附属医院,江苏省,Jiangsu,镇江市,Zhenjiang,2014,1645,,https://www.nxmu.edu.cn/jyxxw/info/1008/1312.htm
R001106,江苏大学附属医院,江苏大学附属医院,江苏省,Jiangsu,镇江市,Zhenjiang,2015,1645,,https://www.o2bfun.com/info/1035/16151.html
R001109,镇江市第一人民医院,镇江市第一人民医院,江苏省,Jiangsu,镇江市,Zhenjiang,2022,1650,,https://m.youlai.cn/yyk/hospindex/458/hospintro.html
R001110,镇江市中医院,镇江市中医院,江苏省,Jiangsu,镇江市,Zhenjiang,2019,412,,http://www.jsw.com.cn/2019/1024/1512092.shtml
R001111,抚州市第一人民医院,抚州市第一人民医院,江西省,Jiangxi,抚州市,Fuzhou,2018,1200,,http://www.zgsydw.com/jiangxi/20180313/376446_1.html|https://www.fzdyyy.cn/yygk.htm
R001112,赣南医科大学第一附属医院(黄金院区),赣南医科大学第一附属医院,江西省,Jiangxi,赣州市,Ganzhou,2024,3328,,https://wap.gmu.cn/info/1010/13627.htm
R001113,赣南医学院第一附属医院,赣南医科大学第一附属医院,江西省,Jiangxi,赣州市,Ganzhou,2014,2400,,https://y.dxy.cn/hospital/1164
R001113,赣南医学院第一附属医院,赣南医科大学第一附属医院,江西省,Jiangxi,赣州市,Ganzhou,2015,2400,,https://sydw.huatu.com/2015/1124/1376608.html
R001113,赣南医学院第一附属医院,赣南医科大学第一附属医院,江西省,Jiangxi,赣州市,Ganzhou,2017,2400,,https://www.eoffcn.com/kszx/gonggao/351525.html
R001113,赣南医学院第一附属医院,赣南医科大学第一附属医院,江西省,Jiangxi,赣州市,Ganzhou,2024,2400,,https://www.gmu.cn/info/1010/13627.htm
R001114,赣州市第三人民医院,赣州市第三人民医院,江西省,Jiangxi,赣州市,Ganzhou,2020,1100,,https://www.dayi.org.cn/hospital/1136167
R001115,赣州市第五人民医院,赣州市第五人民医院,江西省,Jiangxi,赣州市,Ganzhou,2024,600,,https://czj.ganzhou.gov.cn/gzsczj/c103011/202505/b38f492dc4604a17936c3afc6655daad/files/6f36e5daaca8480395cd477a2917614a.pdf
R001117,赣州市立医院,赣州市立医院,江西省,Jiangxi,赣州市,Ganzhou,2023,835,,https://www.gaoxiaojob.com/announcement/detail/120438.html
R001119,赣州市中医院,赣州市中医院,江西省,Jiangxi,赣州市,Ganzhou,2021,438,,https://y.dxy.cn/hospital/515
R001119,赣州市中医院,赣州市中医院,江西省,Jiangxi,赣州市,Ganzhou,2024,990,,https://www.cntcm.com.cn/content/202502/10/c268622.html
R001120,赣州市肿瘤医院,赣州市肿瘤医院,江西省,Jiangxi,赣州市,Ganzhou,2024,600,,https://yzp.cn/zhaopingonggao/63687.html
R001121,吉安市第三人民医院,吉安市第三人民医院,江西省,Jiangxi,吉安市,Jian,2017,600,,http://www.eoffcn.com/kszx/gonggao/391531.html
R001123,吉安市中心人民医院,吉安市中心人民医院,江西省,Jiangxi,吉安市,Jian,2024,1650,,https://y.dxy.cn/hospital/445
R001124,井冈山大学附属医院,井冈山大学附属医院,江西省,Jiangxi,吉安市,Jian,2019,595,,https://www.maigoo.com/citiao/6505.html
R001126,景德镇市第二人民医院,景德镇市第二人民医院,江西省,Jiangxi,景德镇市,Jingdezhen,2016,860,,http://ylws.huatu.com/yldw_zkxx/20160425/1481686.html
R001126,景德镇市第二人民医院,景德镇市第二人民医院,江西省,Jiangxi,景德镇市,Jingdezhen,2022,1130,,https://www.yzp.cn/zhaopingonggao/73579.html
R001127,景德镇市第三人民医院,景德镇市第三人民医院,江西省,Jiangxi,景德镇市,Jingdezhen,2023,725,,https://y.dxy.cn/hospital/526
R001128,景德镇市第一人民医院,景德镇市第一人民医院,江西省,Jiangxi,景德镇市,Jingdezhen,2022,1200,,https://www.bidcenter.com.cn/zhaobiao/agencies_1172_360203_17/
R001128,景德镇市第一人民医院,景德镇市第一人民医院,江西省,Jiangxi,景德镇市,Jingdezhen,2024,1200,,https://www.jdzsdyrmyy.com/view1-99.html
R001130,景德镇市中医院,景德镇市中医院,江西省,Jiangxi,景德镇市,Jingdezhen,2022,650,,https://www.sohu.com/a/514989025_505018
R001131,九江市第三人民医院,九江市第三人民医院,江西省,Jiangxi,九江市,Jiujiang,2014,830,,https://hlxy.jxutcm.edu.cn/info/1102/1181.htm
R001132,九江市第五人民医院,九江市第五人民医院,江西省,Jiangxi,九江市,Jiujiang,2021,1285,,https://epaper.jxxw.com.cn/resfile/2021-12-21/10/jxrb-20211221-010.pdf
R001133,九江市第一人民医院,九江市第一人民医院,江西省,Jiangxi,九江市,Jiujiang,2020,2000,,https://mhos.51daifu.com/hos46/gba/1089.shtml
R001134,九江市第一人民医院(八里湖院区),九江市第一人民医院,江西省,Jiangxi,九江市,Jiujiang,2020,1100,open,https://mhos.51daifu.com/hos758/gba/1089.shtml|https://sj.syakc.com/show.php?classid=8&id=659
R001136,九江学院附属医院,九江学院附属医院,江西省,Jiangxi,九江市,Jiujiang,2024,1800,,https://www.jjcbw.com/v2/news/article/315199.html
R001138,江西省儿童医院东湖院区,江西省儿童医院,江西省,Jiangxi,南昌市,Nanchang,2018,1200,,https://www.sohu.com/a/257004668_100188334
R001141,江西省精神病院,江西省精神病院,江西省,Jiangxi,南昌市,Nanchang,2021,660,,https://hc.nc.gov.cn/ncwjw/mtbd/202310/c83e5f531f064398b8cfdd71be30af13.shtml
R001141,江西省精神病院,江西省精神病院,江西省,Jiangxi,南昌市,Nanchang,2023,1200,,https://hc.nc.gov.cn/ncwjw/wsdw/201906/ba4c478586024bcea390f6a6f044866b.shtml
R001142,江西省皮肤病专科医院,江西省皮肤病专科医院,江西省,Jiangxi,南昌市,Nanchang,2020,72,,http://jx.zgsydw.com/ylws/20200709/10418_1.html
R001142,江西省皮肤病专科医院,江西省皮肤病专科医院,江西省,Jiangxi,南昌市,Nanchang,2022,72,,https://www.ylzhaopin.com/news/54655.html
R001142,江西省皮肤病专科医院,江西省皮肤病专科医院,江西省,Jiangxi,南昌市,Nanchang,2023,40,,http://www.xhsjk.cn/hospital/jxspfbykyy
R001143,江西省人民医院,江西省人民医院,江西省,Jiangxi,南昌市,Nanchang,2021,1500,,https://jxsrmyy.cn/info/2031/217191.htm
R001143,江西省人民医院,江西省人民医院,江西省,Jiangxi,南昌市,Nanchang,2022,1500,,https://www.jxsrmyy.cn/info/4281/171401.htm
R001143,江西省人民医院,江西省人民医院,江西省,Jiangxi,南昌市,Nanchang,2023,1500,,https://jxsrmyy.cn/info/4281/171641.htm
R001144,江西省人民医院(红谷滩院区),江西省人民医院,江西省,Jiangxi,南昌市,Nanchang,2020,1500,,https://www.cnfin.com/jucai-xh08/a/20200526/1939323.shtml
R001144,江西省人民医院(红谷滩院区),江西省人民医院,江西省,Jiangxi,南昌市,Nanchang,2024,1372,,https://hgt.nc.gov.cn/hgtqrmzf/gggs/202411/5573ec57dd64433982800c6a02bf24c6.shtml
R001146,江西省胸科医院,江西省胸科医院,江西省,Jiangxi,南昌市,Nanchang,2022,800,,https://yyk.39.net/nanchang/hospitals/waike/
R001147,江西省中西医结合医院,江西省中西医结合医院,江西省,Jiangxi,南昌市,Nanchang,2021,600,,https://www.nc.gov.cn/ncszf/ylwsa/202104/2818fa0880804ede82634d0aaafeec15.shtml
R001148,江西省肿瘤医院,江西省肿瘤医院,江西省,Jiangxi,南昌市,Nanchang,2023,2033,,https://hlxy.jxutcm.edu.cn/info/1086/1462.htm
R001149,江西中医药大学第二附属医院,江西中医药大学第二附属医院,江西省,Jiangxi,南昌市,Nanchang,2021,410,,https://www.yixuezp.com/hospital/zhaopingonggao/jiangxi/133265.html
R001149,江西中医药大学第二附属医院,江西中医药大学第二附属医院,江西省,Jiangxi,南昌市,Nanchang,2024,430,,https://www.jzefyy.cn/info/1073/10482.htm
R001150,江西中医药大学附属医院,江西中医药大学附属医院,江西省,Jiangxi,南昌市,Nanchang,2014,1600,,https://gjy.jxutcm.edu.cn/info/1182/1828.htm
R001150,江西中医药大学附属医院,江西中医药大学附属医院,江西省,Jiangxi,南昌市,Nanchang,2024,1600,,https://www.jxszyy.com/channel/15/27981.html
R001151,南昌大学第二附属医院(东湖院区),南昌大学第二附属医院,江西省,Jiangxi,南昌市,Nanchang,2016,2400,,https://news.ncu.edu.cn/xycz/98bb593526b34689a063b5a55080e642.htm
R001151,南昌大学第二附属医院(东湖院区),南昌大学第二附属医院,江西省,Jiangxi,南昌市,Nanchang,2017,2374,,https://openi.cn/sites/185960.html
R001151,南昌大学第二附属医院(东湖院区),南昌大学第二附属医院,江西省,Jiangxi,南昌市,Nanchang,2021,2596,,https://rczp.ncu.edu.cn/bs/e37c0bcf77234603b2046de6808d9d5b.htm
R001152,南昌大学第二附属医院(红角洲院区),南昌大学第二附属医院,江西省,Jiangxi,南昌市,Nanchang,2020,1400,,https://www.ncu.edu.cn/info/1052/72841.htm
R001152,南昌大学第二附属医院(红角洲院区),南昌大学第二附属医院,江西省,Jiangxi,南昌市,Nanchang,2021,1473,,https://health.baidu.com/doctordec/hosintro/1034303|https://rczp.ncu.edu.cn/bs/e37c0bcf77234603b2046de6808d9d5b.htm
R001153,南昌大学第三附属医院,南昌市第一医院,江西省,Jiangxi,南昌市,Nanchang,2020,1500,,https://y.dxy.cn/hospital/937
R001153,南昌大学第三附属医院,南昌市第一医院,江西省,Jiangxi,南昌市,Nanchang,2021,1500,,https://www.nc.gov.cn/ncszf/gdjycxd/202104/9af39b4405da4a7d913eb92bf93f8e08.shtml
R001154,南昌大学第一附属医院,南昌大学第一附属医院,江西省,Jiangxi,南昌市,Nanchang,2018,3200,,https://www.gxszw.com/region/jiangxi/wsjx/201809/0628192.html
R001155,南昌大学第一附属医院(象湖院区),南昌大学第一附属医院,江西省,Jiangxi,南昌市,Nanchang,2020,3200,,https://jxylw.jxnews.com.cn/system/2020/07/15/018972467.shtml
R001155,南昌大学第一附属医院(象湖院区),南昌大学第一附属医院,江西省,Jiangxi,南昌市,Nanchang,2022,3200,,https://sthjj.nc.gov.cn/ncgbj/xzxk/202209/d27acc6094684a4d9899e396bb883b03.shtml|https://sthjj.nc.gov.cn/ncgbj/xzxk/202209/d27acc6094684a4d9899e396bb883b03/files/d20646d204d1474988492def3243deea.pdf
R001156,南昌大学附属第四医院,南昌大学附属第四医院,江西省,Jiangxi,南昌市,Nanchang,2015,750,,https://www.51test.net/show/6422300.html
R001156,南昌大学附属第四医院,南昌大学附属第四医院,江西省,Jiangxi,南昌市,Nanchang,2017,750,,https://wenkum.suwen.cn/p-307198.html
R001156,南昌大学附属第四医院,南昌大学附属第四医院,江西省,Jiangxi,南昌市,Nanchang,2019,750,,https://www.gccrcw.com/region/jiangxi/jxws/201907/0240390.html
R001156,南昌大学附属第四医院,南昌大学附属第四医院,江西省,Jiangxi,南昌市,Nanchang,2020,750,,https://m.huatu.com/ylws/yldw_zkxx/20200316/1885406.html
R001156,南昌大学附属第四医院,南昌大学附属第四医院,江西省,Jiangxi,南昌市,Nanchang,2021,600,,https://www.yzp.cn/zhaopingonggao/42129.html
R001157,南昌大学附属口腔医院,南昌大学附属口腔医院,江西省,Jiangxi,南昌市,Nanchang,2017,50,,https://dag.ncu.edu.cn/lshg/yxfzs/40977.htm
R001157,南昌大学附属口腔医院,南昌大学附属口腔医院,江西省,Jiangxi,南昌市,Nanchang,2022,50,,https://www.ncu.edu.cn/info/1010/31041.htm
R001157,南昌大学附属口腔医院,南昌大学附属口腔医院,江西省,Jiangxi,南昌市,Nanchang,2023,100,,https://news.ncu.edu.cn/mtnd/f353a90910284bdc9498853c263f5436.htm
R001158,南昌大学附属眼科医院,南昌大学附属眼科医院,江西省,Jiangxi,南昌市,Nanchang,2020,120,,https://dhq.nc.gov.cn/dhqrmzf/gggs/202004/b19a5410e93446c5afcb87cd819f1d3c.shtml
R001158,南昌大学附属眼科医院,南昌大学附属眼科医院,江西省,Jiangxi,南昌市,Nanchang,2022,120,,https://www.ncu.edu.cn/info/1010/29821.htm
R001159,南昌市第九医院,南昌市第九医院,江西省,Jiangxi,南昌市,Nanchang,2018,600,,https://jx.offcn.com/html/2018/11/116245.html
R001159,南昌市第九医院,南昌市第九医院,江西省,Jiangxi,南昌市,Nanchang,2019,600,,https://www.ncdjyy.com/__local/6/B5/F4/82B91AD116279A7375853558684_A5E981EF_1230CE.pdf?e=.pdf
R001159,南昌市第九医院,南昌市第九医院,江西省,Jiangxi,南昌市,Nanchang,2021,600,,https://www.nc.gov.cn/ncszf/ylwsa/202104/2818fa0880804ede82634d0aaafeec15.shtml
R001160,南昌市第三医院,南昌市人民医院,江西省,Jiangxi,南昌市,Nanchang,2018,763,,https://www.ncsrmyy.cn/list/94-107/1737.html
R001160,南昌市第三医院,南昌市人民医院,江西省,Jiangxi,南昌市,Nanchang,2019,763,,https://www.sohu.com/a/315847118_687636
R001160,南昌市第三医院,南昌市人民医院,江西省,Jiangxi,南昌市,Nanchang,2020,763,,https://www.ncsrmyy.cn/list/94-107/4031.html|https://mhos.51daifu.com/hos735/gba/1082.shtml
R001160,南昌市第三医院,南昌市人民医院,江西省,Jiangxi,南昌市,Nanchang,2021,763,,https://sydw.huatu.com/2021/1208/2441238.html
R001161,南昌市洪都中医院,南昌市洪都中医院,江西省,Jiangxi,南昌市,Nanchang,2024,1850,,https://www.ncshdzyy.com/system/2024/06/25/020546259.shtml
R001163,南昌市人民医院(朝阳院区),南昌市人民医院,江西省,Jiangxi,南昌市,Nanchang,2023,1000,,https://www.nc.gov.cn/ncszf/ylwsa/202104/8aada37268ee4e86bec41a6585f4958b.shtml|https://www.ncsrmyy.cn/list/95-201/6624.html
R001166,萍乡市第二人民医院,萍乡市第二人民医院,江西省,Jiangxi,萍乡市,Pingxiang,2019,650,,https://www.viptijian.com/0799/pxsdermyy-introduce
R001166,萍乡市第二人民医院,萍乡市第二人民医院,江西省,Jiangxi,萍乡市,Pingxiang,2022,580,,https://www.ylzhaopin.com/news/61035.html
R001166,萍乡市第二人民医院,萍乡市第二人民医院,江西省,Jiangxi,萍乡市,Pingxiang,2024,1000,,https://jx.huatu.com/2024/0509/1853031.html
R001168,萍乡市人民医院,萍乡市人民医院,江西省,Jiangxi,萍乡市,Pingxiang,2023,1728,,https://jxzyy.wsglw.net/HomePublic/ArticleInfo?article_id=665DD33A-8CD2-4811-BF98-FD6DC467D92C&title=%E9%80%9A%E7%9F%A5%E5%85%AC%E5%91%8A&viewName=ArticleInfoJXZP
R001172,上饶市人民医院,上饶市人民医院,江西省,Jiangxi,上饶市,Shangrao,2014,1000,,https://news.zhuyitai.com/17/0619/2731ea3191ec4629ac16e6fb7ffdd07b.html|https://mh.bohe.cn/hospital_848/yyjs.html
R001176,新余市人民医院,新余市人民医院,江西省,Jiangxi,新余市,Xinyu,2024,1400,,https://3g.kq36.com/25/info.asp?id=240240&map=1
R001177,宜春市人民医院,宜春市人民医院,江西省,Jiangxi,宜春市,Yichun,2017,2099,,https://s.dayi.org.cn/mip/s/hospital/1592.html
R001177,宜春市人民医院,宜春市人民医院,江西省,Jiangxi,宜春市,Yichun,2019,2099,,https://docs.cn-healthcare.com/sharedoc/pdf_files/20190814/cd715a86594041d5ac3917bc05567303.pdf
R001177,宜春市人民医院,宜春市人民医院,江西省,Jiangxi,宜春市,Yichun,2022,2150,,https://www.servechina.com.cn/newsin/1336.html
R001178,鹰潭市人民医院,鹰潭市人民医院,江西省,Jiangxi,鹰潭市,Yingtan,2017,1200,,https://health.baidu.com/doctordec/hosintro/1033088
R001180,鞍钢总医院,鞍钢总医院,辽宁省,Liaoning,鞍山市,Anshan,2022,1245,,https://sthj.ln.gov.cn/sthj/zfxxgk/fdzdgknr/xzxkxxgk/czzj/hbzxzjxm/2025120815300585838/2025120815525825594.pdf
R001182,鞍山市中心医院,鞍山市中心医院,辽宁省,Liaoning,鞍山市,Anshan,2020,1208,,https://mhos.51daifu.com/hos40178/gba/893.shtml
R001182,鞍山市中心医院,鞍山市中心医院,辽宁省,Liaoning,鞍山市,Anshan,2023,1208,,https://www.ashospital.com.cn/zp_tzgg_info/1.html
R001183,海城市中医院,海城市中医院,辽宁省,Liaoning,鞍山市,Anshan,2024,200,,https://www.haodf.com/hospital/4929448686/jieshao.html
R001184,本溪钢铁(集团)总医院,辽宁省健康产业集团本钢总医院,辽宁省,Liaoning,本溪市,Benxi,2015,1000,,https://cont.jd.com/hospital/15010073516?hy_entry=SEO_HypOtherHospital
R001186,本溪市中心医院,本溪市中心医院,辽宁省,Liaoning,本溪市,Benxi,2021,1300,,https://www.bxszxyy.com/Html/Hospitals/Main/Description.html
R001186,本溪市中心医院,本溪市中心医院,辽宁省,Liaoning,本溪市,Benxi,2023,1300,,https://wsjk.ln.gov.cn/wsjk/index/gsgg/2023071215521310931/2023071215544694786.pdf
R001186,本溪市中心医院,本溪市中心医院,辽宁省,Liaoning,本溪市,Benxi,2024,1300,,https://bxszxyy.com/Sites/Uploaded/File/2024/08/266386026514908607397130663.pdf
R001187,朝阳市第二医院,朝阳市第二医院,辽宁省,Liaoning,朝阳市,Chaoyang,2021,1200,,https://m.fh21.com.cn/yyk/hospital/detail/1587.html
R001188,朝阳市中心医院,朝阳市中心医院,辽宁省,Liaoning,朝阳市,Chaoyang,2013,1408,,https://www.haodf.com/hospital/626320985/jieshao.html
R001188,朝阳市中心医院,朝阳市中心医院,辽宁省,Liaoning,朝阳市,Chaoyang,2023,1595,,https://f6publishing.blob.core.windows.net/2ec1be0b-bfcb-4089-97f2-737b9e8893e8/96917-foundation-statement.pdf
R001188,朝阳市中心医院,朝阳市中心医院,辽宁省,Liaoning,朝阳市,Chaoyang,2024,1800,,https://www.cyszxyy.com/news_list_8/108.html
R001189,大连大学附属新华医院,大连大学附属新华医院,辽宁省,Liaoning,大连市,Dalian,2015,1063,,https://www.dayi.org.cn/hospital/1125104.html
R001189,大连大学附属新华医院,大连大学附属新华医院,辽宁省,Liaoning,大连市,Dalian,2022,1063,,https://y.dxy.cn/hospital/656|https://mvw-test.oss-cn-beijing.aliyuncs.com/hbchina/upload_file/1657694904970_0.09179945442092086.pdf
R001189,大连大学附属新华医院,大连大学附属新华医院,辽宁省,Liaoning,大连市,Dalian,2023,1063,,https://wsjk.ln.gov.cn/wsjk/index/gsgg/2023071215521310931/2023071318482716207.pdf
R001190,大连大学附属新华医院（新院区）,大连大学附属新华医院,辽宁省,Liaoning,大连市,Dalian,2024,500,,https://www.dl.gov.cn/art/2024/12/20/art_1190_2391145.html|https://www.dldxxhyy.com/pc/singlepag.html?cid=11|https://m.thepaper.cn/newsDetail_forward_29695307
R001191,大连大学附属中山医院,大连大学附属中山医院,辽宁省,Liaoning,大连市,Dalian,2023,2208,,https://wsjk.ln.gov.cn/wsjk/index/gsgg/2023071215521310931/2023071318482716207.pdf
R001192,大连市第二人民医院,大连市第二人民医院,辽宁省,Liaoning,大连市,Dalian,2024,600,,https://www.dayi.org.cn/hospital/1124258?from=sg
R001194,大连市第三人民医院,大连市第三人民医院,辽宁省,Liaoning,大连市,Dalian,2020,1000,,https://y.dxy.cn/hospital/1690
R001194,大连市第三人民医院,大连市第三人民医院,辽宁省,Liaoning,大连市,Dalian,2023,1000,,https://www.dl3y.com/index.php?c_id=14&i=&id=80&lanmu=2&p=medical_ex
R001198,大连市友谊医院,大连市友谊医院,辽宁省,Liaoning,大连市,Dalian,2012,1400,,https://www.dlyyyy.com/yydt/yyxw_1180_20120331068993.html
R001198,大连市友谊医院,大连市友谊医院,辽宁省,Liaoning,大连市,Dalian,2014,1400,,https://www.dlyyyy.com/yydt/yyxw_1180_201108198124459275798_7.html
R001198,大连市友谊医院,大连市友谊医院,辽宁省,Liaoning,大连市,Dalian,2019,1200,,https://www.dlyyyy.com/rlzy/rczp_1212_2014061898953.html
R001198,大连市友谊医院,大连市友谊医院,辽宁省,Liaoning,大连市,Dalian,2024,1200,,https://sthj.ln.gov.cn/sthj/zfxxgk/fdzdgknr/xzxkxxgk/czzj/hbzxzjxm/2024092515455333124/2024092515453268489.pdf
R001199,大连市中心医院,大连市中心医院,辽宁省,Liaoning,大连市,Dalian,2023,2350,,https://wsjk.ln.gov.cn/wsjk/index/gsgg/2023071215521310931/2023071215534231310.pdf
R001199,大连市中心医院,大连市中心医院,辽宁省,Liaoning,大连市,Dalian,2024,2350,,https://img.dlzxyy.com/%E5%A4%A7%E8%BF%9E%E5%B8%82%E4%B8%AD%E5%BF%83%E5%8C%BB%E9%99%A2%E4%B8%B4%E5%BA%8A%E8%8D%AF%E5%B8%88%E5%9F%B9%E8%AE%AD2024%E5%B9%B4%E7%A7%8B%E5%AD%A3%E6%8B%9B%E7%94%9F%E7%AE%80%E7%AB%A0_1720659109724.pdf
R001200,大连市中医院,大连市中医院,辽宁省,Liaoning,大连市,Dalian,2017,400,,https://www.yihu.com/hospital/guahao/8FEF646E322F4EDC8A7CFEDF123F3659/42972.shtml
R001201,大连医科大学附属第二医院,大连医科大学附属第二医院,辽宁省,Liaoning,大连市,Dalian,2022,3000,,https://www.shdmu.com/web/details/index?cnId=12813&coid=14
R001201,大连医科大学附属第二医院,大连医科大学附属第二医院,辽宁省,Liaoning,大连市,Dalian,2023,3000,,https://www.shdmu.com/web/details/index?cnId=14838&coid=24
R001201,大连医科大学附属第二医院,大连医科大学附属第二医院,辽宁省,Liaoning,大连市,Dalian,2024,3000,,https://wsjk.ln.gov.cn/wsjk/zfxxgk/fdzdgknr/ys/js/czys/2024030613434275083/2024091318592212076.pdf
R001201,大连医科大学附属第二医院,大连医科大学附属第二医院,辽宁省,Liaoning,大连市,Dalian,2025,3000,,https://www.shdmu.com/h5/phone/detailsTwo?cnId=12287&coid=12
R001202,大连医科大学附属第一医院,大连医科大学附属第一医院,辽宁省,Liaoning,大连市,Dalian,2014,3700,,https://www.medsci.cn/article/show_article.do?id=f6cb5e720af
R001202,大连医科大学附属第一医院,大连医科大学附属第一医院,辽宁省,Liaoning,大连市,Dalian,2018,3700,,https://docs.cn-healthcare.com/sharedoc/pdf_files/20180308/c9f78479ab7e4144a91b2f37240fb6a7.pdf
R001202,大连医科大学附属第一医院,大连医科大学附属第一医院,辽宁省,Liaoning,大连市,Dalian,2019,3700,,https://max.book118.com/html/2019/1026/6235054045002120.shtm
R001202,大连医科大学附属第一医院,大连医科大学附属第一医院,辽宁省,Liaoning,大连市,Dalian,2020,3700,,https://ln.people.com.cn/n2/2020/1214/c378393-34473617.html|https://epaper.lnd.com.cn/lnrbepaper/pc/att/202010/14/436e38db-5853-484e-8952-84eed60feb1c.pdf
R001202,大连医科大学附属第一医院,大连医科大学附属第一医院,辽宁省,Liaoning,大连市,Dalian,2022,3700,,https://dl.bendibao.com/news/202216/70384.shtm
R001202,大连医科大学附属第一医院,大连医科大学附属第一医院,辽宁省,Liaoning,大连市,Dalian,2023,3700,,https://www.dmu-1.com/index-article-detail-id-9719
R001202,大连医科大学附属第一医院,大连医科大学附属第一医院,辽宁省,Liaoning,大连市,Dalian,2024,3700,,https://www.dmu-1.com/index-article-detail-id-10414
R001204,丹东市第一医院,丹东市第一医院,辽宁省,Liaoning,丹东市,Dandong,2021,1100,,https://www.yzp.cn/zhaopingonggao/60060.html
R001205,丹东市中心医院,丹东市中心医院,辽宁省,Liaoning,丹东市,Dandong,2019,1818,,https://mvw-test.oss-cn-beijing.aliyuncs.com/hbchina/upload_file/1657694877225_0.9558912933363397.pdf
R001205,丹东市中心医院,丹东市中心医院,辽宁省,Liaoning,丹东市,Dandong,2022,1818,,https://mvw-test.oss-cn-beijing.aliyuncs.com/hbchina/upload_file/1657694877225_0.9558912933363397.pdf
R001206,丹东市中医院,丹东市中医院,辽宁省,Liaoning,丹东市,Dandong,2020,500,,https://www.haodf.com/hospital/722/jieshao.html
R001207,东港市中医院,东港市中医院,辽宁省,Liaoning,丹东市,Dandong,2019,550,,https://health.baidu.com/doctordec/hospital/1001771
R001208,抚顺矿务局总医院,辽宁省健康产业集团抚矿总医院,辽宁省,Liaoning,抚顺市,Fushun,2014,1300,,https://fswjw.fushun.gov.cn/wsbs/004003/20180910/e87f3074-c5f2-46c0-a372-89a373cf3dd6.html
R001209,抚顺市中心医院,抚顺市中心医院,辽宁省,Liaoning,抚顺市,Fushun,2021,1400,,https://www.ggj.gov.cn/jn/tfiles/ENTYPATH/files/enty/EF20221130009342062407.pdf
R001209,抚顺市中心医院,抚顺市中心医院,辽宁省,Liaoning,抚顺市,Fushun,2022,1400,,https://mvw-test.oss-cn-beijing.aliyuncs.com/hbchina/upload_file/1657697611889_0.5385582364013921.pdf
R001211,阜新市中心医院,阜新市中心医院,辽宁省,Liaoning,阜新市,Fuxin,2022,1342,,https://jwc.jzmu.edu.cn/info/1226/1208.htm
R001212,阜新市中医院,阜新市中医院,辽宁省,Liaoning,阜新市,Fuxin,2015,252,,https://www.dayi.org.cn/hospital/1129243
R001213,葫芦岛市中心医院,葫芦岛市中心医院,辽宁省,Liaoning,葫芦岛市,Huludao,2018,1600,,https://www.hldszxyy.com/index.php?_d=hospital&_f=content&id=2
R001213,葫芦岛市中心医院,葫芦岛市中心医院,辽宁省,Liaoning,葫芦岛市,Huludao,2023,2659,,https://m.youlai.cn/yyk/hospintro/3457/
R001216,锦州市中心医院,锦州市中心医院,辽宁省,Liaoning,锦州市,Jinzhou,2019,1000,,https://www.jzszxyy.com/yygk/yyjj.html
R001217,锦州医科大学附属第三医院,锦州医科大学附属第三医院,辽宁省,Liaoning,锦州市,Jinzhou,2023,1300,,https://m.dxy.com/hospital/7078
R001217,锦州医科大学附属第三医院,锦州医科大学附属第三医院,辽宁省,Liaoning,锦州市,Jinzhou,2024,1350,,https://lnmu3h.com/jyky/xsgz/info_5220.html
R001218,锦州医科大学附属第一医院,锦州医科大学附属第一医院,辽宁省,Liaoning,锦州市,Jinzhou,2018,2800,,https://www.sohu.com/a/250263795_355223
R001218,锦州医科大学附属第一医院,锦州医科大学附属第一医院,辽宁省,Liaoning,锦州市,Jinzhou,2020,2800,,https://y.dxy.cn/hospital/85
R001219,辽阳市中心医院,辽阳市中心医院,辽宁省,Liaoning,辽阳市,Liaoyang,2021,1800,,https://lyszxyyhlwyy.com/newshow.php?c_id=4&id=1011
R001219,辽阳市中心医院,辽阳市中心医院,辽宁省,Liaoning,辽阳市,Liaoyang,2024,1800,,https://lyszxyyhlwyy.com/newshow.php?c_id=4&id=1269
R001220,辽阳市中医院,辽阳市中医院,辽宁省,Liaoning,辽阳市,Liaoyang,2018,400,,https://tpgj-static.lnrbxmt.com/2022/03-16/09-41-410712-610826593.pdf
R001220,辽阳市中医院,辽阳市中医院,辽宁省,Liaoning,辽阳市,Liaoyang,2022,400,,https://tpgj-static.lnrbxmt.com/2022/03-16/09-41-410712-610826593.pdf
R001222,盘锦辽油宝石花医院,盘锦辽油宝石花医院,辽宁省,Liaoning,盘锦市,Panjin,2018,1706,,http://www.doctoreasy.cn/hosHome.htm?hosId=04270002
R001222,盘锦辽油宝石花医院,盘锦辽油宝石花医院,辽宁省,Liaoning,盘锦市,Panjin,2024,1700,,https://baike.baidu.com/item/%E7%9B%98%E9%94%A6%E8%BE%BD%E6%B2%B9%E5%AE%9D%E7%9F%B3%E8%8A%B1%E5%8C%BB%E9%99%A2/56992215
R001223,盘锦市中心医院,盘锦市中心医院,辽宁省,Liaoning,盘锦市,Panjin,2017,2000,,https://www.panjin.gov.cn/html/2003/2017-09-15/content-133126.html
R001223,盘锦市中心医院,盘锦市中心医院,辽宁省,Liaoning,盘锦市,Panjin,2024,2300,,https://wjw.panjin.gov.cn/2024_03/29_14/content-301330.html
R001224,辽宁奉天中医院,辽宁奉天中医院,辽宁省,Liaoning,沈阳市,Shenyang,2020,460,,https://www.kktijian.com/jg_detail_6354_757.html?g=2
R001226,辽宁省人民医院,辽宁省人民医院,辽宁省,Liaoning,沈阳市,Shenyang,2015,888,,https://www.nhc.gov.cn/jgdw/wmdw/201511/9003e17c45734e10b5b14361ec33bdae.shtml
R001226,辽宁省人民医院,辽宁省人民医院,辽宁省,Liaoning,沈阳市,Shenyang,2024,1788,,https://www.youlai.cn/yyk/hospindex/3373/hospintro.html
R001227,辽宁省肿瘤医院,辽宁省肿瘤医院,辽宁省,Liaoning,沈阳市,Shenyang,2018,2330,,https://www.sohu.com/a/236882040_720092
R001227,辽宁省肿瘤医院,辽宁省肿瘤医院,辽宁省,Liaoning,沈阳市,Shenyang,2023,2330,,https://www.lnchi.org.cn/yuangongban/staffedu/jiaoxuedongtai/1725390583180636161.html
R001228,辽宁中医药大学第二附属医院,辽宁中医药大学附属第二医院,辽宁省,Liaoning,沈阳市,Shenyang,2023,1200,,https://www.hbwhexpo.com/en/article/1696
R001229,辽宁中医药大学附属第三医院,辽宁中医药大学附属第三医院,辽宁省,Liaoning,沈阳市,Shenyang,2024,300,,https://hr.lnutcm.edu.cn/info/1604/3096.htm
R001230,辽宁中医药大学附属第四医院,辽宁中医药大学附属第四医院,辽宁省,Liaoning,沈阳市,Shenyang,2024,410,,https://wsjk.ln.gov.cn/wsjk/yjsgk/2024091411480922658/2024091411423616819.pdf
R001231,辽宁中医药大学附属医院,辽宁中医药大学附属医院,辽宁省,Liaoning,沈阳市,Shenyang,2020,1500,,https://3g.kq36.com/25/info.asp?id=191265&map=1
R001233,沈阳市第二中医院,沈阳市第二中医院,辽宁省,Liaoning,沈阳市,Shenyang,2022,1000,,https://www.hospitala.com/yiyuanyisheng/2022-06-02/447.html
R001234,沈阳市第七人民医院,沈阳市第七人民医院,辽宁省,Liaoning,沈阳市,Shenyang,2020,500,,https://www.china-gwy.com/html/shenyang/yldwzp/20200625/41667.html
R001234,沈阳市第七人民医院,沈阳市第七人民医院,辽宁省,Liaoning,沈阳市,Shenyang,2022,500,,https://s.dayi.org.cn/mip/s/hospital/1123369.html
R001235,沈阳市第四人民医院,沈阳市第四人民医院,辽宁省,Liaoning,沈阳市,Shenyang,2020,1650,,https://www.syhos.cn/upload/Article/202307/130161823364a6711219f22.pdf
R001235,沈阳市第四人民医院,沈阳市第四人民医院,辽宁省,Liaoning,沈阳市,Shenyang,2023,1650,,https://sthj.ln.gov.cn/sthj/zfxxgk/fdzdgknr/xzxkxxgk/czzj/hbzxzjxm/B0B4ECADB8AB487DA725E778B8AECBE4/2023020221042834245.pdf
R001236,沈阳市第五人民医院,沈阳市第五人民医院,辽宁省,Liaoning,沈阳市,Shenyang,2021,1150,,https://m.sydw8.com/2021/1231/410158.html
R001237,沈阳市肛肠医院,沈阳市肛肠医院,辽宁省,Liaoning,沈阳市,Shenyang,2020,500,,https://www.sygcyy.cn/intro/1.html
R001238,沈阳市中西医结合骨伤病医院,沈阳市中西医结合骨伤病医院,辽宁省,Liaoning,沈阳市,Shenyang,2017,1000,,https://read.cnki.net/web/Journal/Article/SYYX201703038.html
R001238,沈阳市中西医结合骨伤病医院,沈阳市中西医结合骨伤病医院,辽宁省,Liaoning,沈阳市,Shenyang,2022,1000,,https://www.ylzhaopin.com/news/59728.html
R001239,沈阳市中医院,沈阳市中医院,辽宁省,Liaoning,沈阳市,Shenyang,2024,431,,https://3g.kq36.com/25/3a6c0cd62619412c93060e88cc9d9edc
R001241,沈阳医学院附属中心医院,沈阳医学院附属中心医院,辽宁省,Liaoning,沈阳市,Shenyang,2024,1530,,https://yjsjy.symc.edu.cn/info/3401/1991.htm
R001242,沈阳医学院附属第二医院（和平院区）,沈阳医学院附属第二医院（辽宁省退役军人总医院）,辽宁省,Liaoning,沈阳市,Shenyang,2024,1900,,https://www.syyxyszyy.com/article/2278.html
R001246,中国医科大学附属盛京医院南湖院区,中国医科大学附属盛京医院,辽宁省,Liaoning,沈阳市,Shenyang,2017,3349,,https://docs.cn-healthcare.com/sharedoc/pdf_files/20170522/58a4ee791dc84617a78d9d4326ad647d.pdf
R001247,中国医科大学附属第四医院,中国医科大学附属第四医院,辽宁省,Liaoning,沈阳市,Shenyang,2021,1800,,https://wsjk.ln.gov.cn/wsjk/yjsgk/510FE690336D4FF394A16F78B8458DB5/P020210331375149632966.pdf
R001247,中国医科大学附属第四医院,中国医科大学附属第四医院,辽宁省,Liaoning,沈阳市,Shenyang,2022,1800,,https://mvw-test.oss-cn-beijing.aliyuncs.com/hbchina/upload_file/1657694867600_0.3535573261843916.pdf
R001247,中国医科大学附属第四医院,中国医科大学附属第四医院,辽宁省,Liaoning,沈阳市,Shenyang,2024,1800,,https://www.cmu4h.cn/home/article/view/id/1.html
R001247,中国医科大学附属第四医院,中国医科大学附属第四医院,辽宁省,Liaoning,沈阳市,Shenyang,2025,1800,,https://www.cmu4h.cn/home/article/view/id/1.html
R001248,中国医科大学附属第一医院,中国医科大学附属第一医院,辽宁省,Liaoning,沈阳市,Shenyang,2015,2249,,https://www.med66.com/yixuebaike/yixuewanhuatong/lm1509103941.shtml
R001248,中国医科大学附属第一医院,中国医科大学附属第一医院,辽宁省,Liaoning,沈阳市,Shenyang,2024,3121,,https://www.kq36.com/25/a7d1d8f90b8f4e32aeeee5eb2befe3fd
R001249,中国医科大学附属第一医院(浑南院区),中国医科大学附属第一医院,辽宁省,Liaoning,沈阳市,Shenyang,2018,1600,open,https://epaper.lnd.com.cn/lnrbepaper/pad/con/201907/11/content_35790.html|https://epaper.lnd.com.cn/lnrbepaper/pc/con/201810/30/content_4649.html|https://www.sohu.com/a/272465504_749501
R001250,中国医科大学附属口腔医院,中国医科大学附属口腔医院,辽宁省,Liaoning,沈阳市,Shenyang,2024,128,open,https://health.baidu.com/doctordec/hospital/1004804|https://www.cmudental.com/article/1041.html
R001251,铁岭市中心医院,铁岭市中心医院,辽宁省,Liaoning,铁岭市,Tieling,2021,1200,,https://www.163.com/dy/article/GEFDE5JB0544QKIG.html
R001251,铁岭市中心医院,铁岭市中心医院,辽宁省,Liaoning,铁岭市,Tieling,2023,1200,,https://www.tlszxyy.com/news/3.html
R001252,铁岭市中医院,铁岭市中医院,辽宁省,Liaoning,铁岭市,Tieling,2022,400,,https://www.tlszyyy.cn/aboutus/2672.html
R001255,阿拉善盟蒙医医院,阿拉善盟蒙医医院,内蒙古自治区,Inner Mongolia,阿拉善盟,Alxa League,2021,207,,https://y.dxy.cn/hospital/1886
R001256,巴彦淖尔市医院,巴彦淖尔市医院,内蒙古自治区,Inner Mongolia,巴彦淖尔市,Bayannaoer,2020,1560,,https://www.bynesyy.com/sites/myy/gk.jsp?ColumnID=1&SiteID=myy
R001256,巴彦淖尔市医院,巴彦淖尔市医院,内蒙古自治区,Inner Mongolia,巴彦淖尔市,Bayannaoer,2021,1560,,https://www.bynr.gov.cn/xxgk/zfxxgklm/xxgklm/qt/202103/P020210323555624254247.pdf
R001257,巴彦淖尔市中医医院,巴彦淖尔市中医医院,内蒙古自治区,Inner Mongolia,巴彦淖尔市,Bayannaoer,2017,500,,https://y.dxy.cn/hospital/844
R001257,巴彦淖尔市中医医院,巴彦淖尔市中医医院,内蒙古自治区,Inner Mongolia,巴彦淖尔市,Bayannaoer,2021,500,,https://www.bynr.gov.cn/xxgk/zfxxgklm/xxgklm/qt/202103/P020210323555624254247.pdf
R001258,包钢集团第三职工医院,包钢集团第三职工医院,内蒙古自治区,Inner Mongolia,包头市,Baotou,2021,500,,https://wjw.nmg.gov.cn/dataservice/wjw/detail.action?code=10001&id=b9bbde392cd511ecb61000ff18ca7278
R001259,包头市蒙医中医医院,包头市蒙医中医医院,内蒙古自治区,Inner Mongolia,包头市,Baotou,2024,704,,https://wjw.baotou.gov.cn/zfxxgk/fdzdgknr/zcwj/202508/t20250811_190901.html|https://m.youlai.cn/yyk/hospindex/5283/
R001260,包头市中心医院,包头市中心医院,内蒙古自治区,Inner Mongolia,包头市,Baotou,2017,1600,,https://www.sohu.com/a/193846008_645119
R001260,包头市中心医院,包头市中心医院,内蒙古自治区,Inner Mongolia,包头市,Baotou,2022,1852,,https://www.ylzhaopin.com/news/53211.html
R001261,包头市肿瘤医院,包头市肿瘤医院,内蒙古自治区,Inner Mongolia,包头市,Baotou,2023,650,,https://www.btzlyy.cn/announcement_Details/64.html
R001262,内蒙古包钢医院,内蒙古包钢医院,内蒙古自治区,Inner Mongolia,包头市,Baotou,2014,1500,,http://www.51test.net/show/3986067.html
R001262,内蒙古包钢医院,内蒙古包钢医院,内蒙古自治区,Inner Mongolia,包头市,Baotou,2022,1630,,https://m.huatu.com/ylws/yldw_zkxx/20220516/2512497.html
R001263,内蒙古科技大学包头医学院第一附属医院,内蒙古科技大学包头医学院第一附属医院,内蒙古自治区,Inner Mongolia,包头市,Baotou,2021,1580,,https://www.nkdbyyfy.cn/__local/A/9A/2E/0FBB6A7C958FDBC796B34E1FBD1_F636A519_143D3ED.pdf|https://www.nkdbyyfy.cn/list_content.jsp?urltype=news.NewsContentUrl&wbnewsid=5199&wbtreeid=1081
R001264,赤峰市巴林左旗蒙医中医医院,巴林左旗中医蒙医医院,内蒙古自治区,Inner Mongolia,赤峰市,Chifeng,2023,500,,https://www.cfxy.cn/zymyxy/jxgz/sjjx/326167ca2ea94d338606d6d583b789a0.htm
R001265,赤峰市医院,赤峰市医院,内蒙古自治区,Inner Mongolia,赤峰市,Chifeng,2024,2200,,https://health.baidu.com/doctordec/hosintro/1006294
R001266,赤峰学院附属医院,赤峰学院附属医院,内蒙古自治区,Inner Mongolia,赤峰市,Chifeng,2022,2230,,https://www.cfxy.cn/yxb/yxbgk/bmjj/178de0ccfc7f4801b0c225cd48e59fce.htm
R001267,宁城县蒙医中医医院,宁城县中医蒙医医院,内蒙古自治区,Inner Mongolia,赤峰市,Chifeng,2023,999,,https://www.cfxy.cn/zymyxy/jxgz/sjjx/326167ca2ea94d338606d6d583b789a0.htm
R001268,​​鄂尔多斯市中心医院,鄂尔多斯市中心医院,内蒙古自治区,Inner Mongolia,鄂尔多斯市,Eerduosi,2016,1200,,https://www.btmc.edu.cn/kqxy/info/2482/1370.htm
R001269,鄂尔多斯市蒙医医院,鄂尔多斯市蒙医医院,内蒙古自治区,Inner Mongolia,鄂尔多斯市,Eerduosi,2021,480,,https://wjw.ordos.gov.cn/zfxxgkx/fdzdgk_xxgk/czyjs/202412/t20241214_3745788.html
R001272,内蒙古国际蒙医医院,内蒙古自治区国际蒙医医院,内蒙古自治区,Inner Mongolia,呼和浩特市,Huhehaote,2016,1300,open,https://www.gjmyy.cn/Image/Info/746
R001273,内蒙古医科大学第二附属医院,内蒙古医科大学第二附属医院,内蒙古自治区,Inner Mongolia,呼和浩特市,Huhehaote,2021,400,,https://www.nyefy.com/article/8cfc04cfdc5e1e282147.shtml
R001274,内蒙古医科大学第二附属医院(新院区),内蒙古医科大学第二附属医院,内蒙古自治区,Inner Mongolia,呼和浩特市,Huhehaote,2021,1000,open,https://www.nyefy.com/article/8cfc04cfdc5e1e282147.shtml|https://www.nyefy.com/article/b6f2a22c6f9502682567.shtml|https://www.nyefy.com/article/b7a057723bfe175c2265.shtml|https://www.nyefy.com/images/uploadfiles/editor/files/20240227/1709019935875055750.pdf|https://www.nyefy.com/yygk/yygk_yyjj/
R001274,内蒙古医科大学第二附属医院(新院区),内蒙古医科大学第二附属医院,内蒙古自治区,Inner Mongolia,呼和浩特市,Huhehaote,2022,1000,,https://www.nyefy.com/article/b6f2a22c6f9502682567.shtml
R001274,内蒙古医科大学第二附属医院(新院区),内蒙古医科大学第二附属医院,内蒙古自治区,Inner Mongolia,呼和浩特市,Huhehaote,2024,1000,,https://www.nyefy.com/images/uploadfiles/editor/files/20240227/1709019935875055750.pdf
R001275,内蒙古医科大学附属人民医院,北京大学肿瘤医院内蒙古医院,内蒙古自治区,Inner Mongolia,呼和浩特市,Huhehaote,2014,1807,,https://sj.ruizhipak.com/show.php?classid=30&id=7212
R001275,内蒙古医科大学附属人民医院,北京大学肿瘤医院内蒙古医院,内蒙古自治区,Inner Mongolia,呼和浩特市,Huhehaote,2023,,open,https://wjw.nmg.gov.cn/zwgk/jjgk/zsdw/
R001276,内蒙古医科大学附属医院,内蒙古医科大学附属医院,内蒙古自治区,Inner Mongolia,呼和浩特市,Huhehaote,2014,1807,,https://yyk.jianke.com/865371/detail
R001276,内蒙古医科大学附属医院,内蒙古医科大学附属医院,内蒙古自治区,Inner Mongolia,呼和浩特市,Huhehaote,2017,3076,,https://www.nmgfy.com/yyjj_19/
R001277,内蒙古自治区第三医院(察布路院区),内蒙古自治区精神卫生中心,内蒙古自治区,Inner Mongolia,呼和浩特市,Huhehaote,2024,200,,https://3g.kq36.com/25/b023ee5d582e4d0a9e0dd94ef0ab3657
R001278,内蒙古自治区第三医院(鸿盛院区),内蒙古自治区精神卫生中心,内蒙古自治区,Inner Mongolia,呼和浩特市,Huhehaote,2024,1190,,https://health.baidu.com/doctordec/hospital/1034523
R001280,内蒙古自治区人民医院,内蒙古自治区人民医院,内蒙古自治区,Inner Mongolia,呼和浩特市,Huhehaote,2017,1891,,https://www.nmgyy.cn/yygk/
R001280,内蒙古自治区人民医院,内蒙古自治区人民医院,内蒙古自治区,Inner Mongolia,呼和浩特市,Huhehaote,2022,3000,,https://wjw.nmg.gov.cn/zwgk/jjgk/zsdw/
R001281,内蒙古自治区中医医院,内蒙古自治区中医医院,内蒙古自治区,Inner Mongolia,呼和浩特市,Huhehaote,2019,1000,,https://m.51test.net/show/9531428.html
R001281,内蒙古自治区中医医院,内蒙古自治区中医医院,内蒙古自治区,Inner Mongolia,呼和浩特市,Huhehaote,2021,1000,,https://9453job.com/a/193523.html
R001281,内蒙古自治区中医医院,内蒙古自治区中医医院,内蒙古自治区,Inner Mongolia,呼和浩特市,Huhehaote,2022,1000,,https://sydw.huatu.com/2022/0525/2516374.html
R001281,内蒙古自治区中医医院,内蒙古自治区中医医院,内蒙古自治区,Inner Mongolia,呼和浩特市,Huhehaote,2023,1000,,https://nmg.huatu.com/2023/0317/1843771.html
R001282,呼伦贝尔市传染病医院,呼伦贝尔市传染病医院,内蒙古自治区,Inner Mongolia,呼伦贝尔市,Hulunbeier,2017,450,,https://www.hlbejh.com/tongzhi/624.html
R001282,呼伦贝尔市传染病医院,呼伦贝尔市传染病医院,内蒙古自治区,Inner Mongolia,呼伦贝尔市,Hulunbeier,2018,450,,https://www.hlbejh.com/tongzhi/926.html
R001283,呼伦贝尔市第三人民医院,呼伦贝尔市第三人民医院,内蒙古自治区,Inner Mongolia,呼伦贝尔市,Hulunbeier,2024,900,,https://m.keopha.com/www/neimenggu/hulunbeiershi/74387.html
R001284,呼伦贝尔市人民医院,呼伦贝尔市人民医院,内蒙古自治区,Inner Mongolia,呼伦贝尔市,Hulunbeier,2022,1200,,https://www.ylzhaopin.com/news/53221.html
R001284,呼伦贝尔市人民医院,呼伦贝尔市人民医院,内蒙古自治区,Inner Mongolia,呼伦贝尔市,Hulunbeier,2023,1000,,http://www.chealth.org.cn/mon/hospitals/article/MG143032928.html
R001284,呼伦贝尔市人民医院,呼伦贝尔市人民医院,内蒙古自治区,Inner Mongolia,呼伦贝尔市,Hulunbeier,2024,1250,,https://www.hlbryy.com/shows/53/4980
R001285,呼伦贝尔市中蒙医院,呼伦贝尔市中蒙医院,内蒙古自治区,Inner Mongolia,呼伦贝尔市,Hulunbeier,2018,500,,https://wjw.nmg.gov.cn/dataservice/wjw/detail.action?code=10001&id=0655cd7b2cd611ecb61000ff18ca7278
R001285,呼伦贝尔市中蒙医院,呼伦贝尔市中蒙医院,内蒙古自治区,Inner Mongolia,呼伦贝尔市,Hulunbeier,2025,500,,https://www.nmgyyxh.org.cn/nmgyyxh/hyzc_hlbe/686e1ef0f266ba2c90c8667f.shtml
R001287,内蒙古民族大学附属医院,内蒙古民族大学附属医院,内蒙古自治区,Inner Mongolia,通辽市,Tongliao,2017,1100,,http://www.eoffcn.com/kszx/gonggao/555469.html
R001287,内蒙古民族大学附属医院,内蒙古民族大学附属医院,内蒙古自治区,Inner Mongolia,通辽市,Tongliao,2020,900,,http://wjw.nmg.gov.cn/zfxxgk/fdzzgknr/wjzt/202106/t20210615_1621866.html
R001289,通辽市精神卫生中心,通辽市精神卫生中心,内蒙古自治区,Inner Mongolia,通辽市,Tongliao,2023,630,,https://www.tongliao.gov.cn/zwgk/zfxxgk/fdzdgknr/zdlyxx/ggqsydwxxgk/wsjkly/202302/t20230224_137138.html
R001290,通辽市蒙医整骨医院,通辽市蒙医整骨医院,内蒙古自治区,Inner Mongolia,通辽市,Tongliao,2022,300,,https://www.ylzhaopin.com/news/53265.html
R001291,通辽市医院,通辽市医院,内蒙古自治区,Inner Mongolia,通辽市,Tongliao,2023,1650,,https://kfq.tongliao.gov.cn/zwgk/zfxxgk/fdzdgknr/zdlyxxgk/ggqsydwxxgk/wsjkly/202304/t20230418_590097.html
R001292,乌海市蒙中医院,乌海市蒙中医院,内蒙古自治区,Inner Mongolia,乌海市,Wuhai,2022,500,,https://www.nmgcyrc.com/wap/c_company-a_show-id_2791.html
R001293,乌海市人民医院,乌海市人民医院,内蒙古自治区,Inner Mongolia,乌海市,Wuhai,2022,638,,https://m.onceneon.com/wjw/dataservice/wjw/detail.action?code=10001&id=d08b254f2cd511ecb61000ff18ca7278
R001294,乌兰察布市中心医院,乌兰察布市中心医院,内蒙古自治区,Inner Mongolia,乌兰察布市,Wulanchabu,2019,850,,https://health.baidu.com/doctordec/hospital/1004830
R001295,锡林郭勒盟蒙医医院,锡林郭勒盟蒙医医院,内蒙古自治区,Inner Mongolia,锡林郭勒盟,Xilingol League,2024,749,,https://wjw.xlgl.gov.cn/wjw/zwgk/zfxxgk/fdzdgknr/zzjg/2022083109332217212/index.html
R001296,兴安盟人民医院,兴安盟人民医院,内蒙古自治区,Inner Mongolia,兴安盟,Hinggan League,2022,720,,https://m.petmrchina.com/product/4736125/
R001296,兴安盟人民医院,兴安盟人民医院,内蒙古自治区,Inner Mongolia,兴安盟,Hinggan League,2024,1460,,http://baike.sogou.com/v8016137.htm?fromTitle=%E5%85%B4%E5%AE%89%E7%9B%9F%E4%BA%BA%E6%B0%91%E5%8C%BB%E9%99%A2
R001299,宁夏回族自治区人民医院西夏分院,宁夏回族自治区人民医院,宁夏回族自治区,Ningxia,银川市,Yinchuan,2020,800,,https://sthjt.nx.gov.cn/zwgk/hjpj_63348/hjyxpjsl/202010/P020230410652652094788.pdf
R001300,银川市第一人民医院本院,银川市第一人民医院,宁夏回族自治区,Ningxia,银川市,Yinchuan,2016,1200,,https://www.yinchuan.gov.cn/xxgk/bmxxgkml/swjw/xxgkml_2361/czzj_2378/czyjsjsgjf_2379/201611/t20161130_205282.html
R001300,银川市第一人民医院本院,银川市第一人民医院,宁夏回族自治区,Ningxia,银川市,Yinchuan,2025,1200,,https://www.yinchuan.gov.cn/xxgk/bmxxgkml/swjw/xxgkml_2361/gkxx_2362/zsdw_7649/202506/t20250630_4947485.html
R001302,宁夏医科大学附属银川市中医院,银川市中医医院,宁夏回族自治区,Ningxia,银川市,Yinchuan,2014,410,,https://health.baidu.com/doctordec/hosintro/1005769|https://www.yanke360.com/59ac5381-825a-236f-9e11-aa193cb06c38/2a65b323-74ba-4cb1-b320-cb6176cbddee.shtml
R001302,宁夏医科大学附属银川市中医院,银川市中医医院,宁夏回族自治区,Ningxia,银川市,Yinchuan,2020,500,,https://nx.huatu.com/2020/0624/1534043.html
R001303,宁夏医科大学附属自治区中医院,宁夏回族自治区中医医院,宁夏回族自治区,Ningxia,银川市,Yinchuan,2019,410,,https://m.mingyihui.net/hospital_1880.html
R001303,宁夏医科大学附属自治区中医院,宁夏回族自治区中医医院,宁夏回族自治区,Ningxia,银川市,Yinchuan,2020,410,,https://wjw.yinchuan.gov.cn/zwgk/wzsdw/201508/t20150804_92349.htm
R001303,宁夏医科大学附属自治区中医院,宁夏回族自治区中医医院,宁夏回族自治区,Ningxia,银川市,Yinchuan,2022,800,,https://wsjkw.nx.gov.cn/zfxxgk_279/fdzdgknr/yjsgk/202202/P020230926323707844241.pdf
R001304,宁夏医科大学总医院胜利街院区,宁夏医科大学总医院,宁夏回族自治区,Ningxia,银川市,Yinchuan,2024,3500,,https://www.nyfy.com.cn/hospital_updates/detail/6122.html|https://www.nyfy.com.cn/hospitalization_guide1/detail_g7yU_78/17198.html
R001307,青海大学附属医院,青海大学附属医院,青海省,Qinghai,西宁市,Xining,2020,2500,,https://zyrz.qhu.edu.cn/zyjj.htm
R001307,青海大学附属医院,青海大学附属医院,青海省,Qinghai,西宁市,Xining,2023,2499,,https://m-51test-net-bucket.bj.bcebos.com/show/10873399.html
R001308,青海省藏医院本部,青海省藏医院,青海省,Qinghai,西宁市,Xining,2023,530,,https://tibethosp.com/uploads/allimg/20241017/2-24101G64T0243.pdf
R001309,青海省第三人民医院,青海省第三人民医院,青海省,Qinghai,西宁市,Xining,1981,,open,https://www.qhssyy.cn
R001309,青海省第三人民医院,青海省第三人民医院,青海省,Qinghai,西宁市,Xining,2024,440,,https://www.qhssyy.cn/
R001310,青海省第五人民医院,青海省第五人民医院,青海省,Qinghai,西宁市,Xining,2019,1000,,https://qhzlyy.com/list/announce/1361.html
R001310,青海省第五人民医院,青海省第五人民医院,青海省,Qinghai,西宁市,Xining,2022,966,,https://www.qhzlyy.com/public/uploads/ueditor/file/20230721/1689931064574822.pdf
R001310,青海省第五人民医院,青海省第五人民医院,青海省,Qinghai,西宁市,Xining,2023,1000,,https://www.ggj.gov.cn/jn/tfiles/ENTYPATH/files/enty/EF20210121407844392024.pdf
R001311,青海省妇女儿童医院（东院区）,青海省妇女儿童医院,青海省,Qinghai,西宁市,Xining,2024,486,,https://www.qhdzzbfw.gov.cn/ggzy/jyxx/001001/001001001/20241108/9adf96b5-b3c2-4969-9416-5b8f1979f051.html
R001312,青海省妇幼保健院,青海省妇产医院,青海省,Qinghai,西宁市,Xining,2023,300,open,https://www.qh.chinanews.com.cn/sh/news/2023/0528/115555.html
R001312,青海省妇幼保健院,青海省妇产医院,青海省,Qinghai,西宁市,Xining,2024,300,,https://www.youlu.com/sydw/article/CAZK88626
R001313,青海红十字医院本部,青海红十字医院,青海省,Qinghai,西宁市,Xining,2022,1959,,https://www.qhrch.cn/gkslstz/3487.html
R001313,青海红十字医院本部,青海红十字医院,青海省,Qinghai,西宁市,Xining,2024,2000,,https://www.qhrch.cn/aboutus.html
R001314,青海省人民医院,青海省人民医院,青海省,Qinghai,西宁市,Xining,2014,1800,,https://www.youlai.cn/yyk/hospintro/4088/
R001314,青海省人民医院,青海省人民医院,青海省,Qinghai,西宁市,Xining,2023,2200,,https://www.qhsrmyy.cn/data/upload/ueditor/20241017/6710af2985dca.pdf
R001314,青海省人民医院,青海省人民医院,青海省,Qinghai,西宁市,Xining,2024,2200,,https://www.qhsrmyy.cn/data/upload/ueditor/20241017/6710af2985dca.pdf
R001315,青海省心脑血管病专科医院,青海省心脑血管病专科医院,青海省,Qinghai,西宁市,Xining,2025,650,,https://qhheart.cn/__local/E/A4/5E/78EDB48C2C74CBD629AA552BF85_CEDCC404_84B92.pdf
R001316,青海省中医院,青海省中医院,青海省,Qinghai,西宁市,Xining,2019,606,,https://www.sohu.com/a/302074327_473734
R001317,西宁市第二人民医院,西宁市第二人民医院,青海省,Qinghai,西宁市,Xining,2024,901,,https://www.youlai.cn/yyk/hospindex/2034/hospintro.html
R001318,西宁市第一人民医院,西宁市第一人民医院,青海省,Qinghai,西宁市,Xining,2014,1200,,https://m.bohe.cn/hospital/34232/
R001318,西宁市第一人民医院,西宁市第一人民医院,青海省,Qinghai,西宁市,Xining,2017,1200,,https://9453job.com/a/128152.html
R001320,滨州市人民医院东院区,滨州市人民医院,山东省,Shandong,滨州市,Binzhou,2024,1635,,https://www.bzrmyy.com.cn/html/jbgk/20241205/6416.html
R001322,滨州市中心医院,滨州市中心医院,山东省,Shandong,滨州市,Binzhou,2024,1250,,https://www.bzszxyy.com/front/article/findById.do?id=f9efc8c596da476799a4d0e5ff19ee9c
R001323,滨州市中医院,滨州市中医院,山东省,Shandong,滨州市,Binzhou,2022,821,,https://sd.sina.cn/binzhou/vientiane/2022-10-09/detail-imqmmthc0104399.d.html
R001323,滨州市中医院,滨州市中医院,山东省,Shandong,滨州市,Binzhou,2024,821,,http://binzhou.offcn.com/tag/350915.html
R001324,滨州医学院附属医院,滨州医学院附属医院,山东省,Shandong,滨州市,Binzhou,2024,2852,,https://beareyes.com.cn/2/lib/202411/20/20241120712.htm
R001325,邹平市中医院,邹平市中医院,山东省,Shandong,滨州市,Binzhou,2024,730,,https://3g.kq36.com/25/4625c336dddc4b10a2c6d640f9f307ad
R001327,德州市中医院,德州市中医院,山东省,Shandong,德州市,Dezhou,2021,498,,https://m.youlai.cn/sg/yyk/hospindex/950/
R001327,德州市中医院,德州市中医院,山东省,Shandong,德州市,Dezhou,2024,410,,https://jyzd.jnmc.edu.cn/2026/0705/c988a182721/pagem.htm
R001328,东营市人民医院,东营市人民医院,山东省,Shandong,东营市,Dongying,2021,1719,,https://docs.cn-healthcare.com/sharedoc/src_files/20210531/5efcf8b412184750879344c4a9ec93b9.pdf
R001329,胜利油田中心医院,胜利油田中心医院,山东省,Shandong,东营市,Dongying,2016,1564,,https://www.eoffcn.com/kszx/gonggao/213319.html
R001329,胜利油田中心医院,胜利油田中心医院,山东省,Shandong,东营市,Dongying,2022,2160,,http://jdjyw.jlu.edu.cn/portal/jyzp/recruit/details?id=bdde48767f8d47fe94a09a9219267b99
R001330,单县中心医院,单县中心医院,山东省,Shandong,菏泽市,Heze,2021,1600,,https://www.sdsxzxyy.cn/yyjj
R001331,菏泽市第三人民医院,菏泽市第三人民医院,山东省,Shandong,菏泽市,Heze,2018,800,,https://www.hz3y.com/website/1/1705063485219536896.html
R001332,菏泽市立医院,菏泽市立医院,山东省,Shandong,菏泽市,Heze,2016,1860,,https://y.dxy.cn/v2/hospital/1545/
R001333,菏泽市中医院,菏泽市中医院,山东省,Shandong,菏泽市,Heze,2024,1100,,https://www.youlai.cn/yyk/hospintro/2995/
R001335,济南市第四人民医院,济南市第四人民医院,山东省,Shandong,济南市,Jinan,2022,667,,https://sj.shuihuzhuti.com/show.php?classid=10&id=206
R001337,济南市口腔医院,济南市口腔医院,山东省,Shandong,济南市,Jinan,2015,50,,https://www.jinan.gov.cn/col120623/art/2018/art_120623_4979806.html
R001337,济南市口腔医院,济南市口腔医院,山东省,Shandong,济南市,Jinan,2021,50,,https://www.haodf.com/hospital/1302/jieshao.html
R001338,济南市人民医院,济南市人民医院,山东省,Shandong,济南市,Jinan,2023,1560,,https://sdxw.iqilu.com/share/YS0yMS0xNDcyNzUyMw%3D%3D.html
R001339,济南市章丘区第二人民医院,济南明水眼科医院,山东省,Shandong,济南市,Jinan,2024,160,,https://www.jneye.com.cn/PublicDetail/633
R001340,济南市章丘区中医医院,济南市章丘区中医医院,山东省,Shandong,济南市,Jinan,2014,400,,https://www.haodf.com/hospital/2588/jieshao.html
R001341,济南市中心医院,济南市中心医院,山东省,Shandong,济南市,Jinan,2014,1700,,https://sd.ifeng.com/special/jnzhongxinyiyuan/
R001341,济南市中心医院,济南市中心医院,山东省,Shandong,济南市,Jinan,2020,1700,,https://www.jinan.gov.cn/col120623/art/2018/art_120623_4979806.html
R001341,济南市中心医院,济南市中心医院,山东省,Shandong,济南市,Jinan,2022,2844,,https://m.jdh.com/hospital/disease/15010075745_80519
R001341,济南市中心医院,济南市中心医院,山东省,Shandong,济南市,Jinan,2024,3065,,https://m.sohu.com/a/779036905_121124540/?pvid=000115_3w_a
R001342,济南市中心医院(东院区),济南市中心医院,山东省,Shandong,济南市,Jinan,2021,,not_open,https://qsy.jinan.gov.cn/col/col10139/index.html?number=QSY510101
R001342,济南市中心医院(东院区),济南市中心医院,山东省,Shandong,济南市,Jinan,2022,653,,https://m.jdh.com/hospital/disease/15010075745_80519
R001342,济南市中心医院(东院区),济南市中心医院,山东省,Shandong,济南市,Jinan,2023,805,,https://m.sohu.com/a/779036905_121124540/?pvid=000115_3w_a
R001343,济南市中医医院东院区,济南市中医院,山东省,Shandong,济南市,Jinan,2024,290,,https://jnmhc.jinan.gov.cn/col99473/art/2025/art_99473_4821740.html
R001344,济南市中医医院共青团路院区,济南市中医院,山东省,Shandong,济南市,Jinan,2018,405,,https://www.jinan.gov.cn/col120623/art/2018/art_120623_4979806.html
R001345,莱芜市中医院,济南市中西医结合医院,山东省,Shandong,济南市,Jinan,2019,500,,https://s.dayi.org.cn/mip/s/hospital/1132575.html
R001346,山东大学第二医院,山东大学第二医院,山东省,Shandong,济南市,Jinan,2016,2600,,https://jdjyw.jlu.edu.cn/mportal/company/details?id=2905
R001346,山东大学第二医院,山东大学第二医院,山东省,Shandong,济南市,Jinan,2020,2600,,http://sd.offcn.com/html/2020/09/384599.html
R001346,山东大学第二医院,山东大学第二医院,山东省,Shandong,济南市,Jinan,2023,2431,,https://baijiahao.baidu.com/s?id=1775001373777434995
R001348,山东大学附属生殖医院,山东大学附属生殖医院,山东省,Shandong,济南市,Jinan,2020,16,,https://y.dxy.cn/hospital/184/
R001349,山东大学齐鲁儿童医院,山东大学齐鲁儿童医院,山东省,Shandong,济南市,Jinan,2021,1100,,https://zhuanti.e23.cn/html/jnetyy/gywm/
R001350,山东大学齐鲁医院,山东大学齐鲁医院,山东省,Shandong,济南市,Jinan,2020,3000,,https://www.qiluhospital.com/show-313-14668-1.html
R001350,山东大学齐鲁医院,山东大学齐鲁医院,山东省,Shandong,济南市,Jinan,2022,3000,,https://www.qiluhospital.com/uploadfile/2022/1122/20221122111544172.pdf
R001351,山东第一医科大学第一附属医院,山东第一医科大学第一附属医院,山东省,Shandong,济南市,Jinan,2021,2899,,https://jy.scu.edu.cn/index/index/employjobdetail.html?data=MDAwMDAwMDAwMJG6n3_Ed6imi4qQtLh6lt6Kk7bWyGHRp7ugzc-GnZ2skMx9ZMN4gtKLipCwxKF0lZC5sq-0gqJv
R001351,山东第一医科大学第一附属医院,山东第一医科大学第一附属医院,山东省,Shandong,济南市,Jinan,2023,3217,,https://zsbgs.sdmc.edu.cn/info/1013/1508.htm
R001354,山东省耳鼻喉医院,山东省第二人民医院（山东省耳鼻喉医院）,山东省,Shandong,济南市,Jinan,2021,1200,,https://m.thepaper.cn/newsDetail_forward_13454044
R001354,山东省耳鼻喉医院,山东省第二人民医院（山东省耳鼻喉医院）,山东省,Shandong,济南市,Jinan,2024,1329,,https://www.jobmd.cn/article/qtyzzx/10007720
R001355,山东省精神卫生中心,山东省精神卫生中心,山东省,Shandong,济南市,Jinan,2024,900,,https://www.9584u.com/
R001356,山东省口腔医院,山东省口腔医院,山东省,Shandong,济南市,Jinan,2018,65,,https://www.dent.sdu.edu.cn/info/1427/2303.htm
R001357,山东省立第三医院,山东省立第三医院,山东省,Shandong,济南市,Jinan,2023,1500,,https://www.dayi.org.cn/hospital/1134108.html
R001358,山东省立医院,山东第一医科大学附属省立医院（山东省立医院）,山东省,Shandong,济南市,Jinan,2024,5489,,https://bm.sdfmu.edu.cn/info/1156/11955.htm
R001360,山东省眼科医院,山东第一医科大学附属眼科医院（山东省眼科医院）,山东省,Shandong,济南市,Jinan,2022,178,,http://baike.sogou.com/v73317841.htm?fromTitle=%E5%B1%B1%E4%B8%9C%E7%9C%81%E7%9C%BC%E7%A7%91%E7%A0%94%E7%A9%B6%E6%89%80
R001362,山东省肿瘤医院,山东第一医科大学附属肿瘤医院（山东省肿瘤医院）,山东省,Shandong,济南市,Jinan,2024,1950,,https://www.career.zju.edu.cn/jyxt/sczp/zphgl/ckZphdwXq.zf?dwxxid=JG1197764&zphbh=225CD3D8DD87D3EDE0653A68DD0E9B18&zphsqbh=9d6d9a1baedc7103a90c8ee77ccb498b
R001363,山东中医药大学第二附属医院,山东中医药大学第二附属医院,山东省,Shandong,济南市,Jinan,2019,1168,,https://www.qdhhc.edu.cn/mb/4/p_detail.aspx?id=13398&wsId=38
R001363,山东中医药大学第二附属医院,山东中医药大学第二附属医院,山东省,Shandong,济南市,Jinan,2020,1168,,https://www.sdutcm.edu.cn/info/1005/9727.htm
R001363,山东中医药大学第二附属医院,山东中医药大学第二附属医院,山东省,Shandong,济南市,Jinan,2021,1168,,https://www.sdutcm.edu.cn/info/1005/11093.htm
R001363,山东中医药大学第二附属医院,山东中医药大学第二附属医院,山东省,Shandong,济南市,Jinan,2023,1728,,https://oss.zydey.com.cn/20230711/160735208.pdf
R001363,山东中医药大学第二附属医院,山东中医药大学第二附属医院,山东省,Shandong,济南市,Jinan,2024,1728,,https://career.kydev.net/recruitment/detail/71289
R001364,山东中医药大学附属眼科医院,山东中医药大学附属眼科医院,山东省,Shandong,济南市,Jinan,2017,200,,https://msoo.sdutcm.edu.cn/info/1022/1072.htm
R001365,山东中医药大学附属医院,山东中医药大学附属医院,山东省,Shandong,济南市,Jinan,2021,600,,https://docs.cn-healthcare.com/sharedoc/pdf_files/20210525/35328ff7fb944db78f3f4c8c0a23a476.pdf
R001368,济宁市第一人民医院,济宁市第一人民医院,山东省,Shandong,济宁市,Jining,2018,2100,,https://www.jnrmyy.com/uploads/soft/180704/%E9%AA%8C%E6%94%B6%E7%9B%91%E6%B5%8B%E8%A1%A8.pdf
R001369,济宁市第一人民医院(东院区),济宁市第一人民医院,山东省,Shandong,济宁市,Jining,2015,1200,open,https://www.jnrmyy.com/dongyuan/|https://www.jnrmyy.com/xinwen/2015/1023/775.html|https://www.jnrmyy.com/xinwen/2022/1031/7944.html
R001369,济宁市第一人民医院(东院区),济宁市第一人民医院,山东省,Shandong,济宁市,Jining,2016,1200,,https://www.jnrmyy.com/dyqdt/2015/1102/812.html
R001369,济宁市第一人民医院(东院区),济宁市第一人民医院,山东省,Shandong,济宁市,Jining,2022,1200,,https://www.jnrmyy.com/xinwen/2022/1031/7944.html
R001370,济宁市第一人民医院(西院区),济宁市第一人民医院,山东省,Shandong,济宁市,Jining,2018,1000,open,https://jicz.jining.gov.cn/module/download/downfile.jsp?classid=-1&filename=230314104800138499.pdf&showname=370100000_501.pdf|https://jnrmyy.com/xinwen/2018/0816/2854.html
R001370,济宁市第一人民医院(西院区),济宁市第一人民医院,山东省,Shandong,济宁市,Jining,2021,1000,,https://www.jnrmyy.com/wap/wap.php?action=article&id=6024|https://www.jnrmyy.com/xiyuan/
R001373,济宁医学院附属医院,济宁医学院附属医院,山东省,Shandong,济宁市,Jining,2018,3028,,https://www.yzp.cn/company/47748.html
R001374,山东省戴庄医院,山东省戴庄医院,山东省,Shandong,济宁市,Jining,2021,1600,,http://www.dayi.org.cn/hospital/1155852?from=sg
R001374,山东省戴庄医院,山东省戴庄医院,山东省,Shandong,济宁市,Jining,2024,1750,,https://www.zhzyw.com/zyxx/yydq/sd/17228132F494DKB288CF854.html
R001375,兖矿集团总医院,兖矿新里程总医院,山东省,Shandong,济宁市,Jining,2023,1100,,https://ditu.so.com/site/detail/7a2934e0759dfdf7
R001378,聊城市第二人民医院,聊城市第二人民医院,山东省,Shandong,聊城市,Liaocheng,2024,2100,,https://www.lceryuan.net/uploads/20240830/3649ab1d8eaf26fcb2d81105da893436.pdf
R001379,聊城市第四人民医院,聊城市第四人民医院,山东省,Shandong,聊城市,Liaocheng,2019,2100,,https://www.sohu.com/a/350519993_712078
R001380,聊城市人民医院,聊城市人民医院,山东省,Shandong,聊城市,Liaocheng,2019,2600,,http://www.lchospital.cn/shiyanjigou/2019-07-26/5564.html
R001380,聊城市人民医院,聊城市人民医院,山东省,Shandong,聊城市,Liaocheng,2024,3200,,https://baike.baidu.com/item/%E8%81%8A%E5%9F%8E%E5%B8%82%E4%BA%BA%E6%B0%91%E5%8C%BB%E9%99%A2/1611842
R001381,聊城市中医医院,聊城市中医医院,山东省,Shandong,聊城市,Liaocheng,2017,600,,http://dxy.com/hospital/18635
R001381,聊城市中医医院,聊城市中医医院,山东省,Shandong,聊城市,Liaocheng,2023,900,,http://m.sohu.com/a/674568530_100264930/?pvid=000115_3w_a
R001382,临沂市沂水中心医院,临沂市中心医院,山东省,Shandong,临沂市,Linyi,2016,2280,,https://shandong-chorography.org/database/cg5/section/13/article/143/
R001382,临沂市沂水中心医院,临沂市中心医院,山东省,Shandong,临沂市,Linyi,2017,2280,,https://wsjsw.linyi.gov.cn/info/1063/6217.htm
R001382,临沂市沂水中心医院,临沂市中心医院,山东省,Shandong,临沂市,Linyi,2019,2500,,https://lyszxyy.com.cn/Html/News/Articles/197.html
R001383,临沂市中医医院,临沂市中医医院,山东省,Shandong,临沂市,Linyi,2019,1400,,https://image.cntcm.com.cn/www/zhuanti/2019-06/24/content_62187.htm
R001383,临沂市中医医院,临沂市中医医院,山东省,Shandong,临沂市,Linyi,2022,1400,,https://www.linyi.gov.cn/info/9684/338393.htm
R001384,平邑县中医医院,平邑县中医医院,山东省,Shandong,临沂市,Linyi,2022,300,,http://www.pingyi.gov.cn/info/1397/126181.htm
R001386,山东省鲁南眼科医院,山东省鲁南眼科医院,山东省,Shandong,临沂市,Linyi,2022,120,,https://jyzd.jnmc.edu.cn/2022/0323/c988a129150/pagem.htm
R001389,青岛大学附属医院(崂山院区),青岛大学附属医院,山东省,Shandong,青岛市,Qingdao,2015,655,,https://www.qduh.cn/rencaizhaopin/10-rencaizhaopin/1418-2015
R001389,青岛大学附属医院(崂山院区),青岛大学附属医院,山东省,Shandong,青岛市,Qingdao,2016,663,,https://www.qduh.cn/gaikuang/laoshanyuanqu|https://www.qduh.cn/rencaizhaopin/10-rencaizhaopin/4254-2016
R001389,青岛大学附属医院(崂山院区),青岛大学附属医院,山东省,Shandong,青岛市,Qingdao,2018,1300,,https://fzgh.qdu.edu.cn/info/1022/1783.htm
R001390,青岛大学附属医院(平度院区),青岛大学附属医院,山东省,Shandong,青岛市,Qingdao,2020,900,open,https://www.qingdaonews.com/app/content/2020-11/24/content_22455758.htm
R001390,青岛大学附属医院(平度院区),青岛大学附属医院,山东省,Shandong,青岛市,Qingdao,2024,956,,https://www.qduh.cn/gaikuang/pdyuanqu
R001391,青岛大学附属医院(市南院区),青岛大学附属医院,山东省,Shandong,青岛市,Qingdao,2015,1400,,https://www.qduh.cn/rencaizhaopin/10-rencaizhaopin/1418-2015
R001391,青岛大学附属医院(市南院区),青岛大学附属医院,山东省,Shandong,青岛市,Qingdao,2016,1419,,https://www.qduh.cn/gaikuang/shinanyuanqu|https://www.qduh.cn/rencaizhaopin/10-rencaizhaopin/4254-2016
R001392,青岛大学附属医院(西海岸院区),青岛大学附属医院,山东省,Shandong,青岛市,Qingdao,2015,1254,,https://www.qduh.cn/rencaizhaopin/10-rencaizhaopin/1418-2015
R001392,青岛大学附属医院(西海岸院区),青岛大学附属医院,山东省,Shandong,青岛市,Qingdao,2016,1410,,https://www.qduh.cn/rencaizhaopin/10-rencaizhaopin/4254-2016|https://www.qduh.cn/xinwendongtai/10001-2016-01-25-08-50-03
R001392,青岛大学附属医院(西海岸院区),青岛大学附属医院,山东省,Shandong,青岛市,Qingdao,2018,1616,,https://www.mingyihui.net/hospital_4601.html
R001394,青岛市第七人民医院,青岛市精神卫生中心,山东省,Shandong,青岛市,Qingdao,2019,700,,https://www.qingdao.gov.cn/ywdt/zwzl/ggqsydwgk/wsjk_208049/yy/qdsjswszx/jcxx/jbgk/index.shtml
R001395,青岛市第五人民医院,山东青岛中西医结合医院（青岛市第五人民医院）,山东省,Shandong,青岛市,Qingdao,2017,420,,https://qingdaonews.com/content/2017-04/13/content_12004047.htm
R001395,青岛市第五人民医院,山东青岛中西医结合医院（青岛市第五人民医院）,山东省,Shandong,青岛市,Qingdao,2022,420,,https://news.qingdaonews.com/wap/2022-01/19/content_23054348.htm
R001396,青岛市即墨区中医院,青岛市即墨区中医院,山东省,Shandong,青岛市,Qingdao,2022,958,,http://sd.people.com.cn/n2/2022/1228/c386910-40246230.html
R001397,青岛市口腔医院,青岛市口腔医院,山东省,Shandong,青岛市,Qingdao,2022,50,,http://www.qingdao.gov.cn/zwgk/xxgk/wjw/gkml/czcw/202310/P020231009407786739627.pdf
R001397,青岛市口腔医院,青岛市口腔医院,山东省,Shandong,青岛市,Qingdao,2024,50,,https://www.qddent.com/admin/kindeditor/attached/file/20240306/20240306113149_2375.pdf
R001398,青岛市市立医院本部,青岛市市立医院,山东省,Shandong,青岛市,Qingdao,2020,1000,,https://mhos.51daifu.com/hos349/gba/935.shtml
R001399,青岛市市立医院东院,青岛市市立医院,山东省,Shandong,青岛市,Qingdao,2018,1750,,https://sd.dzwww.com/sdnews/201803/t20180319_17164311.htm
R001399,青岛市市立医院东院,青岛市市立医院,山东省,Shandong,青岛市,Qingdao,2020,1713,,https://www.yanke360.com/f7d24201-3e71-a01e-82f1-4f3583fd7d82/d9d93f78-6546-4391-9436-0e100b4c4fbb.shtml
R001400,青岛市中心医院,青岛市中心（肿瘤）医院,山东省,Shandong,青岛市,Qingdao,2023,1700,,https://epaper.guanhai.com.cn/conpaper/qdrb/h5/html5/2023-12/26/content_144597_171581.htm|https://epaper.qingdaonews.com/qdrb/html/2023-08/22/content_18547_8186252.htm
R001402,青岛西海岸新区中医医院,青岛西海岸新区中医医院,山东省,Shandong,青岛市,Qingdao,2019,678,,https://www.dayi.org.cn/hospital/1133324
R001403,山东大学齐鲁医院青岛院区,山东大学齐鲁医院,山东省,Shandong,青岛市,Qingdao,2021,1338,,https://www.jobmd.cn/article/jobs_hospital/327031
R001403,山东大学齐鲁医院青岛院区,山东大学齐鲁医院,山东省,Shandong,青岛市,Qingdao,2023,2442,,https://news.zhuyitai.com/23/1227/qkd7vz9hdjln9c.html|https://www.view.sdu.edu.cn/info/1003/2415.htm|https://www.view.sdu.edu.cn/info/1022/186949.htm
R001404,山东第一医科大学附属青岛眼科医院,山东第一医科大学附属青岛眼科医院,山东省,Shandong,青岛市,Qingdao,2016,200,,https://www.youlai.cn/yyk/hospindex/2916/hospintro.html
R001407,日照市人民医院,日照市人民医院,山东省,Shandong,日照市,Rizhao,2019,1600,,https://www.cndzys.com/hospitals/top10/15011_0_0
R001408,日照市中医院,日照市中医院,山东省,Shandong,日照市,Rizhao,2023,1300,,https://zsbgs.sdmc.edu.cn/info/1013/1504.htm
R001410,肥城市中医院,肥城市中医院,山东省,Shandong,泰安市,Taian,2020,550,,http://www.feicheng.gov.cn/module/download/downfile.jsp?classid=0&filename=7ece93f13bd14492b8675bb72e9ade02.pdf
R001411,山东第一医科大学第二附属医院,山东第一医科大学第二附属医院,山东省,Shandong,泰安市,Taian,2024,2062,,https://sah.sdfmu.edu.cn/yygk/yyjj.htm|https://wjw.taian.gov.cn/module/download/downfile.jsp?classid=0&filename=6a14c1a556e548eaa77d370cc9c6839f.pdf
R001415,泰安市中医院,泰安市中医院,山东省,Shandong,泰安市,Taian,2021,1214,,https://wjw.taian.gov.cn/module/download/downfile.jsp?classid=0&filename=6a14c1a556e548eaa77d370cc9c6839f.pdf|https://www.jobmd.cn/company/detail/7903822.htm
R001416,新泰市中医院,新泰市中医院,山东省,Shandong,泰安市,Taian,2017,646,,http://shandong.qcstudy.com/show-75-99859-1.html
R001416,新泰市中医院,新泰市中医院,山东省,Shandong,泰安市,Taian,2024,1080,,https://biyelunwen.yjbys.com/fanwen/yaoxue/293575.html
R001418,荣成市中医院,荣成市中医院,山东省,Shandong,威海市,Weihai,2024,750,,http://www.rongcheng.gov.cn/art/2024/10/8/art_63482_4935908.html
R001419,山东省文登整骨医院,山东省文登整骨医院,山东省,Shandong,威海市,Weihai,2024,1200,,https://hbucm.edu.cn/info/1044/50065.htm
R001421,威海市立第三医院,威海市立第三医院,山东省,Shandong,威海市,Weihai,2022,500,,https://www.ylzhaopin.com/news/54890.html
R001421,威海市立第三医院,威海市立第三医院,山东省,Shandong,威海市,Weihai,2025,575,,https://www.weihai.gov.cn/art/2025/6/5/art_74500_5549665.html
R001422,威海市中心医院,威海市中心医院,山东省,Shandong,威海市,Weihai,2017,1200,,https://www.youlai.cn/yyk/hospindex/971/hospintro.html
R001423,威海市中医院,威海市中医院,山东省,Shandong,威海市,Weihai,2018,600,,http://www.offcn.com/ylws/2018/0312/91649.html
R001423,威海市中医院,威海市中医院,山东省,Shandong,威海市,Weihai,2024,655,,https://www.yixue99.com/2024/0611/403861.html
R001425,潍坊市精神卫生中心,潍坊市精神卫生中心,山东省,Shandong,潍坊市,Weifang,2017,500,,https://wfjsws.com/news/137
R001425,潍坊市精神卫生中心,潍坊市精神卫生中心,山东省,Shandong,潍坊市,Weifang,2018,500,,https://wfjsws.com/news/137
R001426,潍坊市人民医院,潍坊市人民医院,山东省,Shandong,潍坊市,Weifang,2021,3592,,https://w.dzwww.com/p/9985656.html
R001427,潍坊市人民医院北辰院区,潍坊市人民医院,山东省,Shandong,潍坊市,Weifang,2023,1200,,https://www.wfph.cn/news/2093.html
R001428,潍坊市益都中心医院西院区,潍坊市益都中心医院,山东省,Shandong,潍坊市,Weifang,2014,1300,,http://www.yixue99.com/2014/0516/11492.html
R001429,潍坊市中医院,潍坊市中医院,山东省,Shandong,潍坊市,Weifang,2017,2326,,https://docs.cn-healthcare.com/sharedoc/pdf_files/20170606/d9c9ccfc97094d6c8929322d52fd8e7e.pdf
R001429,潍坊市中医院,潍坊市中医院,山东省,Shandong,潍坊市,Weifang,2021,2350,,https://csp.ncmi.cn/WebManage/StrokeRecognition/CzdtUUDetailWeb?type=&uid=03079
R001430,潍坊医学院附属医院,山东第二医科大学附属医院,山东省,Shandong,潍坊市,Weifang,2024,2190,,https://sd.lgwy.net/html/m/m_126905.html
R001432,诸城市中医院,诸城市中医院,山东省,Shandong,潍坊市,Weifang,2017,600,,https://s.dayi.org.cn/mip/s/hospital/1132322.html
R001433,滨州医学院烟台附属医院,滨州医学院烟台附属医院,山东省,Shandong,烟台市,Yantai,2024,1500,,https://s.dayi.org.cn/mip/s/hospital/1156139.html
R001435,蓬莱市中医医院,烟台市蓬莱中医医院,山东省,Shandong,烟台市,Yantai,2022,500,,https://www.ytsplzyyy.cn/Hospital_Profile/1.html
R001436,山东中医药大学附属烟台中医院,烟台市中医医院,山东省,Shandong,烟台市,Yantai,2019,650,,https://wjw.yantai.gov.cn/art/2019/12/2/art_5675_2564094.html
R001436,山东中医药大学附属烟台中医院,烟台市中医医院,山东省,Shandong,烟台市,Yantai,2023,650,,https://www.yantai.gov.cn/art/2023/8/1/art_99956_71481.html
R001437,烟台市口腔医院北院区,烟台市口腔医院,山东省,Shandong,烟台市,Yantai,2022,50,,https://m.offcn.com/ylws/2022/0210/260217.html
R001437,烟台市口腔医院北院区,烟台市口腔医院,山东省,Shandong,烟台市,Yantai,2023,60,,https://www.ytkq.com/kqyq.html
R001438,烟台市莱阳中心医院,烟台市莱阳中心医院,山东省,Shandong,烟台市,Yantai,2020,1110,,https://www.yantai.gov.cn/art/2020/12/31/art_43244_2967355.html
R001439,烟台市烟台山医院,烟台市烟台山医院,山东省,Shandong,烟台市,Yantai,2019,1300,,https://wjw.yantai.gov.cn/art/2019/12/2/art_5675_2564094.html
R001440,烟台毓璜顶医院,烟台毓璜顶医院,山东省,Shandong,烟台市,Yantai,2014,3000,,http://www.yixue99.com/2014/0723/15881.html
R001440,烟台毓璜顶医院,烟台毓璜顶医院,山东省,Shandong,烟台市,Yantai,2019,3000,,https://wjw.yantai.gov.cn/art/2019/12/2/art_5675_2564094.html
R001441,烟台毓璜顶医院(莱山院区),烟台毓璜顶医院,山东省,Shandong,烟台市,Yantai,2022,1000,,https://www.sdytyhdyy.cn/about/38.html|https://www.sdytyhdyy.cn/news/4849.html|https://www.sdytyhdyy.cn/news/4940.html
R001441,烟台毓璜顶医院(莱山院区),烟台毓璜顶医院,山东省,Shandong,烟台市,Yantai,2023,1000,,https://www.yantai.gov.cn/art/2023/8/1/art_99956_71481.html
R001443,北京中医药大学枣庄医院,北京中医药大学枣庄医院,山东省,Shandong,枣庄市,Zaozhuang,2014,500,,https://www.yingjiesheng.com/job-001-805-728.html
R001443,北京中医药大学枣庄医院,北京中医药大学枣庄医院,山东省,Shandong,枣庄市,Zaozhuang,2022,1000,,https://www.ylzhaopin.com/news/61204.html
R001444,滕州市中心人民医院,滕州市中心人民医院,山东省,Shandong,枣庄市,Zaozhuang,2017,2600,,https://docs.cn-healthcare.com/sharedoc/pdf_files/20170512/3371063933798400.pdf|https://www.sohu.com/a/196828534_456029
R001445,滕州市中医院,滕州市中医院,山东省,Shandong,枣庄市,Zaozhuang,2024,691,,https://jform2.baidu.com/s?f=1&rs_src=0&rsf=101634504&rsp=7&rsv_dl=brs_28338_8&rsv_pq=8af756600006ec5c&rsv_t=9e2d6YLSXq0s8qQTNKEtF1Fa%2BEshhwqS%2FiZfl%2FC74jAaAKKP3ERqy5nliWA&wd=%E6%BB%95%E5%B7%9E%E5%8D%9A%E4%BB%95%E7%94%B7%E7%A7%91%E5%8C%BB%E9%99%A2
R001446,枣庄矿业集团中心医院,山东国欣颐养集团枣庄中心医院,山东省,Shandong,枣庄市,Zaozhuang,2014,720,,https://www.babytree.com/community/hospital38025/category_12985.html
R001446,枣庄矿业集团中心医院,山东国欣颐养集团枣庄中心医院,山东省,Shandong,枣庄市,Zaozhuang,2019,1000,,https://www.99.com.cn/yiyuan/9.html
R001447,枣庄市立第二医院,枣庄市精神卫生中心（枣庄市立第二医院）,山东省,Shandong,枣庄市,Zaozhuang,2022,1000,,https://xqhz.sdzzvc.edu.cn/info/1091/1333.htm
R001447,枣庄市立第二医院,枣庄市精神卫生中心（枣庄市立第二医院）,山东省,Shandong,枣庄市,Zaozhuang,2024,2400,,https://www.yzp.cn/zhaopingonggao/113543.html
R001453,山东中医药大学第四附属医院,淄博市中医医院（山东中医药大学第四附属医院）,山东省,Shandong,淄博市,Zibo,2017,500,,https://www.zibo.gov.cn/gongkai/site_srmzfbgs/channel_shifubanwenjian/doc_5fe2f73337310395243dc964.html
R001455,淄博市第八人民医院,淄博市中西医结合医院,山东省,Shandong,淄博市,Zibo,2015,626,,https://yjsgl.zcmu.edu.cn/upload/2015/03/18/15031809129546.pdf
R001455,淄博市第八人民医院,淄博市中西医结合医院,山东省,Shandong,淄博市,Zibo,2017,1026,,https://ws.zibo.gov.cn/art/2017/1/26/art_1335_409350.html
R001457,淄博市第一医院,淄博市第一医院,山东省,Shandong,淄博市,Zibo,2021,1197,,https://www.haodf.com/hospital/1552/jieshao.html
R001461,淄博市中心医院(西院区),淄博市中心医院,山东省,Shandong,淄博市,Zibo,2019,1000,,https://www.cn-healthcare.com/article/20210907/content-559819.html
R001462,大同市第三人民医院,大同市第三人民医院,山西省,Shanxi,大同市,Datong,2016,1212,,https://www.med66.com/zhuyuanyishi/zh1612232746.shtml
R001462,大同市第三人民医院,大同市第三人民医院,山西省,Shanxi,大同市,Datong,2020,1212,,https://y.dxy.cn/hospital/945|https://www.ggj.gov.cn/jn/tfiles/ENTYPATH/files/enty/EF20201210518390850108.pdf
R001462,大同市第三人民医院,大同市第三人民医院,山西省,Shanxi,大同市,Datong,2021,1263,,https://www.sohu.com/a/476404066_121124534
R001462,大同市第三人民医院,大同市第三人民医院,山西省,Shanxi,大同市,Datong,2022,1161,,https://dtssyy.com/articles/1399-da-tong-shi-di-san-ren-min-yi-yuan-2022-nian-du-zhu-yuan-yi-shi-gui-fan-hua-pei-xun-xi-yi-zhao-sheng-jian-zhang
R001462,大同市第三人民医院,大同市第三人民医院,山西省,Shanxi,大同市,Datong,2023,1120,,https://medical.nankai.edu.cn/2023/1120/c6495a528779/page.htm|https://jy.bucm.edu.cn/front/zph.jspa?tid=110938
R001463,大同市第五人民医院,大同市第五人民医院,山西省,Shanxi,大同市,Datong,2014,1500,,https://www.yanke360.com/c69497db-24e8-349b-1b27-28b8bfc7ca7c/f342eed6-e44e-4d61-b459-bd8bcb7faee4.shtml
R001464,大同市第一人民医院,大同市第一人民医院,山西省,Shanxi,大同市,Datong,2020,668,,https://www.sxsyyxh.net/w/i/800/11364.html
R001465,国药同煤总医院,国药同煤总医院,山西省,Shanxi,大同市,Datong,2020,1380,,https://www.bohe.cn/hospital/34517/introduce/
R001467,晋城大医院,晋城大医院,山西省,Shanxi,晋城市,Jincheng,2022,1300,,https://hzrcjt.com/zhaopininfo/102.html
R001467,晋城大医院,晋城大医院,山西省,Shanxi,晋城市,Jincheng,2024,1220,,https://www.sxjcdyy.com/History/index.aspx
R001469,晋城市人民医院,晋城市人民医院,山西省,Shanxi,晋城市,Jincheng,2022,1300,,https://www.jcsrmyy.com/xwzx/yygg/202201/t20220101_1628842.shtml
R001470,晋中市第一人民医院,晋中市第一人民医院,山西省,Shanxi,晋中市,Jinzhong,2018,1500,,https://m.sohu.com/a/363729119_120214183/
R001470,晋中市第一人民医院,晋中市第一人民医院,山西省,Shanxi,晋中市,Jinzhong,2019,1500,,https://m.sohu.com/a/363729119_120214183/
R001471,山西省荣军精神康宁医院,山西省社会福利精神康宁医院,山西省,Shanxi,晋中市,Jinzhong,2020,300,,https://y.dxy.cn/hospital/1866
R001474,临汾市人民医院,临汾市人民医院,山西省,Shanxi,临汾市,Linfen,2014,1500,,https://www.lfsrmyy.cn/about/introduce/
R001474,临汾市人民医院,临汾市人民医院,山西省,Shanxi,临汾市,Linfen,2021,1800,,https://docs.cn-healthcare.com/sharedoc/pdf_files/20210413/88db8932e9754009981456fe46394dcc.pdf
R001475,临汾市中心医院,临汾市中心医院,山西省,Shanxi,临汾市,Linfen,2019,1660,,https://www.120.net/yiyuan/jieshao/l2cindxc47ivbon7.html
R001475,临汾市中心医院,临汾市中心医院,山西省,Shanxi,临汾市,Linfen,2023,2110,,https://www.youlai.cn/yyk/hospindex/1031/
R001476,吕梁市人民医院,吕梁市人民医院,山西省,Shanxi,吕梁市,Lüliang,2020,800,,https://www.sxsyyxh.net/m/i/809/11400.html
R001476,吕梁市人民医院,吕梁市人民医院,山西省,Shanxi,吕梁市,Lüliang,2022,800,,https://www.lvliang.gov.cn/llxxgk/zfxxgk/xxgkml/ggsydwxx_67083/wsjk_67085/202211/t20221114_1710322.html
R001477,吕梁市人民医院新院,吕梁市人民医院,山西省,Shanxi,吕梁市,Lüliang,2023,1700,open,https://www.lvliang.gov.cn/llxxgk/zfxxgk/xxgkml/ggsydwxx_67083/wsjk_67085/202211/t20221114_1710322.html|https://www.lvliang.gov.cn/llxxgk/zfxxgk/xxgkml/zjxx_21583/bmczyshsgjf/2023czjs/202505/P020250530405518560456.pdf
R001478,山西省汾阳医院,山西省汾阳医院,山西省,Shanxi,吕梁市,Lüliang,2020,1155,,https://www.sxsyyxh.net/m/i/809/11401.html
R001478,山西省汾阳医院,山西省汾阳医院,山西省,Shanxi,吕梁市,Lüliang,2022,1155,,https://www.lvliang.gov.cn/llxxgk/zfxxgk/xxgkml/ggsydwxx_67083/wsjk_67085/202211/t20221121_1712986.html
R001479,山西白求恩医院(山西医学科学院),山西白求恩医院,山西省,Shanxi,太原市,Taiyuan,2022,3200,,https://wsm.whu.edu.cn/info/1035/18520.htm
R001480,山西省第二人民医院,山西省第二人民医院,山西省,Shanxi,太原市,Taiyuan,2021,350,,https://www.sxsey.cn/home/index/news2/newsclass_id/1/news_id/2.html
R001481,山西省儿童医院,山西省儿童医院,山西省,Shanxi,太原市,Taiyuan,2015,800,,https://wjw.shanxi.gov.cn/tzgg/sjzcwj/202203/t20220309_5269193.shtml
R001481,山西省儿童医院,山西省儿童医院,山西省,Shanxi,太原市,Taiyuan,2016,800,,https://wjw.shanxi.gov.cn/tzgg/sjzcwj/202203/t20220309_5269193.shtml
R001482,山西省人民医院,山西省人民医院,山西省,Shanxi,太原市,Taiyuan,2020,2121,,https://www.sxsyyxh.net/Html/yiyuanzhanshi/2021/1013/510.html
R001483,山西省人民医院(和平院区),山西省人民医院,山西省,Shanxi,太原市,Taiyuan,2023,1000,,https://www.cn-healthcare.com/article/20230627/content-579696.html
R001483,山西省人民医院(和平院区),山西省人民医院,山西省,Shanxi,太原市,Taiyuan,2024,1000,,https://www.sxsrmyy.com/ss/tindex.asp?id=10963
R001484,山西省太原精神病医院,太原市精神病医院,山西省,Shanxi,太原市,Taiyuan,2022,625,,https://www.51test.net/show/10714929.html
R001485,山西省心血管病医院,山西省心血管病医院,山西省,Shanxi,太原市,Taiyuan,2020,1000,,https://yxy.sxdtdx.edu.cn/news-show-1000.html
R001486,山西省眼科医院,山西省眼科医院,山西省,Shanxi,太原市,Taiyuan,2017,300,,https://y.dxy.cn/hospital/499/
R001486,山西省眼科医院,山西省眼科医院,山西省,Shanxi,太原市,Taiyuan,2020,300,,https://www.chinaasa.org/nd.jsp?id=108
R001488,山西省中医院,山西省中医院,山西省,Shanxi,太原市,Taiyuan,2022,958,,https://y.dxy.cn/hospital/1597
R001489,山西省肿瘤医院,山西省肿瘤医院,山西省,Shanxi,太原市,Taiyuan,2015,2000,,https://wjw.shanxi.gov.cn/tzgg/sjzcwj/202203/t20220309_5269193.shtml
R001489,山西省肿瘤医院,山西省肿瘤医院,山西省,Shanxi,太原市,Taiyuan,2016,2000,,https://wjw.shanxi.gov.cn/tzgg/sjzcwj/202203/t20220309_5269193.shtml
R001490,山西医科大学第二医院,山西医科大学第二医院,山西省,Shanxi,太原市,Taiyuan,2015,1600,,https://wjw.shanxi.gov.cn/tzgg/sjzcwj/202203/t20220309_5269193.shtml
R001490,山西医科大学第二医院,山西医科大学第二医院,山西省,Shanxi,太原市,Taiyuan,2016,1600,,https://wjw.shanxi.gov.cn/tzgg/sjzcwj/202203/t20220309_5269193.shtml
R001491,山西医科大学第二医院(西院区),山西医科大学第二医院,山西省,Shanxi,太原市,Taiyuan,2015,200,,https://wjw.shanxi.gov.cn/tzgg/sjzcwj/202203/t20220309_5269193.shtml
R001491,山西医科大学第二医院(西院区),山西医科大学第二医院,山西省,Shanxi,太原市,Taiyuan,2017,300,,https://www.hebcj.cn/hl/info/1099/2650.htm
R001492,山西医科大学第一医院,山西医科大学第一医院,山西省,Shanxi,太原市,Taiyuan,2021,2419,,https://y.dxy.cn/hospital/955
R001493,山西医科大学附属太钢总医院,太原钢铁（集团）有限公司总医院,山西省,Shanxi,太原市,Taiyuan,2018,1800,,https://sx.cri.cn/20180105/35ad8c99-c291-2e35-376a-dd7aa3f1c7c4.html
R001494,山西中医学院第三中医院,山西省针灸医院,山西省,Shanxi,太原市,Taiyuan,2014,260,,https://wedoctor.com/hospital/introduction/11ecfe74-4f37-4d1d-9512-8bd6d5aca40a000
R001495,山西中医药大学附属医院,山西中医药大学附属医院,山西省,Shanxi,太原市,Taiyuan,2023,900,,https://news.sxtcm.edu.cn/info/1015/16937.htm
R001496,太原市第三人民医院,太原市第三人民医院,山西省,Shanxi,太原市,Taiyuan,2022,450,,https://www.ylzhaopin.com/news/59372.html
R001499,太原市中心医院,太原市中心医院,山西省,Shanxi,太原市,Taiyuan,2014,1234,,https://sj.ruizhipak.com/show.php?classid=22&id=8095|https://yyk.jianke.com/1082773
R001499,太原市中心医院,太原市中心医院,山西省,Shanxi,太原市,Taiyuan,2020,1076,,https://www.eoffcn.com/kszx/gonggao/1049164.html
R001499,太原市中心医院,太原市中心医院,山西省,Shanxi,太原市,Taiyuan,2022,1076,,https://www.sx.chinanews.com.cn/news/2022/0530/209242.html
R001502,忻州市人民医院,忻州市人民医院,山西省,Shanxi,忻州市,Xinzhou,2020,750,,https://www.sxsyyxh.net/m/i/807/11393.html
R001502,忻州市人民医院,忻州市人民医院,山西省,Shanxi,忻州市,Xinzhou,2022,750,,http://wenwen.sogou.com/z/q824048043.htm
R001502,忻州市人民医院,忻州市人民医院,山西省,Shanxi,忻州市,Xinzhou,2024,1100,,https://www.51shuobo.com/comp/1566797
R001504,阳泉市第一人民医院,阳泉市第一人民医院,山西省,Shanxi,阳泉市,Yangquan,2014,1000,,https://y.dxy.cn/hospital/1477/
R001504,阳泉市第一人民医院,阳泉市第一人民医院,山西省,Shanxi,阳泉市,Yangquan,2016,1000,,https://m.dxy.com/hospital/15355
R001504,阳泉市第一人民医院,阳泉市第一人民医院,山西省,Shanxi,阳泉市,Yangquan,2020,1000,,https://www.ggj.gov.cn/jn/tfiles/ENTYPATH/files/enty/EF20201210334310470887.pdf
R001504,阳泉市第一人民医院,阳泉市第一人民医院,山西省,Shanxi,阳泉市,Yangquan,2024,1000,,https://yqsdyrmyy.com/bucket/1767835002.pdf
R001506,运城市中心医院(东院),运城市中心医院,山西省,Shanxi,运城市,Yuncheng,2014,1500,,http://mp.weixin.qq.com/s?__biz=MzA3MzgwNTIxNQ==&mid=202251480&idx=1&sn=9a06055c630b4c1154ef6125b75e0311&chksm=1763b5d95142917443b4d2cbe34f4fb2e97451025542b84f27603cab3be84fe5f18e4b279853#rd
R001506,运城市中心医院(东院),运城市中心医院,山西省,Shanxi,运城市,Yuncheng,2020,1975,,https://www.yuncheng.gov.cn/doc/2020/07/17/115400.shtml
R001506,运城市中心医院(东院),运城市中心医院,山西省,Shanxi,运城市,Yuncheng,2023,1975,,https://www.ycch.cn/
R001508,运城市中医院,运城市中医医院,山西省,Shanxi,运城市,Yuncheng,2022,400,,https://sx.huatu.com/2022/0401/1102039.html
R001509,潞安矿业(集团)总医院,北大医疗潞安医院,山西省,Shanxi,长治市,Changzhi,2024,873,,https://jdjyw.jlu.edu.cn/portal/jyzp/recruit/details?id=2c7751b1a5a949cfb265e59feaf9d52c
R001510,长治市第二人民医院,长治市第二人民医院,山西省,Shanxi,长治市,Changzhi,2022,1000,,https://changzhi.gov.cn/xxgkml/zfxxgkml/szfgzbm/swshjhsywyh/czsrmzf/LZFXFKT/CZSDERMYY/202206/t20220608_2564486.shtml
R001512,长治市人民医院,长治市人民医院,山西省,Shanxi,长治市,Changzhi,2018,1050,,https://csp.ncmi.cn/WebManage/StrokeRecognition/CzdtUUDetailWeb?type=&uid=03104
R001513,长治市中医研究所附属医院,长治市中医研究所附属医院,山西省,Shanxi,长治市,Changzhi,2023,500,,https://www.czszyyjsfsyy.cn/index.php?p=news_show&id=1056&c_id=9&lanmu=13
R001514,长治市中医院,长治市中医院,山西省,Shanxi,长治市,Changzhi,2023,530,,https://rsj.changzhi.gov.cn/zwxx/rsjtzgg/202306/t20230606_2757752.html
R001515,长治医学院附属和济医院,长治医学院附属和济医院,山西省,Shanxi,长治市,Changzhi,2016,556,,https://y.dxy.cn/hospital/889
R001515,长治医学院附属和济医院,长治医学院附属和济医院,山西省,Shanxi,长治市,Changzhi,2020,750,,https://591yz.com/company/detail-48609
R001516,长治医学院附属和平医院,长治医学院附属和平医院,山西省,Shanxi,长治市,Changzhi,2020,1800,,https://docs.cn-healthcare.com/sharedoc/src_files/20200816/0cb34887a2bb4930aea3e2a13d70c84b.pdf
R001517,安康市中心医院,安康市中心医院,陕西省,Shaanxi,安康市,Ankang,2019,1390,,https://hbj.ankang.gov.cn/UploadFiles/file/20190515/20190515174240_2879.pdf
R001520,宝鸡市人民医院,宝鸡市人民医院,陕西省,Shaanxi,宝鸡市,Baoji,2023,1035,,https://www.bjsrmyy.com/hospital/index.html
R001521,宝鸡市中心医院,宝鸡市中心医院,陕西省,Shaanxi,宝鸡市,Baoji,2015,1600,,https://v.huatu.com/news/20151112/168166.html
R001522,宝鸡市中医医院,宝鸡市中医医院,陕西省,Shaanxi,宝鸡市,Baoji,2022,1500,,https://9453job.com/a/208863.html
R001525,汉中市中心医院,汉中市中心医院,陕西省,Shaanxi,汉中市,Hanzhong,2020,1900,,https://mhos.51daifu.com/hos1971/gba/1347.shtml
R001526,通用技术医疗三二〇一医院,汉中三二〇一医院,陕西省,Shaanxi,汉中市,Hanzhong,2023,1500,,https://sthjt.shaanxi.gov.cn/sy/gs/202309/P020241011616133687226.pdf
R001527,商洛市中心医院新院区,商洛市中心医院,陕西省,Shaanxi,商洛市,Shangluo,2022,1800,open,https://www.shangluo.gov.cn/_mediafile/hjj/ueditor/file/20231120/1700471294366654.pdf|https://www.chinagwy.org/html/gdzk/sx/202303/85_569851.html
R001529,北京中医药大学孙思邈医院,北京中医药大学孙思邈医院,陕西省,Shaanxi,铜川市,Tongchuan,2023,554,,https://baokao.offcn.com/ggcx/gg/190668.html
R001530,铜川矿务局中心医院,铜川矿务局中心医院,陕西省,Shaanxi,铜川市,Tongchuan,2019,1030,,https://msa.yixue99.com/2019/0318/9386.html
R001530,铜川矿务局中心医院,铜川矿务局中心医院,陕西省,Shaanxi,铜川市,Tongchuan,2023,835,,https://www.hulilhh.com/ueditor/php/upload/file/20241018/1729218882483852.pdf
R001531,铜川市人民医院,铜川市人民医院,陕西省,Shaanxi,铜川市,Tongchuan,2019,1200,,http://www.tcsrmyy.com.cn/Html/News/Articles/4363.html
R001532,铜川市人民医院(南院),铜川市人民医院,陕西省,Shaanxi,铜川市,Tongchuan,2024,776,,https://3g.kq36.com/25/210520
R001534,渭南市中心医院,渭南市中心医院,陕西省,Shaanxi,渭南市,Weinan,2024,1650,,https://m.huatu.com/ylws/yldw_zkxx/20241014/2783910.html
R001538,陕西省第三人民医院,陕西省肿瘤医院,陕西省,Shaanxi,西安市,Xi'an,2020,1000,,https://sthjt.shaanxi.gov.cn/sy/gs/202012/P020241011606814368735.pdf
R001540,陕西省康复医院,陕西省康复医院,陕西省,Shaanxi,西安市,Xi'an,2021,1000,,https://czt.shaanxi.gov.cn/xxgk/zdgk/zdly/snyjsgkpt/bmssdwyjs/bmssdwjsml2021/202309/P020250220337919103287.pdf
R001542,陕西省人民医院,陕西省人民医院,陕西省,Shaanxi,西安市,Xi'an,2024,3000,,https://www.spph-sx.com/info/1072/46963.htm
R001543,陕西省中医药研究院,陕西省中医医院,陕西省,Shaanxi,西安市,Xi'an,2018,1015,,https://y.dxy.cn/hospital/1280
R001546,西安大兴医院,西安大兴医院,陕西省,Shaanxi,西安市,Xi'an,2024,1560,,https://xa.bendibao.com/job/202494/132671.shtm
R001547,西安高新医院,西安高新医院,陕西省,Shaanxi,西安市,Xi'an,2021,1500,,https://stock.stockstar.com/RB2022052300000959.shtml
R001547,西安高新医院,西安高新医院,陕西省,Shaanxi,西安市,Xi'an,2022,1500,,https://www.cn-healthcare.com/articlewm/20220416/content-1339464.html
R001547,西安高新医院,西安高新医院,陕西省,Shaanxi,西安市,Xi'an,2023,1500,,https://www.hulilhh.com/ueditor/php/upload/file/20241018/1729218882483852.pdf
R001549,西安交通大学附属儿童医院,西安市儿童医院,陕西省,Shaanxi,西安市,Xi'an,2020,1500,,https://www.xachyy.com/info/1467/8310.htm
R001549,西安交通大学附属儿童医院,西安市儿童医院,陕西省,Shaanxi,西安市,Xi'an,2024,1850,,https://www.xachyy.com/info/1689/12689.htm
R001550,西安交通大学医学院第二附属医院,西安交通大学第二附属医院,陕西省,Shaanxi,西安市,Xi'an,2018,1725,,https://www.med.xjtu.edu.cn/info/1148/9151.htm
R001552,西安市红会医院南院区,西安市红会医院,陕西省,Shaanxi,西安市,Xi'an,2024,1256,,https://www.ccgp-shaanxi.gov.cn/gpx-bid-file/ZF_JGBM_000003/zone/2025/1/12/project/gpx-template/8a69c1509455608b01945deeca1b466a.pdf?accessCode=f116a09b3471513b6722c2c1c9af88e0
R001553,西安交通大学医学院附属口腔医院,西安交通大学口腔医院,陕西省,Shaanxi,西安市,Xi'an,2024,100,,https://www.xjtu.edu.cn/new_yxb_xynr.jsp?urltype=tree.TreeTempUrl&wbtreeid=1766
R001555,西安市第八医院,西安市第八医院,陕西省,Shaanxi,西安市,Xi'an,2022,544,,https://www.hospitala.com/yiyuanyisheng/2022-06-02/516.html
R001555,西安市第八医院,西安市第八医院,陕西省,Shaanxi,西安市,Xi'an,2024,650,,https://www.xa8yuan.com/default/detaile/24090614vy94r
R001556,西安市第七医院,西安市胸科医院,陕西省,Shaanxi,西安市,Xi'an,2015,680,,https://m.baike.com/wikiid/7266648424375861309
R001556,西安市第七医院,西安市胸科医院,陕西省,Shaanxi,西安市,Xi'an,2021,1000,,https://rank.cn-healthcare.com/fudan/region-specialty-reputation/year/2021/rid/6/sid/43
R001556,西安市第七医院,西安市胸科医院,陕西省,Shaanxi,西安市,Xi'an,2022,1100,,https://m.baike.com/wikiid/7266648424375861309
R001556,西安市第七医院,西安市胸科医院,陕西省,Shaanxi,西安市,Xi'an,2023,1100,,https://www.szxyjhxh.cn/contents/2639/917.html
R001557,西安市第三医院,西安市第三医院,陕西省,Shaanxi,西安市,Xi'an,2023,2000,,https://xawjw.xa.gov.cn/gzdt/wjyw/650ad477f8fd1c1a70395adc.html
R001558,西安市第四医院大差市院区,西安市人民医院（西安市第四医院）,陕西省,Shaanxi,西安市,Xi'an,2018,800,,https://www.youlai.cn/yyk/hospindex/3886/hospintro.html
R001559,西安市第五医院,西安市第五医院,陕西省,Shaanxi,西安市,Xi'an,2024,739,,https://www.xadwyy.com/info/1117/7935.htm
R001560,西安市第一医院,西安市第一医院,陕西省,Shaanxi,西安市,Xi'an,2024,777,,https://www.yiyuanzhaopin.com/info/7554
R001561,西安市第一医院(高新院区),西安市第一医院,陕西省,Shaanxi,西安市,Xi'an,2023,1500,,https://www.xadyyy.com/upload/file/20260320/20260320155058_4960.pdf
R001562,西安市儿童医院(经开院区),西安市儿童医院,陕西省,Shaanxi,西安市,Xi'an,2023,1000,,https://www.xachyy.com/info/1669/12512.htm
R001563,西安市中心医院,西安市中心医院,陕西省,Shaanxi,西安市,Xi'an,2014,1000,,https://y.dxy.cn/hospital/151
R001563,西安市中心医院,西安市中心医院,陕西省,Shaanxi,西安市,Xi'an,2016,1000,,https://www.xaszxyy.com.cn/1/5/list.aspx
R001563,西安市中心医院,西安市中心医院,陕西省,Shaanxi,西安市,Xi'an,2018,1000,,https://www.governbond.org.cn/uploadFiles/crawler_t_src_bond_doc/%E9%99%95%E8%A5%BF%E7%9C%812019%E5%B9%B4%E5%85%AC%E7%AB%8B%E5%8C%BB%E9%99%A2%E5%BB%BA%E8%AE%BE%E4%B8%93%E9%A1%B9%E5%80%BA%E5%88%B8--%E8%A5%BF%E5%AE%89%E5%B8%82%E4%B8%AD%E5%BF%83%E5%8C%BB%E9%99%A2%E7%B3%96%E5%9D%8A%E8%A1%97%E9%99%A2%E5%8C%BA%E8%A3%85%E4%BF%AE%E6%94%B9%E9%80%A0%E5%8F%8A%E8%AE%BE%E5%A4%87%E8%B4%AD%E7%BD%AE%E9%A1%B9%E7%9B%AE%E5%AE%9E%E6%96%BD%E6%96%B9%E6%A1%88.pdf
R001563,西安市中心医院,西安市中心医院,陕西省,Shaanxi,西安市,Xi'an,2020,1000,,https://health.hsw.cn/system/2020/0721/77565.shtml
R001564,西安医学院第二附属医院,西安医学院第二附属医院,陕西省,Shaanxi,西安市,Xi'an,2023,1170,,https://www.xy2fy.com.cn/info/1640/6333.htm
R001565,西安医学院附属医院,西安医学院第一附属医院,陕西省,Shaanxi,西安市,Xi'an,2021,600,,https://sxwjw.shaanxi.gov.cn/zfxxgk/fdzdgknr/ysjs/202209/P020230711309038911133.pdf
R001565,西安医学院附属医院,西安医学院第一附属医院,陕西省,Shaanxi,西安市,Xi'an,2023,1200,,https://sxwjw.shaanxi.gov.cn/zfxxgk/fdzdgknr/ysjs/202302/P020230707844237574212.pdf
R001566,西安中医脑病医院,西安中医脑病医院,陕西省,Shaanxi,西安市,Xi'an,2017,800,,https://www.xiyi.edu.cn/info/1024/8963.htm
R001566,西安中医脑病医院,西安中医脑病医院,陕西省,Shaanxi,西安市,Xi'an,2024,1200,,http://www.offcn.com/ylws/2024/0730/343175.html|https://www.nb120.com/public/m/list.php?tid=2
R001568,西电集团医院,西电集团医院,陕西省,Shaanxi,西安市,Xi'an,2018,900,,https://www.umcare.cn/c/2018-12-20/692323.shtml
R001568,西电集团医院,西电集团医院,陕西省,Shaanxi,西安市,Xi'an,2023,1300,,https://m.huatu.com/ylws/yldw_zkxx/20230913/2685700.html
R001568,西电集团医院,西电集团医院,陕西省,Shaanxi,西安市,Xi'an,2024,1300,,https://www.sydw8.com/2024/0424/501408.html
R001569,长安医院,长安医院,陕西省,Shaanxi,西安市,Xi'an,2021,1030,,https://www.gccrcw.com/region/shanx/sanxws/202101/0852528.html
R001569,长安医院,长安医院,陕西省,Shaanxi,西安市,Xi'an,2022,1000,,https://www.ylzhaopin.com/news/56554.html
R001572,陕西省核工业二一五医院,陕西省核工业二一五医院,陕西省,Shaanxi,咸阳市,Xianyang,2022,1550,,https://www.xy215.com/info/1181/18521.htm
R001572,陕西省核工业二一五医院,陕西省核工业二一五医院,陕西省,Shaanxi,咸阳市,Xianyang,2024,1356,,https://www.xy215.com/info/1181/18551.htm
R001573,陕西省人民医院(西咸院区),陕西省人民医院,陕西省,Shaanxi,西安市,Xi'an,2023,578,,https://xixian.xiancity.cn/system/2023/01/04/031009662.shtml
R001575,陕西中医学院附属医院(西咸院区),陕西中医药大学第二附属医院,陕西省,Shaanxi,咸阳市,Xianyang,2022,1500,,https://www.zyhos.cn/info/1591/96421.htm
R001576,陕西中医药大学第二附属医院秦都院区,陕西中医药大学第二附属医院,陕西省,Shaanxi,咸阳市,Xianyang,2018,696,,https://jdjyw.jlu.edu.cn/mportal/recruit/details?id=26682|https://www.zyhos.cn/info/1591/98111.htm
R001576,陕西中医药大学第二附属医院秦都院区,陕西中医药大学第二附属医院,陕西省,Shaanxi,咸阳市,Xianyang,2020,696,,https://sn.huatu.com/2020/0114/1004301.html
R001577,陕西中医药大学附属医院,陕西中医药大学附属医院,陕西省,Shaanxi,咸阳市,Xianyang,2015,1800,,https://zjjt.xypi.edu.cn/info/3331/42826.htm
R001577,陕西中医药大学附属医院,陕西中医药大学附属医院,陕西省,Shaanxi,咸阳市,Xianyang,2017,1800,,https://szb.snkjb.com/sxkjb/20171110/html/page_07_content_001.htm|https://jktv.net.cn/html/2017/bfmy_1120/32827.html
R001577,陕西中医药大学附属医院,陕西中医药大学附属医院,陕西省,Shaanxi,咸阳市,Xianyang,2021,1800,,https://m.vtijian.com/news/detail_6595.html
R001577,陕西中医药大学附属医院,陕西中医药大学附属医院,陕西省,Shaanxi,咸阳市,Xianyang,2023,1800,,https://szxyjhxh.cn/contents/2639/947.html
R001577,陕西中医药大学附属医院,陕西中医药大学附属医院,陕西省,Shaanxi,咸阳市,Xianyang,2024,2200,,https://www.haodf.com/hospital/803/jieshao.html
R001578,咸阳市第一人民医院,咸阳市第一人民医院,陕西省,Shaanxi,咸阳市,Xianyang,2019,1500,,https://www.xyyy999.com/html/xwzx/tzgg/599947854204997.html
R001579,咸阳市中心医院,咸阳市中心医院,陕西省,Shaanxi,咸阳市,Xianyang,2019,1600,,https://www2.xzmu.edu.cn/lcjx/getcontent?id=54120&url=show
R001579,咸阳市中心医院,咸阳市中心医院,陕西省,Shaanxi,咸阳市,Xianyang,2021,1600,,https://faxing.jkb.com.cn/home/index/download.html?goods=7&item=800953&name=jkb&page=1388171093
R001579,咸阳市中心医院,咸阳市中心医院,陕西省,Shaanxi,咸阳市,Xianyang,2023,1600,,https://www.hulilhh.com/ueditor/php/upload/file/20241018/1729218882483852.pdf
R001580,延安大学咸阳医院,延安大学咸阳医院,陕西省,Shaanxi,咸阳市,Xianyang,2018,2400,,https://www.sohu.com/a/273405482_331432
R001581,延安大学附属医院,延安大学附属医院,陕西省,Shaanxi,延安市,Yanan,2013,1800,,https://ch.shmu.edu.cn/main/news/content/id/492/pid/18373.html
R001581,延安大学附属医院,延安大学附属医院,陕西省,Shaanxi,延安市,Yanan,2017,1800,,https://www.shaanxi.gov.cn/zfxxgk/zfgb/2017_3991/d4q_3995/201703/P020200927404799098639.pdf
R001581,延安大学附属医院,延安大学附属医院,陕西省,Shaanxi,延安市,Yanan,2022,1800,,https://sthjt.shaanxi.gov.cn/sy/gs/202208/P020241011608930341714.pdf
R001581,延安大学附属医院,延安大学附属医院,陕西省,Shaanxi,延安市,Yanan,2025,1800,,https://sthjt.shaanxi.gov.cn/sy/gs/202505/P020250512400677942788.pdf
R001582,延安市人民医院,延安市人民医院,陕西省,Shaanxi,延安市,Yanan,2022,1162,,http://ylws.huatu.com/yldw_zkxx/20221116/2590074.html
R001582,延安市人民医院,延安市人民医院,陕西省,Shaanxi,延安市,Yanan,2024,1162,,https://www.xixinews.com/m/view.php?aid=45059
R001586,榆林市中医医院,榆林市中医医院,陕西省,Shaanxi,榆林市,Yulin,2022,900,,https://yyk.fh21.com.cn/hospital_2229.html
R001586,榆林市中医医院,榆林市中医医院,陕西省,Shaanxi,榆林市,Yulin,2024,1066,,https://www.toutiao.com/article/7454255716895818278/
R001587,复旦大学附属儿科医院（万源路院区）,复旦大学附属儿科医院,上海市,Shanghai,上海市,Shanghai,2016,689,,https://www.med66.com/zhuyuanyishi/yc1612235364.shtml|https://ch.shmu.edu.cn/main/news/content/id/492/pid/17835.html
R001589,华东医院（本部）,华东医院,上海市,Shanghai,上海市,Shanghai,2018,1283,,https://www.shanghai.gov.cn/cmsres/45/45876a4d6fb34594a2c3aff585f92877/1f53e6ef117ad2dc312dedb3751a78e4.pdf
R001589,华东医院（本部）,华东医院,上海市,Shanghai,上海市,Shanghai,2020,1300,,https://sghexport.shobserver.com/html/baijiahao/2020/12/23/319608.html
R001590,复旦大学附属华山医院（总院）,复旦大学附属华山医院,上海市,Shanghai,上海市,Shanghai,2014,1326,,https://zyy.yilianmeiti.com/1430/
R001590,复旦大学附属华山医院（总院）,复旦大学附属华山医院,上海市,Shanghai,上海市,Shanghai,2019,1326,,https://wedic.guahao.com/word/62697
R001591,复旦大学附属华山医院（宝山院区）,复旦大学附属华山医院,上海市,Shanghai,上海市,Shanghai,2019,600,,https://www.shanghai.gov.cn/cmsres/f4/f499b797121e4fb8a7e3bc2b32084d5e/2ea427de66508651b49d6e6fd8cb7081.pdf
R001591,复旦大学附属华山医院（宝山院区）,复旦大学附属华山医院,上海市,Shanghai,上海市,Shanghai,2022,600,,https://wenhui.whb.cn/third/jinri/202201/26/445977.html
R001592,复旦大学附属华山医院（虹桥院区）,复旦大学附属华山医院,上海市,Shanghai,上海市,Shanghai,2018,800,,https://www.huashan.org.cn/about/
R001592,复旦大学附属华山医院（虹桥院区）,复旦大学附属华山医院,上海市,Shanghai,上海市,Shanghai,2020,800,,https://www.shhqcbd.gov.cn/yshj/jyyl/487532386230341.html
R001593,复旦大学附属华山医院（浦东院区）,复旦大学附属华山医院,上海市,Shanghai,上海市,Shanghai,2006,,open,https://www.huashan.org.cn/hsdy/about/
R001593,复旦大学附属华山医院（浦东院区）,复旦大学附属华山医院,上海市,Shanghai,上海市,Shanghai,2019,200,,https://www.huashan.org.cn/hsdy/about/|https://www.sohu.com/a/355556472_120209938
R001595,复旦大学附属中山医院（西院区）,复旦大学附属中山医院,上海市,Shanghai,上海市,Shanghai,2017,2005,,https://wmzx.fudan.edu.cn/91/8d/c20566a233869/page.htm
R001596,复旦大学附属肿瘤医院（徐汇院区）,复旦大学附属肿瘤医院,上海市,Shanghai,上海市,Shanghai,2019,1304,,https://www.shca.org.cn/Home/news/content/id/281/pid/5935
R001597,复旦大学附属肿瘤医院（浦东院区）,复旦大学附属肿瘤医院,上海市,Shanghai,上海市,Shanghai,2019,800,,https://www.jfdaily.com/wx/detail.do?id=192994|https://www.shca.org.cn/Home/news/content/id/308/pid/5979.html
R001600,上海交通大学医学院附属第九人民医院（制造局路院区）,上海交通大学医学院附属第九人民医院,上海市,Shanghai,上海市,Shanghai,2024,1020,,https://www.shhuangpu.gov.cn/BigFileUpLoadStorage/temp/2024-08-20/b0b395d0-1a77-47c2-b49d-c1bda797db2a/2%E4%B9%9D%E9%99%A2%E5%88%86%E5%AD%90%E5%AE%9E%E9%AA%8C%E5%AE%A4%E6%8A%A5%E5%91%8A%E8%A1%A8%E3%80%90%E5%85%AC%E7%A4%BA%E7%A8%BF%E3%80%91.pdf
R001601,上海市第一人民医院（虹口院区）,上海市第一人民医院,上海市,Shanghai,上海市,Shanghai,2021,1820,,https://www.shanghai.gov.cn/cmsres/08/08fdc0938a84498a971ddeea39e47fc7/e044f1b0449bdf353f65c576c633291d.pdf
R001601,上海市第一人民医院（虹口院区）,上海市第一人民医院,上海市,Shanghai,上海市,Shanghai,2022,1820,,https://www.shanghai.gov.cn/cmsres/ca/ca2b2279cd6a4a8c9719f46109f12e6b/60a09265947c7f982991e685e1f48a3b.pdf
R001601,上海市第一人民医院（虹口院区）,上海市第一人民医院,上海市,Shanghai,上海市,Shanghai,2024,1820,,https://www.shanghai.gov.cn/cmsres/26/26a24c673e994cd190504fd8c8950dd4/7842a126de30df0649f53ba5f3f3b563.pdf|https://www.xinminweekly.com.cn/shenghuo/jk/2024/12/18/27050.html
R001602,上海市第一人民医院（松江院区）,上海市第一人民医院,上海市,Shanghai,上海市,Shanghai,2023,580,,https://www.shobserver.com/sgh/detail?id=991050
R001602,上海市第一人民医院（松江院区）,上海市第一人民医院,上海市,Shanghai,上海市,Shanghai,2024,550,,https://hkaohua.com/aoqu/xing/673.html|https://www.shanghai.gov.cn/cmsres/b3/b3e6a9619eb94821a25236d75ef6fa53/af9c0d0919329218a2933f0da41e9428.pdf
R001605,上海交通大学医学院附属仁济医院（南院区）,上海交通大学医学院附属仁济医院,上海市,Shanghai,上海市,Shanghai,2024,710,,https://www.renji.com/article/detail/2e0291ddb0e943d791ed172c76ef4e9c
R001606,上海交通大学医学院附属仁济医院（西院区）,上海交通大学医学院附属仁济医院,上海市,Shanghai,上海市,Shanghai,2016,460,,https://www.med66.com/zhuyuanyishi/zh1612254893.shtml
R001606,上海交通大学医学院附属仁济医院（西院区）,上海交通大学医学院附属仁济医院,上海市,Shanghai,上海市,Shanghai,2024,534,,https://www.renji.com/article/detail/eec4f57e61bc4865a573649851854dc0
R001607,上海交通大学医学院附属瑞金医院（总院）,上海交通大学医学院附属瑞金医院,上海市,Shanghai,上海市,Shanghai,2021,2300,,https://rsj.sh.gov.cn/tzpgg_17408/20210809/t0035_1401464.html|https://rsj.sh.gov.cn/tzpgg_17408/20211020/t0035_1403230.html
R001608,上海交通大学医学院附属瑞金医院（北部院区）,上海交通大学医学院附属瑞金医院,上海市,Shanghai,上海市,Shanghai,2022,800,,https://news.cctv.com/2022/05/24/ARTIiADyQCm1VAX5mhHhPD2b220524.shtml
R001609,上海交通大学医学院附属上海儿童医学中心（陆家嘴院区）,上海交通大学医学院附属上海儿童医学中心,上海市,Shanghai,上海市,Shanghai,2023,800,,https://www.shsmu.edu.cn/ylfw/fsyy1/fsshetyxzx.htm
R001610,上海交通大学医学院附属新华医院（控江路院区）,上海交通大学医学院附属新华医院,上海市,Shanghai,上海市,Shanghai,2016,2090,,https://www.xinhuamed.com.cn/med/detail-4008.html
R001610,上海交通大学医学院附属新华医院（控江路院区）,上海交通大学医学院附属新华医院,上海市,Shanghai,上海市,Shanghai,2018,2090,,https://www.xinhuamed.com.cn/news/news-4446.html
R001610,上海交通大学医学院附属新华医院（控江路院区）,上海交通大学医学院附属新华医院,上海市,Shanghai,上海市,Shanghai,2024,2529,open,https://www.shanghai.gov.cn/cmsres/4c/4c0761361640474880fb8196dd42be72/9231ab4d07b10bec6f4cfffe4a4477fd.pdf
R001612,上海市第六人民医院（徐汇院区）,上海市第六人民医院,上海市,Shanghai,上海市,Shanghai,2021,1766,,https://www.shdrc.org/upload/editor/file/20250825/1756075953236854908.pdf
R001612,上海市第六人民医院（徐汇院区）,上海市第六人民医院,上海市,Shanghai,上海市,Shanghai,2024,1766,,https://rsj.sh.gov.cn/tzpgg_17408/20240312/t0035_1421781.html
R001613,上海市第六人民医院（临港院区）,上海市第六人民医院,上海市,Shanghai,上海市,Shanghai,2014,600,,https://www.jobmd.cn/specials/shlydy2014/tag/introduction
R001613,上海市第六人民医院（临港院区）,上海市第六人民医院,上海市,Shanghai,上海市,Shanghai,2015,600,,https://www.shanghai.gov.cn/cmsres/35/3523e76e908748cd8cbf1214ef6f7c3e/359f925172e26cd04a1e2e977a182489.pdf
R001613,上海市第六人民医院（临港院区）,上海市第六人民医院,上海市,Shanghai,上海市,Shanghai,2016,600,,https://www.shanghai.gov.cn/cmsres/f4/f420008574824c368cad2840d9f4cb27/11e8ce76f2a940bb5f35d9400471b937.pdf
R001613,上海市第六人民医院（临港院区）,上海市第六人民医院,上海市,Shanghai,上海市,Shanghai,2018,400,,https://www.shanghai.gov.cn/cmsres/d1/d1c6050aa5ae4f1588008a63e6e3baf9/32863c70be6417a3f5e160acf56633a1.pdf
R001613,上海市第六人民医院（临港院区）,上海市第六人民医院,上海市,Shanghai,上海市,Shanghai,2019,600,,https://www.shanghai.gov.cn/cmsres/11/113a1129339e47568162951884b8c669/932b5165c9406b5e798b85b208581505.pdf
R001613,上海市第六人民医院（临港院区）,上海市第六人民医院,上海市,Shanghai,上海市,Shanghai,2020,600,,https://rsj.sh.gov.cn/tzpgg_17408/20200708/t0035_1391868.html|https://rsj.sh.gov.cn/tzpgg_17408/20201009/t0035_1394459.html
R001613,上海市第六人民医院（临港院区）,上海市第六人民医院,上海市,Shanghai,上海市,Shanghai,2022,600,,https://www.sumhs.edu.cn/fsshsdlrmyylgyq/list.htm
R001613,上海市第六人民医院（临港院区）,上海市第六人民医院,上海市,Shanghai,上海市,Shanghai,2023,600,,https://www.lingang.gov.cn/html/website/lg/index/news/list/p1677122326018232322.html
R001613,上海市第六人民医院（临港院区）,上海市第六人民医院,上海市,Shanghai,上海市,Shanghai,2024,600,,https://rsj.sh.gov.cn/tzpgg_17408/20240312/t0035_1421781.html|https://rsj.sh.gov.cn/tzpgg_17408/20240703/t0035_1425111.html
R001614,上海市第七人民医院（本部）,上海市第七人民医院,上海市,Shanghai,上海市,Shanghai,2023,880,,https://m.163.com/dy/article/IP8BQSGQ0514AD1K.html
R001615,上海市第十人民医院（延长中路院区）,上海市第十人民医院,上海市,Shanghai,上海市,Shanghai,2015,1860,,https://www.shanghai.gov.cn/cmsres/9d/9ded1d218d3c41eea58056e8846105f0/d257c5d21b627d914a91a23673041e80.pdf|https://www.shanghai.gov.cn/cmsres/43/434bdd6933ca47dc92e99b769d4ceebe/839eaaf91ccafc5e24b51ceb93be1158.pdf
R001615,上海市第十人民医院（延长中路院区）,上海市第十人民医院,上海市,Shanghai,上海市,Shanghai,2021,1860,,https://www.sribs.com/attachments/2021/12/1640599447cd22de42e6d09cbe.pdf
R001615,上海市第十人民医院（延长中路院区）,上海市第十人民医院,上海市,Shanghai,上海市,Shanghai,2022,1860,,https://www.shanghai.gov.cn/cmsres/f8/f815156fb8bd4d45aafd28d08f0204ef/5e889198768b88ac80ecacd3ba5ace2c.pdf
R001615,上海市第十人民医院（延长中路院区）,上海市第十人民医院,上海市,Shanghai,上海市,Shanghai,2023,1860,,https://www.shanghai.gov.cn/cmsres/6a/6ae1f9f8a587463aa7290657afd69b68/3e581894b599883649bb5a87bb2f200d.pdf
R001615,上海市第十人民医院（延长中路院区）,上海市第十人民医院,上海市,Shanghai,上海市,Shanghai,2024,1860,,https://www.shanghai.gov.cn/cmsres/ac/acbb4c53a3574304ae1900aad94ad363/c4d5bbc7f86304378bf09d3531ce7c64.pdf
R001617,上海市东方医院（北院）,上海市东方医院,上海市,Shanghai,上海市,Shanghai,2024,1000,,https://www.pudong.gov.cn/dcxxgs/20240529/780492/e493aa92939c4c4bbd08602e0c8cd205.pdf
R001618,上海市儿童医院（泸定路院区）,上海市儿童医院,上海市,Shanghai,上海市,Shanghai,2014,550,,https://www.scg.com.cn/scg_jtyw/2014-03-11/Detail_195682.htm
R001618,上海市儿童医院（泸定路院区）,上海市儿童医院,上海市,Shanghai,上海市,Shanghai,2018,550,,https://news.sjtu.edu.cn/ztzl_bejdxlfc/20180414/69453.html
R001618,上海市儿童医院（泸定路院区）,上海市儿童医院,上海市,Shanghai,上海市,Shanghai,2020,550,,https://www.shchildren.com.cn/upload/files/2020.pdf
R001620,上海市公共卫生临床中心（金山院区）,上海市公共卫生临床中心,上海市,Shanghai,上海市,Shanghai,2020,660,,https://www.kkgwy.com/zk/sy/113492.html
R001620,上海市公共卫生临床中心（金山院区）,上海市公共卫生临床中心,上海市,Shanghai,上海市,Shanghai,2021,1460,,https://sghexport.shobserver.com/html/toutiao/2021/02/08/356167.html
R001620,上海市公共卫生临床中心（金山院区）,上海市公共卫生临床中心,上海市,Shanghai,上海市,Shanghai,2023,1460,,https://www.cn-healthcare.com/articlewm/20230317/wap-content-1525024.html
R001621,上海市光华中西医结合医院（新华路院区）,上海市光华中西医结合医院,上海市,Shanghai,上海市,Shanghai,2021,408,,https://ygc.shutcm.edu.cn/2021/1216/c1308a139209/page.htm
R001621,上海市光华中西医结合医院（新华路院区）,上海市光华中西医结合医院,上海市,Shanghai,上海市,Shanghai,2022,300,,https://static.shcn.gov.cn/cncms/2022/0615/606d071f-f42e-4d8b-bc4f-5048c00a6112.pdf
R001623,上海市精神卫生中心（闵行院区）,上海市精神卫生中心,上海市,Shanghai,上海市,Shanghai,2017,1264,,https://m.dxy.com/hospital/11643|https://www.haodf.com/neirong/wenzhang/5295427652.html
R001623,上海市精神卫生中心（闵行院区）,上海市精神卫生中心,上海市,Shanghai,上海市,Shanghai,2022,1264,,https://docs.cn-healthcare.com/sharedoc/src_files/20220627/32cfc02bffec40b6bbd2aa968adb1d99.pdf
R001624,上海市胸科医院（淮海西路院区）,上海市胸科医院,上海市,Shanghai,上海市,Shanghai,2017,826,,https://www.shxkyy.com/about/4/1.html
R001624,上海市胸科医院（淮海西路院区）,上海市胸科医院,上海市,Shanghai,上海市,Shanghai,2022,1000,,https://www.ylzhaopin.com/news/53818.html
R001625,上海市中西医结合医院（保定路院区）,上海市中西医结合医院,上海市,Shanghai,上海市,Shanghai,2020,630,,https://www.hkrd.gov.cn/upload/resources/file/2022/01/11/27515.pdf
R001625,上海市中西医结合医院（保定路院区）,上海市中西医结合医院,上海市,Shanghai,上海市,Shanghai,2021,630,,https://ygc.shutcm.edu.cn/2021/1216/c1308a139211/page.htm
R001626,上海市中医医院（芷江路院区）,上海市中医医院,上海市,Shanghai,上海市,Shanghai,2016,530,,https://www.ngdsh.org.cn/ngd2014/201607.pdf
R001626,上海市中医医院（芷江路院区）,上海市中医医院,上海市,Shanghai,上海市,Shanghai,2020,530,,https://www.jingan.gov.cn/rmtzx/003001/20200608/efae5807-9438-46f0-a7b5-4e6b656a7c87.html
R001626,上海市中医医院（芷江路院区）,上海市中医医院,上海市,Shanghai,上海市,Shanghai,2022,530,,https://www.shanghai.gov.cn/cmsres/ca/ca2b2279cd6a4a8c9719f46109f12e6b/60a09265947c7f982991e685e1f48a3b.pdf
R001627,上海长海医院,上海长海医院,上海市,Shanghai,上海市,Shanghai,2017,2100,,https://m.dxy.com/hospital/11390/more?dxa_adplatform=m.dxy.com|https://www.med66.com/zhuyuanyishi/shanghai/yc1702049854.shtml
R001628,上海长征医院,上海长征医院,上海市,Shanghai,上海市,Shanghai,2012,1074,,https://www.a-hospital.com/w/%E4%B8%8A%E6%B5%B7%E9%95%BF%E5%BE%81%E5%8C%BB%E9%99%A2
R001628,上海长征医院,上海长征医院,上海市,Shanghai,上海市,Shanghai,2016,1074,,https://m.arxsys.com/case/60.html
R001628,上海长征医院,上海长征医院,上海市,Shanghai,上海市,Shanghai,2018,1074,,https://www.credy.com.cn/page5.html?article_id=215
R001630,上海中医药大学附属曙光医院（东院）,上海中医药大学附属曙光医院,上海市,Shanghai,上海市,Shanghai,2015,720,,https://www.cntcm.com.cn/content/201504/03/c112769.html
R001630,上海中医药大学附属曙光医院（东院）,上海中医药大学附属曙光医院,上海市,Shanghai,上海市,Shanghai,2020,720,,https://www.shutcm.edu.cn/2020/1115/c6529a149523/page.htm
R001631,上海中医药大学附属曙光医院（西院）,上海中医药大学附属曙光医院,上海市,Shanghai,上海市,Shanghai,2020,600,,https://www.shhuangpu.gov.cn/uploadfile/5EAD228CDD084EEB8542E681D39983D6_%E5%85%AC%E7%A4%BA_1.pdf
R001632,上海中医药大学附属岳阳中西医结合医院（甘河路院区）,上海中医药大学附属岳阳中西医结合医院,上海市,Shanghai,上海市,Shanghai,2019,900,,https://www.shyueyanghospital.com/Html/News/Articles/7706.html
R001634,同济大学附属同济医院（新村路院区）,同济大学附属同济医院,上海市,Shanghai,上海市,Shanghai,2023,1500,,https://www.tongjihospital.com.cn/news/intro/id/162/pid/26082.html
R001639,阿坝州人民医院,阿坝藏族羌族自治州人民医院,四川省,Sichuan,阿坝藏族羌族自治州,Ngawa Tibetan and Qiang Autonomous Prefecture,2016,503,,https://www.abzrmyy.cn/News/View.asp?ID=7
R001639,阿坝州人民医院,阿坝藏族羌族自治州人民医院,四川省,Sichuan,阿坝藏族羌族自治州,Ngawa Tibetan and Qiang Autonomous Prefecture,2023,435,,https://www.abzrmyy.cn/News/View.asp?ID=8184
R001639,阿坝州人民医院,阿坝藏族羌族自治州人民医院,四川省,Sichuan,阿坝藏族羌族自治州,Ngawa Tibetan and Qiang Autonomous Prefecture,2025,435,,https://abzrmyy.cn/News/View.asp?ID=9021
R001639,阿坝州人民医院,阿坝藏族羌族自治州人民医院,四川省,Sichuan,阿坝藏族羌族自治州,Ngawa Tibetan and Qiang Autonomous Prefecture,2026,503,,https://www.abzrmyy.cn/News/View.asp?ID=7
R001640,巴中市中心医院,巴中市中心医院(巴中市人民医院),四川省,Sichuan,巴中市,Bazhong,2016,1708,,https://www.scrcgz.com/attached/file/20160810/20160810215819_4062.pdf
R001641,巴中市中医院,巴中市中医院,四川省,Sichuan,巴中市,Bazhong,2023,800,,https://www.eoffcn.com/kszx/detail/1204965.html
R001641,巴中市中医院,巴中市中医院,四川省,Sichuan,巴中市,Bazhong,2024,800,,https://www.gvssmart.cn/uploads/2024/03/051517383461.pdf
R001642,平昌县人民医院,平昌县人民医院,四川省,Sichuan,巴中市,Bazhong,2021,1471,,https://wapdise.fh21.com.cn/hospital_233536/yyjj/
R001643,成都爱迪眼科医院,成都爱迪眼科医院,四川省,Sichuan,成都市,Chengdu,2021,120,,https://www.028aidi.com/ykyy/2757.html
R001643,成都爱迪眼科医院,成都爱迪眼科医院,四川省,Sichuan,成都市,Chengdu,2024,120,,https://www.028aidi.com/yyhj/1015.html
R001644,成都大学附属医院,成都大学附属医院,四川省,Sichuan,成都市,Chengdu,2024,1429,,https://cdfy120.cdu.edu.cn/xygk/yyjs.htm?csrt=17545526969533227085
R001646,成都市第二人民医院龙潭院区,成都市第二人民医院,四川省,Sichuan,成都市,Chengdu,2021,1200,,https://sc.people.com.cn/n2/2021/0707/c379469-34810089.html
R001648,成都市第六人民医院,成都市第六人民医院,四川省,Sichuan,成都市,Chengdu,2020,800,,https://sichuan.scol.com.cn/xwtg/202012/57974791.html
R001649,成都市第六人民医院(东虹院区),成都市第六人民医院,四川省,Sichuan,成都市,Chengdu,2020,465,,https://sichuan.scol.com.cn/amsc/202004/57787185.html
R001650,成都市第六人民医院(金牛院区),成都市第六人民医院,四川省,Sichuan,成都市,Chengdu,2024,900,,https://www.cd6hospital.cn/oss/20240730/155000299.pdf
R001651,成都市第七人民医院,成都市第七人民医院,四川省,Sichuan,成都市,Chengdu,2022,1432,,https://paper.dzjkb.org.cn/article/4071/7671.html|https://y.dxy.cn/hospital/2260/
R001652,成都市第三人民医院,成都市第三人民医院,四川省,Sichuan,成都市,Chengdu,2022,2200,,https://www.med66.com/zhuyuanyishi/sichuan/yu2202259406.shtml
R001652,成都市第三人民医院,成都市第三人民医院,四川省,Sichuan,成都市,Chengdu,2023,2450,,https://m.cd3hospital.com/nurse_intro/
R001653,成都市第四人民医院,成都市第四人民医院,四川省,Sichuan,成都市,Chengdu,2014,800,,https://www.med66.com/web/huliwanhuatong/zy1409048935.shtml
R001653,成都市第四人民医院,成都市第四人民医院,四川省,Sichuan,成都市,Chengdu,2016,1200,,https://www.51test.net/show/6938938.html
R001654,成都市第五人民医院,成都市第五人民医院,四川省,Sichuan,成都市,Chengdu,2024,2188,,https://sthjt.sc.gov.cn/sthjt/c103939/2025/5/29/077e35b50f8448b3be5ac3b323fe9e99/files/%E7%8E%AF%E5%A2%83%E5%BD%B1%E5%93%8D%E6%8A%A5%E5%91%8A%E8%A1%A8%EF%BC%88%E5%85%AC%E7%A4%BA%E6%9C%AC%EF%BC%89.pdf
R001655,成都市妇女儿童中心医院,成都市妇女儿童中心医院,四川省,Sichuan,成都市,Chengdu,2016,1000,,https://m.wcch.cn/news_major/2016/y5eVXObE.html
R001656,成都市公共卫生临床医疗中心,成都市公共卫生临床医疗中心,四川省,Sichuan,成都市,Chengdu,2023,645,,https://bdlx.bdfyx.com/yy/3788.html|https://www.bohe.cn/hospital/33125/
R001658,成都市郫都区人民医院,成都市郫都区人民医院,四川省,Sichuan,成都市,Chengdu,2020,816,,https://y.dxy.cn/hospital/2358
R001659,成都市郫都区中医院,成都市郫都区中医医院,四川省,Sichuan,成都市,Chengdu,2018,660,,http://www.qyiliao.com/hospital/detail/10320
R001659,成都市郫都区中医院,成都市郫都区中医医院,四川省,Sichuan,成都市,Chengdu,2024,400,,https://baike.sogou.com/v71876341.htm
R001660,成都市青白江区人民医院,成都市青白江区人民医院,四川省,Sichuan,成都市,Chengdu,2022,900,,https://sc.people.com.cn/n2/2022/1014/c379469-40161115.html
R001661,成都市双流区第一人民医院,成都市双流区第一人民医院,四川省,Sichuan,成都市,Chengdu,2021,1100,,https://www.cdslyyy.cn/about.html
R001662,成都市温江区人民医院,成都市温江区人民医院,四川省,Sichuan,成都市,Chengdu,2024,1000,,https://h.dxy.cn/wj120/kz/introduce
R001664,成都市新都区中医院,成都市新都区中医医院,四川省,Sichuan,成都市,Chengdu,2020,710,,https://news.cmc.edu.cn/info/1004/18962.htm
R001665,成都市中西医结合医院,成都市中西医结合医院,四川省,Sichuan,成都市,Chengdu,2020,2600,,https://csp.ncmi.cn/WebManage/StrokeRecognition/CzdtUUDetailWeb?type=&uid=26983
R001667,成都西区医院,成都西区医院,四川省,Sichuan,成都市,Chengdu,2022,700,,https://www.yuetj.com/gonglue/chengdu/16843.html
R001668,成都医学院第一附属医院,成都医学院第一附属医院,四川省,Sichuan,成都市,Chengdu,2024,1800,,https://sthjt.sc.gov.cn/sthjt/c103939/2024/9/25/eebb35fb54a14c058a76009db288a5b1/files/%E7%8E%AF%E5%A2%83%E5%BD%B1%E5%93%8D%E6%8A%A5%E5%91%8A%E8%A1%A8%EF%BC%88%E5%85%AC%E7%A4%BA%E6%9C%AC%EF%BC%89.pdf
R001670,成都中医药大学附属医院,成都中医药大学附属医院,四川省,Sichuan,成都市,Chengdu,2021,3000,,https://www.sctcm120.cn/En/About_Us/Overview.htm
R001671,成飞医院,成飞医院,四川省,Sichuan,成都市,Chengdu,2018,600,,https://www.sohu.com/a/220093153_100104707
R001672,崇州市人民医院,崇州市人民医院,四川省,Sichuan,成都市,Chengdu,2020,938,,https://dy.163.com/article/F6BCL8L7051492T3.html
R001672,崇州市人民医院,崇州市人民医院,四川省,Sichuan,成都市,Chengdu,2023,938,,https://m.toutiao.com/article/7205487181132038712/?upstream_biz=toutiao_pc
R001673,都江堰市人民医院,都江堰市人民医院,四川省,Sichuan,成都市,Chengdu,2024,1210,,https://sc.huatu.com/2024/0619/1987964.html
R001674,都江堰市中医院,都江堰市中医医院,四川省,Sichuan,成都市,Chengdu,2019,522,,https://www.djyszyy.com/about.aspx?category_id=9
R001676,简阳市人民医院,简阳市人民医院,四川省,Sichuan,成都市,Chengdu,2016,1600,,https://yyh.dxy.cn/specials/jysrmyy/article/509374
R001676,简阳市人民医院,简阳市人民医院,四川省,Sichuan,成都市,Chengdu,2017,1600,,https://www.xueshu.com.cn/zgyygl/201703/28816759.html
R001676,简阳市人民医院,简阳市人民医院,四川省,Sichuan,成都市,Chengdu,2020,1600,,https://www.120.net/yiyuan/jieshao/0lofaeb62vc9f5a8.html
R001677,简阳市中医院,简阳市中医医院,四川省,Sichuan,成都市,Chengdu,2024,950,,https://iot.china.com.cn/content/2024-06/21/content_42836761.html
R001681,彭州市中医院,彭州市中医医院,四川省,Sichuan,成都市,Chengdu,2020,400,,https://csp.ncmi.cn/WebManage/StrokeRecognition/CzdtUUDetailWeb?type=&uid=03010
R001682,四川大学华西第二医院,四川大学华西第二医院,四川省,Sichuan,成都市,Chengdu,2018,730,,https://www.sohu.com/a/253310812_667314
R001683,四川大学华西第二医院(锦江院区),四川大学华西第二医院,四川省,Sichuan,成都市,Chengdu,2018,900,,https://www.sohu.com/a/238130243_667314
R001684,四川大学华西第四医院,四川大学华西第四医院,四川省,Sichuan,成都市,Chengdu,2022,600,,https://www.114gh.com/yy/sc/4261.html
R001685,四川大学华西口腔医院,四川大学华西口腔医院,四川省,Sichuan,成都市,Chengdu,2020,180,,https://www.hxkq.org/Html/News/Articles/9429.html
R001686,四川大学华西医院,四川大学华西医院,四川省,Sichuan,成都市,Chengdu,2015,4100,,https://www.wchscu.cn/department_xbzlk/dynamic/p/2.html
R001686,四川大学华西医院,四川大学华西医院,四川省,Sichuan,成都市,Chengdu,2023,4100,,https://www.wchscu.cn/Uploads/Picture/2023/08/03/u64cb53c43ecf7.pdf
R001687,四川大学华西医院(温江院区),四川大学华西医院,四川省,Sichuan,成都市,Chengdu,2014,437,,https://www.wchscu.cn/public/about/476
R001688,四川大学华西医院西藏成办分院,西藏自治区人民政府驻成都办事处医院,四川省,Sichuan,成都市,Chengdu,2024,671,,https://www.tcd120.cn/overview/intro
R001689,四川锦欣妇女儿童医院,四川锦欣西囡妇女儿童医院,四川省,Sichuan,成都市,Chengdu,2023,803,,https://caifuhao.eastmoney.com/news/20230706183653277132170
R001691,四川省第四人民医院,四川省第四人民医院,四川省,Sichuan,成都市,Chengdu,2022,702,,https://jgswj.sc.gov.cn/scjgswj/c102565/2022/9/23/f79c16a01b304bca860ab847183df9e8/files/%E3%80%8A%E5%9B%9B%E5%B7%9D%E6%9C%BA%E5%85%B3%E4%BA%8B%E5%8A%A1%E3%80%8B2022%E5%B9%B4%E7%AC%AC4%E6%9C%9F.pdf
R001694,四川省骨科医院,四川省骨科医院,四川省,Sichuan,成都市,Chengdu,2023,800,,https://www.dayi.org.cn/hospital/1127390
R001696,四川省中西医结合医院武侯院区,四川省中西医结合医院,四川省,Sichuan,成都市,Chengdu,2014,1200,,https://y.dxy.cn/hospital/748
R001697,四川省肿瘤医院,四川省肿瘤医院,四川省,Sichuan,成都市,Chengdu,2021,1500,,https://www.med66.com/zhuyuanyishi/jidi/bi2102065984.shtml
R001698,四川现代医院(高新院区),四川现代医院,四川省,Sichuan,成都市,Chengdu,2020,,open,https://csp.bibd.org.cn/WebManage/StrokeRecognition/CzdtUUDetailWeb?type=&uid=24814
R001698,四川现代医院(高新院区),四川现代医院,四川省,Sichuan,成都市,Chengdu,2022,500,,https://jiuye.wnmc.edu.cn/__local/5/EB/BC/3299F7995178AEE90B904226422_FD367562_3F4EF.pdf?e=.pdf
R001699,四川现代医院武候院区,四川现代医院,四川省,Sichuan,成都市,Chengdu,2022,500,,https://jiuye.wnmc.edu.cn/__local/5/EB/BC/3299F7995178AEE90B904226422_FD367562_3F4EF.pdf?e=.pdf
R001701,四川友谊医院,四川友谊医院,四川省,Sichuan,成都市,Chengdu,2021,600,,https://vip.stock.finance.sina.com.cn/corp/view/vCB_AllBulletinDetail.php?CompanyCode=80156738&gather=1&id=10402497|https://vip.stock.finance.sina.com.cn/corp/view/vCB_AllBulletinDetail.php?id=10211099&stockid=300143
R001701,四川友谊医院,四川友谊医院,四川省,Sichuan,成都市,Chengdu,2022,600,,https://vip.stock.finance.sina.com.cn/corp/view/vCB_AllBulletinDetail.php?id=10211099&stockid=300143
R001701,四川友谊医院,四川友谊医院,四川省,Sichuan,成都市,Chengdu,2023,600,,https://vip.stock.finance.sina.com.cn/corp/view/vCB_AllBulletinDetail.php?id=10211099&stockid=300143
R001701,四川友谊医院,四川友谊医院,四川省,Sichuan,成都市,Chengdu,2024,600,,https://vip.stock.finance.sina.com.cn/corp/view/vCB_AllBulletinDetail.php?id=10211099&stockid=300143
R001703,通用医疗三六三医院(犀浦院区),三六三医院,四川省,Sichuan,成都市,Chengdu,2020,750,open,https://gtmed.com.cn/xwzx/gsxw/index_28.html
R001705,达州市中西医结合医院,达州市中西医结合医院,四川省,Sichuan,达州市,Dazhou,2022,1200,,https://sthjt.sc.gov.cn/sthjt/c103939/2022/4/18/7b77f773d8fb447fbaeeda8aeca84c82/files/8a89ba84b74d4dd489d9b889377cc5e7.pdf
R001706,达州市中心医院,达州市中心医院,四川省,Sichuan,达州市,Dazhou,2017,1745,,https://wjw.dazhou.gov.cn/xxgk-show-16221.html
R001709,德阳市人民医院,德阳市人民医院,四川省,Sichuan,德阳市,Deyang,2016,1600,,https://news.cmc.edu.cn/info/1004/10235.htm
R001709,德阳市人民医院,德阳市人民医院,四川省,Sichuan,德阳市,Deyang,2018,1731,,https://cbgc.scol.com.cn/news/7127827
R001709,德阳市人民医院,德阳市人民医院,四川省,Sichuan,德阳市,Deyang,2019,1790,,https://yanke360.com/88825319-4280-c647-0410-3cafb3d79a9a/627d06f6-9c88-48db-8d33-7d4e99ca0d11.shtml
R001709,德阳市人民医院,德阳市人民医院,四川省,Sichuan,德阳市,Deyang,2020,1839,,https://m.9453job.com/Company/Index/35106
R001709,德阳市人民医院,德阳市人民医院,四川省,Sichuan,德阳市,Deyang,2021,1839,,https://docs.cn-healthcare.com/sharedoc/src_files/20210531/ade18f1874664f2a965d5621e9059ad8.pdf
R001709,德阳市人民医院,德阳市人民医院,四川省,Sichuan,德阳市,Deyang,2026,2059,,https://cbgc.scol.com.cn/news/7127827
R001710,中江县人民医院,中江县人民医院,四川省,Sichuan,德阳市,Deyang,2024,860,,https://www.zjxrmyy.cn/go-c2.htm
R001712,广安市人民医院,广安市人民医院,四川省,Sichuan,广安市,Guangan,2017,865,,https://news.zhuyitai.com/16/1227/53abed6022cd4fc0bde74172992353a6.html
R001712,广安市人民医院,广安市人民医院,四川省,Sichuan,广安市,Guangan,2019,1465,,https://yyk.fh21.com.cn/hospital_2100/hj.html
R001712,广安市人民医院,广安市人民医院,四川省,Sichuan,广安市,Guangan,2020,1465,,https://gasrmyy.com/hdjl/zhaoshengjianzhang/202006042487.html
R001712,广安市人民医院,广安市人民医院,四川省,Sichuan,广安市,Guangan,2021,1548,,https://www.sckjw.com.cn/info/ec0e3b5327f448ebad327b383985f72c
R001712,广安市人民医院,广安市人民医院,四川省,Sichuan,广安市,Guangan,2022,1641,,https://ylws.huatu.com/yldw_zkxx/20220303/2483364.html
R001712,广安市人民医院,广安市人民医院,四川省,Sichuan,广安市,Guangan,2023,1575,,https://guangan.scol.com.cn/bmfw/202309/58969382.html
R001712,广安市人民医院,广安市人民医院,四川省,Sichuan,广安市,Guangan,2024,1576,,https://gasrmyy.com/hdjl/zhaoshengjianzhang/202407059806.html
R001713,岳池县人民医院,岳池县人民医院,四川省,Sichuan,广安市,Guangan,2021,800,,https://s.dayi.org.cn/mip/s/hospital/1135075.html
R001714,苍溪县中医院,苍溪县中医医院,四川省,Sichuan,广元市,Guangyuan,2023,500,,https://www.cxxzyy.cn/col.jsp?id=103
R001715,广元市第三人民医院,广元市精神卫生中心,四川省,Sichuan,广元市,Guangyuan,2020,600,,https://mhos.51daifu.com/hos71/gba/1408.shtml|https://y.dxy.cn/hospital/3222
R001716,广元市第四人民医院,广元市精神卫生中心,四川省,Sichuan,广元市,Guangyuan,2024,2640,,https://www.gysdsrmyy.cn/phone_article.html?id=10995
R001717,广元市第一人民医院,广元市第一人民医院,四川省,Sichuan,广元市,Guangyuan,2020,1200,,https://www.gys072.cn/article.html?id=37117
R001718,广元市中心医院,广元市中心医院,四川省,Sichuan,广元市,Guangyuan,2019,1400,,https://www.gyszxyy.cn/newsshow.html?cls1=2&cls2=20&id=61300
R001718,广元市中心医院,广元市中心医院,四川省,Sichuan,广元市,Guangyuan,2020,1400,,https://www.gyszxyy.cn/uploadfile/file/2020/2020061817300402.pdf
R001719,广元市中医院,广元市中医医院,四川省,Sichuan,广元市,Guangyuan,2017,875,,https://gyszyy.cn/article.html?id=7613
R001719,广元市中医院,广元市中医医院,四川省,Sichuan,广元市,Guangyuan,2018,875,,https://9453job.com/a/160610.html
R001719,广元市中医院,广元市中医医院,四川省,Sichuan,广元市,Guangyuan,2019,875,,https://gyszyy.cn/article.html?id=6192
R001719,广元市中医院,广元市中医医院,四川省,Sichuan,广元市,Guangyuan,2020,875,,https://gyszyy.cn/article.html?id=7618
R001720,剑阁县中医院,剑阁县中医医院,四川省,Sichuan,广元市,Guangyuan,2018,580,,http://www.dayi.org.cn/hospital/1134344?regionCode=CA
R001720,剑阁县中医院,剑阁县中医医院,四川省,Sichuan,广元市,Guangyuan,2022,570,,https://www.gsmc.edu.cn/jyxx/info/1021/2906.htm
R001722,乐山市人民医院,乐山市人民医院,四川省,Sichuan,乐山市,Leshan,2021,1800,,https://docs.cn-healthcare.com/sharedoc/pdf_files/20210416/34357c764f3644bcaa40a0f2e4b944e2.pdf
R001722,乐山市人民医院,乐山市人民医院,四川省,Sichuan,乐山市,Leshan,2022,1800,,https://www.leshan-hospital.com.cn/aspx/view_notime_85D839DA137BB621.html
R001723,乐山市中医院,乐山市中医医院,四川省,Sichuan,乐山市,Leshan,2024,498,,http://baike.sogou.com/v70057438.htm?fromTitle=%E4%B9%90%E5%B1%B1%E5%B8%82%E4%B8%AD%E5%8C%BB%E9%99%A2
R001725,凉山彝族自治州第二人民医院,凉山彝族自治州第二人民医院,四川省,Sichuan,凉山彝族自治州,Liangshan Yi Autonomous Prefecture,2014,800,,https://s.dayi.org.cn/mip/s/hospital/1511.html
R001726,凉山彝族自治州第一人民医院,凉山彝族自治州第一人民医院,四川省,Sichuan,凉山彝族自治州,Liangshan Yi Autonomous Prefecture,2023,1600,,https://www.youlai.cn/yyk/hospindex/3831/hospintro.html
R001727,凉山彝族自治州中西医结合医院,凉山彝族自治州中西医结合医院,四川省,Sichuan,凉山彝族自治州,Liangshan Yi Autonomous Prefecture,2019,606,,https://www.jobmd.cn/company/detail/6262478.htm
R001728,凉山彝族自治州中西医结合医院(新院区),凉山彝族自治州中西医结合医院,四川省,Sichuan,凉山彝族自治州,Liangshan Yi Autonomous Prefecture,2021,402,,https://www.sohu.com/a/475694866_121106884
R001728,凉山彝族自治州中西医结合医院(新院区),凉山彝族自治州中西医结合医院,四川省,Sichuan,凉山彝族自治州,Liangshan Yi Autonomous Prefecture,2022,402,,https://www.cn-healthcare.com/article/20220407/content-568289.html
R001729,西昌市人民医院,西昌市人民医院,四川省,Sichuan,凉山彝族自治州,Liangshan Yi Autonomous Prefecture,2021,1500,,https://www.cscec.com/zgjz_new/xwzx_new/zqydt_new/202109/3392085.html
R001729,西昌市人民医院,西昌市人民医院,四川省,Sichuan,凉山彝族自治州,Liangshan Yi Autonomous Prefecture,2023,1230,,http://www.xichang.gov.cn/ztzl_15908/czyjsjsgjfgk_16120/sjbmdw_16124/swjj_16164/202411/t20241130_2761415.html
R001731,泸州市人民医院(沙茜院区),泸州市人民医院,四川省,Sichuan,泸州市,Luzhou,2018,1000,,https://www.sohu.com/a/221725998_671500
R001732,泸州市中医医院大山坪院区,泸州市中医医院,四川省,Sichuan,泸州市,Luzhou,2024,520,,https://www.lzszyyy.com/data/upload/media/20240520/20240520155650_31552.pdf
R001733,泸州市中医医院城南院区,泸州市中医医院,四川省,Sichuan,泸州市,Luzhou,2024,567,,https://yzp.cn/zhaopingonggao/112188.html
R001735,西南医科大学附属医院(忠山院区),西南医科大学附属医院,四川省,Sichuan,泸州市,Luzhou,2015,1681,,https://www.dayi.org.cn/hospital/1134351.html|https://www.haodf.com/hospital/587/jieshao.html|https://www.healthydream.org/news_read_id_1488.shtml
R001736,西南医科大学附属中医医院,西南医科大学附属中医医院,四川省,Sichuan,泸州市,Luzhou,2019,2000,,http://web01.sdau.edu.cn/_s185/2020/0103/c7799a165244/page.psp
R001736,西南医科大学附属中医医院,西南医科大学附属中医医院,四川省,Sichuan,泸州市,Luzhou,2023,3000,,https://czt.sc.gov.cn/scczt/c109229r/2023/3/3/869273d298fa43248047e0026c1c4f74/files/6.%E8%A5%BF%E5%8D%97%E5%8C%BB%E7%A7%91%E5%A4%A7%E5%AD%A6%E9%99%84%E5%B1%9E%E4%B8%AD%E5%8C%BB%E5%8C%BB%E9%99%A2.pdf
R001736,西南医科大学附属中医医院,西南医科大学附属中医医院,四川省,Sichuan,泸州市,Luzhou,2024,3000,,https://sctcm.sc.gov.cn/sctcm/c105648/2024/3/13/8b828326fac04d0f9ea9482be10f6158/files/%E8%A5%BF%E5%8D%97%E5%8C%BB%E7%A7%91%E5%A4%A7%E5%AD%A6%E9%99%84%E5%B1%9E%E4%B8%AD%E5%8C%BB%E5%8C%BB%E9%99%A22024%E5%B9%B4%E5%8D%95%E4%BD%8D%E9%A2%84%E7%AE%97.pdf
R001737,西南医科大学口腔医学院附属口腔医院,西南医科大学附属口腔医院,四川省,Sichuan,泸州市,Luzhou,2022,50,,http://www.career.zju.edu.cn/jyxt/sczp/zpztgl/ckZpgwXq.zf?dwxxid=JG1191556&zpxxbh=DA64F61D4E83A9D5E055134CA39C9BD7
R001737,西南医科大学口腔医学院附属口腔医院,西南医科大学附属口腔医院,四川省,Sichuan,泸州市,Luzhou,2023,140,,https://news.sohu.com/a/654728072_121124530
R001738,眉山市人民医院,眉山市人民医院,四川省,Sichuan,眉山市,Meishan,2024,665,,https://baike.sogou.com/v5706807.htm
R001739,眉山市中医医院(岷东院区),眉山市中医医院,四川省,Sichuan,眉山市,Meishan,2021,1400,,https://www.mstcm.com.cn/index.php?a=lists&c=index&catid=17&m=content
R001739,眉山市中医医院(岷东院区),眉山市中医医院,四川省,Sichuan,眉山市,Meishan,2024,1400,,https://www.mstcm.com.cn/index.php?a=show&c=index&catid=22&id=310&m=content
R001740,眉山市中医医院旧址,眉山市中医医院,四川省,Sichuan,眉山市,Meishan,2015,1600,,https://www.scwsb.gov.cn/xxgk/yzyz/201508/P020150803514019259648.pdf
R001741,仁寿县人民医院,仁寿县人民医院,四川省,Sichuan,眉山市,Meishan,2023,1200,,https://www.sohu.com/a/715973513_389597
R001744,绵阳市安州区人民医院,绵阳市安州区人民医院,四川省,Sichuan,绵阳市,Mianyang,2023,800,,https://csp.ncmi.cn/WebManage/StrokeRecognition/CzdtUUDetailWeb?uid=03512
R001745,绵阳市第一人民医院,四川绵阳四0四医院,四川省,Sichuan,绵阳市,Mianyang,2015,1500,,https://docs.cn-healthcare.com/sharedoc/pdf_files/20180921/32afc867036c4bee99b56fb965301f21.pdf
R001745,绵阳市第一人民医院,四川绵阳四0四医院,四川省,Sichuan,绵阳市,Mianyang,2023,1600,,https://www.jkb.com.cn/localnews/2023/0109/487681.html
R001747,绵阳市中心医院,绵阳市中心医院,四川省,Sichuan,绵阳市,Mianyang,2020,1500,,https://rst.sc.gov.cn/rst/gsgg/2020/8/4/a33fa3afd0ab4bc4ba65e65fd00bc134/files/9deeae34872f451ea1d73d294ed8aa0a.pdf
R001747,绵阳市中心医院,绵阳市中心医院,四川省,Sichuan,绵阳市,Mianyang,2024,1791,,https://m.miaoshou.net/hospital/hospital_n6XdjD2vJ4/index.html
R001748,绵阳市中医医院,绵阳市中医医院,四川省,Sichuan,绵阳市,Mianyang,2016,700,,http://ylws.huatu.com/yldw_zkxx/20161030/1526088.html
R001748,绵阳市中医医院,绵阳市中医医院,四川省,Sichuan,绵阳市,Mianyang,2023,1078,,https://m.haodf.com/hospital/1772.html
R001749,绵阳万江眼科医院,绵阳万江眼科医院有限责任公司,四川省,Sichuan,绵阳市,Mianyang,2024,330,,https://m.xjysk.com/zixun/14355.html
R001750,三台县人民医院,三台县人民医院,四川省,Sichuan,绵阳市,Mianyang,2022,1260,,https://www.cn-healthcare.com/articlewm/20220510/content-1351700.html
R001750,三台县人民医院,三台县人民医院,四川省,Sichuan,绵阳市,Mianyang,2024,1260,,https://www.shiyebian.net/xinxi/480263.html
R001751,三台县中医院,三台县中医院,四川省,Sichuan,绵阳市,Mianyang,2023,630,,https://m.jd.com/hospital/department/15710670401-7300226
R001752,四川省精神卫生中心,绵阳市第三人民医院,四川省,Sichuan,绵阳市,Mianyang,2018,2060,,https://docs.cn-healthcare.com/sharedoc/pdf_files/20180910/9b5cda3bd068426f89db8f901dd7601c.pdf
R001752,四川省精神卫生中心,绵阳市第三人民医院,四川省,Sichuan,绵阳市,Mianyang,2022,2060,,https://faxing.jkb.com.cn/home/index/download.html?goods=1&item=859537&name=jkb&page=1389100197
R001753,四川省科学城医院,四川省科学城医院,四川省,Sichuan,绵阳市,Mianyang,2023,900,,https://kcb.caep.cn/doc/2026/04/02/16852.shtml
R001754,川北医学院附属医院,川北医学院附属医院,四川省,Sichuan,南充市,Nanchong,2022,2500,,https://job.sicau.edu.cn/job/upload/file/20240522/1716366525271037197.pdf
R001754,川北医学院附属医院,川北医学院附属医院,四川省,Sichuan,南充市,Nanchong,2024,2500,,https://www.hospital-nsmc.com.cn/oss/20231212/170810468.pdf
R001755,川北医学院附属医院(文化路院区),川北医学院附属医院,四川省,Sichuan,南充市,Nanchong,2015,1647,,https://www.scwsb.gov.cn/xxgk/yzyz/201508/P020150803514019259648.pdf
R001757,阆中市人民医院(七里院区),阆中市人民医院,四川省,Sichuan,南充市,Nanchong,2021,1600,,https://jy.sicnu.edu.cn/home/zllxZwList/14686?code=3
R001758,南部县人民医院,南部县人民医院,四川省,Sichuan,南充市,Nanchong,2021,1600,,http://ylws.huatu.com/yldw_zkxx/20211104/2320225.html
R001758,南部县人民医院,南部县人民医院,四川省,Sichuan,南充市,Nanchong,2023,1600,,https://www.163.com/dy/article/IMLBOMJ005526MB3.html?f=post2020_dy_recommends
R001759,南充市中心医院,南充市中心医院,四川省,Sichuan,南充市,Nanchong,2024,2100,,https://m.35jk.com/introduction/l7d071875bfb85c3.html
R001760,南充市中心医院(江东院区),南充市中心医院,四川省,Sichuan,南充市,Nanchong,2021,1500,open,https://sdykdxfsbjazyyncyy.nc120.cn/col.jsp?id=150
R001760,南充市中心医院(江东院区),南充市中心医院,四川省,Sichuan,南充市,Nanchong,2022,1500,,https://www.cn-healthcare.com/articlewm/20220311/content-1324708.html
R001761,南充市中医院,南充市中医医院,四川省,Sichuan,南充市,Nanchong,2024,720,,https://sthjt.sc.gov.cn/sthjt/c103939/2024/6/20/1dc5f45b9413431fb8a3d27507cd8d3d/files/%E5%8D%97%E5%85%85%E4%B8%AD%E5%8C%BB%E5%8C%BB%E9%99%A2%E5%8C%BB%E9%99%A2%E6%96%B0%E5%BB%BA%E7%9B%B4%E7%BA%BF%E5%8A%A0%E9%80%9F%E5%99%A8%E3%80%81DSA%E5%8F%8A%E6%A0%B8%E5%8C%BB%E5%AD%A6%E7%A7%91%E8%AF%8A%E6%96%AD%E9%A1%B9%E7%9B%AE%EF%BC%88%E5%85%AC%E7%A4%BA%E6%9C%AC%EF%BC%89.pdf
R001762,四川省南充精神卫生中心,四川省南充精神卫生中心,四川省,Sichuan,南充市,Nanchong,2024,1000,,https://m.youlai.cn/yyk/hospindex/3839/hospintro.html
R001763,内江市第二人民医院,内江市第二人民医院,四川省,Sichuan,内江市,Neijiang,2024,1500,,http://www.neijiang.gov.cn/njs/yyzypzqkgh/202404/9f495d0ab30f4ce8a12a1e4af1512ec6/files/afd93350668b459ca76573ceb0d4887f.pdf|https://www.njs2yy.com/intos1_yyjj/
R001764,内江市中医院,内江市中医医院,四川省,Sichuan,内江市,Neijiang,2020,1600,,https://www.neijiang.gov.cn/wsj/xxgk/fdzdgknr/ysjs/jues/202205/9eb6f6a0fc494d859fe09ae2ced12f86.shtml
R001764,内江市中医院,内江市中医医院,四川省,Sichuan,内江市,Neijiang,2023,1600,,https://www.njszyy.com/education_byhgl/2023/Vyb8Lobv.html
R001765,内江市中医院新院区,内江市中医医院,四川省,Sichuan,内江市,Neijiang,2022,1600,,https://cbgc.scol.com.cn/news/2961618
R001765,内江市中医院新院区,内江市中医医院,四川省,Sichuan,内江市,Neijiang,2024,1600,,https://www.njszyy.com/edu_continue/2024/GRb4lJbB.html
R001766,重庆医科大学内江附属医院,内江市第一人民医院,四川省,Sichuan,内江市,Neijiang,2017,1800,,https://hospital.51daifu.com/hos1844/gba/
R001768,攀枝花市第三人民医院,攀枝花市第三人民医院,四川省,Sichuan,攀枝花市,Panzhihua,2022,1100,,https://yyk.99.com.cn/panzhihua/90017/jianjie.html
R001770,攀枝花市中心医院,攀枝花市中心医院,四川省,Sichuan,攀枝花市,Panzhihua,2022,1100,,https://y.dxy.cn/hospital/1436
R001770,攀枝花市中心医院,攀枝花市中心医院,四川省,Sichuan,攀枝花市,Panzhihua,2023,2000,,https://kjb.sckjw.com.cn/info/5353634246e44706853bae65e10b0415
R001771,攀枝花学院附属医院,攀枝花市中西医结合医院,四川省,Sichuan,攀枝花市,Panzhihua,2021,1300,,https://sc.yixue99.com/2021/0111/17899.html
R001771,攀枝花学院附属医院,攀枝花市中西医结合医院,四川省,Sichuan,攀枝花市,Panzhihua,2022,1361,,https://www.ylzhaopin.com/news/56072.html
R001771,攀枝花学院附属医院,攀枝花市中西医结合医院,四川省,Sichuan,攀枝花市,Panzhihua,2023,1250,,http://ylws.huatu.com/yldw_zkxx/20230113/2611084.html
R001772,遂宁市中心医院,遂宁市中心医院,四川省,Sichuan,遂宁市,Suining,2014,2500,,https://cont.jd.com/hospital/disease/15010077534_14204
R001773,遂宁市中医院,遂宁市中医院,四川省,Sichuan,遂宁市,Suining,2017,1200,,https://s.dayi.org.cn/mip/s/hospital/1131925.html
R001774,雅安市第四人民医院,雅安市第四人民医院,四川省,Sichuan,雅安市,Yaan,2014,800,,https://www.yaan.gov.cn/mob/article.html?id=b633d051-317f-4ad1-9b10-cd33687749cb
R001774,雅安市第四人民医院,雅安市第四人民医院,四川省,Sichuan,雅安市,Yaan,2022,800,,https://www.yaan.gov.cn/mob/article.html?id=b633d051-317f-4ad1-9b10-cd33687749cb
R001774,雅安市第四人民医院,雅安市第四人民医院,四川省,Sichuan,雅安市,Yaan,2024,800,,https://www.yaan.gov.cn/gongkai/show/92b6f5888b0e55edc56cb3db2f098a48.html
R001775,雅安市人民医院,雅安市人民医院,四川省,Sichuan,雅安市,Yaan,2021,1000,,https://www.yasyy.com/Files/file/20210323/2021032309320356356.pdf
R001776,雅安市人民医院(大兴院区),雅安市人民医院,四川省,Sichuan,雅安市,Yaan,2017,1000,,https://news.zhuyitai.com/16/1227/53abed6022cd4fc0bde74172992353a6.html|https://www.yasyy.com/news/yasyy_03/2017824/JEGAJHFEDAGA049.html
R001776,雅安市人民医院(大兴院区),雅安市人民医院,四川省,Sichuan,雅安市,Yaan,2019,1000,,https://www.yasyy.com/news/yasyy_03/20191021/2132.html|https://www.yasyy.com/news/yasyy_04/
R001776,雅安市人民医院(大兴院区),雅安市人民医院,四川省,Sichuan,雅安市,Yaan,2022,1000,,https://wjw.yaan.gov.cn/xinwen/show/3a8409370e20f7671599fe3b3f3db02f.html|https://www.yasyy.com/news/yasyy_03/2022128/4094.html
R001777,雅安市中医医院,雅安市中医医院(雅安市中医医院互联网医院）,四川省,Sichuan,雅安市,Yaan,2021,499,,http://wenwen.sogou.com/z/q951099175.htm
R001777,雅安市中医医院,雅安市中医医院(雅安市中医医院互联网医院）,四川省,Sichuan,雅安市,Yaan,2024,500,,https://www.scsyaszyyy.com/oss/20251030/172647683.pdf
R001779,宜宾市第二人民医院(临港院区),宜宾市第二人民医院,四川省,Sichuan,宜宾市,Yibin,2024,1400,open,https://www.sohu.com/a/800636620_121117460|https://www.sohu.com/a/801088234_121123832
R001781,宜宾市第一人民医院（西区总院）,宜宾市第一人民医院,四川省,Sichuan,宜宾市,Yibin,2024,1800,open,https://yibin.scol.com.cn/ybyw/202409/82647288.html
R001782,安岳县中医院,安岳县中医医院,四川省,Sichuan,资阳市,Ziyang,2021,1000,,https://www.scrcjob.com/index/company/company.html?id=156394
R001785,资阳市第一人民医院,资阳市中心医院,四川省,Sichuan,资阳市,Ziyang,2018,501,,https://m.mingyihui.net/hospital_7715.html
R001785,资阳市第一人民医院,资阳市中心医院,四川省,Sichuan,资阳市,Ziyang,2024,1220,,https://baike.baidu.com/item/%E8%B5%84%E9%98%B3%E5%B8%82%E4%B8%AD%E5%BF%83%E5%8C%BB%E9%99%A2/64080048
R001786,资阳市中医院,资阳市中医医院,四川省,Sichuan,资阳市,Ziyang,2020,900,,https://y.dxy.cn/hospital/2316
R001787,自贡市第二人民医院,自贡市中医医院,四川省,Sichuan,自贡市,Zigong,2021,800,,https://www.zgszyyy.cn/js.html
R001788,自贡市第三人民医院,自贡市第三人民医院,四川省,Sichuan,自贡市,Zigong,2023,1200,,https://www.zgsyy.cn/Faculty/Announcement-View-416-18058.html
R001788,自贡市第三人民医院,自贡市第三人民医院,四川省,Sichuan,自贡市,Zigong,2024,1200,,https://www.eoffcn.com/kszx/detail/1306121.html|https://www.med66.com/weishengdanweizhaopin/sichuan/shiyedanwei/wa2401096105.shtml
R001789,自贡市第四人民医院,自贡市第四人民医院,四川省,Sichuan,自贡市,Zigong,2019,1600,,https://docs.cn-healthcare.com/sharedoc/pdf_files/20190812/8d5ea7a455584a8f949675236958182a.pdf
R001790,自贡市第五人民医院,自贡市精神卫生中心,四川省,Sichuan,自贡市,Zigong,1967,,relocated,https://www.zgmhc.cn/gk/dsj.html
R001790,自贡市第五人民医院,自贡市精神卫生中心,四川省,Sichuan,自贡市,Zigong,2016,1287,,https://www.zgmhc.cn/gk/js.html
R001791,自贡市第一人民医院,自贡市第一人民医院,四川省,Sichuan,自贡市,Zigong,2019,2300,,https://www.yyrw.org.cn/e/action/ShowInfo.php?classid=10&id=2382
R001791,自贡市第一人民医院,自贡市第一人民医院,四川省,Sichuan,自贡市,Zigong,2021,2300,,https://docs.cn-healthcare.com/sharedoc/pdf_files/20210601/57b88e820592403da3ac87366c614632.pdf
R001793,北京大学滨海医院,天津市第五中心医院,天津市,Tianjin,天津市,Tianjin,2024,1000,,https://zyy.yilianmeiti.com/6266/
R001794,南开大学附属口腔医院,天津市口腔医院,天津市,Tianjin,天津市,Tianjin,2014,100,,https://m.tj.bendibao.com/live/55332.shtm
R001794,南开大学附属口腔医院,天津市口腔医院,天津市,Tianjin,天津市,Tianjin,2015,100,,https://m.tj.bendibao.com/live/55332.shtm|https://tj.bendibao.com/live/2014119/55332.shtm
R001794,南开大学附属口腔医院,天津市口腔医院,天津市,Tianjin,天津市,Tianjin,2024,80,,https://www.gxszw.com/wstj/202407/16108706.html
R001795,泰达国际心血管病医院,泰达国际心血管病医院,天津市,Tianjin,天津市,Tianjin,2021,500,,https://m.baike.com/wikiid/7254877905539743784
R001796,天津大学天津医院,天津市天津医院,天津市,Tianjin,天津市,Tianjin,2024,1489,,https://www.tj.gov.cn/zwgk/ggqsydwxxgk/ylws/yy/202409/t20240906_6719664.html
R001797,天津市安定医院,天津市安定医院,天津市,Tianjin,天津市,Tianjin,2024,1600,,https://wsjk.tj.gov.cn/ZWGK3158/ggqsydwxx/yynew/sszy/202409/t20240906_6719563.html
R001798,天津市宝坻区人民医院,天津市宝坻区人民医院,天津市,Tianjin,天津市,Tianjin,2014,635,,http://news.enorth.com.cn/system/2014/06/25/011972229.shtml
R001799,天津市北辰区中医医院,天津市北辰区中医医院,天津市,Tianjin,天津市,Tianjin,2023,550,,https://www.bczhongyi.cn/About/1.html
R001800,天津市北辰医院,天津市北辰医院,天津市,Tianjin,天津市,Tianjin,2021,655,,https://sky.tiangong.edu.cn/2021/1013/c5277a71461/page.htm|https://www.bucmdf.edu.cn/JCFW_zpxx_zw.php?_t=1619509134&newsid=6215095|https://health.baidu.com/doctordec/hosintro/1006003
R001801,天津市第二人民医院,天津市第二人民医院,天津市,Tianjin,天津市,Tianjin,2020,400,,https://job.sdu.edu.cn/__local/3/A6/C1/E60C952AA6076099E7ABA1C36F7_3843B3B0_7200.doc?e=.doc
R001801,天津市第二人民医院,天津市第二人民医院,天津市,Tianjin,天津市,Tianjin,2024,400,,https://www.tj2rm.com/yygk/yyjj/index.shtml
R001802,天津市第三中心医院,天津市第三中心医院,天津市,Tianjin,天津市,Tianjin,2021,1100,,http://health.enorth.com.cn/system/2021/04/08/051215689.shtml
R001802,天津市第三中心医院,天津市第三中心医院,天津市,Tianjin,天津市,Tianjin,2024,1300,,https://www.teda.gov.cn/contents/19/83794.html
R001803,天津市第四中心医院,天津市第四中心医院,天津市,Tianjin,天津市,Tianjin,2024,880,,https://s.dayi.org.cn/mip/s/hospital/1136920.html
R001804,天津市第一中心医院,天津市第一中心医院,天津市,Tianjin,天津市,Tianjin,2014,1200,,https://www.tjfch.com.cn/system/2017/12/20/014301895.shtml
R001805,天津市儿童医院,天津市儿童医院,天津市,Tianjin,天津市,Tianjin,2015,1200,open,https://wsjk.tj.gov.cn/ZTZL1/ZTHG/BWCXLJSM9738/202008/t20200803_3361682.html|https://www.chard.org.cn/detail/database/88|https://tjzyy.cn/news/news_E7BC8A6A-C3B2-4085-AB96-F0603A242F91.html
R001805,天津市儿童医院,天津市儿童医院,天津市,Tianjin,天津市,Tianjin,2020,1200,,https://www.chard.org.cn/detail/database/88
R001806,天津市儿童医院(马场院区),天津市儿童医院,天津市,Tianjin,天津市,Tianjin,2019,521,open,https://wsjk.tj.gov.cn/ZTZL1/ZTHG/BWCXLJSM9738/202008/t20200803_3361688.html|https://wsjk.tj.gov.cn/ZTZL1/ZTHG/BWCXLJSM9738/202008/t20200803_3361682.html|https://www.app.tjyun.com/tjsetyy/system/2022/07/11/052878324.shtml
R001809,天津市海河医院,天津市海河医院,天津市,Tianjin,天津市,Tianjin,2014,810,,http://news.enorth.com.cn/system/2014/06/25/011972347.shtml
R001809,天津市海河医院,天津市海河医院,天津市,Tianjin,天津市,Tianjin,2015,810,,https://news.tju.edu.cn/info/1003/92129.htm
R001809,天津市海河医院,天津市海河医院,天津市,Tianjin,天津市,Tianjin,2020,810,,https://news.tju.edu.cn/info/1533/547209.htm
R001810,天津市环湖医院,天津市环湖医院,天津市,Tianjin,天津市,Tianjin,2016,1000,,https://wsjk.tj.gov.cn/XWZX6600/MTBD3030/202008/t20200828_3582443.html
R001810,天津市环湖医院,天津市环湖医院,天津市,Tianjin,天津市,Tianjin,2024,1000,,https://m.dxy.com/hospital/16769
R001811,天津市蓟州区人民医院（南环路院区）,天津市蓟州区人民医院,天津市,Tianjin,天津市,Tianjin,2024,800,,https://tjjz.gov.cn/zwgk/ggqsydwxxgk/wsjk1/yynew/202408/t20240820_6702805.html
R001812,天津市静海区医院,天津市静海区医院,天津市,Tianjin,天津市,Tianjin,2018,988,,https://www.datasn.com/n3a2/chunyuyisheng_com_doctor/hospital/2/
R001813,天津市人民医院,天津市人民医院,天津市,Tianjin,天津市,Tianjin,2014,1600,,https://www.haodf.com/hospital/509/jieshao.html
R001814,天津市人民医院滨江分院,天津市人民医院,天津市,Tianjin,天津市,Tianjin,2015,359,,https://tj.bendibao.com/live/2014119/55333.shtm|https://www.iweeeb.com/w/%E5%A4%A9%E6%B4%A5%E5%B8%82%E4%BA%BA%E6%B0%91%E5%8C%BB%E9%99%A2%E6%BB%A8%E6%B1%9F%E5%88%86%E9%99%A2
R001815,天津市武清区中医院,天津市武清区中医医院,天津市,Tianjin,天津市,Tianjin,2017,680,,http://sports.enorth.com.cn/system/2017/03/13/031637434.shtml
R001815,天津市武清区中医院,天津市武清区中医医院,天津市,Tianjin,天津市,Tianjin,2024,680,,http://www.tjwq.gov.cn/zwgk/ggqsydwxx/wsjk1/yynew/202409/t20240911_6725300.html
R001817,天津市胸科医院,天津市胸科医院,天津市,Tianjin,天津市,Tianjin,2014,1019,,https://www.chesthospital.com/system/2015/01/23/011197099.shtml
R001817,天津市胸科医院,天津市胸科医院,天津市,Tianjin,天津市,Tianjin,2015,1019,,https://www.chesthospital.com/system/2015/01/23/011197099.shtml
R001817,天津市胸科医院,天津市胸科医院,天津市,Tianjin,天津市,Tianjin,2022,1019,,https://www.chesthospital.com/doc/003/001/020/00300102084_0a9bcd38.pdf
R001818,天津市眼科医院,天津市眼科医院,天津市,Tianjin,天津市,Tianjin,2022,245,,https://www.cn-healthcare.com/api/third/article/573580
R001819,天津市中西医结合医院,天津市中西医结合医院,天津市,Tianjin,天津市,Tianjin,2012,1233,,https://mstu.tju.edu.cn/info/1074/1270.htm
R001819,天津市中西医结合医院,天津市中西医结合医院,天津市,Tianjin,天津市,Tianjin,2023,1233,,https://mstu.tju.edu.cn/info/1074/1270.htm
R001820,天津市中心妇产科医院,天津市中心妇产科医院,天津市,Tianjin,天津市,Tianjin,2024,608,,https://www.tjzxfc.cn/yygk/yyjj/index.shtml
R001821,天津市中医药研究院附属医院,天津市中医药研究院附属医院,天津市,Tianjin,天津市,Tianjin,2020,847,,https://www.med66.com/zhuyuanyishi/tianjin/bi2107152074.shtml
R001821,天津市中医药研究院附属医院,天津市中医药研究院附属医院,天津市,Tianjin,天津市,Tianjin,2024,847,,https://www.tj.gov.cn/zwgk/ggqsydwxxgk/ylws/yy/202409/t20240906_6719714.html
R001823,天津医科大学代谢病医院,天津医科大学朱宪彝纪念医院,天津市,Tianjin,天津市,Tianjin,2016,241,,https://s.dayi.org.cn/mip/s/hospital/821.html
R001823,天津医科大学代谢病医院,天津医科大学朱宪彝纪念医院,天津市,Tianjin,天津市,Tianjin,2019,241,,https://www.sohu.com/a/320129065_734176
R001824,天津医科大学第二附属医院,天津医科大学第二附属医院,天津市,Tianjin,天津市,Tianjin,2021,1360,,https://www.gccrcw.com/region/tianjin/tjws/202105/3153961.html
R001825,天津医科大学附属肿瘤医院,天津医科大学附属肿瘤医院,天津市,Tianjin,天津市,Tianjin,2021,2000,,https://www.tjmuch.com/system/2021/07/19/030007475.shtml
R001826,天津医科大学口腔医院,天津医科大学口腔医院,天津市,Tianjin,天津市,Tianjin,2014,50,,https://kouqiang.tongji.edu.cn/info/1017/1641.htm|https://s.dayi.org.cn/mip/s/hospital/1129260.html
R001826,天津医科大学口腔医院,天津医科大学口腔医院,天津市,Tianjin,天津市,Tianjin,2024,50,,https://gs.tmu.edu.cn/_upload/article/files/0b/c9/dd3a3fb04e959b4dc558c4e93eea/47db2c00-d143-4771-b14d-6087d89d9b19.pdf
R001827,天津医科大学眼科医院,天津医科大学眼科医院,天津市,Tianjin,天津市,Tianjin,2022,245,,https://oio.com.cn/news/view/5085
R001828,天津医科大学朱宪彝纪念医院,天津医科大学朱宪彝纪念医院,天津市,Tianjin,天津市,Tianjin,2019,500,open,https://www.tmu.edu.cn/dxbyy/250/list.htm|https://m.thepaper.cn/newsDetail_forward_3557505
R001829,天津医科大学总医院,天津医科大学总医院,天津市,Tianjin,天津市,Tianjin,2019,2468,,https://m.mingyihui.net/hospital_290.html
R001829,天津医科大学总医院,天津医科大学总医院,天津市,Tianjin,天津市,Tianjin,2022,2468,,https://www.tjmugh.com.cn/system/2022/03/22/030013087.shtml
R001831,天津中医药大学第二附属医院,天津中医药大学第二附属医院,天津市,Tianjin,天津市,Tianjin,2017,1000,open,https://www.tjzyefy.com/system/2016/12/28/014001232.shtml|https://www.tjzyefy.com/system/2017/08/18/014008999.shtml
R001831,天津中医药大学第二附属医院,天津中医药大学第二附属医院,天津市,Tianjin,天津市,Tianjin,2024,1258,open,https://wsjk.tj.gov.cn/ZWGK3158/ggqsydwxx/yynew/sszy/202409/t20240905_6718275.html|https://www.tjutcm.edu.cn/info/1047/2086.htm
R001835,中国医学科学院血液病医院海光寺院区,中国医学科学院血液病医院,天津市,Tianjin,天津市,Tianjin,2022,767,,https://y.dxy.cn/hospital/12625
R001836,拉萨市人民医院,拉萨市人民医院,西藏自治区,Tibet,拉萨市,Lhasa,2023,373,,https://jkw.lasa.gov.cn/wswyh/czys/202301/e69e41b5cd85406aace42341358cdc30.shtml
R001836,拉萨市人民医院,拉萨市人民医院,西藏自治区,Tibet,拉萨市,Lhasa,2024,600,,https://www.lasa.gov.cn/lasa/czys/202502/5026b053efd04f5e882e0290a3393457.shtml
R001837,西藏自治区藏医院,西藏自治区藏医院（西藏自治区藏医药研究院）,西藏自治区,Tibet,拉萨市,Lhasa,2019,519,,http://wjw.xizang.gov.cn/jgzn/zsdw/201908/t20190808_92601.html?bclwjcldgtdgwqqn?wjjzwjsbmfbcvoce?ezynrgtmpegdgtdq
R001837,西藏自治区藏医院,西藏自治区藏医院（西藏自治区藏医药研究院）,西藏自治区,Tibet,拉萨市,Lhasa,2024,519,,https://wjw.xizang.gov.cn/zwgk/msggk/czzj/czyjssg/202402/t20240205_402750.html
R001838,西藏自治区人民医院,西藏自治区人民医院,西藏自治区,Tibet,拉萨市,Lhasa,2020,1000,,http://wjw.xizang.gov.cn/jgzn/zsdw/201908/t20190808_92602.html
R001838,西藏自治区人民医院,西藏自治区人民医院,西藏自治区,Tibet,拉萨市,Lhasa,2021,1000,,https://www.toutiao.com/article/6949829270113911311
R001840,林芝市人民医院,林芝市人民医院,西藏自治区,Tibet,林芝市,Linzhi,2023,300,,https://www.dayi.org.cn/hospital/1154885.html|https://www.med66.com/weishengdanweizhaopin/xizang/shiyedanwei/wa2312187825.shtml
R001841,山南市藏医院,山南市藏医医院,西藏自治区,Tibet,山南市,Shannan,2024,206,,https://www.kq36.com/25/0ef36ef6a1b64aad805006fdf1de8374
R001842,山南市人民医院,山南市人民医院,西藏自治区,Tibet,山南市,Shannan,2024,348,,https://www.shannan.gov.cn/zwgk/zdlyxxgk/yjsgk/202501/t20250123_146587.html
R001843,阿克苏地区第一人民医院,新疆维吾尔自治区阿克苏地区第一人民医院,新疆维吾尔自治区,Xinjiang,阿克苏地区,Aksu Prefecture,2024,1600,,https://xjrct.xjyxonline.com/site/xjrctxjyxonlinecom/bmsx-1/info/2024/56df9368-153c-4638-adb7-1cffefa1974c.html
R001844,新疆兵团农一师医院,新疆生产建设兵团第一师医院,新疆维吾尔自治区,Xinjiang,阿克苏地区,Aksu Prefecture,2022,1080,,https://www.cn-healthcare.com/articlewm/20220812/content-1416642.html
R001844,新疆兵团农一师医院,新疆生产建设兵团第一师医院,新疆维吾尔自治区,Xinjiang,阿克苏地区,Aksu Prefecture,2023,1080,,https://cmc.hbust.edu.cn/info/1059/1470.htm
R001844,新疆兵团农一师医院,新疆生产建设兵团第一师医院,新疆维吾尔自治区,Xinjiang,阿克苏地区,Aksu Prefecture,2024,1080,,https://www.bt.chinanews.com.cn/kejiao/2024-10-23/doc-iheihqmr4634778.shtml
R001845,博尔塔拉蒙古自治州人民医院,博尔塔拉蒙古自治州人民医院,新疆维吾尔自治区,Xinjiang,博尔塔拉蒙古自治州,Bortala Mongol Autonomous Prefecture,2023,700,,https://www.xjboz.gov.cn/xjboz/c126188/202308/c421e78a06b04887afc6f92c28666536.shtml
R001846,昌吉州人民医院,昌吉回族自治州人民医院,新疆维吾尔自治区,Xinjiang,昌吉回族自治州,Changji Hui Autonomous Prefecture,2023,1300,,https://yzp.cn/zhaopingonggao/97542.html
R001847,昌吉州中医院,昌吉回族自治州中医医院,新疆维吾尔自治区,Xinjiang,昌吉回族自治州,Changji Hui Autonomous Prefecture,2016,550,,http://www.cj.gov.cn/p127/wsjk/20160217/173212.html
R001847,昌吉州中医院,昌吉回族自治州中医医院,新疆维吾尔自治区,Xinjiang,昌吉回族自治州,Changji Hui Autonomous Prefecture,2020,550,,https://www.163.com/dy/article/FAH5LU4M0545B7F4.html
R001848,喀什地区第一人民医院,喀什地区第一人民医院,新疆维吾尔自治区,Xinjiang,喀什地区,Kashgar Prefecture,2014,1400,,https://news.ifeng.com/a/20141125/42565123_0.shtml
R001849,喀什地区第一人民医院(疏附广州新城院区),喀什地区第一人民医院,新疆维吾尔自治区,Xinjiang,喀什地区,Kashgar Prefecture,2019,600,open,https://news.southcn.com/node_35b24e100d/4615f55d62.shtml|https://ycpai.ycwb.com/ycppad/content/2019-12/30/content_603174.html
R001849,喀什地区第一人民医院(疏附广州新城院区),喀什地区第一人民医院,新疆维吾尔自治区,Xinjiang,喀什地区,Kashgar Prefecture,2020,600,,https://wjw.xinjiang.gov.cn/hfpc/fkxxfytzgg/202002/05e2f89904c049aeaaeb0a69f7e661b7.shtml
R001849,喀什地区第一人民医院(疏附广州新城院区),喀什地区第一人民医院,新疆维吾尔自治区,Xinjiang,喀什地区,Kashgar Prefecture,2022,600,,https://news.southcn.com/node_35b24e100d/4615f55d62.shtml
R001849,喀什地区第一人民医院(疏附广州新城院区),喀什地区第一人民医院,新疆维吾尔自治区,Xinjiang,喀什地区,Kashgar Prefecture,2023,600,,https://www.kashi.gov.cn/ksdqxzgs/c112194/202302/194c16a280e440d6833b083968570926.shtml
R001850,克拉玛依市中心医院,克拉玛依市中心医院,新疆维吾尔自治区,Xinjiang,克拉玛依市,Kelamayi,2024,972,,http://www.cnwszl.com/docs/lsdwfc/details.aspx?documentid=3365
R001851,克孜勒苏柯尔克孜自治州人民医院,克孜勒苏柯尔克孜自治州人民医院,新疆维吾尔自治区,Xinjiang,克孜勒苏柯尔克孜自治州,Kizilsu Kirghiz Autonomous Prefecture,2019,1500,,https://www.xjkz.gov.cn/xjkz/c101814/202008/961fcf10998142f0bdc95dc134e3f848.shtml
R001852,石河子大学医学院第一附属医院,石河子大学第一附属医院,新疆维吾尔自治区,Xinjiang,石河子市,Shihezi,2016,1500,,https://lwtj.shzu.edu.cn/openfile?dbid=72&lwsing=8dc53269e66a4759bca6355d79be24a7&objid=55_52_52_52_49
R001852,石河子大学医学院第一附属医院,石河子大学第一附属医院,新疆维吾尔自治区,Xinjiang,石河子市,Shihezi,2019,2000,,https://www.eoffcn.com/kszx/gonggao/877672.html
R001853,中国人民解放军新疆军区总医院,中国人民解放军新疆军区总医院,新疆维吾尔自治区,Xinjiang,乌鲁木齐市,Urumqi,2014,1039,,https://yanke360.com/26d78bfa-1213-6779-98ba-eacebd73fd3c/a5acedba-e828-434a-8771-77a61fcb8f08.shtml
R001853,中国人民解放军新疆军区总医院,中国人民解放军新疆军区总医院,新疆维吾尔自治区,Xinjiang,乌鲁木齐市,Urumqi,2023,1500,,https://xjrct.xjyxonline.com/site/xjrctxjyxonlinecom/bmsx-1/info/2023/934c8ecd-5aef-4e90-9b9e-c18265cc64c3.html
R001856,乌鲁木齐市友谊医院,乌鲁木齐市友谊医院,新疆维吾尔自治区,Xinjiang,乌鲁木齐市,Urumqi,2019,1120,,https://www.wlmq.gov.cn/wlmqs/c119127/201904/b04510912d3446acb1d52406db5d6308.shtml
R001859,新疆佳音医院,新疆佳音医院,新疆维吾尔自治区,Xinjiang,乌鲁木齐市,Urumqi,2022,142,,https://qxb-pdf-osscache.qixin.com/AnBaseinfo/cf09127e462808c39b863d30676885f8.pdf
R001862,新疆维吾尔自治区人民医院,新疆维吾尔自治区人民医院,新疆维吾尔自治区,Xinjiang,乌鲁木齐市,Urumqi,2017,2700,,https://docs.cn-healthcare.com/sharedoc/pdf_files/20171114/1e0571b18ef94c8b94a5bbfd5d84d572.pdf
R001862,新疆维吾尔自治区人民医院,新疆维吾尔自治区人民医院,新疆维吾尔自治区,Xinjiang,乌鲁木齐市,Urumqi,2024,2700,,https://czt.xinjiang.gov.cn/xjczt/c115186/202403/b9176d6a61d945c68249238f4427f96a/files/6.%E6%96%B0%E7%96%86%E7%BB%B4%E5%90%BE%E5%B0%94%E8%87%AA%E6%B2%BB%E5%8C%BA%E4%BA%BA%E6%B0%91%E5%8C%BB%E9%99%A22024%E5%B9%B4%E5%8D%95%E4%BD%8D%E9%A2%84%E7%AE%97%E5%85%AC%E5%BC%80%E6%8A%A5%E5%91%8A-20250812181303490006.pdf
R001863,新疆维吾尔自治区维吾尔医医院,新疆维吾尔自治区维吾尔医医院,新疆维吾尔自治区,Xinjiang,乌鲁木齐市,Urumqi,2019,500,,https://sthjt.xinjiang.gov.cn/xjepd/eportal/fileDir/xjsthjt/resource/cms/article/311189/undefined/%E6%96%B0%E7%96%86%E7%BB%B4%E5%90%BE%E5%B0%94%E8%87%AA%E6%B2%BB%E5%8C%BA%E7%BB%B4%E5%90%BE%E5%B0%94%E5%8C%BB%E5%8C%BB%E9%99%A2%E4%B8%AD%E5%8C%BB%E8%8D%AF%E4%BC%A0%E6%89%BF%E5%88%9B%E6%96%B0%E5%B7%A5%E7%A8%8B%E9%87%8D%E7%82%B9%E7%BB%B4%E5%90%BE%E5%B0%94%E5%8C%BB%E5%8C%BB%E9%99%A2%E5%BB%BA%E8%AE%BE%E9%A1%B9%E7%9B%AE%E7%8E%AF%E8%AF%84%E6%8A%A5%E5%91%8A%E4%B9%A6%EF%BC%88%E5%85%AC%E7%A4%BA%E7%A8%BF%EF%BC%89.pdf
R001863,新疆维吾尔自治区维吾尔医医院,新疆维吾尔自治区维吾尔医医院,新疆维吾尔自治区,Xinjiang,乌鲁木齐市,Urumqi,2024,500,,https://wjw.xinjiang.gov.cn/hfpc/zhgl8/202406/7c09013ebaf44d01a99bb6294235bb0f.shtml
R001864,新疆维吾尔自治区中医院,新疆医科大学第四附属医院（新疆维吾尔自治区中医医院）,新疆维吾尔自治区,Xinjiang,乌鲁木齐市,Urumqi,2023,3500,,https://jdjyw.jlu.edu.cn/portal/jyzp/recruit/details?id=3336cd15ce194bfc91f9405ddba4afdc
R001865,新疆医科大学第二附属医院,新疆医科大学第二附属医院,新疆维吾尔自治区,Xinjiang,乌鲁木齐市,Urumqi,2024,800,,https://xjrct.xjyxonline.com/site/xjrctxjyxonlinecom/bmsx-1/info/2024/b4495ba1-6bd6-4e90-a8aa-a3a075021ebe.html
R001866,新疆医科大学第三附属医院,新疆医科大学附属肿瘤医院,新疆维吾尔自治区,Xinjiang,乌鲁木齐市,Urumqi,2024,1650,,https://wjw.xinjiang.gov.cn/hfpc/yjsgk/202403/fd00393da6ae422db26b493148137e06/files/11.%E6%96%B0%E7%96%86%E5%8C%BB%E7%A7%91%E5%A4%A7%E5%AD%A6%E9%99%84%E5%B1%9E%E8%82%BF%E7%98%A4%E5%8C%BB%E9%99%A22024%E5%B9%B4%E5%8D%95%E4%BD%8D%E9%A2%84%E7%AE%97%E5%85%AC%E5%BC%80%E6%8A%A5%E5%91%8A.pdf
R001867,新疆医科大学第五附属医院,新疆医科大学第五附属医院,新疆维吾尔自治区,Xinjiang,乌鲁木齐市,Urumqi,2016,1116,,https://www.dayi.org.cn/hospital/1156541.html
R001868,新疆医科大学第一附属医院,新疆医科大学第一附属医院,新疆维吾尔自治区,Xinjiang,乌鲁木齐市,Urumqi,2024,2970,,https://www.114gh.com/yy/xj/4235.html
R001870,新疆四七四医院,新疆四七四医院,新疆维吾尔自治区,Xinjiang,乌鲁木齐市,Urumqi,2021,540,,https://www.1styan.com/hos/49533.html
R001870,新疆四七四医院,新疆四七四医院,新疆维吾尔自治区,Xinjiang,乌鲁木齐市,Urumqi,2025,540,,https://www.urumqi.gov.cn/wlmqs/c119218/202507/932c0740825c4bd4ab325ad10f5004be/files/857102c7e3644dcfa642d8d10c323e0a.pdf
R001871,新疆生产建设兵团第四师医院,新疆生产建设兵团第四师医院,新疆维吾尔自治区,Xinjiang,伊犁哈萨克自治州,Ili Kazak Autonomous Prefecture,2024,600,,https://www.qm120.com/yyk/xjscjsbtdssyy/about/
R001872,伊犁州奎屯医院,伊犁哈萨克自治州奎屯医院,新疆维吾尔自治区,Xinjiang,伊犁哈萨克自治州,Ili Kazak Autonomous Prefecture,2020,800,,https://www.med66.com/zhuyuanyishi/xinjiang/bi2004149790.shtml
R001872,伊犁州奎屯医院,伊犁哈萨克自治州奎屯医院,新疆维吾尔自治区,Xinjiang,伊犁哈萨克自治州,Ili Kazak Autonomous Prefecture,2023,800,,https://www.xjyl.gov.cn/xjylz/c118480/202311/ca03ee2dbe1840fcb924687b8d2d52ef.shtml
R001872,伊犁州奎屯医院,伊犁哈萨克自治州奎屯医院,新疆维吾尔自治区,Xinjiang,伊犁哈萨克自治州,Ili Kazak Autonomous Prefecture,2024,800,,https://yili.huatu.com/2024/0726/1604211.html
R001873,伊犁哈萨克自治州友谊医院院本部,伊犁哈萨克自治州友谊医院,新疆维吾尔自治区,Xinjiang,伊犁哈萨克自治州,Ili Kazak Autonomous Prefecture,2024,1700,,https://www.xjsmc.edu.cn/10.pdf
R001875,保山市第三人民医院,保山市第三人民医院,云南省,Yunnan,保山市,Baoshan,2019,400,,https://baoshan.gov.cn/info/4953/1540604.htm
R001875,保山市第三人民医院,保山市第三人民医院,云南省,Yunnan,保山市,Baoshan,2023,350,,https://www.baoshan.gov.cn/info/23636/9798294.htm
R001876,保山市人民医院,保山市人民医院,云南省,Yunnan,保山市,Baoshan,2019,1550,,https://baoshan.gov.cn/info/4953/1539074.htm
R001877,保山市中医院,保山市中医院,云南省,Yunnan,保山市,Baoshan,2022,530,,https://www.baoshan.gov.cn/virtual_attach_file.vsb?afc=2L8LdPLN7YoRffo-RUsnNrVUzl4U4-WDM4LiozTfnmGaUlU0gihFp2hmCIa0MSyPUYhVn1yDMl-PozNDM4TknmA7oz-ZolLPM4-bLlCiozVFLR7PnNM2o7MFL8LDnRlJv2nto4OeoDW4vsWx_tQxqd6ELmGYL1hXptQ0g4CPMm-0oz-DMR7iMkbw62H8c
R001878,楚雄彝族自治州第二人民医院,楚雄彝族自治州第二人民医院,云南省,Yunnan,楚雄彝族自治州,Chuxiong Yi Autonomous Prefecture,2021,680,,https://www.toutiao.com/article/6996317810582503944/
R001879,楚雄彝族自治州人民医院,楚雄彝族自治州人民医院,云南省,Yunnan,楚雄彝族自治州,Chuxiong Yi Autonomous Prefecture,2024,2300,,https://www.ynwsjkrc.cn/temp/1720072069290012796.pdf
R001880,楚雄彝族自治州中医医院,楚雄彝族自治州中医医院,云南省,Yunnan,楚雄彝族自治州,Chuxiong Yi Autonomous Prefecture,2016,1000,,https://y.dxy.cn/hospital/882
R001881,大理白族自治州中医院,大理白族自治州中医院,云南省,Yunnan,大理白族自治州,Dali Bai Autonomous Prefecture,2022,671,,https://www.sohu.com/a/539156096_121106902
R001882,大理州第二人民医院,大理州第二人民医院,云南省,Yunnan,大理白族自治州,Dali Bai Autonomous Prefecture,2024,800,,https://www.kq36.com/25/edd8414897cb4f9a90253d1cb74e8867
R001884,云南省第四人民医院,云南省第四人民医院,云南省,Yunnan,大理白族自治州,Dali Bai Autonomous Prefecture,2015,1200,,https://591yz.com/m/company/detail-124
R001885,云南省德宏州医疗集团,云南省德宏州医疗集团,云南省,Yunnan,德宏傣族景颇族自治州,Dehong Dai and Jingpo Autonomous Prefecture,2022,1000,,https://s.dayi.org.cn/mip/s/hospital/1156281.html
R001888,云南省滇南中心医院（新院区）,云南省滇南中心医院（红河州第一人民医院）,云南省,Yunnan,红河哈尼族彝族自治州,Honghe Hani and Yi Autonomous Prefecture,2018,1490,,https://www.hh.gov.cn/info/12651/756722.htm
R001888,云南省滇南中心医院（新院区）,云南省滇南中心医院（红河州第一人民医院）,云南省,Yunnan,红河哈尼族彝族自治州,Honghe Hani and Yi Autonomous Prefecture,2024,2500,,https://www.hh.gov.cn/info/11381/636992.htm
R001889,红河州滇南中心医院（个旧市人民医院）,红河州滇南中心医院（个旧市人民医院）,云南省,Yunnan,红河哈尼族彝族自治州,Honghe Hani and Yi Autonomous Prefecture,2016,1000,,https://www.hf960.com/n37738c25.aspx
R001889,红河州滇南中心医院（个旧市人民医院）,红河州滇南中心医院（个旧市人民医院）,云南省,Yunnan,红河哈尼族彝族自治州,Honghe Hani and Yi Autonomous Prefecture,2017,1000,,https://www.sohu.com/a/196828534_456029
R001889,红河州滇南中心医院（个旧市人民医院）,红河州滇南中心医院（个旧市人民医院）,云南省,Yunnan,红河哈尼族彝族自治州,Honghe Hani and Yi Autonomous Prefecture,2018,1000,,https://www.hh.gov.cn/info/11371/1092462.htm
R001889,红河州滇南中心医院（个旧市人民医院）,红河州滇南中心医院（个旧市人民医院）,云南省,Yunnan,红河哈尼族彝族自治州,Honghe Hani and Yi Autonomous Prefecture,2019,1000,,https://m.yunnan.cn/system/2019/01/08/030173040.shtml
R001889,红河州滇南中心医院（个旧市人民医院）,红河州滇南中心医院（个旧市人民医院）,云南省,Yunnan,红河哈尼族彝族自治州,Honghe Hani and Yi Autonomous Prefecture,2022,1200,,https://www.hhgj.gov.cn/info/12791/305701.htm
R001889,红河州滇南中心医院（个旧市人民医院）,红河州滇南中心医院（个旧市人民医院）,云南省,Yunnan,红河哈尼族彝族自治州,Honghe Hani and Yi Autonomous Prefecture,2023,1000,,https://www.hhgj.gov.cn/info/12801/433791.htm
R001889,红河州滇南中心医院（个旧市人民医院）,红河州滇南中心医院（个旧市人民医院）,云南省,Yunnan,红河哈尼族彝族自治州,Honghe Hani and Yi Autonomous Prefecture,2024,1200,,https://www.hhgj.gov.cn/info/88241/622911.htm
R001892,昆明市第三人民医院,昆明市第三人民医院,云南省,Yunnan,昆明市,Kunming,2021,647,,https://www.saiterobot.com/trade/193.html
R001893,昆明市第一人民医院,昆明市第一人民医院,云南省,Yunnan,昆明市,Kunming,2018,1100,,https://static.sse.com.cn/disclosure/bond/announcement/company/c/3505088590269620.pdf
R001894,昆明市第一人民医院(北院区),昆明市第一人民医院,云南省,Yunnan,昆明市,Kunming,2018,1000,,https://qccdata.qichacha.com/ReportData/PDF/2e52bf2e2ae9e5ee0655729ef492ff71.pdf
R001895,昆明市儿童医院,昆明市儿童医院,云南省,Yunnan,昆明市,Kunming,2022,1300,,https://www.etyy.cn/About/22/12446.html
R001897,昆明医科大学第二附属医院,昆明医科大学第二附属医院,云南省,Yunnan,昆明市,Kunming,2019,1500,,https://www.med66.com/zhuyuanyishi/yunnan/dw1911085256.shtml
R001898,昆明医科大学第三附属医院,昆明医科大学第三附属医院,云南省,Yunnan,昆明市,Kunming,2023,1829,,https://baike.sogou.com/m/fullLemma?g_ut=3&lid=8216782
R001899,昆明医科大学第一附属医院（西昌路院区）,昆明医科大学第一附属医院,云南省,Yunnan,昆明市,Kunming,2018,3000,,https://www.kmmu.edu.cn/Pages_1390_30794.aspx
R001900,昆明医科大学第一附属医院（呈贡院区）,昆明医科大学第一附属医院,云南省,Yunnan,昆明市,Kunming,2015,1051,open,https://www.cnkmol.com/news/2015/1129/42032/1/
R001900,昆明医科大学第一附属医院（呈贡院区）,昆明医科大学第一附属医院,云南省,Yunnan,昆明市,Kunming,2024,1000,,https://www.kmmc.cn/Pages_2556_53860.aspx
R001901,昆明医科大学附属延安医院,昆明医科大学附属延安医院,云南省,Yunnan,昆明市,Kunming,2024,2197,,https://www.youlai.cn/yyk/hospintro/1925/
R001902,云南昆钢医院,云南昆钢医院,云南省,Yunnan,昆明市,Kunming,2022,849,,https://www.hf960.com/n129215c93.aspx
R001902,云南昆钢医院,云南昆钢医院,云南省,Yunnan,昆明市,Kunming,2023,849,,https://www.hf960.com/n157227c93.aspx
R001902,云南昆钢医院,云南昆钢医院,云南省,Yunnan,昆明市,Kunming,2024,849,,https://www.hf960.com/n175938c93.aspx
R001903,云南省第二人民医院,云南省第二人民医院,云南省,Yunnan,昆明市,Kunming,2019,1500,,https://etyy.cn/News/40/62659.html
R001903,云南省第二人民医院,云南省第二人民医院,云南省,Yunnan,昆明市,Kunming,2020,1500,,http://www.zzdh.net/wz/wzll25532.html
R001904,云南省第三人民医院,云南省第三人民医院,云南省,Yunnan,昆明市,Kunming,2017,1000,,https://www.51test.net/show/8494218.html
R001904,云南省第三人民医院,云南省第三人民医院,云南省,Yunnan,昆明市,Kunming,2021,1000,,https://www.sohu.com/a/461923204_124709
R001905,云南省第一人民医院,云南省第一人民医院,云南省,Yunnan,昆明市,Kunming,2023,2000,,https://csp.ncmi.cn/UsersInfo/UserUnit/UserUnitDetailWeb?uid=00292
R001907,云南省阜外心血管病医院,云南省阜外心血管病医院,云南省,Yunnan,昆明市,Kunming,2020,700,,http://www.ynfwyy.com/News/Articles/Index/210416
R001907,云南省阜外心血管病医院,云南省阜外心血管病医院,云南省,Yunnan,昆明市,Kunming,2024,700,,https://m.ynfwyy.com/News/Articles/Index/212488
R001908,云南省精神病医院,云南省精神病医院,云南省,Yunnan,昆明市,Kunming,2023,1000,,https://www.ynjs.com.cn/mobile/zhupei/detail/2455.html
R001908,云南省精神病医院,云南省精神病医院,云南省,Yunnan,昆明市,Kunming,2024,1000,,https://www.ynjs.com.cn/main/zhupei/detail/3018.html
R001909,云南中医学院第三附属医院,昆明市中医医院,云南省,Yunnan,昆明市,Kunming,2024,1387,,https://www.ynwsjkrc.cn/temp/1720072150290069153.pdf|https://yjs.cd120.com/upload/files/2024/10/1a86cc971d556096.pdf
R001910,云南中医药大学第一附属医院,云南中医药大学第一附属医院,云南省,Yunnan,昆明市,Kunming,2014,742,,https://www.ynucm.edu.cn/virtual_attach_file.vsb?afc=LL4CMaL7lYLR-8Mo4GbnzGYLmV7M8UuiozVRLlMVozrfM8C0gihFp2hmCIa0MYybLkyDn1hkU4N4U8Laoz9YLmLYL4WVM8U8M4vPn7lYLNnFnl-YnRCPM4VFLzL4nmW2gjfNQmOeLmGPozGsLmlYL4LsLz7PMRNYoRU4LkbaQ2CeosTJ_jTbQd90qIbtpYyPLRlYg4-iMRUPgtA8pUUcc&e=.pdf&nid=25441&oid=2127979981&tid=1052
R001911,云南中医药大学第一附属医院(滇池院区),云南中医药大学第一附属医院,云南省,Yunnan,昆明市,Kunming,2015,600,open,https://health.baidu.com/doctordec/hosintro/1034034|https://www.hf960.com/n26838c15.aspx
R001912,丽江市人民医院,丽江市人民医院,云南省,Yunnan,丽江市,Lijiang,2018,800,,https://www.120.net/yiyuan/jieshao/408cvdxc47ivbon8.html
R001912,丽江市人民医院,丽江市人民医院,云南省,Yunnan,丽江市,Lijiang,2023,980,,https://www.ynwsjkrc.cn/temp/1686124063840019722.pdf
R001914,临沧市人民医院,临沧市人民医院,云南省,Yunnan,临沧市,Lincang,2023,1816,,https://www.lcrmyy.com/html/2023/yiyuangonggao_0607/4224.html
R001914,临沧市人民医院,临沧市人民医院,云南省,Yunnan,临沧市,Lincang,2024,1816,,https://lincang.gov.cn/zfxxgk_lcs_czj/artview/959/333458.html?chapter=null&ml=null&year=null
R001915,怒江州人民医院,怒江州人民医院,云南省,Yunnan,怒江傈僳族自治州,Nujiang Lisu Autonomous Prefecture,2020,1071,,https://www.114gh.com/yy/yn/4368.html
R001915,怒江州人民医院,怒江州人民医院,云南省,Yunnan,怒江傈僳族自治州,Nujiang Lisu Autonomous Prefecture,2024,1071,,https://www.njzrmyy.cn/info/c/4.html
R001916,普洱市人民医院,普洱市人民医院,云南省,Yunnan,普洱市,Puer,2024,2300,,http://www.hf960.com/n171358c99.aspx|https://y.dxy.cn/hospital/370/
R001917,普洱市中医院,普洱市中医院,云南省,Yunnan,普洱市,Puer,2018,529,,https://www.bohe.cn/hospital/36564/
R001917,普洱市中医院,普洱市中医院,云南省,Yunnan,普洱市,Puer,2022,506,,https://s.dayi.org.cn/mip/s/hospital/1151876.html
R001918,曲靖市第二人民医院,曲靖市第二人民医院,云南省,Yunnan,曲靖市,Qujing,2020,1200,,https://www.hf960.com/n90782c94.aspx
R001918,曲靖市第二人民医院,曲靖市第二人民医院,云南省,Yunnan,曲靖市,Qujing,2021,1200,,https://www.hf960.com/n107738c94.aspx
R001919,曲靖市第三人民医院,曲靖市第三人民医院,云南省,Yunnan,曲靖市,Qujing,2020,800,,https://wap.hf960.com/n99076c94.aspx
R001919,曲靖市第三人民医院,曲靖市第三人民医院,云南省,Yunnan,曲靖市,Qujing,2022,780,,https://www.qj.gov.cn/html/2022/wsjk_0718/103416.html
R001919,曲靖市第三人民医院,曲靖市第三人民医院,云南省,Yunnan,曲靖市,Qujing,2024,1000,,https://www.zpw0874.com/wap/c_gongzhao-a_show-id_335.html
R001920,曲靖市第一人民医院,曲靖市第一人民医院,云南省,Yunnan,曲靖市,Qujing,2019,3000,,https://www.jd.com/hospital/disease/15010080571_165
R001922,曲靖市中医医院,曲靖市中医医院,云南省,Yunnan,曲靖市,Qujing,2023,588,,https://www.qj.gov.cn/html/2023/wsjk_0821/103426.html
R001923,曲靖市中医医院(三元院区),曲靖市中医医院,云南省,Yunnan,曲靖市,Qujing,2023,510,,https://www.qj.gov.cn/html/2023/wsjk_0821/103426.html
R001924,宣威市中医医院,宣威市中医医院,云南省,Yunnan,曲靖市,Qujing,2024,1076,,https://www.ynwsjkrc.cn/temp/1720075691613090548.pdf
R001926,文山州人民医院,文山州人民医院,云南省,Yunnan,文山壮族苗族自治州,Wenshan Zhuang and Miao Autonomous Prefecture,2023,1500,,https://www.ynwsjkrc.cn/temp/1720072102255038619.pdf
R001927,文山州中医院,文山州中医院,云南省,Yunnan,文山壮族苗族自治州,Wenshan Zhuang and Miao Autonomous Prefecture,2023,450,,https://www.ynws.gov.cn/wszzf/ylwsl/column/content/content_1872125782320816128.html
R001928,西双版纳州人民医院,西双版纳州人民医院,云南省,Yunnan,西双版纳傣族自治州,Xishuangbanna Dai Autonomous Prefecture,2024,1200,,http://career.csu.edu.cn/company/view/id/535249
R001929,玉溪市人民医院,玉溪市人民医院,云南省,Yunnan,玉溪市,Yuxi,2016,1531,,https://www.yuxi.gov.cn/yxszfxxgk/sjjggg76459/20180510/826695.html
R001929,玉溪市人民医院,玉溪市人民医院,云南省,Yunnan,玉溪市,Yuxi,2019,2083,,https://www.yuxi.gov.cn/yxs/ywdtsy/20250818/1617739.html
R001930,玉溪市中医医院,玉溪市中医医院,云南省,Yunnan,玉溪市,Yuxi,2023,924,,https://www.yxszyyy.cn/news/tongzhigonggao/3217.html
R001931,昭通市第一人民医院,昭通市第一人民医院,云南省,Yunnan,昭通市,Zhaotong,2020,1500,,https://www.ztsdyrmyy.com/info/i/1142.html
R001932,昭通市中医院,昭通市中医院,云南省,Yunnan,昭通市,Zhaotong,2014,800,,http://dxy.com/hospital/626
R001932,昭通市中医院,昭通市中医院,云南省,Yunnan,昭通市,Zhaotong,2022,1499,,http://yyk.99.com.cn/h/88250/jianjie.html
R001933,陕西省安康市中医医院,安康市中医医院,陕西省,Shaanxi,安康市,Ankang,2016,1000,,https://wjw.ankang.gov.cn/Content-267972.html
R001934,杭州师范大学附属医院,杭州师范大学附属医院,浙江省,Zhejiang,杭州市,Hangzhou,2017,1588,,https://gonghui.hznu.edu.cn/c/2017-03-23/868343.shtml
R001934,杭州师范大学附属医院,杭州师范大学附属医院,浙江省,Zhejiang,杭州市,Hangzhou,2018,1588,,https://hz2y.com/index/article/details/id/942/pid/42.html
R001935,杭州市第七人民医院,杭州市第七人民医院,浙江省,Zhejiang,杭州市,Hangzhou,2014,950,,https://hznews.hangzhou.com.cn/kejiao/content/2014-10/17/content_5487471.htm
R001935,杭州市第七人民医院,杭州市第七人民医院,浙江省,Zhejiang,杭州市,Hangzhou,2020,1100,,https://zjjcmspublic.oss-cn-hangzhou-zwynet-d01-a.internet.cloud.zj.gov.cn/jcms_files/jcms1/web149/site/attach/0/a2ea7d2995bf4906b6a5e43539c2ad7e.pdf
R001935,杭州市第七人民医院,杭州市第七人民医院,浙江省,Zhejiang,杭州市,Hangzhou,2021,950,,https://hzdqyy.runtrial.net/site/content.htm?cid=37
R001935,杭州市第七人民医院,杭州市第七人民医院,浙江省,Zhejiang,杭州市,Hangzhou,2023,1100,,https://hznews.hangzhou.com.cn/kejiao/content/2023-11/23/content_8647325.htm
R001936,杭州市第一人民医院(城北院区),杭州市第一人民医院,浙江省,Zhejiang,杭州市,Hangzhou,2023,800,,https://apiv4.cst123.cn/cst/news/shareDetail?id=806470090873634816
R001937,杭州市第一人民医院(湖滨院区),杭州市第一人民医院,浙江省,Zhejiang,杭州市,Hangzhou,2018,1200,,https://www.tuango123.com/html/art201827art_1202180_19426272.html
R001937,杭州市第一人民医院(湖滨院区),杭州市第一人民医院,浙江省,Zhejiang,杭州市,Hangzhou,2020,1663,,https://mhos.51daifu.com/hos524/gba/1124.shtml
R001937,杭州市第一人民医院(湖滨院区),杭州市第一人民医院,浙江省,Zhejiang,杭州市,Hangzhou,2022,1651,,https://www.500du.com/post/697.html
R001937,杭州市第一人民医院(湖滨院区),杭州市第一人民医院,浙江省,Zhejiang,杭州市,Hangzhou,2023,1628,,https://www.hzzx.gov.cn/cshz/content/2023-01/05/content_8441013_2.htm
R001937,杭州市第一人民医院(湖滨院区),杭州市第一人民医院,浙江省,Zhejiang,杭州市,Hangzhou,2024,1615,,https://www.hz-hospital.com/member/content/details/id/221833?cid=71
R001939,杭州市妇产科医院,杭州市妇产科医院,浙江省,Zhejiang,杭州市,Hangzhou,2021,600,,https://www.hzsma.cn/article/view?referimgid=0e5f3ff1-0aed-8565-f1a3-3a0035a8d46e|https://www.haodf.com/hospital/DE4r0Fy0C9Luwmyr44t-EYNTs3BGmMGOc/jieshao.htm
R001940,杭州市富阳中医骨伤医院(新院),杭州市富阳中医骨伤医院,浙江省,Zhejiang,杭州市,Hangzhou,2008,500,,https://gh.99.com.cn/yiyuan/11537.html
R001940,杭州市富阳中医骨伤医院(新院),杭州市富阳中医骨伤医院,浙江省,Zhejiang,杭州市,Hangzhou,2014,500,,https://y.dxy.cn/hospital/1964/
R001941,杭州市红十字会医院钱塘院区（杭州市第九人民医院）,杭州市红十字会医院,浙江省,Zhejiang,杭州市,Hangzhou,2015,600,,https://pic.hangzhou.com.cn/hzyx/content/content_8813201.html
R001941,杭州市红十字会医院钱塘院区（杭州市第九人民医院）,杭州市红十字会医院,浙江省,Zhejiang,杭州市,Hangzhou,2020,630,,https://zp.hz9hospital.com/index/index/announcement_desc/id/5.html
R001941,杭州市红十字会医院钱塘院区（杭州市第九人民医院）,杭州市红十字会医院,浙江省,Zhejiang,杭州市,Hangzhou,2022,600,,https://www.hz9hospital.com/upload/20221220/202212200858061494.pdf
R001941,杭州市红十字会医院钱塘院区（杭州市第九人民医院）,杭州市红十字会医院,浙江省,Zhejiang,杭州市,Hangzhou,2023,600,,https://hznews.hangzhou.com.cn/kejiao/content/2023-11/23/content_8647328.htm
R001941,杭州市红十字会医院钱塘院区（杭州市第九人民医院）,杭州市红十字会医院,浙江省,Zhejiang,杭州市,Hangzhou,2024,600,,https://zjjcmspublic.oss-cn-hangzhou-zwynet-d01-a.internet.cloud.zj.gov.cn/jcms_files/jcms1/web3176/site/attach/0/a0efa7a559b5461eafab9c4642f069c2.pdf
R001941,杭州市红十字会医院钱塘院区（杭州市第九人民医院）,杭州市红十字会医院,浙江省,Zhejiang,杭州市,Hangzhou,2025,600,,https://www.hz9hospital.com/content/default/5709/57
R001942,杭州市红十字会医院仁爱院区,杭州市红十字会医院,浙江省,Zhejiang,杭州市,Hangzhou,2014,1300,,https://www.shtpro.com/info/1035/15887.htm
R001942,杭州市红十字会医院仁爱院区,杭州市红十字会医院,浙江省,Zhejiang,杭州市,Hangzhou,2023,1300,,https://hznews.hangzhou.com.cn/kejiao/content/2023-11/23/content_8647328.htm
R001943,杭州市西溪医院,杭州市西溪医院,浙江省,Zhejiang,杭州市,Hangzhou,2014,700,,https://archiver.yingjiesheng.com/job-001-692-435.html
R001943,杭州市西溪医院,杭州市西溪医院,浙江省,Zhejiang,杭州市,Hangzhou,2023,700,,https://z.hangzhou.com.cn/2023/bbzl/content/content_8564552.html
R001944,杭州市萧山区中医院,杭州市萧山区中医院,浙江省,Zhejiang,杭州市,Hangzhou,2023,680,,https://zjjcmspublic.oss-cn-hangzhou-zwynet-d01-a.internet.cloud.zj.gov.cn/jcms_files/jcms1/web2243/site/attach/0/a8325df547b74174b22d2c959712a024.pdf
R001945,浙江大学医学院附属第二医院,浙江大学医学院附属第二医院,浙江省,Zhejiang,杭州市,Hangzhou,2015,2000,,https://5rc.com/zhaokao/10331/
R001945,浙江大学医学院附属第二医院,浙江大学医学院附属第二医院,浙江省,Zhejiang,杭州市,Hangzhou,2018,2000,,https://commercial.dxy.cn/article/592408
R001945,浙江大学医学院附属第二医院,浙江大学医学院附属第二医院,浙江省,Zhejiang,杭州市,Hangzhou,2025,2000,,https://en.z2hospital.com/contents/854/55.html
R001946,浙江大学医学院附属第二医院(滨江院区),浙江大学医学院附属第二医院,浙江省,Zhejiang,杭州市,Hangzhou,2014,800,,https://hznews.hangzhou.com.cn/kejiao/content/2014-09/01/content_5426560.htm
R001946,浙江大学医学院附属第二医院(滨江院区),浙江大学医学院附属第二医院,浙江省,Zhejiang,杭州市,Hangzhou,2020,1200,,https://m.gccrcw.com/tpjsjob/201912/1243838.html
R001947,浙江大学医学院附属第一医院,浙江大学医学院附属第一医院,浙江省,Zhejiang,杭州市,Hangzhou,2020,1500,open,https://www.zju.edu.cn/2020/1102/c32862a2213163/pagem.htm
R001948,浙江大学医学院附属第一医院(庆春院区),浙江大学医学院附属第一医院,浙江省,Zhejiang,杭州市,Hangzhou,2019,2531,,https://www.chard.org.cn/detail/member_1/78
R001948,浙江大学医学院附属第一医院(庆春院区),浙江大学医学院附属第一医院,浙江省,Zhejiang,杭州市,Hangzhou,2020,2531,,https://www.ylqxzb.com/zbZcfg/Item43a3ce8c382156d5.html
R001949,浙江大学医学院附属第一医院(之江院区),浙江大学医学院附属第一医院,浙江省,Zhejiang,杭州市,Hangzhou,2019,1000,open,https://www.xinhuanet.com/politics/2020-02/05/c_1125535290.htm|https://www.chard.org.cn/detail/member_1/78
R001949,浙江大学医学院附属第一医院(之江院区),浙江大学医学院附属第一医院,浙江省,Zhejiang,杭州市,Hangzhou,2020,1000,,https://www.xinhuanet.com/politics/2020-02/05/c_1125535290.htm
R001950,浙江大学医学院附属儿童医院(滨江院区),浙江大学医学院附属儿童医院,浙江省,Zhejiang,杭州市,Hangzhou,2014,900,,https://www.zjuch.cn/news/default/id/2284/cid/99
R001950,浙江大学医学院附属儿童医院(滨江院区),浙江大学医学院附属儿童医院,浙江省,Zhejiang,杭州市,Hangzhou,2018,900,,https://www.hit180.com/33846.html
R001951,浙江大学医学院附属儿童医院(湖滨院区),浙江大学医学院附属儿童医院,浙江省,Zhejiang,杭州市,Hangzhou,2017,400,,https://zuch.runtrial.net/public/content/detail.htm?cid=1000448
R001951,浙江大学医学院附属儿童医院(湖滨院区),浙江大学医学院附属儿童医院,浙江省,Zhejiang,杭州市,Hangzhou,2018,400,,https://www.hit180.com/33846.html
R001951,浙江大学医学院附属儿童医院(湖滨院区),浙江大学医学院附属儿童医院,浙江省,Zhejiang,杭州市,Hangzhou,2021,450,,https://www.zj.gov.cn/art/2021/7/28/art_1229505857_2313133.html
R001952,浙江大学医学院附属妇产科医院,浙江大学医学院附属妇产科医院,浙江省,Zhejiang,杭州市,Hangzhou,2016,1120,,https://5rc.com/zhaokao/22104/
R001952,浙江大学医学院附属妇产科医院,浙江大学医学院附属妇产科医院,浙江省,Zhejiang,杭州市,Hangzhou,2022,1120,,https://zju.womanhospital.cn/index/article/page/id/595.html
R001953,浙江大学医学院附属妇产科医院(钱江院区),浙江大学医学院附属妇产科医院,浙江省,Zhejiang,杭州市,Hangzhou,2023,600,,https://zjjcmspublic.oss-cn-hangzhou-zwynet-d01-a.internet.cloud.zj.gov.cn/jcms_files/jcms1/web2243/site/attach/0/a39915dc73c743d5b8361645d63087cc.pdf
R001954,浙江大学医学院附属口腔医院,浙江大学医学院附属口腔医院,浙江省,Zhejiang,杭州市,Hangzhou,2014,50,,https://kouqiang.tongji.edu.cn/info/1017/1641.htm
R001955,浙江大学医学院附属邵逸夫医院,浙江大学医学院附属邵逸夫医院,浙江省,Zhejiang,杭州市,Hangzhou,2014,1300,,https://news.ifeng.com/c/7fjMuxLKyWH
R001955,浙江大学医学院附属邵逸夫医院,浙江大学医学院附属邵逸夫医院,浙江省,Zhejiang,杭州市,Hangzhou,2020,1711,,https://zjjcmspublic.oss-cn-hangzhou-zwynet-d01-a.internet.cloud.zj.gov.cn/jcms_files/jcms1/web3249/site/attach/0/7b39571f1d6e4f929a11619929ce850e.pdf
R001957,浙江省立同德医院,浙江省立同德医院,浙江省,Zhejiang,杭州市,Hangzhou,2017,1800,,https://hznews.hangzhou.com.cn/kejiao/content/2017-12/07/content_6735905.htm
R001957,浙江省立同德医院,浙江省立同德医院,浙江省,Zhejiang,杭州市,Hangzhou,2020,2100,,https://wsjkw.zj.gov.cn/module/download/downfile.jsp?classid=0&filename=5d793091c2204567aa7cbd3205ba91f4.pdf|https://duyaonet.com/_FileUpLoad/20210624/20210624091108.pdf
R001958,浙江省人民医院(朝晖院区),浙江省人民医院,浙江省,Zhejiang,杭州市,Hangzhou,2020,2238,,https://www.dayi.org.cn/hospital/1119523|https://zjjcmspublic.oss-cn-hangzhou-zwynet-d01-a.internet.cloud.zj.gov.cn/jcms_files/jcms1/web3249/site/attach/0/e62b6e826f6a4d46a0201bb190bcf861.pdf
R001958,浙江省人民医院(朝晖院区),浙江省人民医院,浙江省,Zhejiang,杭州市,Hangzhou,2022,1955,,https://zjjcmspublic.oss-cn-hangzhou-zwynet-d01-a.internet.cloud.zj.gov.cn/jcms_files/jcms1/web3249/site/attach/0/e62b6e826f6a4d46a0201bb190bcf861.pdf
R001959,浙江省人民医院(越城院区),浙江省人民医院,浙江省,Zhejiang,杭州市,Hangzhou,2024,610,,https://cbdaiac.com/page40?article_id=210|https://hznews.hangzhou.com.cn/kejiao/content/2024-01/06/content_8670964.htm|https://hznews.hangzhou.com.cn/kejiao/content/2024-12/23/content_8829537.htm
R001960,浙江省人民医院望江山院区,浙江省人民医院,浙江省,Zhejiang,杭州市,Hangzhou,2019,600,,https://zj.cnr.cn/zjyw/20190105/t20190105_524471971.shtml
R001960,浙江省人民医院望江山院区,浙江省人民医院,浙江省,Zhejiang,杭州市,Hangzhou,2020,650,,https://yjs.smu.edu.cn/info/1166/6135.htm|https://zjjcmspublic.oss-cn-hangzhou-zwynet-d01-a.internet.cloud.zj.gov.cn/jcms_files/jcms1/web3249/site/attach/0/3bbf66771d4047d0ab6d001ff1b93cca.pdf
R001960,浙江省人民医院望江山院区,浙江省人民医院,浙江省,Zhejiang,杭州市,Hangzhou,2021,650,,https://www.zj.gov.cn/art/2021/7/28/art_1229505857_2313133.html
R001961,浙江省新华医院,浙江中医药大学附属第二医院,浙江省,Zhejiang,杭州市,Hangzhou,2018,700,,https://www.xhhos.com/news/details/4/22/13986
R001962,浙江省中医院,浙江省中医院,浙江省,Zhejiang,杭州市,Hangzhou,2024,1761,,https://baike.sogou.com/v4610440.htm?fromTitle=%E6%B5%99%E6%B1%9F%E7%9C%81%E4%B8%AD%E5%8C%BB%E9%99%A2|https://jy.bucm.edu.cn/front/zph.jspa?tid=111954
R001963,浙江省中医院(钱塘院区),浙江省中医院,浙江省,Zhejiang,杭州市,Hangzhou,2023,599,,https://tidenews.com.cn/news.html?id=2455101|https://www.zhihuikangyang.com/article/25281.html
R001964,浙江医院,浙江医院,浙江省,Zhejiang,杭州市,Hangzhou,2017,800,,https://www.zjhospital.com.cn/index.php/Index/newsContent/id/1002107
R001965,浙江医院三墩院区,浙江医院,浙江省,Zhejiang,杭州市,Hangzhou,2018,543,open,https://hznews.hangzhou.com.cn/kejiao/content/2018-10/17/content_7082309_3.htm
R001966,浙江中医药大学附属第三医院,浙江中医药大学附属第三医院,浙江省,Zhejiang,杭州市,Hangzhou,2015,460,,https://www.med66.com/yixuebaike/yixuewanhuatong/lw1502251522.shtml
R001967,浙江中医药大学附属广兴医院,杭州市中医院,浙江省,Zhejiang,杭州市,Hangzhou,2021,1580,,https://yjsgl.zcmu.edu.cn/storage/uploads/file/20210806/1628248053988551.pdf
R001968,浙江中医药附属大学肿瘤医院,浙江省肿瘤医院,浙江省,Zhejiang,杭州市,Hangzhou,2022,1910,,https://wsjkw.zj.gov.cn/module/download/downfile.jsp?classid=0&filename=c8541f6d19b64c3b980de8ee1b2f488c.pdf
R001970,湖州市第三人民医院,湖州市第三人民医院,浙江省,Zhejiang,湖州市,Huzhou,2023,1000,,http://www.hzsy.com/hzssy/front/list-2.html
R001971,湖州市第一人民医院,湖州市第一人民医院,浙江省,Zhejiang,湖州市,Huzhou,2021,952,,https://xyw.zjhu.edu.cn/_upload/article/files/02/8f/a367895d49cd8459a3077852c290/fce5798a-6760-497f-9eb5-36935745ed7b.pdf
R001973,湖州市中医院,湖州市中医院,浙江省,Zhejiang,湖州市,Huzhou,2023,600,,https://www.jobmd.cn/company/3796469/358614.htm
R001974,浙江大学湖州医院,湖州市中心医院,浙江省,Zhejiang,湖州市,Huzhou,2017,1500,,https://www.msttp.com/clinica/detail?id=1049506670213857280
R001974,浙江大学湖州医院,湖州市中心医院,浙江省,Zhejiang,湖州市,Huzhou,2018,1500,,https://www.sohu.com/a/309621287_331432
R001974,浙江大学湖州医院,湖州市中心医院,浙江省,Zhejiang,湖州市,Huzhou,2019,1500,,https://www.sohu.com/a/309621287_331432
R001976,嘉兴市第二医院,嘉兴市第二医院,浙江省,Zhejiang,嘉兴市,Jiaxing,2015,1200,,http://zj.offcn.com/html/2015/12/104298.html
R001976,嘉兴市第二医院,嘉兴市第二医院,浙江省,Zhejiang,嘉兴市,Jiaxing,2017,1000,,http://wenwen.sogou.com/z/q826455808.htm
R001976,嘉兴市第二医院,嘉兴市第二医院,浙江省,Zhejiang,嘉兴市,Jiaxing,2022,1350,,https://www.jiaxing.gov.cn/art/2022/12/16/art_1229708012_59563159.html
R001976,嘉兴市第二医院,嘉兴市第二医院,浙江省,Zhejiang,嘉兴市,Jiaxing,2025,1500,,https://www.chinets.com/Content/File/team/%E5%98%89%E5%85%B4%E5%B8%82%E7%AC%AC%E4%BA%8C%E5%8C%BB%E9%99%A2%E7%AE%80%E4%BB%8B%20%281%29.pdf
R001977,嘉兴市第一医院,嘉兴市第一医院,浙江省,Zhejiang,嘉兴市,Jiaxing,2019,1770,,https://www.haodf.com/hospital/1360.html
R001979,浙江中医药大学附属嘉兴中医院,嘉兴市中医医院,浙江省,Zhejiang,嘉兴市,Jiaxing,2023,1000,,https://tidenews.com.cn/news.html?id=2506037
R001980,东阳市人民医院,东阳市人民医院,浙江省,Zhejiang,金华市,Jinhua,2020,1727,,https://m.dayi.org.cn/hospital/1136429?from=jrtt
R001980,东阳市人民医院,东阳市人民医院,浙江省,Zhejiang,金华市,Jinhua,2024,1750,,https://www.51test.net/show/11025972.html|https://www.dongyang.gov.cn/art/2024/12/6/art_1229776424_449.html
R001981,金华市第二医院,金华市第二医院,浙江省,Zhejiang,金华市,Jinhua,2018,865,,http://www.xxmu.edu.cn/__local/6/9A/0C/70460CF209FB5EE8FC8601A465F_413A7048_8800.doc?e=.doc
R001982,金华市中心医院,金华市中心医院,浙江省,Zhejiang,金华市,Jinhua,2019,2597,,https://zjjcmspublic.oss-cn-hangzhou-zwynet-d01-a.internet.cloud.zj.gov.cn/jcms_files/jcms1/web1756/site/attach/0/4e69d504778a43bfa383213942023fc0.pdf
R001982,金华市中心医院,金华市中心医院,浙江省,Zhejiang,金华市,Jinhua,2020,2597,,https://sthjt.zj.gov.cn/module/download/downfile.jsp?classid=0&filename=4e69d504778a43bfa383213942023fc0.pdf
R001982,金华市中心医院,金华市中心医院,浙江省,Zhejiang,金华市,Jinhua,2022,2561,,https://m.jd.com/hospital/15010076085
R001982,金华市中心医院,金华市中心医院,浙江省,Zhejiang,金华市,Jinhua,2023,2578,,http://www.jhzxyy.cn/yygk/index.html
R001982,金华市中心医院,金华市中心医院,浙江省,Zhejiang,金华市,Jinhua,2024,2578,,https://www.jhzxyy.cn/col/col10/index.html
R001983,金华市中医院,金华市中医医院,浙江省,Zhejiang,金华市,Jinhua,2020,978,,https://zjjcmspublic.oss-cn-hangzhou-zwynet-d01-a.internet.cloud.zj.gov.cn/jcms_files/jcms1/web3610/site/attach/0/ae7abaa26ac14d4d8bc598be32cd3479.pdf
R001983,金华市中医院,金华市中医医院,浙江省,Zhejiang,金华市,Jinhua,2022,978,,https://slyx.zjnu.edu.cn/2022/0215/c15515a386430/page.htm
R001985,义乌市中医院,义乌市中医医院,浙江省,Zhejiang,金华市,Jinhua,2023,600,,https://hlxy.zcmu.edu.cn/info/1123/6491.htm
R001986,丽水市第二人民医院,丽水市第二人民医院,浙江省,Zhejiang,丽水市,Lishui,2018,1000,,http://www.dayi.org.cn/hospital/1156223?from=sg
R001986,丽水市第二人民医院,丽水市第二人民医院,浙江省,Zhejiang,丽水市,Lishui,2023,1200,,https://www.jobmd.cn/article/qtyzzx/10005783.htm
R001987,丽水市人民医院,丽水市人民医院,浙江省,Zhejiang,丽水市,Lishui,2014,1300,,https://www.chinapathology.cn/Item/1009.aspx
R001987,丽水市人民医院,丽水市人民医院,浙江省,Zhejiang,丽水市,Lishui,2015,1300,,https://epaper.zjgrrb.com/html/2015-06/09/content_2525842.htm?div=5
R001987,丽水市人民医院,丽水市人民医院,浙江省,Zhejiang,丽水市,Lishui,2016,1300,,https://wap.91360.com/201603/38/1438.html
R001987,丽水市人民医院,丽水市人民医院,浙江省,Zhejiang,丽水市,Lishui,2021,1240,,https://yxy.pdsu.edu.cn/info/1204/2579.htm
R001987,丽水市人民医院,丽水市人民医院,浙江省,Zhejiang,丽水市,Lishui,2023,683,,https://zjjcmspublic.oss-cn-hangzhou-zwynet-d01-a.internet.cloud.zj.gov.cn/jcms_files/jcms1/web1756/site/attach/0/92aabf6d862c41429ffe324a5573055f.pdf
R001988,丽水市中心医院,丽水市中心医院,浙江省,Zhejiang,丽水市,Lishui,2019,1654,,https://lstk.zjol.com.cn/kdrdmd/201910/t20191015_11193555_ext.shtml?mode=m2pc
R001988,丽水市中心医院,丽水市中心医院,浙江省,Zhejiang,丽水市,Lishui,2021,1630,,https://www.sy021.com/projs_show/id/17.html
R001988,丽水市中心医院,丽水市中心医院,浙江省,Zhejiang,丽水市,Lishui,2023,2100,,https://www.lishui.gov.cn/art/2023/11/6/art_1229742073_57351627.html
R001989,丽水市中医院,丽水市中医院,浙江省,Zhejiang,丽水市,Lishui,2014,600,,https://www.lsszyy.com.cn/mobile/yydt/2654.html
R001989,丽水市中医院,丽水市中医院,浙江省,Zhejiang,丽水市,Lishui,2020,600,,https://zjjcmspublic.oss-cn-hangzhou-zwynet-d01-a.internet.cloud.zj.gov.cn/jcms_files/jcms1/web3657/site/attach/0/d0a0c4cf240d483095786b8dc2fd2f3b.pdf
R001989,丽水市中医院,丽水市中医院,浙江省,Zhejiang,丽水市,Lishui,2021,600,,https://www.med66.com/upload/resources/file/2021/08/09/314498.pdf
R001989,丽水市中医院,丽水市中医院,浙江省,Zhejiang,丽水市,Lishui,2022,600,,https://www.lsszyy.com.cn/mobile/zyyspx/5757.html
R001990,宁波大学附属第一医院方桥院区,宁波大学附属第一医院,浙江省,Zhejiang,宁波市,Ningbo,2024,1200,,https://aigc.idigital.com.cn/djyanbao/%E3%80%90%E4%B8%AD%E5%9B%BD%E4%BA%92%E8%81%94%E7%BD%91%E5%8D%8F%E4%BC%9A%E3%80%91%E6%95%B0%E5%AD%97%E5%AD%AA%E7%94%9F%E5%9F%8E%E5%B8%82%E6%8A%80%E6%9C%AF%E5%BA%94%E7%94%A8%E5%85%B8%E5%9E%8B%E5%AE%9E%E8%B7%B5%E6%A1%88%E4%BE%8B%E6%B1%87%E7%BC%96%EF%BC%882024%E5%B9%B4%EF%BC%89-2025-06-24.pdf
R001991,宁波大学附属第一医院外滩院区,宁波大学附属第一医院,浙江省,Zhejiang,宁波市,Ningbo,2020,1000,,https://www.xiaoyiduoduo.com/tijianjigou/1193.html
R001992,宁波大学附属第一医院月湖院区,宁波大学附属第一医院,浙江省,Zhejiang,宁波市,Ningbo,2014,1600,,https://y.dxy.cn/hospital/933/position
R001992,宁波大学附属第一医院月湖院区,宁波大学附属第一医院,浙江省,Zhejiang,宁波市,Ningbo,2016,1600,,http://www.nbdyyy.com/art/2018/1/11/art_95_5770.html
R001992,宁波大学附属第一医院月湖院区,宁波大学附属第一医院,浙江省,Zhejiang,宁波市,Ningbo,2017,1600,,https://docs.cn-healthcare.com/sharedoc/pdf_files/20170512/3370994364745728.pdf
R001992,宁波大学附属第一医院月湖院区,宁波大学附属第一医院,浙江省,Zhejiang,宁波市,Ningbo,2021,1720,,https://docs.cn-healthcare.com/sharedoc/src_files/20210531/34ea9aedbe9a4055bc187f1f9fd6dadd.pdf
R001995,宁波市康宁医院,宁波大学附属康宁医院,浙江省,Zhejiang,宁波市,Ningbo,2023,750,,https://www.nbknyy.com/art/2023/7/10/art_9610_634270.html
R001995,宁波市康宁医院,宁波大学附属康宁医院,浙江省,Zhejiang,宁波市,Ningbo,2024,750,,https://www.nbknyy.com/art/2024/3/11/art_9864_594583.html
R001996,宁波市眼科医院,宁波市眼科医院,浙江省,Zhejiang,宁波市,Ningbo,2023,150,,https://www.haodf.com/hospital/2414.html
R001996,宁波市眼科医院,宁波市眼科医院,浙江省,Zhejiang,宁波市,Ningbo,2025,150,,https://www.nbsykyy.cn/col/col9873/index.html
R001997,宁波市医疗中心李惠利医院,宁波市医疗中心李惠利医院,浙江省,Zhejiang,宁波市,Ningbo,2015,800,,https://user.odinhealth.co.nz/node/38
R001997,宁波市医疗中心李惠利医院,宁波市医疗中心李惠利医院,浙江省,Zhejiang,宁波市,Ningbo,2018,800,,https://zjjcmspublic.oss-cn-hangzhou-zwynet-d01-a.internet.cloud.zj.gov.cn/jcms_files/jcms1/web3597/site/attach/0/180410085125018.pdf
R001997,宁波市医疗中心李惠利医院,宁波市医疗中心李惠利医院,浙江省,Zhejiang,宁波市,Ningbo,2023,1200,,https://m.jd.com/hospital/15010080159
R001998,宁波市医疗中心李惠利医院(东部院区),宁波市医疗中心李惠利医院,浙江省,Zhejiang,宁波市,Ningbo,2018,1400,,https://yjxy.wnmc.edu.cn/info/1441/17801.htm
R001999,宁波大学附属人民医院本部院区,宁波大学附属人民医院,浙江省,Zhejiang,宁波市,Ningbo,2022,1577,,https://health.baidu.com/doctordec/hosintro/1003701
R002000,浙江中医药大学附属宁波中医院,宁波市中医院,浙江省,Zhejiang,宁波市,Ningbo,2021,1000,,https://www.med66.com/upload/resources/file/2021/08/09/314498.pdf
R002000,浙江中医药大学附属宁波中医院,宁波市中医院,浙江省,Zhejiang,宁波市,Ningbo,2024,1000,,https://www.nbszyy.com.cn/col/col906/index.html
R002001,中国科学院大学宁波华美医院,宁波市第二医院,浙江省,Zhejiang,宁波市,Ningbo,2018,2100,,https://yjxy.wnmc.edu.cn/info/1441/17751.htm
R002001,中国科学院大学宁波华美医院,宁波市第二医院,浙江省,Zhejiang,宁波市,Ningbo,2023,2100,,http://www.chealth.org.cn/mon/hospitals/article/MG143028854.html
R002001,中国科学院大学宁波华美医院,宁波市第二医院,浙江省,Zhejiang,宁波市,Ningbo,2024,2100,,https://m.jobui.com/company/6070426/
R002003,衢州市人民医院,衢州市人民医院,浙江省,Zhejiang,衢州市,Quzhou,2020,1102,,https://mhos.51daifu.com/hos71/gba/1142.shtml
R002004,衢州市中医院,衢州市中医医院,浙江省,Zhejiang,衢州市,Quzhou,2024,600,,https://www.qzszyy.com/home/list/010
R002005,绍兴市第七人民医院,绍兴市第七人民医院,浙江省,Zhejiang,绍兴市,Shaoxing,2021,950,,https://www.sxdqyy.com/home/yygz/3509.whtml
R002008,绍兴市人民医院昌安院区,绍兴市人民医院,浙江省,Zhejiang,绍兴市,Shaoxing,2024,1600,,https://www.cnkang.com/yyk/hospintro/2624/
R002009,绍兴市上虞区中医院,绍兴市上虞区中医医院,浙江省,Zhejiang,绍兴市,Shaoxing,2012,450,,https://www.syzyy.com/hlyd_List.aspx?rid=763
R002009,绍兴市上虞区中医院,绍兴市上虞区中医医院,浙江省,Zhejiang,绍兴市,Shaoxing,2022,600,,https://zjjcmspublic.oss-cn-hangzhou-zwynet-d01-a.internet.cloud.zj.gov.cn/jcms_files/jcms1/web2328/site/attach/0/982bea3ff5ef4c09938ed55654c327c8.pdf
R002009,绍兴市上虞区中医院,绍兴市上虞区中医医院,浙江省,Zhejiang,绍兴市,Shaoxing,2024,600,,https://www.syzyy.com/ckfinder/userfiles/files/1242535.pdf
R002010,绍兴市中医院,绍兴市中医院,浙江省,Zhejiang,绍兴市,Shaoxing,2023,800,,https://www.sohu.com/a/659103226_121123850|https://www.sohu.com/a/659299608_121123815
R002011,新昌县中医院,新昌县中医院,浙江省,Zhejiang,绍兴市,Shaoxing,2023,650,,https://tidenews.com.cn/news.html?id=2619249
R002014,台州市第一人民医院,台州市第一人民医院,浙江省,Zhejiang,台州市,Taizhou,2024,800,,https://health.baidu.com/m/detail/ar_9653402901447304583|https://tz.597.com/institution/158311.html
R002015,台州学院医学院附属中心医院,台州市中心医院,浙江省,Zhejiang,台州市,Taizhou,2024,1200,,http://zj.huatu.com/2024/0517/1903428.html
R002016,温岭市第一人民医院,温岭市第一人民医院,浙江省,Zhejiang,台州市,Taizhou,2022,1200,,https://jdjyw.jlu.edu.cn/mportal/recruit/details?id=1fce700a0b4c4ecf8a70d271562f0255|https://zjjcmspublic.oss-cn-hangzhou-zwynet-d01-a.internet.cloud.zj.gov.cn/jcms_files/jcms1/web2760/site/attach/-1/2211171211268966126.pdf
R002016,温岭市第一人民医院,温岭市第一人民医院,浙江省,Zhejiang,台州市,Taizhou,2023,1200,,https://jdjywpt.jlu.edu.cn/mportal/recruit/details?id=a091cec4e090421a918b0cbf39962981
R002017,温岭市中医院,温岭市中医院,浙江省,Zhejiang,台州市,Taizhou,2021,800,,https://y.dxy.cn/hospital/1514
R002018,浙江省台州医院,浙江省台州医院,浙江省,Zhejiang,台州市,Taizhou,2014,1600,,https://csp.ncmi.cn/UsersInfo/UserUnit/UserUnitDetailWeb?uid=00871
R002020,温州市人民医院,温州市人民医院,浙江省,Zhejiang,温州市,Wenzhou,2020,728,,https://zjjcmspublic.oss-cn-hangzhou-zwynet-d01-a.internet.cloud.zj.gov.cn/jcms_files/jcms1/web1902/site/attach/0/59c3d3bf00594b138c087eb4e77c7cdd.pdf
R002021,温州市人民医院(娄桥院区),温州市人民医院,浙江省,Zhejiang,温州市,Wenzhou,2017,1000,,https://gov.66wz.com/system/2017/12/29/105053432.shtml|https://s.dayi.org.cn/mip/s/hospital/1155823.html
R002022,温州市中西医结合医院,温州市中西医结合医院,浙江省,Zhejiang,温州市,Wenzhou,2024,1000,,https://zhyyfw.wmu.edu.cn/info/1121/1941.htm
R002023,温州市中心医院,温州市中心医院,浙江省,Zhejiang,温州市,Wenzhou,2018,1406,,https://zjjcmspublic.oss-cn-hangzhou-zwynet-d01-a.internet.cloud.zj.gov.cn/jcms_files/jcms1/web2490/site/attach/0/d9353197a2e240ee8edbc29c1d2973a6.pdf
R002023,温州市中心医院,温州市中心医院,浙江省,Zhejiang,温州市,Wenzhou,2020,1406,,https://y.dxy.cn/hospital/1580
R002024,温州市中医院,温州市中医院,浙江省,Zhejiang,温州市,Wenzhou,2024,1400,,https://www.wzszyy.cn/profile/1373.html|https://zhyyfw.wmu.edu.cn/info/1121/1951.htm
R002027,温州医科大学附属第二医院南浦院区,温州医科大学附属第二医院,浙江省,Zhejiang,温州市,Wenzhou,2014,300,,https://news.wmu.edu.cn/show/4/13652.html
R002027,温州医科大学附属第二医院南浦院区,温州医科大学附属第二医院,浙江省,Zhejiang,温州市,Wenzhou,2019,300,,https://www.sohu.com/a/287308857_468195
R002028,温州医科大学附属第一医院,温州医科大学附属第一医院,浙江省,Zhejiang,温州市,Wenzhou,2020,3074,,https://zjjcmspublic.oss-cn-hangzhou-zwynet-d01-a.internet.cloud.zj.gov.cn/jcms_files/jcms1/web1902/site/attach/0/59c3d3bf00594b138c087eb4e77c7cdd.pdf
R002029,温州医科大学附属康宁医院,温州康宁医院,浙江省,Zhejiang,温州市,Wenzhou,2019,830,,http://www.dayi.org.cn/hospital/1147592
R002029,温州医科大学附属康宁医院,温州康宁医院,浙江省,Zhejiang,温州市,Wenzhou,2022,1200,,https://wjw.wenzhou.gov.cn/art/2022/11/4/art_1229207574_4128598.html
R002029,温州医科大学附属康宁医院,温州康宁医院,浙江省,Zhejiang,温州市,Wenzhou,2024,1400,,https://www.kn120.com/about.aspx
R002030,温州医科大学附属眼视光医院温州总院,温州医科大学附属眼视光医院,浙江省,Zhejiang,温州市,Wenzhou,2014,130,,https://www.sohu.com/a/938590245_456062
R002030,温州医科大学附属眼视光医院温州总院,温州医科大学附属眼视光医院,浙江省,Zhejiang,温州市,Wenzhou,2025,130,,https://www.sohu.com/a/938590245_456062
R002032,舟山市中医骨伤联合医院,舟山市中医院,浙江省,Zhejiang,舟山市,Zhoushan,2020,500,,https://mhos.51daifu.com/hos613/gba/1144.shtml
R002033,舟山医院,舟山医院,浙江省,Zhejiang,舟山市,Zhoushan,2024,1160,,https://rjxy.wmu.edu.cn/info/4221/199289.htm
R002038,云阳县中医院,云阳县中医院,重庆市,Chongqing,重庆市,Chongqing,2023,780,,https://www.yunyang.gov.cn/zwgk_257/zfxxgkml/czyjs/js/bmjs/xwsjkw_220136/202410/t20241015_13710411.html
R002040,重庆大学附属三峡医院,重庆大学附属三峡医院,重庆市,Chongqing,重庆市,Chongqing,2019,3150,,https://www.wz.gov.cn/zwgk_266/fdzdgknr/ysjs/bm_156222/zqsxzxyy/202010/t20201016_8000714.html
R002040,重庆大学附属三峡医院,重庆大学附属三峡医院,重庆市,Chongqing,重庆市,Chongqing,2020,3150,,https://www.wz.gov.cn/zwgk_266/fdzdgknr/ysjs/bm_156222/zqsxzxyy/202110/t20211021_9875441.html
R002041,重庆大学附属肿瘤医院,重庆大学附属肿瘤医院,重庆市,Chongqing,重庆市,Chongqing,2020,1480,,https://wsjkw.cq.gov.cn/zwgk_242/fdzdgknr/tjxx/sjzl/ndzl/202108/W020231017632592483403.pdf
R002042,重庆市巴南区人民医院,重庆市巴南区人民医院,重庆市,Chongqing,重庆市,Chongqing,2020,1500,,https://cq.people.com.cn/n2/2020/0428/c365411-33983026.html
R002042,重庆市巴南区人民医院,重庆市巴南区人民医院,重庆市,Chongqing,重庆市,Chongqing,2022,1395,,https://bnrmyy.cn/kyjx/yxjy/zlqkyspx/content_5500
R002043,重庆市北碚区中医院,重庆市北碚区中医院,重庆市,Chongqing,重庆市,Chongqing,2014,710,,https://y.dxy.cn/hospital/1648
R002044,重庆市璧山区人民医院,重庆市璧山区人民医院,重庆市,Chongqing,重庆市,Chongqing,2018,1430,,https://www.bsrmyy.com/jkzs/yycs
R002045,重庆市大足区人民医院,重庆医科大学附属大足医院（重庆市大足区人民医院）,重庆市,Chongqing,重庆市,Chongqing,2024,1333,,https://sthjj.cq.gov.cn/zwgk_249/zfxxgkzl/fdzdgknr/hjyxpj/pzgcxx/sljsxmhpxxgg/202406/P020240603361710422219.pdf
R002046,重庆市第九人民医院,重庆市第九人民医院,重庆市,Chongqing,重庆市,Chongqing,2020,1200,,https://sthjj.cq.gov.cn/zwgk_249/zfxxgkzl/fdzdgknr/hjyxpj/pzgcxx/sljsxmhpxxgg/202007/P020230201545840916260.pdf
R002046,重庆市第九人民医院,重庆市第九人民医院,重庆市,Chongqing,重庆市,Chongqing,2022,1200,,https://s.dayi.org.cn/mip/s/hospital/1133519.html
R002047,重庆市第五人民医院仁济路院区,重庆市第五人民医院,重庆市,Chongqing,重庆市,Chongqing,2019,720,,https://hlxy.cqrk.edu.cn/2019_11/01_00/content-12026.shtml
R002048,重庆市垫江县人民医院,重庆市垫江县人民医院,重庆市,Chongqing,重庆市,Chongqing,2024,1000,,https://www.youlai.cn/yyk/hospindex/5486/hospintro.html
R002049,重庆市垫江县中医院,重庆市垫江县中医院,重庆市,Chongqing,重庆市,Chongqing,2019,1200,,https://591yz.com/company/detail-13207
R002049,重庆市垫江县中医院,重庆市垫江县中医院,重庆市,Chongqing,重庆市,Chongqing,2023,800,,https://sthjj.cq.gov.cn/zwgk_249/zfxxgkzl/fdzdgknr/hjyxpj/pzgcxx/sljsxmhpxxgg/202312/P020231220333517803733.pdf
R002050,重庆市涪陵区中医院,重庆市涪陵区中医院,重庆市,Chongqing,重庆市,Chongqing,2022,715,,https://www.offcn.com/ylws/2022/0929/288680.html
R002053,重庆市公共卫生医疗救治中心,重庆市公共卫生医疗救治中心,重庆市,Chongqing,重庆市,Chongqing,2022,800,,https://wsjkw.cq.gov.cn/zwgk_242/fdzdgknr/tjxx/sjzl/ndzl/202108/W020231017632592483403.pdf
R002054,重庆市合川区人民医院,重庆市合川区人民医院,重庆市,Chongqing,重庆市,Chongqing,2022,1200,,https://www.youlai.cn/yyk/hospindex/4260/hospintro.html
R002055,重庆市急救医疗中心,重庆市急救医疗中心,重庆市,Chongqing,重庆市,Chongqing,2019,1200,,https://120cq-m.my120.org/partys_dynamic/2019/zbqxxpap.html
R002055,重庆市急救医疗中心,重庆市急救医疗中心,重庆市,Chongqing,重庆市,Chongqing,2022,1200,,https://czj.cq.gov.cn/cslm/bmys/zqswsjkwyh_485472/202410/P020241011588318848009.pdf
R002055,重庆市急救医疗中心,重庆市急救医疗中心,重庆市,Chongqing,重庆市,Chongqing,2023,1200,,https://czj.cq.gov.cn/cslm/bmys_2024/zqswsjkwyh_461537/202402/P020240229612162456415.pdf
R002055,重庆市急救医疗中心,重庆市急救医疗中心,重庆市,Chongqing,重庆市,Chongqing,2024,1200,,https://czj.cq.gov.cn/cslm/bmys_2025/zqswsjkwyh_485474/202503/P020250303624341423451.pdf
R002057,重庆市江津区中医院,重庆市江津区中医院,重庆市,Chongqing,重庆市,Chongqing,2024,1000,,https://www.jiangjin.gov.cn/bm/qczj_69008/zwgk_81474/zfxxgkml/jczwgk/czyjslyxxgk/bmys/202403/W020240301684310211220.pdf
R002058,重庆市九龙坡区中医院,重庆市九龙坡区中医院,重庆市,Chongqing,重庆市,Chongqing,2024,700,,https://www.dayi.org.cn/hospital/1134216.html
R002059,重庆市开州区人民医院,重庆市开州区人民医院,重庆市,Chongqing,重庆市,Chongqing,2017,1600,,https://cq.bendibao.com/wangdian/dian/5378814.shtm
R002059,重庆市开州区人民医院,重庆市开州区人民医院,重庆市,Chongqing,重庆市,Chongqing,2019,1600,,https://cq.bendibao.com/live/20191025/79580.shtm
R002062,重庆市黔江中心医院城西九路院区,重庆市黔江中心医院,重庆市,Chongqing,重庆市,Chongqing,2014,700,,https://archiver.yingjiesheng.com/job-001-659-397.html
R002062,重庆市黔江中心医院城西九路院区,重庆市黔江中心医院,重庆市,Chongqing,重庆市,Chongqing,2023,700,,http://www.cq.xinhuanet.com/20230705/8d9a834aa4af48a5a06e61200c6b2df7/c.html
R002063,重庆市人民医院(两江院本部),重庆市人民医院,重庆市,Chongqing,重庆市,Chongqing,2020,1000,,https://epaper.cqrb.cn/cqrb/2020-04/18/004/content_258727.htm
R002064,重庆市人民医院(三院院区),重庆市人民医院,重庆市,Chongqing,重庆市,Chongqing,2016,620,,https://news.sina.com.cn/o/2016-03-28/doc-ifxqssxu8378739.shtml|https://wsjkw.cq.gov.cn/zwgk_242/fdzdgknr/tjxx/sjzl/ndzl/202011/W020220805525766850770.pdf
R002065,重庆市铜梁区中医院,重庆市铜梁区中医院,重庆市,Chongqing,重庆市,Chongqing,2022,820,,https://www.cqstl.gov.cn/zwgk_171/zfxxgkml/ggqsydwxxgk/jsgk/202310/t20231026_12479791.html
R002065,重庆市铜梁区中医院,重庆市铜梁区中医院,重庆市,Chongqing,重庆市,Chongqing,2023,820,,https://www.cqstl.gov.cn/bm/qczj_71105/zwgk_70831/fdzdgknr_70834/qtgknr/jczwgk_1/czyjslyxxgk/zfys_400008/202410/t20241030_13756097.html
R002067,重庆市永川区中医院,重庆市永川区中医院,重庆市,Chongqing,重庆市,Chongqing,2015,1070,,https://www.cqyc.gov.cn/zwgk_204/zfxxgk/zfxxgkml/tjxx/tjnj/202306/W020250314392524580097.pdf
R002067,重庆市永川区中医院,重庆市永川区中医院,重庆市,Chongqing,重庆市,Chongqing,2018,1000,,https://s.dayi.org.cn/mip/s/hospital/1152451.html
R002068,重庆市长寿区人民医院(北城院区),重庆市长寿区人民医院,重庆市,Chongqing,重庆市,Chongqing,2023,1078,,https://cqcs.gov.cn/bm/qwsjkw_75264/zwgk_73772/fdzdgknr_73775/czyjs_bm/bmys_bm/202303/t20230303_11704950_wap.html
R002070,重庆市中医院道门口院部,重庆市中医院,重庆市,Chongqing,重庆市,Chongqing,2015,500,,https://caivd-org.cn/article.asp?id=3079
R002071,重庆医科大学附属第二医院,重庆医科大学附属第二医院,重庆市,Chongqing,重庆市,Chongqing,2015,1380,,https://sthjj.cq.gov.cn/zwgk_249/zfxxgkzl/fdzdgknr/hjyxpj/pzgcxx/sljsxmhpxxgg/202104/P020210419621826667977.pdf
R002072,重庆医科大学附属第二医院(江南院区),重庆医科大学附属第二医院,重庆市,Chongqing,重庆市,Chongqing,2019,1838,,https://m.gccrcw.com/boshi/yiliaoboshi/201907/2641016.html
R002073,重庆医科大学附属第三医院,重庆医科大学附属第三医院,重庆市,Chongqing,重庆市,Chongqing,2019,1350,,https://www.ascq.org.cn/?p=565
R002076,重庆医科大学附属第一医院金山院区,重庆医科大学附属第一医院,重庆市,Chongqing,重庆市,Chongqing,2020,638,,https://www.chard.org.cn/detail/member_1/87
R002077,重庆医科大学附属第一医院綦江医院,重庆医科大学附属第一医院綦江医院,重庆市,Chongqing,重庆市,Chongqing,2015,600,,https://www.jobmd.cn/company/jobs/126123.htm
R002077,重庆医科大学附属第一医院綦江医院,重庆医科大学附属第一医院綦江医院,重庆市,Chongqing,重庆市,Chongqing,2019,1000,,http://www.cqyyt.net:82/info.php?id=132
R002078,重庆医科大学附属儿童医院,重庆医科大学附属儿童医院,重庆市,Chongqing,重庆市,Chongqing,2019,1600,,http://guoqing.china.com.cn/2019-07/10/content_74974626.html
R002079,重庆医科大学附属儿童医院(两江院区),重庆医科大学附属儿童医院,重庆市,Chongqing,重庆市,Chongqing,2020,999,,https://www.sohu.com/a/443109248_702426
R002079,重庆医科大学附属儿童医院(两江院区),重庆医科大学附属儿童医院,重庆市,Chongqing,重庆市,Chongqing,2021,999,,https://www.chcmu.com/xwzx/251.htm
R002080,重庆医科大学附属口腔医院冉家坝院区,重庆医科大学附属口腔医院,重庆市,Chongqing,重庆市,Chongqing,2020,100,,https://www.cq.gov.cn/zwgk/zfxxgkzt/sydwndbg_1/2019n_205262/202204/t20220412_10609849.html
R002081,重庆医科大学附属永川医院,重庆医科大学附属永川医院,重庆市,Chongqing,重庆市,Chongqing,2019,1480,,https://wsjkw.cq.gov.cn/zwgk_242/fdzdgknr/tjxx/sjzl/ndzl/202011/W020220805525766850770.pdf
R002081,重庆医科大学附属永川医院,重庆医科大学附属永川医院,重庆市,Chongqing,重庆市,Chongqing,2020,1480,,https://wsjkw.cq.gov.cn/zwgk_242/fdzdgknr/tjxx/sjzl/ndzl/202108/W020231017632592483403.pdf
R002081,重庆医科大学附属永川医院,重庆医科大学附属永川医院,重庆市,Chongqing,重庆市,Chongqing,2022,1500,,https://czj.cq.gov.cn/cslm/bmys_2022/zqswsjkwyh_485255/202410/P020241011447806028364.pdf
R002082,乌兰察布市中医蒙医医院,乌兰察布市中医蒙医医院,内蒙古自治区,Inner Mongolia,乌兰察布市,Wulanchabu,2020,450,,https://wjw.nmg.gov.cn/dataservice/wjw/detail.action?code=10001&id=0df86fd72cd611ecb61000ff18ca7278
R002083,乌海市海勃湾区中医医院,乌海市海勃湾区中医医院,内蒙古自治区,Inner Mongolia,乌海市,Wuhai,2024,400,,https://yjsjy.cdutcm.edu.cn/detail/news?id=1061816&type_id=19070
R002084,兴安盟蒙医医院,兴安盟蒙医医院,内蒙古自治区,Inner Mongolia,兴安盟,Hinggan League,2015,300,,https://www.xam.gov.cn/xam/2021-10/28/article_2024041412260986730.html
R002084,兴安盟蒙医医院,兴安盟蒙医医院,内蒙古自治区,Inner Mongolia,兴安盟,Hinggan League,2017,300,,https://www.xam.gov.cn/xam/2021-10/28/article_2024041412260986730.html
R002084,兴安盟蒙医医院,兴安盟蒙医医院,内蒙古自治区,Inner Mongolia,兴安盟,Hinggan League,2020,300,,https://www.xam.gov.cn/xam/2021-10/28/article_2024041412260986730.html
R002085,内蒙古科技大学包头医学院第二附属医院,内蒙古科技大学包头医学院第二附属医院,内蒙古自治区,Inner Mongolia,包头市,Baotou,2024,800,,https://www.byerfy.com.cn/news_detail/148.html
R002085,内蒙古科技大学包头医学院第二附属医院,内蒙古科技大学包头医学院第二附属医院,内蒙古自治区,Inner Mongolia,包头市,Baotou,2025,800,,https://www.btmc.edu.cn/yxjsxy/info/1058/2466.htm
R002087,呼和浩特市中医蒙医医院,呼和浩特市中医蒙医医院,内蒙古自治区,Inner Mongolia,呼和浩特市,Huhehaote,2023,700,,https://csp.ncmi.cn/WebManage/StrokeRecognition/CzdtUUDetailWeb?type=&uid=26007
R002088,呼和浩特市第一医院,呼和浩特市第一医院,内蒙古自治区,Inner Mongolia,呼和浩特市,Huhehaote,2024,1500,,https://www.hsdyyy.org.cn/index/Index/show/id/3100
R002089,扎兰屯市中蒙医院,扎兰屯市中蒙医院,内蒙古自治区,Inner Mongolia,呼伦贝尔市,Hulunbeier,2020,500,,https://ylws.huatu.com/yldw_zkxx/20200117/1851186.html
R002095,赤峰市肿瘤医院,赤峰市肿瘤医院,内蒙古自治区,Inner Mongolia,赤峰市,Chifeng,2024,900,,https://file.m12333.cn/upfile/download/6e483ed0-435c-2e6a-d71e-8f4d27c7b2ca.pdf
R002096,锡林郭勒盟中心医院,锡林郭勒盟中心医院,内蒙古自治区,Inner Mongolia,锡林郭勒盟,Xilingol League,2023,1057,,https://www.xlgl.gov.cn/xlgl/zt/jytablgk/2023101617003837459/index.html
R002097,阿鲁科尔沁旗中医医院,阿鲁科尔沁旗中医医院,内蒙古自治区,Inner Mongolia,赤峰市,Chifeng,2023,398,,https://www.chifeng.gov.cn/zfgb/c/2023-12-28/119405.shtml
R002098,白城中心医院,白城中心医院,吉林省,Jilin,白城市,Baicheng,2024,880,,https://3g.kq36.com/25/info.asp?id=186500&map=1
R002099,九〇三医院,九〇三医院,四川省,Sichuan,绵阳市,Mianyang,2024,850,,https://sthjt.sc.gov.cn/sthjt/c103939/2024/1/3/83ec8703e01c4928a121a5c501c4b70d/files/%E3%80%90%E5%85%AC%E7%A4%BA%E6%9C%AC%E3%80%91%E4%B9%9D%E3%80%87%E4%B8%89%E5%8C%BB%E9%99%A26MV%E7%9B%B4%E7%BA%BF%E5%8A%A0%E9%80%9F%E5%99%A8%E5%BB%BA%E8%AE%BE%E9%A1%B9%E7%9B%AE.pdf
R002100,什邡市人民医院,什邡市人民医院,四川省,Sichuan,德阳市,Deyang,2024,660,,https://jy.cmc.edu.cn/index/index/corporationdetail.html?data=MDAwMDAwMDAwMJG6n3_Ed6imi4qQtMeeeN2KqLKvsoizpsp5u9GGrZ6ujs6WZMKGcdKLoJDStXqn1ZDPqaE
R002102,仪陇县人民医院,仪陇县人民医院,四川省,Sichuan,南充市,Nanchong,2024,1190,,https://job.sicau.edu.cn/job/upload/file/20240522/1716366525271037197.pdf
R002103,南江县人民医院,南江县人民医院,四川省,Sichuan,巴中市,Bazhong,2024,820,,https://www.njxyy.cn/about/id/10.html
R002104,古蔺县人民医院,古蔺县人民医院,四川省,Sichuan,泸州市,Luzhou,2024,670,,https://sc.china.com.cn/2024-06/13/content_43138213.html
R002105,大邑望县中医医院,大邑望县中医医院,四川省,Sichuan,成都市,Chengdu,2023,450,,https://www.scszjxx.com/article/631
R002105,大邑望县中医医院,大邑望县中医医院,四川省,Sichuan,成都市,Chengdu,2024,700,,https://www.toutiao.com/article/7372665358773240356/
R002107,宜宾市第三人民医院,宜宾市第三人民医院,四川省,Sichuan,宜宾市,Yibin,2024,810,,https://www.haodf.com/hospital/3190861554/jieshao.html
R002108,宜宾市第四人民医院,宜宾市第四人民医院,四川省,Sichuan,宜宾市,Yibin,2022,660,,https://www.chinadas.net/haozhan/web7964.asp
R002110,射洪市中医院,射洪市中医院,四川省,Sichuan,遂宁市,Suining,2019,500,,https://csp.ncmi.cn/WebManage/StrokeRecognition/CzdtUUDetailWeb?type=&uid=03113
R002110,射洪市中医院,射洪市中医院,四川省,Sichuan,遂宁市,Suining,2020,500,,https://www.ggj.gov.cn/jn/tfiles/ENTYPATH/files/enty/EF20201211299244921499.pdf
R002110,射洪市中医院,射洪市中医院,四川省,Sichuan,遂宁市,Suining,2021,800,,https://archiver.yingjiesheng.com/job-004-860-534.html
R002111,峨眉山市中医医院峨眉山市骨科医院,峨眉山市中医医院峨眉山市骨科医院,四川省,Sichuan,乐山市,Leshan,2018,498,,https://www.emeishan.gov.cn/emss/qsydw/201808/15fd0bb6c67a45378ad691ce82d4bc2c.shtml
R002111,峨眉山市中医医院峨眉山市骨科医院,峨眉山市中医医院峨眉山市骨科医院,四川省,Sichuan,乐山市,Leshan,2024,498,,https://www.ems120.cn/nd.jsp?id=500
R002112,成都上锦南府医院,成都上锦南府医院,四川省,Sichuan,成都市,Chengdu,2021,1200,,https://www.gccrcw.com/region/sichuan/scws/202101/0552364.html
R002112,成都上锦南府医院,成都上锦南府医院,四川省,Sichuan,成都市,Chengdu,2024,1200,,https://www.wchscu.cn/hxsj/zhaoshengzhaopin/77969.html
R002113,成都市双流区中医医院,成都市双流区中医医院,四川省,Sichuan,成都市,Chengdu,2024,650,,https://3g.kq36.com/25/216171
R002114,成都市龙泉驿区中医医院,成都市龙泉驿区中医医院,四川省,Sichuan,成都市,Chengdu,2023,1000,,https://www.cscec.com/xwzx_new/zqydt_new/202303/3644726.html
R002114,成都市龙泉驿区中医医院,成都市龙泉驿区中医医院,四川省,Sichuan,成都市,Chengdu,2024,1028,,https://www.lqzyy.com/journey/
R002115,成都市龙泉驿区第一人民医院,成都市龙泉驿区第一人民医院,四川省,Sichuan,成都市,Chengdu,2024,1100,,https://sthjt.sc.gov.cn/sthjt/c103939/2024/7/11/8c2c0273c4b74cbd9c6ce886bfc3b66e/files/%E7%8E%AF%E5%A2%83%E5%BD%B1%E5%93%8D%E6%8A%A5%E5%91%8A%E8%A1%A8%EF%BC%88%E5%85%AC%E7%A4%BA%E6%9C%AC%EF%BC%89-20240711172213802.pdf
R002117,泸县人民医院,泸县人民医院,四川省,Sichuan,泸州市,Luzhou,2024,1000,,https://yzp.cn/zhaopingonggao/104225.html
R002123,达州市达川区人民医院,达州市达川区人民医院,四川省,Sichuan,达州市,Dazhou,2023,1260,,https://www.dachuan.org.cn/news/25733
R002124,邛崃市医疗中心医院,邛崃市医疗中心医院,四川省,Sichuan,成都市,Chengdu,2023,1350,,https://www.jobmd.cn/article/jobs_hospital/359240
R002125,金堂县第一人民医院,金堂县第一人民医院,四川省,Sichuan,成都市,Chengdu,2023,913,,https://www.wchscu.cn/xxgkw/jxgl/jiuye/detail/73492.html
R002125,金堂县第一人民医院,金堂县第一人民医院,四川省,Sichuan,成都市,Chengdu,2024,913,,https://www.jintangyy.com/newshow.aspx?id=13459&mid=432
R002126,中卫市中医医院,中卫市中医医院,宁夏回族自治区,Ningxia,中卫市,Zhongwei,2021,510,,https://www.nxzw.gov.cn/zwgk/bmxxgkml/swsjkwyh/fdzdgknr_49861/zfkfr_49885/hdfa_49886/202109/P020210917613666226432.pdf|https://wsjkw.nx.gov.cn/zfxxgk_279/fdzdgknr/xzxkgs/202103/t20210325_2818561.html
R002126,中卫市中医医院,中卫市中医医院,宁夏回族自治区,Ningxia,中卫市,Zhongwei,2023,,open,https://wsjkw.nx.gov.cn/zfxxgk_279/fdzdgknr/xzxkgs/202103/t20210325_2810575.html
R002127,吴忠市人民医院,吴忠市人民医院,宁夏回族自治区,Ningxia,吴忠市,Wuzhong,2017,,relocated,https://nxwzrmyy.com/index.php?a=index&c=Lists&m=home&tid=8|https://www.nxwzrmyy.com/index.php?a=index&aid=594&c=View&m=home
R002127,吴忠市人民医院,吴忠市人民医院,宁夏回族自治区,Ningxia,吴忠市,Wuzhong,2024,900,,https://www.wuzhong.gov.cn/xxgk/zfxxgkml/yjsgkqk/bmjs/2024/202509/P020250924671423262961.pdf
R002128,固原市人民医院,固原市人民医院,宁夏回族自治区,Ningxia,固原市,Guyuan,2023,960,,https://csp.ncmi.cn/WebManage/StrokeRecognition/CzdtUUDetailWeb?type=&uid=00412
R002129,宁夏回族自治区中西医结合医院,宁夏回族自治区中西医结合医院,宁夏回族自治区,Ningxia,银川市,Yinchuan,2023,407,,https://sthjt.nx.gov.cn/zwgk/hjpj_63348/hjyxpjsl/202311/P020231102340450679096.pdf
R002129,宁夏回族自治区中西医结合医院,宁夏回族自治区中西医结合医院,宁夏回族自治区,Ningxia,银川市,Yinchuan,2024,407,,https://wsjkw.nx.gov.cn/zfxxgk_279/fdzdgknr/yjsgk/202508/P020250825371174809276.pdf
R002130,宁夏回族自治区宁安医院,宁夏回族自治区宁安医院,宁夏回族自治区,Ningxia,银川市,Yinchuan,2023,350,,https://y.dxy.cn/hospital/2724/|https://wsjkw.nx.gov.cn/zfxxgk_279/fdzdgknr/yjsgk/202302/P020231007509480069027.pdf
R002131,石嘴山市第一人民医院,石嘴山市第一人民医院,宁夏回族自治区,Ningxia,石嘴山市,Shizuishan,2021,600,,https://shizuishan.gov.cn/zwgk/bmxxgk/szsswsjkwyh_61165/jjjllll123_/jrgbl123_4/deb968552/202109/t20210914_3018561.html
R002131,石嘴山市第一人民医院,石嘴山市第一人民医院,宁夏回族自治区,Ningxia,石嘴山市,Shizuishan,2025,600,,https://www.shizuishan.gov.cn/zwgk/bmxxgk/szssspfwglj_61186/SDssss665_5233/swbrtfv76/202511/t20251126_5092533.html
R002133,淮南东方医院集团总医院,淮南东方医院集团总医院,安徽省,Anhui,淮南市,Huainan,2024,900,,https://hnrb.huainannet.com/content/202406/14/content_162653.html
R002134,皖西卫生职业学院附属医院（六安市第二人民医院）,皖西卫生职业学院附属医院（六安市第二人民医院）,安徽省,Anhui,六安市,Liuan,2024,1317,,https://www.laey.net/cn/index_7338.aspx
R002136,山西盈康一生总医院,山西盈康一生总医院,山西省,Shanxi,运城市,Yuncheng,2024,1500,,https://www.ycsdyyy.com/wap/news/50a50a49a56.html
R002137,东莞市第八人民医院（东莞市儿童医院）,东莞市第八人民医院（东莞市儿童医院）,广东省,Guangdong,东莞市,Dongguan,2024,1428,,https://9453job.com/Company/CompanyDetails/57753
R002138,中山陈星海中西医结合医院,中山陈星海中西医结合医院,广东省,Guangdong,中山市,Zhongshan,2023,1100,,https://www.zs.gov.cn/ywb/news/localnews/content/post_2305517.html|https://www.sohu.com/a/705710120_120117894
R002139,云浮市罗定市中医院,云浮市罗定市中医院,广东省,Guangdong,云浮市,Yunfu,2024,800,planned_ceiling,https://www.yunfu.gov.cn/wjj/zwgk/ggl/content/post_1880744.html
R002140,广东医科大学附属第二医院,广东医科大学附属第二医院,广东省,Guangdong,湛江市,Zhanjiang,2024,1277,,https://www.gdmusah.cn/Info.aspx?Id=0e66962b-cfb6-415e-8cd6-3e37700b3480&c=1242e
R002142,惠州市第一人民医院,惠州市第一人民医院,广东省,Guangdong,惠州市,Huizhou,2020,1500,,https://pc.nfnews.com/16121/4453826.html
R002142,惠州市第一人民医院,惠州市第一人民医院,广东省,Guangdong,惠州市,Huizhou,2024,1438,,https://www.chard.org.cn/detail/member_1/2306
R002143,梅州市中医医院,梅州市中医医院,广东省,Guangdong,梅州市,Meizhou,2023,828,,https://www.gdszyxh.com/vip/infor.aspx?ArticleId=373&ColumnCode=B101
R002143,梅州市中医医院,梅州市中医医院,广东省,Guangdong,梅州市,Meizhou,2025,828,,https://www.sohu.com/a/948623786_100116740
R002144,河源市中医院,河源市中医院,广东省,Guangdong,河源市,Heyuan,2024,413,,https://www.heyuan.gov.cn/bmjy/hysrlzyhshbzj/gggs/content/post_604240.html
R002145,深圳市中西医结合医院,深圳市中西医结合医院,广东省,Guangdong,深圳市,Shenzhen,2023,900,,https://www.bawjxt.net/szszxyjhyy/yyxw/yydt/content/post_1110996.html
R002146,深圳平乐骨伤科医院,深圳平乐骨伤科医院,广东省,Guangdong,深圳市,Shenzhen,2019,588,,https://yjsy.hnucm.edu.cn/info/1120/3356.htm
R002146,深圳平乐骨伤科医院,深圳平乐骨伤科医院,广东省,Guangdong,深圳市,Shenzhen,2022,966,,https://www.med66.com/weishengdanweizhaopin/guangdong/shiyedanwei/wa2203034264.shtml
R002146,深圳平乐骨伤科医院,深圳平乐骨伤科医院,广东省,Guangdong,深圳市,Shenzhen,2023,1119,,https://www.sznews.com/news/content/2023-08/29/content_30438513.htm
R002148,韶关市中医院,韶关市中医院,广东省,Guangdong,韶关市,Shaoguan,2017,505,,https://szyyj.gd.gov.cn/attachements/2019/01/03/a9900b7c6873b2adb09594c2a8fb10a9.pdf
R002148,韶关市中医院,韶关市中医院,广东省,Guangdong,韶关市,Shaoguan,2022,505,,https://rsj.sg.gov.cn/ywzt/rsrc/sydw/content/post_2350970.html
R002148,韶关市中医院,韶关市中医院,广东省,Guangdong,韶关市,Shaoguan,2024,992,,https://rsj.sg.gov.cn/ywzt/rsrc/sydw/content/post_2701822.html
R002149,龙川县中医院,龙川县中医院,广东省,Guangdong,河源市,Heyuan,2021,480,,https://www.longchuan.gov.cn/sy/tzgg/content/post_419753.html
R002149,龙川县中医院,龙川县中医院,广东省,Guangdong,河源市,Heyuan,2024,600,,https://www.longchuan.gov.cn/zwgk/zdlyxxgk/jbylwsxxgk/content/post_601966.html
R002150,中山大学附属第一医院广西医院,中山大学附属第一医院广西医院,广西壮族自治区,Guangxi,南宁市,Nanning,2023,500,,https://zsyygxyy.org.cn/about/aboutyyjs/4.html
R002150,中山大学附属第一医院广西医院,中山大学附属第一医院广西医院,广西壮族自治区,Guangxi,南宁市,Nanning,2024,500,,https://zsyygxyy.org.cn/news/newsmtgz/3183.html
R002152,博白县人民医院,博白县人民医院,广西壮族自治区,Guangxi,玉林市,Yulin,2023,1200,,https://kanyijie.com/details?id=1885
R002153,广西医科大学第二附属医院,广西医科大学第二附属医院,广西壮族自治区,Guangxi,南宁市,Nanning,2020,1108,,https://www.chard.org.cn/detail/member_1/98
R002153,广西医科大学第二附属医院,广西医科大学第二附属医院,广西壮族自治区,Guangxi,南宁市,Nanning,2022,1082,,https://www.yaochangyun.com/ypYiGai/Item1e7210da1cb9d39.html|https://www.gxzf.gov.cn/zfwj/zzqrmzfwj_34845/t12039703.shtml
R002153,广西医科大学第二附属医院,广西医科大学第二附属医院,广西壮族自治区,Guangxi,南宁市,Nanning,2023,1810,,https://gx.huatu.com/2024/0411/1996819.html
R002153,广西医科大学第二附属医院,广西医科大学第二附属医院,广西壮族自治区,Guangxi,南宁市,Nanning,2024,1810,,https://gx.huatu.com/2024/0411/1996819.html
R002154,桂平市人民医院,桂平市人民医院,广西壮族自治区,Guangxi,贵港市,Guigang,2022,1408,,https://sthjt.gxzf.gov.cn/zfxxgk/zfxxgkgl/fdzdgknr/hjjccf/xzxk/npzxm/P020220330547599467621.pdf
R002154,桂平市人民医院,桂平市人民医院,广西壮族自治区,Guangxi,贵港市,Guigang,2023,1408,,https://csp.ncmi.cn/WebManage/StrokeRecognition/CzdtUUDetailWeb?type=&uid=03312
R002155,灵山县人民医院,灵山县人民医院,广西壮族自治区,Guangxi,钦州市,Qinzhou,2024,1380,,https://m.bidcenter.com.cn/newsrili-1-273001817.html|https://www.chzlfz.org.cn/news/39
R002156,玉林市第二人民医院,玉林市第二人民医院,广西壮族自治区,Guangxi,玉林市,Yulin,2024,1010,,https://www.ylsdermyy.cn/web/about_us/index.aspx
R002157,乌鲁木齐市第一人民医院（乌鲁木齐儿童医院）,乌鲁木齐市第一人民医院（乌鲁木齐儿童医院）,新疆维吾尔自治区,Xinjiang,乌鲁木齐市,Urumqi,2024,430,,https://www.gqp.gov.cn/gqbkfq/c120325/202402/e78681933ccb4e548dc2d11aff0b9e77.shtml
R002159,伊犁哈萨克自治州中医医院,伊犁哈萨克自治州中医医院,新疆维吾尔自治区,Xinjiang,伊犁州,Ili Kazak Autonomous Prefecture,2024,770,,https://www.ylxw.com.cn/sdbd/2024-12-10/1233748.html
R002160,伊犁哈萨克自治州新华医院,伊犁哈萨克自治州新华医院,新疆维吾尔自治区,Xinjiang,伊犁州,Ili Kazak Autonomous Prefecture,2024,1100,,https://xjrct.xjyxonline.com/site/xjrctxjyxonlinecom/bmsx-1/info/2024/5efa92de-3725-4638-b4bc-af7eb6908cfd.html
R002161,克拉玛依市人民医院,克拉玛依市人民医院,新疆维吾尔自治区,Xinjiang,克拉玛依市,Kelamayi,2024,500,,https://www.klmyq.gov.cn/klmyq/jcxx2/202408/57c32a201b3848a1bc102c2f2b288a9a.shtml
R002162,吐鲁番市人民医院,吐鲁番市人民医院,新疆维吾尔自治区,Xinjiang,吐鲁番市,Tulufan,2021,673,,https://xjrct.xjyxonline.com/site/xjrctxjyxonlinecom/bmsx-1/info/2021/d2f317c3-a137-4179-a34a-eb0c614bb134.html
R002162,吐鲁番市人民医院,吐鲁番市人民医院,新疆维吾尔自治区,Xinjiang,吐鲁番市,Tulufan,2023,610,,https://www.tlf.gov.cn/tlfs/c117646/202310/20cc1aa5cdba47558ddaf85a33378bc0.shtml
R002163,和田地区人民医院,和田地区人民医院,新疆维吾尔自治区,Xinjiang,和田地区,Hotan Prefecture,2024,1400,,https://xjrct.xjyxonline.com/site/xjrctxjyxonlinecom/bmsx-1/info/2024/3840f9b6-e03a-4d11-a8a6-5e91bd736b27.html
R002164,和田地区维吾尔医医院,和田地区维吾尔医医院,新疆维吾尔自治区,Xinjiang,和田地区,Hotan Prefecture,2018,650,,https://mpa.xinjiang.gov.cn/xjyjj/uploadfiles/202005181926585904a.pdf
R002165,哈密市中心医院,哈密市中心医院,新疆维吾尔自治区,Xinjiang,哈密市,Hami,2020,786,,https://www.hami.gov.cn/hami/c120109/202010/85617d8e4d194192a7e5d21265453e23.shtml
R002165,哈密市中心医院,哈密市中心医院,新疆维吾尔自治区,Xinjiang,哈密市,Hami,2021,786,,https://xjrct.xjyxonline.com/site/xjrctxjyxonlinecom/bmsx-1/info/2021/d2f317c3-a137-4179-a34a-eb0c614bb134.html
R002165,哈密市中心医院,哈密市中心医院,新疆维吾尔自治区,Xinjiang,哈密市,Hami,2023,786,,https://www.kq36.com/25/144618
R002166,喀什地区第二人民医院,喀什地区第二人民医院,新疆维吾尔自治区,Xinjiang,喀什地区,Kashgar Prefecture,2022,1200,,https://www.kashi.gov.cn/ksdqxzgs/c112194/202206/e6991cd6bd2743eebdde6be12d512f43.shtml
R002167,喀什地区维吾尔医医院,喀什地区维吾尔医医院,新疆维吾尔自治区,Xinjiang,喀什地区,Kashgar Prefecture,2023,500,,https://xj.m.jinbiaochi.com/xjyl/news_501854.html
R002167,喀什地区维吾尔医医院,喀什地区维吾尔医医院,新疆维吾尔自治区,Xinjiang,喀什地区,Kashgar Prefecture,2024,500,,https://www.xj.chinanews.com.cn/dizhou/2024-06-03/detail-iheazxpr1488051.shtml
R002168,塔城地区人民医院,塔城地区人民医院,新疆维吾尔自治区,Xinjiang,塔城地区,Tacheng Prefecture,2023,667,,https://www.xjtc.gov.cn/zfxxgk/xxgkzl/tcdqhsjg/tcdqhzgszzjg1/wsjkwyh/gksx20/hzf/content_2858
R002169,巴音郭楞蒙古自治州人民医院北院区,巴音郭楞蒙古自治州人民医院,新疆维吾尔自治区,Xinjiang,巴州,Bayingolin Mongol Autonomous Prefecture,2024,1250,,https://www.xjbz.gov.cn/xjbz/c117849/202410/edf4faa5e9244e38940191684ce94883.shtml
R002170,新疆医科大学第六附属医院（自治区骨科医院）,新疆医科大学第六附属医院（自治区骨科医院）,新疆维吾尔自治区,Xinjiang,乌鲁木齐市,Urumqi,2023,800,,https://www.gccrcw.com/region/xinjiang/xjws/202303/0689130.html
R002171,新疆心脑血管病医院,新疆心脑血管病医院,新疆维吾尔自治区,Xinjiang,乌鲁木齐市,Urumqi,2024,450,,https://www.baike.com/wikiid/5242962049262083899
R002172,新疆生产建设兵团第一师阿拉尔医院,新疆生产建设兵团第一师阿拉尔医院,新疆维吾尔自治区,Xinjiang,第一师阿拉尔市,First Division Aral,2023,560,,https://m.jinbiaochi.com/qgylws/news_473045.html
R002173,新疆生产建设兵团第七师医院,新疆生产建设兵团第七师医院,新疆维吾尔自治区,Xinjiang,第七师胡杨河市,Seventh Division Huyanghe,2024,700,,https://www.15ms.com/hospital/5493/
R002174,新疆生产建设兵团第九师医院,新疆生产建设兵团第九师医院,新疆维吾尔自治区,Xinjiang,第九师白杨市,Ninth Division Baiyang,2023,819,,https://www.jobmd.cn/article/jobs_hospital/359137
R002174,新疆生产建设兵团第九师医院,新疆生产建设兵团第九师医院,新疆维吾尔自治区,Xinjiang,第九师白杨市,Ninth Division Baiyang,2024,819,,https://jiuyezp.hxu.edu.cn/campus/view/id/820986
R002175,新疆生产建设兵团第二师库尔勒医院,新疆生产建设兵团第二师库尔勒医院,新疆维吾尔自治区,Xinjiang,第二师铁门关市,Second Division Tiemenguan,2022,800,,https://ylws.huatu.com/yldw_zkxx/20220321/2491416.html
R002176,新疆生产建设兵团第五师医院,新疆生产建设兵团第五师医院,新疆维吾尔自治区,Xinjiang,第五师双河市,Fifth Division Shuanghe,2024,500,,https://m.xj.huatu.com/2024/0815/1604844.html
R002177,新疆生产建设兵团第六师医院（新疆五家渠市人民医院）,新疆生产建设兵团第六师医院（新疆五家渠市人民医院）,新疆维吾尔自治区,Xinjiang,第六师五家渠市,Sixth Division Wujiaqu,2019,660,,https://www.591yz.com/company/detail-16389
R002178,新疆生产建设兵团第十三师红星医院,新疆生产建设兵团第十三师红星医院,新疆维吾尔自治区,Xinjiang,第十三师新星市,Thirteenth Division Xinxing,2023,800,,https://www.btnsss.gov.cn/gk/fdzdgknr/gsgg/zpgs/97296.htm
R002179,新疆生产建设兵团第十师北屯医院,新疆生产建设兵团第十师北屯医院,新疆维吾尔自治区,Xinjiang,第十师北屯市,Tenth Division Beitun,2017,540,,https://sthjt.xinjiang.gov.cn/xjepd/hfshpsl/201807/2ceffc35e3a94c52b0cd716457233369/files/%E6%96%B0%E7%96%86%E7%94%9F%E4%BA%A7%E5%BB%BA%E8%AE%BE%E5%85%B5%E5%9B%A2%E7%AC%AC%E5%8D%81%E5%B8%88%E5%8C%97%E5%B1%AF%E5%8C%BB%E9%99%A2%E8%BE%90%E5%B0%84%E5%8C%BB%E7%96%97%E8%AE%BE%E5%A4%87%E5%BA%94%E7%94%A8%E9%A1%B9%E7%9B%AE%EF%BC%88%E5%85%AC%E7%A4%BA%E7%89%88%EF%BC%89.pdf
R002179,新疆生产建设兵团第十师北屯医院,新疆生产建设兵团第十师北屯医院,新疆维吾尔自治区,Xinjiang,第十师北屯市,Tenth Division Beitun,2022,500,,https://www.zgrkk.com/reports/8830.html
R002179,新疆生产建设兵团第十师北屯医院,新疆生产建设兵团第十师北屯医院,新疆维吾尔自治区,Xinjiang,第十师北屯市,Tenth Division Beitun,2023,500,,https://www.zgrkk.com/reports/5177.html
R002180,新疆维吾尔自治区儿童医院,新疆维吾尔自治区儿童医院,新疆维吾尔自治区,Xinjiang,乌鲁木齐市,Urumqi,2024,771,,https://mh.bohe.cn/hospital_39484/yyjs.html
R002181,新疆维吾尔自治区第三人民医院（自治区职业病医院）,新疆维吾尔自治区第三人民医院（自治区职业病医院）,新疆维吾尔自治区,Xinjiang,乌鲁木齐市,Urumqi,2024,1200,,https://www.xjsmc.edu.cn/info/1059/2811.htm
R002183,石河子市人民医院,石河子市人民医院,新疆维吾尔自治区,Xinjiang,第八师石河子市,Eighth Division Shihezi,2024,1360,,https://faxing.jkb.com.cn/home/index/download.html?goods=1&item=946221&name=jkb&page=1390567267
R002185,阿勒泰地区人民医院,阿勒泰地区人民医院,新疆维吾尔自治区,Xinjiang,阿勒泰地区,Altay Prefecture,2017,750,,https://www.governbond.org.cn/uploadFiles/crawler_t_src_bond_doc/%E9%98%BF%E5%8B%92%E6%B3%B0%E5%9C%B0%E5%8C%BA%E4%BA%BA%E6%B0%91%E5%8C%BB%E9%99%A2%E6%94%B6%E7%9B%8A%E4%B8%8E%E8%9E%8D%E8%B5%84%E5%B9%B3%E8%A1%A1%E6%96%B9%E6%A1%88.pdf
R002186,东台市人民医院,东台市人民医院,江苏省,Jiangsu,盐城市,Yancheng,2024,1150,,https://www.jscn.edu.cn/info/1060/34058.htm
R002188,建湖县人民医院,建湖县人民医院,江苏省,Jiangsu,盐城市,Yancheng,2024,850,,https://wjw.jiangsu.gov.cn/art/2024/11/14/art_55458_11420505.html
R002189,徐州仁慈医院,徐州仁慈医院,江苏省,Jiangsu,徐州市,Xuzhou,2024,1000,,https://m.dxy.com/hospital/1160
R002190,苏州理想眼科医院,苏州理想眼科医院,江苏省,Jiangsu,苏州市,Suzhou,2024,100,,https://www.suzhou.gov.cn/szsrmzf/mszx/202409/a7fb4db493374c5d996cbe7363450ff2.shtml
R002191,靖江市人民医院,靖江市人民医院,江苏省,Jiangsu,泰州市,Taizhou,2024,1521,,https://tzhh.taizhou.gov.cn/xxgk/ggtz/art/2024/art_afc11b41f6334450829964f941b9d4b1.html
R002192,南阳医学高等专科学校第二附属医院,南阳医学高等专科学校第二附属医院,河南省,Henan,南阳市,Nanyang,2021,700,,https://yjs.nymc.edu.cn/__local/5/0D/2D/2FB4135271F350136D24864B4EE_EEBAA530_82320A.pdf?e=.pdf
R002192,南阳医学高等专科学校第二附属医院,南阳医学高等专科学校第二附属医院,河南省,Henan,南阳市,Nanyang,2023,700,,https://yjs.nymc.edu.cn/__local/5/A8/EF/341D6D4ECBFE5477862F0FD8B54_CF0EF1C8_85AA4E.pdf?e=.pdf
R002192,南阳医学高等专科学校第二附属医院,南阳医学高等专科学校第二附属医院,河南省,Henan,南阳市,Nanyang,2024,700,,https://3g.kq36.com/25/153943
R002193,南阳市中医院,南阳市中医院,河南省,Henan,南阳市,Nanyang,2022,3500,,https://www.cn-healthcare.com/articlewm/20220630/wap-content-1392399.html
R002193,南阳市中医院,南阳市中医院,河南省,Henan,南阳市,Nanyang,2024,3500,,https://dzb.henandaily.cn/html5/2024-02/27/content_351_1638983.htm?curr=|https://www.hnsjb.cn/content/dianzibao/henanribao/20240227/1146685.html
R002194,平顶山市中医医院,平顶山市中医医院,河南省,Henan,平顶山市,Pingdingshan,2024,1600,,https://dzb.henandaily.cn/html5/2024-02/27/content_362_1639007.htm
R002195,河南科技大学第二附属医院,河南科技大学第二附属医院,河南省,Henan,洛阳市,Luoyang,2024,1260,,https://hlxy.lypt.edu.cn/2024/1202/c815a55078/page.htm
R002196,许昌市人民医院,许昌市人民医院,河南省,Henan,许昌市,Xuchang,2020,1000,,https://guahao.169000.net/indexext.gl?id=20052810481005760&op=b
R002197,郑州中医骨伤病医院,郑州中医骨伤病医院,河南省,Henan,郑州市,Zhengzhou,2022,248,,https://public.zzjkq.gov.cn/D49Y/6725173.jhtml
R002198,黄河三门峡医院,黄河三门峡医院,河南省,Henan,三门峡市,Sanmenxia,2020,1800,,https://xsc.bbmu.edu.cn/jyzdzx/info/1078/4136.htm
R002198,黄河三门峡医院,黄河三门峡医院,河南省,Henan,三门峡市,Sanmenxia,2023,1800,,https://www.bianzhia.com/henan/sanmenxia/20230114/109383.html
R002199,东阳市中医院,东阳市中医院,浙江省,Zhejiang,金华市,Jinhua,2022,,open,https://www.sohu.com/a/575593008_121118799
R002199,东阳市中医院,东阳市中医院,浙江省,Zhejiang,金华市,Jinhua,2023,600,,https://www.gaoxiaojob.com/announcement/detail/139959.html
R002199,东阳市中医院,东阳市中医院,浙江省,Zhejiang,金华市,Jinhua,2024,600,,https://www.gaoxiaojob.com/announcement/detail/218373.html
R002201,义乌市中心医院,义乌市中心医院,浙江省,Zhejiang,金华市,Jinhua,2024,1200,,https://www.yw.gov.cn/art/2024/1/5/art_1229129595_59468492.html
R002202,台州市中医院,台州市中医院,浙江省,Zhejiang,台州市,Taizhou,2023,600,,https://yjsy.tjutcm.edu.cn/info/2009/7746.htm
R002202,台州市中医院,台州市中医院,浙江省,Zhejiang,台州市,Taizhou,2024,600,,https://rsj.zjtz.gov.cn/art/2024/2/29/art_1229045970_3918272.html
R002204,台州市第二人民医院,台州市第二人民医院,浙江省,Zhejiang,台州市,Taizhou,2023,625,,https://ha.huatu.com/2023/0117/5112690.html
R002205,浙江省台州医院恩泽院区（台州恩泽医疗中心（集团）恩泽医院）,浙江省台州医院,浙江省,Zhejiang,台州市,Taizhou,2015,622,,https://ccj.pku.edu.cn/Article/DownLoad?id=214604094&type=ArticleFile
R002205,浙江省台州医院恩泽院区（台州恩泽医疗中心（集团）恩泽医院）,浙江省台州医院,浙江省,Zhejiang,台州市,Taizhou,2016,853,,https://hcd.zhuyitai.com/journals/hcd/article/6c0d4ab73267433cacc78c81744da1d8|https://www.sohu.com/a/401799475_456060
R002206,台州骨伤医院,台州骨伤医院,浙江省,Zhejiang,台州市,Taizhou,2022,500,,https://yjsy.jxutcm.edu.cn/info/1035/2093.htm
R002206,台州骨伤医院,台州骨伤医院,浙江省,Zhejiang,台州市,Taizhou,2024,600,,https://www.gaoxiaojob.com/announcement/detail/270104.html
R002207,宁波市奉化区中医医院,宁波市奉化区中医医院,浙江省,Zhejiang,宁波市,Ningbo,2024,600,,https://m.fx361.com/news/2024/0316/23711725.html
R002208,宁波市杭州湾医院,宁波市杭州湾医院,浙江省,Zhejiang,宁波市,Ningbo,2019,300,open,https://hr.sjtu.edu.cn/teacher/post/809|https://www.sohu.com/a/362937138_467403
R002208,宁波市杭州湾医院,宁波市杭州湾医院,浙江省,Zhejiang,宁波市,Ningbo,2020,300,,https://www.xyl2002.com/zpxq/3774.html?pagenum=all
R002208,宁波市杭州湾医院,宁波市杭州湾医院,浙江省,Zhejiang,宁波市,Ningbo,2021,450,,https://www.xyl2002.com/zpxq/4651.html?pagenum=all
R002208,宁波市杭州湾医院,宁波市杭州湾医院,浙江省,Zhejiang,宁波市,Ningbo,2022,500,,https://www.nbshzwyy.cn/art/2022/9/6/art_13512_605229.html
R002208,宁波市杭州湾医院,宁波市杭州湾医院,浙江省,Zhejiang,宁波市,Ningbo,2023,600,,https://news.sjtu.edu.cn/ztzl_fwzx/20230403/180714.html|https://www.thepaper.cn/newsDetail_forward_23533040
R002209,杭州市丁桥医院,杭州市丁桥医院,浙江省,Zhejiang,杭州市,Hangzhou,2019,300,,https://news.zhuyitai.com/19/1214/1e6e934f20b841cea7c295e85cbf9ea2.html
R002210,杭州市上城区人民医院,杭州市上城区人民医院,浙江省,Zhejiang,杭州市,Hangzhou,2014,360,,https://zjjcmspublic.oss-cn-hangzhou-zwynet-d01-a.internet.cloud.zj.gov.cn/jcms_files/jcms1/web149/site/picture/old/xxgk/file6635.pdf
R002211,杭州市第三人民医院,杭州市第三人民医院,浙江省,Zhejiang,杭州市,Hangzhou,2023,800,,https://www.hz3yy.com/articleInfo/1303
R002211,杭州市第三人民医院,杭州市第三人民医院,浙江省,Zhejiang,杭州市,Hangzhou,2024,800,,https://www.hz3yy.com/articleInfo/1304
R002212,杭州市老年病医院,杭州市老年病医院,浙江省,Zhejiang,杭州市,Hangzhou,2024,800,,https://www.hz-hospital.com/member/content/details/id/206577?cid=67
R002213,杭州市肿瘤医院,杭州市肿瘤医院,浙江省,Zhejiang,杭州市,Hangzhou,2014,600,,https://archiverm.yingjiesheng.com/job-001-780-638.html
R002213,杭州市肿瘤医院,杭州市肿瘤医院,浙江省,Zhejiang,杭州市,Hangzhou,2015,600,,https://y.dxy.cn/hospital/2584/hzszlyy/article/278525/
R002213,杭州市肿瘤医院,杭州市肿瘤医院,浙江省,Zhejiang,杭州市,Hangzhou,2020,600,,https://commercial.dxy.cn/article/683127
R002213,杭州市肿瘤医院,杭州市肿瘤医院,浙江省,Zhejiang,杭州市,Hangzhou,2021,700,,https://wushan.hz-hospital.com/content/default/60/1691
R002214,杭州市钱塘医院,杭州市钱塘医院,浙江省,Zhejiang,杭州市,Hangzhou,2019,1425,,https://www.srrsh.com/articleInfo/3860
R002214,杭州市钱塘医院,杭州市钱塘医院,浙江省,Zhejiang,杭州市,Hangzhou,2022,1200,,https://zjjcmspublic.oss-cn-hangzhou-zwynet-d01-a.internet.cloud.zj.gov.cn/jcms_files/jcms1/web3249/site/attach/0/4ae403f8ece44b47ad016ef4d6875f49.pdf
R002214,杭州市钱塘医院,杭州市钱塘医院,浙江省,Zhejiang,杭州市,Hangzhou,2023,1544,,https://m.yslw.com/hospital/2899.html|https://www.srrsh.com/articleInfo/5357
R002215,树兰(杭州)医院,树兰(杭州)医院,浙江省,Zhejiang,杭州市,Hangzhou,2022,1000,,https://gsb.qybk.cn/resfile/2022-04-15/B07/B07.pdf
R002215,树兰(杭州)医院,树兰(杭州)医院,浙江省,Zhejiang,杭州市,Hangzhou,2023,1000,,https://www.zlkfyl.com/article/7523.html|https://finance.sina.cn/2024-03-30/detail-inaqciip9149825.d.html|https://finance.sina.com.cn/jjxw/2023-09-05/doc-imzksnsy9994816.shtml
R002218,温州医科大学附属口腔医院,温州医科大学附属口腔医院,浙江省,Zhejiang,温州市,Wenzhou,2023,80,,https://www.cn-healthcare.com/articlewm/20230720/wap-content-1580977.html
R002218,温州医科大学附属口腔医院,温州医科大学附属口腔医院,浙江省,Zhejiang,温州市,Wenzhou,2024,80,,https://www.dentist.ac.cn/show/10/8503.html
R002220,萧山经济技术开发区博奥医院,萧山经济技术开发区博奥医院,浙江省,Zhejiang,杭州市,Hangzhou,2022,249,,https://y.dxy.cn/hospital/11616
R002222,温州医科大学附属第一医院龙港院区（龙港市人民医院）,温州医科大学附属第一医院,浙江省,Zhejiang,温州市,Wenzhou,2024,495,open,https://news.wmu.edu.cn/show/45/40245.html|https://news.wmu.edu.cn/show/45/40790.html|https://news.wmu.edu.cn/show/45/41024.html
R002225,娄底市第一人民医院,娄底市第一人民医院,湖南省,Hunan,娄底市,Loudi,2024,1200,,https://m.hn.huatu.com/2024/0221/1577375.html
R002226,宁乡市人民医院,宁乡市人民医院,湖南省,Hunan,长沙市,Changsha,2024,1719,,https://www.hnnxrmyy.com/news/783.html
R002227,平江县第一人民医院,平江县第一人民医院,湖南省,Hunan,岳阳市,Yueyang,2024,1200,,https://www.pjyyy.com/Navigation_Detail/126.html
R002228,浏阳市人民医院,浏阳市人民医院,湖南省,Hunan,长沙市,Changsha,2024,1480,,https://lysrmyy.com/m/newsshow.asp?id=16845|https://www.lysrmyy.com/m/newsshow.asp?id=16845
R002229,湖南师范大学附属湘东医院,湖南师范大学附属湘东医院,湖南省,Hunan,株洲市,Zhuzhou,2024,1000,,https://xdyy.hunnu.edu.cn/info/1117/5905.htm|https://xdyy.hunnu.edu.cn/system/_content/download.jsp?owner=1607271900&urltype=news.DownloadAttachUrl&wbfileid=15485940
R002230,湖南航天医院,湖南航天医院,湖南省,Hunan,长沙市,Changsha,2024,800,,https://www.hnhtyy.com.cn/news_detail_1/10.html
R002231,隆回县人民医院,隆回县人民医院,湖南省,Hunan,邵阳市,Shaoyang,2024,1010,,https://www.lhxrmyy.com/About.html
R002232,兰州石化总医院西院区,兰州石化总医院（甘肃中医药大学第四附属医院）,甘肃省,Gansu,兰州市,Lanzhou,2021,812,,https://www.sohu.com/a/495202555_121100999
R002232,兰州石化总医院西院区,兰州石化总医院（甘肃中医药大学第四附属医院）,甘肃省,Gansu,兰州市,Lanzhou,2022,812,,https://lcyxy.hxu.edu.cn/info/1181/1208.htm
R002232,兰州石化总医院西院区,兰州石化总医院（甘肃中医药大学第四附属医院）,甘肃省,Gansu,兰州市,Lanzhou,2023,801,,https://lcyxy.hxu.edu.cn/info/1181/1323.htm
R002234,张掖市第二人民医院,张掖市第二人民医院,甘肃省,Gansu,张掖市,Zhangye,2021,682,,https://www.zhangye.gov.cn/zyszfxxgk/fdzdgknr_5657/sgjfjysxx/bmczyjsjsgjf/202208/t20220822_897023.html
R002234,张掖市第二人民医院,张掖市第二人民医院,甘肃省,Gansu,张掖市,Zhangye,2022,682,,https://www.zhangye.gov.cn/zyszfxxgk/fdzdgknr_5657/sgjfjysxx/bmczyjsjsgjf/202112/t20211231_771554.html
R002234,张掖市第二人民医院,张掖市第二人民医院,甘肃省,Gansu,张掖市,Zhangye,2023,682,,https://www.zhangye.gov.cn/zyszfxxgk/fdzdgknr_5657/zdmsxx/wsjk/yljg/202401/t20240109_1168970.html
R002235,武威市中医医院,武威市中医医院,甘肃省,Gansu,武威市,Wuwei,2019,1200,,https://www.wwvtu.edu.cn/Item/15675.aspx
R002236,武威市凉州医院,武威市凉州医院,甘肃省,Gansu,武威市,Wuwei,2024,1110,,https://gs.people.com.cn/n2/2024/0623/c183283-40888375.html
R002238,甘肃省第三人民医院,甘肃省第三人民医院,甘肃省,Gansu,兰州市,Lanzhou,2024,700,,https://czt.gansu.gov.cn/czt/c110117/202403/173886144/files/e3d57203d3be482ea2323ffddb668482.pdf
R002239,白银市中心医院,白银市中心医院,甘肃省,Gansu,白银市,Baiyin,2020,800,,https://www.baiyin.gov.cn/zc/qtwj/aztfl/wsty/art/2022/art_1e5432b4ba2047bfa754a8ab56af1284.html
R002239,白银市中心医院,白银市中心医院,甘肃省,Gansu,白银市,Baiyin,2023,1000,,https://www.bypc.gov.cn/zfxxgk/bmdwxzjd/bmdw/qwshjkj/fdzdgknr/ghjh/art/2023/art_474a6900de03421dadb76aafef932231.html
R002240,白银市第二人民医院,白银市第二人民医院,甘肃省,Gansu,白银市,Baiyin,2024,824,,https://www.baiyinqu.gov.cn/XZJDBMDW/bmdw/byqwsjkj/fdzdgknr/ysjs/art/2025/art_68fea3be50e04a5ab02709107e036410.html
R002241,酒钢医院,酒钢医院,甘肃省,Gansu,嘉峪关市,Jiayuguan,2024,850,,https://m.gccrcw.com/view.php?aid=110132
R002242,日喀则市人民医院,日喀则市人民医院,西藏自治区,Tibet,日喀则市,Rikaze,2023,571,,https://yxy.utibet.edu.cn/info/1056/2122.htm
R002242,日喀则市人民医院,日喀则市人民医院,西藏自治区,Tibet,日喀则市,Rikaze,2024,571,,https://yxy.utibet.edu.cn/info/1056/2122.htm
R002244,昌都市人民医院,昌都市人民医院,西藏自治区,Tibet,昌都市,Changdu,2022,360,,https://www.changdu.gov.cn/cdrmzf/c103313/202309/1de949a90bae4c989d49e9ec93e1d7a9.shtml
R002245,昌都市藏医院,昌都市藏医院,西藏自治区,Tibet,昌都市,Changdu,2021,276,,https://www.changdu.gov.cn/cdrmzf/c103313/202212/50b77aea0bcd44c7a8e4e7eaa5f42bfb.shtml
R002245,昌都市藏医院,昌都市藏医院,西藏自治区,Tibet,昌都市,Changdu,2022,276,,https://www.changdu.gov.cn/cdrmzf/c103313/202309/d422f32ff4dc49e394eec75a0dee3cc0.shtml
R002245,昌都市藏医院,昌都市藏医院,西藏自治区,Tibet,昌都市,Changdu,2023,311,,https://wjw.changdu.gov.cn/cdswjw/c103082/202409/9d2caf111c7f47dd9d0c82411815479f.shtml
R002245,昌都市藏医院,昌都市藏医院,西藏自治区,Tibet,昌都市,Changdu,2024,311,,https://wjw.changdu.gov.cn/cdswjw/c103082/202509/ee39dc3d10074c9482cc3a47880537d8.shtml
R002251,首钢水钢医院,首钢水钢医院,贵州省,Guizhou,六盘水市,Liupanshui,2023,700,,https://www.gzstv.com/a/ef70b71cc9454931945b89cff03511e0
R002252,黔南州中医医院,黔南州中医医院,贵州省,Guizhou,黔南布依族苗族自治州,Qiannan Bouyei and Miao Autonomous Prefecture,2014,1000,,https://dslc.gzucm.edu.cn/info/1073/2104.htm
R002252,黔南州中医医院,黔南州中医医院,贵州省,Guizhou,黔南布依族苗族自治州,Qiannan Bouyei and Miao Autonomous Prefecture,2023,1000,,https://www.qnzyy.com/upload/files/2023/4/252de241b32af9cf.pdf
R002254,辽宁省金秋医院,辽宁省金秋医院,辽宁省,Liaoning,沈阳市,Shenyang,2021,642,,https://wsjk.ln.gov.cn/wsjk/yjsgk/510FE690336D4FF394A16F78B8458DB5/P020210331375153212538.pdf
R002254,辽宁省金秋医院,辽宁省金秋医院,辽宁省,Liaoning,沈阳市,Shenyang,2023,960,,https://wsjk.ln.gov.cn/wsjk/index/syxwxx/sjdwdt/2023090410211028384/index.shtml
R002255,重庆医科大学附属大学城医院,重庆医科大学附属大学城医院,重庆市,Chongqing,重庆市,Chongqing,2023,700,,https://czj.cq.gov.cn/cslm/bmys/zqswsjkwyh_485472/202410/P020241011510784915180.pdf
R002256,重庆市云阳县人民医院,重庆市云阳县人民医院,重庆市,Chongqing,重庆市,Chongqing,2023,1210,,https://www.dayi.org.cn/hospital/1156580.html
R002258,重庆市奉节县人民医院,重庆市奉节县人民医院,重庆市,Chongqing,重庆市,Chongqing,2024,1200,,https://sthjj.cq.gov.cn/zwgk_249/zfxxgkzl/fdzdgknr/hjyxpj/pzgcxx/sljsxmhpxxgg/202404/P020240425406505392414.pdf
R002259,重庆市荣昌区人民医院,重庆市荣昌区人民医院,重庆市,Chongqing,重庆市,Chongqing,2024,1028,,https://www.rongchang.gov.cn/bm/qwsjkw/zwgk_70831/zfxxgkml_160177/ggqsydw/202403/t20240304_12991305.html
R002260,重庆市铜梁区人民医院,重庆市铜梁区人民医院,重庆市,Chongqing,重庆市,Chongqing,2015,,relocated,https://sthjj.cq.gov.cn/zwgk_249/zfxxgkzl/fdzdgknr/hjyxpj/pzgcxx/sljsxmhpxxgg/202309/P020230914510264004189.pdf
R002260,重庆市铜梁区人民医院,重庆市铜梁区人民医院,重庆市,Chongqing,重庆市,Chongqing,2023,1308,,https://sthjj.cq.gov.cn/zwgk_249/zfxxgkzl/fdzdgknr/hjyxpj/pzgcxx/sljsxmhpxxgg/202309/P020230914510264004189.pdf
R002261,商洛市中医医院,商洛市中医医院,陕西省,Shaanxi,商洛市,Shangluo,2023,910,,https://szxyjhxh.cn/contents/2639/939.html
R002261,商洛市中医医院,商洛市中医医院,陕西省,Shaanxi,商洛市,Shangluo,2024,910,,https://www.xadwyy.com/info/1121/8377.htm
R002262,宝鸡高新医院,宝鸡高新医院,陕西省,Shaanxi,宝鸡市,Baoji,2021,799,,https://y.dxy.cn/hospital/12559/
R002263,延安市中医医院,延安市中医医院,陕西省,Shaanxi,延安市,Yanan,2023,698,,https://www.jkb.com.cn/news/industryNews/2024/0403/494348.html
R002264,西安市精神卫生中心,西安市精神卫生中心,陕西省,Shaanxi,西安市,Xi'an,2024,800,,https://news.hsw.cn/system/2024/0717/1765690.shtml
R002265,青海省交通医院,青海省交通医院,青海省,Qinghai,西宁市,Xining,2025,820,,https://3g.kq36.com/25/347221
R002266,伊春市第一医院,伊春市第一医院,黑龙江省,Heilongjiang,伊春市,Yichun,2020,650,,https://hlj.huatu.com/2020/0102/1617678.html|https://geekxue.com/portal.php?aid=3975&mobile=2&mod=view
R002267,哈尔滨医科大学附属第六医院江北院区,哈尔滨医科大学附属第六医院,黑龙江省,Heilongjiang,哈尔滨市,Harbin,2022,515,,https://hlj.cnr.cn/jkgy/20221101/t20221101_526048342.shtml|https://hlj.news.cn/jkys/2022-08/02/c_1310648743.htm|https://hr.hrbmu.edu.cn/info/1117/1207.htm
R002269,黑龙江省林业第二医院,黑龙江省林业第二医院,黑龙江省,Heilongjiang,伊春市,Yichun,2024,600,,https://hmucancerhospital.hrbmu.edu.cn/info/1032/22149.htm
R002270,黑龙江省眼科医院,黑龙江省眼科医院,黑龙江省,Heilongjiang,哈尔滨市,Harbin,2019,80,,https://9zwz.com/web/web_14311.html
R002271,潍坊市中医院东院区,潍坊市中医院,山东省,Shandong,潍坊市,Weifang,2019,1000,,https://health.people.com.cn/n1/2019/0911/c429536-31349833.html
